#pragma once
#include <stdint.h>
// Micropolis title screen (240x280 RGB565), menu text baked in.
#define TITLE_W 240
#define TITLE_H 280
static const uint16_t kTitleImage[67200] = {
0x023D,0x025D,0x025D,0x025D,0x025D,0x025D,0x025D,0x025D,0x025D,0x025D,0x025D,0x025C,0x025C,0x025D,0x025D,0x025D,
0x025D,0x025D,0x025D,0x025D,0x025D,0x025C,0x025C,0x023D,0x023D,0x025D,0x025D,0x027D,0x025C,0x025C,0x025D,0x025D,
0x025D,0x025D,0x025D,0x025D,0x025D,0x025D,0x027C,0x027C,0x025C,0x025C,0x025D,0x025D,0x025D,0x025D,0x025D,0x025D,
0x027D,0x027D,0x027D,0x025D,0x025D,0x023C,0x025D,0x025D,0x025D,0x025D,0x025D,0x027D,0x027E,0x027E,0x027D,0x025C,
0x025D,0x025D,0x025D,0x025D,0x025D,0x025D,0x025D,0x025D,0x025D,0x025D,0x025D,0x025C,0x025C,0x025D,0x025D,0x023C,
0x025C,0x023C,0x023C,0x023D,0x025D,0x025D,0x023D,0x025D,0x025D,0x025D,0x025D,0x025D,0x025D,0x025D,0x025D,0x023D,
0x025D,0x025D,0x025C,0x025C,0x025D,0x025D,0x023D,0x023D,0x023D,0x023D,0x023D,0x023D,0x023D,0x023D,0x023D,0x025D,
0x025D,0x023D,0x023D,0x025D,0x025D,0x025D,0x025D,0x023D,0x023D,0x023D,0x023D,0x025D,0x025D,0x023D,0x023D,0x023D,
0x023D,0x023D,0x023D,0x023D,0x025D,0x025D,0x025D,0x025D,0x023D,0x023D,0x023D,0x023D,0x025C,0x025C,0x023C,0x025D,
0x025D,0x025D,0x025D,0x023D,0x025D,0x027D,0x027E,0x025D,0x025D,0x025D,0x025D,0x025D,0x025D,0x025C,0x025C,0x023C,
0x023C,0x023C,0x025D,0x025D,0x025D,0x023D,0x025D,0x025D,0x025D,0x025D,0x025D,0x025D,0x023C,0x023C,0x023D,0x025D,
0x025D,0x025D,0x025C,0x025C,0x025C,0x025D,0x025D,0x025D,0x023D,0x025D,0x025D,0x025D,0x025D,0x025D,0x025D,0x025D,
0x025D,0x025D,0x025D,0x025D,0x025D,0x025D,0x025D,0x025D,0x025D,0x025C,0x023C,0x023C,0x023C,0x023D,0x023D,0x023D,
0x025D,0x025D,0x025D,0x025D,0x023D,0x025D,0x023D,0x023D,0x025D,0x025D,0x025C,0x025C,0x027C,0x025C,0x027C,0x025C,
0x025C,0x025D,0x025D,0x025D,0x027E,0x027E,0x027E,0x027D,0x025D,0x025D,0x025D,0x025C,0x025D,0x025D,0x025C,0x025C,
0x025D,0x025D,0x025D,0x025D,0x025D,0x025D,0x025D,0x025D,0x025D,0x025D,0x025D,0x025D,0x025D,0x025D,0x025D,0x025D,
0x025D,0x025D,0x025D,0x025D,0x025D,0x025D,0x023D,0x023D,0x023D,0x025D,0x025D,0x025D,0x025C,0x025D,0x023E,0x023D,
0x025D,0x025D,0x025D,0x025D,0x025D,0x025D,0x027D,0x027D,0x027D,0x027D,0x025D,0x023D,0x025D,0x025D,0x025D,0x025D,
0x027D,0x027D,0x027D,0x027D,0x025D,0x025D,0x025D,0x025D,0x025D,0x025D,0x025D,0x025D,0x027E,0x027E,0x027D,0x025D,
0x025D,0x025D,0x025D,0x025D,0x025D,0x025D,0x025E,0x025E,0x025D,0x025D,0x025D,0x025D,0x025D,0x025D,0x025D,0x025D,
0x023D,0x023D,0x023D,0x023D,0x023D,0x025D,0x023D,0x023D,0x025D,0x025D,0x025D,0x025D,0x025D,0x025D,0x025D,0x025D,
0x025D,0x025D,0x025D,0x025D,0x023D,0x025D,0x023D,0x023D,0x023D,0x023D,0x023D,0x023D,0x023D,0x023D,0x023D,0x023D,
0x023D,0x023D,0x025D,0x025D,0x025D,0x023D,0x023D,0x023D,0x023D,0x023D,0x023D,0x025D,0x025D,0x025D,0x023D,0x023D,
0x023D,0x023D,0x023D,0x023D,0x025D,0x025D,0x025D,0x025D,0x023D,0x021D,0x023D,0x025D,0x025C,0x025C,0x025D,0x025D,
0x025D,0x025D,0x025D,0x023D,0x025D,0x027D,0x025E,0x025D,0x025D,0x025D,0x025D,0x025D,0x025D,0x025D,0x025D,0x023D,
0x023D,0x025C,0x025D,0x025D,0x025D,0x025D,0x025D,0x025D,0x025D,0x025D,0x025D,0x025D,0x023D,0x023D,0x023D,0x025D,
0x025D,0x025D,0x025D,0x025D,0x025D,0x025D,0x025D,0x025D,0x023D,0x025D,0x025D,0x025D,0x025D,0x025D,0x025D,0x025D,
0x025D,0x025D,0x025D,0x025D,0x025D,0x025D,0x025D,0x025D,0x025D,0x025D,0x025D,0x023D,0x023D,0x023D,0x023D,0x023D,
0x025D,0x025D,0x025D,0x023D,0x023D,0x025D,0x023D,0x025D,0x025D,0x025D,0x025D,0x025C,0x025C,0x025C,0x025D,0x025D,
0x025D,0x025D,0x025D,0x025E,0x027D,0x025D,0x027D,0x025D,0x025D,0x025D,0x025D,0x025D,0x025D,0x025D,0x025D,0x025D,
0x025D,0x025D,0x025D,0x025D,0x025D,0x025D,0x025D,0x025D,0x025D,0x025D,0x025D,0x025D,0x025D,0x025D,0x023D,0x025D,
0x025D,0x025D,0x025D,0x025D,0x025D,0x025D,0x023D,0x023D,0x025D,0x025D,0x027D,0x025C,0x025C,0x025D,0x023D,0x025D,
0x025D,0x025D,0x025D,0x025D,0x025D,0x025D,0x027D,0x027E,0x027E,0x027E,0x025D,0x023D,0x025D,0x025D,0x025D,0x025D,
0x025D,0x027E,0x027E,0x027E,0x025D,0x025D,0x023D,0x025D,0x025D,0x025D,0x025D,0x025D,0x025E,0x025E,0x025D,0x025D,
0x025D,0x025D,0x025D,0x025D,0x025D,0x025D,0x025D,0x025D,0x025D,0x025D,0x025D,0x025D,0x025D,0x025D,0x025D,0x025D,
0x023D,0x023D,0x023D,0x023D,0x023D,0x023D,0x023D,0x023D,0x025D,0x025D,0x025D,0x025D,0x025D,0x025D,0x025D,0x025D,
0x025D,0x025D,0x025D,0x025D,0x023D,0x025D,0x023D,0x025D,0x025D,0x025D,0x023D,0x023D,0x023D,0x023D,0x023D,0x023D,
0x023D,0x023D,0x025D,0x025D,0x025D,0x025D,0x023D,0x023D,0x023D,0x023D,0x023D,0x025D,0x023D,0x025D,0x025D,0x025D,
0x025D,0x023D,0x025D,0x025D,0x025D,0x025D,0x027D,0x025D,0x023D,0x021D,0x023C,0x025D,0x025D,0x025C,0x025D,0x025D,
0x025D,0x025D,0x025D,0x023D,0x025D,0x025D,0x025E,0x025D,0x025D,0x025D,0x025D,0x025D,0x025D,0x025D,0x025D,0x025D,
0x025D,0x025D,0x025D,0x025D,0x025D,0x023D,0x023D,0x025D,0x025D,0x025D,0x025D,0x025D,0x023E,0x023D,0x025D,0x025D,
0x023D,0x023D,0x025D,0x025D,0x025D,0x025D,0x025D,0x025D,0x025D,0x025D,0x025D,0x025D,0x025D,0x025D,0x025D,0x025D,
0x025D,0x025D,0x025D,0x025D,0x025D,0x025D,0x025D,0x025D,0x025D,0x025D,0x025D,0x023D,0x023D,0x023D,0x023D,0x025D,
0x025D,0x025D,0x025D,0x025D,0x023D,0x025D,0x025D,0x023D,0x025D,0x025D,0x025C,0x025C,0x025D,0x025D,0x025D,0x025D,
0x023D,0x025D,0x025D,0x025D,0x027D,0x027D,0x027D,0x025D,0x025D,0x025D,0x025D,0x025D,0x025D,0x025D,0x025D,0x025D,
0x023D,0x023D,0x025D,0x025D,0x025D,0x025D,0x025D,0x025D,0x025D,0x025D,0x025D,0x025D,0x025D,0x025D,0x023D,0x025D,
0x025D,0x027D,0x027D,0x025D,0x025D,0x025D,0x025D,0x025D,0x025D,0x027D,0x027D,0x027C,0x027D,0x027D,0x025D,0x025D,
0x025D,0x025D,0x025D,0x025D,0x025D,0x025D,0x027D,0x027E,0x027E,0x027D,0x027D,0x025D,0x025D,0x027D,0x025D,0x025D,
0x025D,0x027E,0x025D,0x027D,0x025D,0x025D,0x025D,0x025D,0x025D,0x025D,0x025D,0x025D,0x025E,0x025E,0x025D,0x025D,
0x025D,0x025D,0x025D,0x025D,0x025D,0x025D,0x025D,0x025D,0x025D,0x025D,0x025D,0x025D,0x025D,0x025D,0x025D,0x025D,
0x025D,0x025D,0x025D,0x025D,0x025D,0x025D,0x025D,0x025D,0x025D,0x025D,0x027D,0x025D,0x025D,0x025D,0x027D,0x025D,
0x025D,0x025D,0x025D,0x025D,0x025D,0x025D,0x025D,0x025D,0x025D,0x025D,0x023D,0x025D,0x025D,0x025D,0x025D,0x025D,
0x023D,0x023D,0x023D,0x025D,0x025D,0x025D,0x025D,0x023D,0x023D,0x023D,0x025D,0x023D,0x025D,0x025D,0x025D,0x025D,
0x025D,0x025D,0x025D,0x025D,0x027D,0x027D,0x027D,0x025D,0x025D,0x023C,0x025C,0x025D,0x025D,0x027D,0x025B,0x023B,
0x025E,0x025D,0x025D,0x025D,0x025D,0x025E,0x025D,0x025D,0x027D,0x027D,0x027E,0x027D,0x025D,0x025D,0x025D,0x025D,
0x025D,0x025D,0x027D,0x027D,0x025D,0x025D,0x025D,0x027D,0x025D,0x025D,0x025D,0x025D,0x025D,0x025D,0x025D,0x025D,
0x025D,0x025D,0x025D,0x025D,0x025D,0x025D,0x025D,0x025D,0x025D,0x025D,0x025D,0x025D,0x025D,0x025D,0x025D,0x025D,
0x025D,0x025D,0x025D,0x025D,0x025D,0x025D,0x025D,0x025D,0x025D,0x025D,0x025D,0x025D,0x025D,0x025D,0x025D,0x025D,
0x025D,0x025D,0x025D,0x025D,0x025D,0x025D,0x025D,0x025D,0x025D,0x027D,0x027C,0x027D,0x025D,0x025D,0x025D,0x025D,
0x025D,0x025D,0x025D,0x027D,0x027D,0x027D,0x027D,0x025D,0x027D,0x027D,0x027D,0x027D,0x025D,0x025D,0x025D,0x025D,
0x023D,0x023D,0x025D,0x025D,0x025D,0x025D,0x025D,0x025D,0x023D,0x023D,0x025D,0x025D,0x025D,0x025D,0x025D,0x025D,
0x027D,0x027D,0x027D,0x027D,0x025D,0x025D,0x025D,0x025D,0x027D,0x027E,0x027D,0x025D,0x027D,0x027D,0x025D,0x025D,
0x025D,0x025D,0x027D,0x027D,0x025D,0x025D,0x025D,0x025D,0x025D,0x027D,0x027D,0x027D,0x027D,0x027D,0x027D,0x025D,
0x025D,0x027E,0x027D,0x025D,0x025D,0x025D,0x025D,0x027D,0x027D,0x027E,0x027E,0x025E,0x025E,0x025D,0x025D,0x025D,
0x025D,0x025D,0x025D,0x025D,0x025D,0x025D,0x025D,0x025D,0x025D,0x025D,0x025D,0x025D,0x025D,0x025D,0x025D,0x025D,
0x025D,0x025D,0x025D,0x025D,0x025D,0x025D,0x025D,0x025E,0x027D,0x027D,0x025D,0x025D,0x025D,0x025D,0x025C,0x025D,
0x025D,0x025D,0x025D,0x025D,0x025D,0x025D,0x025D,0x025D,0x025D,0x025D,0x025D,0x025D,0x025D,0x025D,0x025D,0x025D,
0x025D,0x025D,0x025D,0x025D,0x025D,0x025D,0x025D,0x025D,0x023D,0x025D,0x025D,0x025D,0x025D,0x025D,0x025D,0x025D,
0x025D,0x025D,0x025D,0x025D,0x027D,0x027D,0x027D,0x027D,0x025D,0x025D,0x025D,0x025D,0x025D,0x027D,0x0218,0x01F8,
0x027E,0x025D,0x025D,0x025D,0x025D,0x027E,0x025D,0x025D,0x025D,0x027E,0x027D,0x025D,0x025D,0x025D,0x025D,0x027D,
0x025D,0x027D,0x027D,0x027D,0x027D,0x027D,0x027E,0x027E,0x025D,0x025D,0x027D,0x025D,0x025D,0x025D,0x025D,0x025D,
0x025D,0x025D,0x025D,0x025D,0x025D,0x025D,0x025D,0x025D,0x025D,0x025D,0x025D,0x025D,0x027D,0x025D,0x025D,0x025D,
0x025D,0x027D,0x025D,0x025D,0x025D,0x025D,0x025D,0x025C,0x025C,0x025D,0x025D,0x025D,0x025D,0x027D,0x027D,0x025D,
0x025D,0x025D,0x025D,0x025D,0x025D,0x025D,0x025D,0x027D,0x027E,0x027D,0x027D,0x027D,0x027D,0x025D,0x027D,0x027D,
0x025D,0x027D,0x027D,0x027D,0x027D,0x027D,0x025D,0x025D,0x025D,0x027D,0x027D,0x027D,0x025D,0x023D,0x023D,0x025D,
0x023D,0x025D,0x025D,0x025D,0x025D,0x025D,0x025D,0x025D,0x023D,0x023D,0x023D,0x025D,0x025D,0x025D,0x025D,0x025D,
0x027D,0x027D,0x027D,0x027D,0x025D,0x025D,0x025D,0x025D,0x025D,0x027E,0x025D,0x025D,0x025D,0x025E,0x025E,0x027D,
0x027E,0x027D,0x027D,0x025D,0x025D,0x025D,0x025D,0x025D,0x025D,0x025D,0x027D,0x027D,0x027D,0x027D,0x027D,0x025D,
0x025D,0x025D,0x025D,0x025D,0x025D,0x025D,0x025D,0x027D,0x027E,0x027E,0x027E,0x025E,0x025E,0x025D,0x025D,0x025D,
0x025D,0x025D,0x025D,0x025D,0x025D,0x025D,0x025D,0x025D,0x025D,0x025D,0x025D,0x027D,0x025D,0x025D,0x025D,0x025D,
0x025E,0x025E,0x025D,0x025D,0x025D,0x025D,0x025D,0x025E,0x025E,0x027D,0x027D,0x025D,0x025C,0x027D,0x01F8,0x021A,
0x027E,0x025D,0x025D,0x025D,0x025D,0x025D,0x025D,0x025D,0x025D,0x025D,0x025D,0x025D,0x025D,0x025D,0x025D,0x025D,
0x025D,0x025D,0x025D,0x025D,0x025D,0x025D,0x025D,0x025D,0x025D,0x025D,0x025D,0x025D,0x025D,0x025D,0x025D,0x025D,
0x025D,0x027E,0x025D,0x025D,0x025E,0x025E,0x027D,0x025D,0x025D,0x025D,0x025D,0x025D,0x027D,0x027E,0x0218,0x01F8,
0x027E,0x025D,0x027D,0x027D,0x027E,0x027E,0x025E,0x025D,0x025D,0x025D,0x027D,0x025D,0x025D,0x025D,0x025D,0x025D,
0x025D,0x025D,0x027D,0x027D,0x027E,0x027E,0x027E,0x027D,0x027D,0x025D,0x025D,0x025D,0x025D,0x025D,0x027D,0x025D,
0x025D,0x025D,0x025D,0x027D,0x027D,0x025D,0x025D,0x025D,0x025D,0x025D,0x025D,0x025D,0x025D,0x025D,0x025D,0x025D,
0x025D,0x027D,0x027D,0x025D,0x025D,0x025D,0x025D,0x025D,0x025D,0x025D,0x025D,0x025D,0x025D,0x025E,0x027E,0x027D,
0x027D,0x025D,0x027E,0x027E,0x025D,0x027D,0x027D,0x027D,0x027E,0x025D,0x027D,0x027D,0x027D,0x025D,0x025D,0x025D,
0x025D,0x027D,0x027D,0x027D,0x027D,0x025D,0x025D,0x025D,0x025D,0x027D,0x027D,0x027D,0x025D,0x023D,0x023D,0x023D,
0x025D,0x025D,0x025D,0x025D,0x025D,0x027D,0x025D,0x025D,0x025D,0x025D,0x025D,0x025D,0x027D,0x027D,0x025D,0x025D,
0x027D,0x027D,0x027D,0x027D,0x025D,0x025D,0x025E,0x027D,0x025D,0x027E,0x027D,0x025D,0x025D,0x025D,0x025E,0x025D,
0x027D,0x027D,0x027D,0x025D,0x025D,0x025D,0x025D,0x025D,0x025D,0x025D,0x025D,0x025D,0x025D,0x027E,0x027D,0x025D,
0x027D,0x025D,0x025D,0x027D,0x027D,0x025D,0x027D,0x027E,0x027E,0x027E,0x027D,0x027E,0x025E,0x025D,0x025D,0x025D,
0x025D,0x025D,0x025D,0x025D,0x025D,0x025D,0x025D,0x025D,0x025D,0x025D,0x025D,0x025D,0x025E,0x025E,0x025E,0x025E,
0x025E,0x025E,0x025D,0x025D,0x027D,0x027D,0x027E,0x025E,0x025E,0x027D,0x025D,0x025D,0x025D,0x027E,0x01F7,0x0219,
0x027E,0x025D,0x025D,0x025D,0x025D,0x025D,0x027D,0x025D,0x025D,0x025D,0x023D,0x023D,0x023D,0x025D,0x025D,0x025D,
0x025D,0x025D,0x025D,0x025D,0x025D,0x025D,0x025D,0x025D,0x025D,0x025D,0x025D,0x025D,0x025D,0x025E,0x025D,0x025D,
0x025D,0x027D,0x027E,0x027E,0x025E,0x027E,0x025D,0x025D,0x025D,0x027D,0x025D,0x027D,0x025D,0x027E,0x0239,0x0218,
0x027E,0x025D,0x027D,0x027D,0x027E,0x025E,0x025D,0x025D,0x025D,0x027E,0x027D,0x025D,0x025D,0x025D,0x025D,0x025D,
0x025D,0x027D,0x027D,0x027D,0x027D,0x027D,0x025D,0x025D,0x025D,0x025D,0x025D,0x025D,0x027E,0x027D,0x025D,0x025D,
0x025D,0x025D,0x027D,0x027E,0x027D,0x025D,0x025D,0x025D,0x025D,0x025D,0x025D,0x025D,0x025D,0x025D,0x025D,0x025D,
0x027D,0x027D,0x027D,0x025D,0x025D,0x025D,0x025D,0x025D,0x025D,0x025D,0x027D,0x027D,0x027D,0x027E,0x027E,0x027D,
0x027E,0x027E,0x027E,0x027E,0x027D,0x027D,0x027D,0x027E,0x027E,0x027D,0x027D,0x027D,0x027D,0x025D,0x027D,0x025D,
0x025D,0x025D,0x025D,0x027D,0x027D,0x025D,0x025D,0x025D,0x025D,0x025D,0x025D,0x027D,0x025D,0x023D,0x023D,0x023D,
0x025E,0x025D,0x027E,0x027E,0x027D,0x027D,0x025D,0x025D,0x027E,0x025D,0x025D,0x027D,0x027D,0x027D,0x027D,0x027D,
0x027D,0x027D,0x027D,0x027D,0x027D,0x025E,0x027D,0x027E,0x025E,0x027E,0x027D,0x027D,0x027D,0x025D,0x025D,0x025D,
0x027D,0x027D,0x027D,0x027D,0x025D,0x025D,0x027D,0x027D,0x025D,0x025D,0x027E,0x025D,0x025D,0x027E,0x025D,0x027D,
0x027D,0x027D,0x027D,0x027D,0x027D,0x027D,0x027E,0x029E,0x029E,0x027E,0x027E,0x027E,0x027D,0x025D,0x027D,0x025D,
0x025D,0x027D,0x027D,0x025D,0x025D,0x025D,0x027D,0x027E,0x025D,0x025D,0x025D,0x025D,0x025E,0x025E,0x025E,0x027E,
0x025D,0x027E,0x027E,0x027E,0x027E,0x027E,0x027E,0x027E,0x027E,0x027D,0x027D,0x025D,0x027D,0x029E,0x01F8,0x021A,
0x027E,0x025D,0x025D,0x025D,0x025D,0x027D,0x027D,0x025D,0x025D,0x025D,0x023D,0x025D,0x025D,0x025D,0x025D,0x025D,
0x025D,0x025D,0x027D,0x027D,0x025D,0x025D,0x025D,0x025D,0x025D,0x027D,0x027E,0x027D,0x027E,0x027D,0x027D,0x027E,
0x027E,0x027D,0x027E,0x029E,0x027E,0x027E,0x027E,0x027E,0x027D,0x027D,0x027D,0x027D,0x027E,0x025A,0x0192,0x0193,
0x025C,0x027D,0x027D,0x027E,0x027E,0x025D,0x025D,0x025D,0x027D,0x027E,0x027E,0x027E,0x027E,0x027D,0x027D,0x025D,
0x025D,0x027E,0x027D,0x025E,0x025D,0x025D,0x025D,0x025E,0x027E,0x027E,0x025D,0x027E,0x027E,0x027D,0x027D,0x025D,
0x025D,0x027E,0x027E,0x027E,0x027D,0x027D,0x025D,0x025E,0x025D,0x027D,0x025D,0x025D,0x025D,0x027E,0x027E,0x027E,
0x027D,0x027D,0x027D,0x027D,0x025D,0x025D,0x025D,0x025D,0x027E,0x027D,0x027D,0x029D,0x027D,0x027D,0x027E,0x027E,
0x027E,0x027E,0x027E,0x027E,0x027D,0x027E,0x027E,0x027E,0x027E,0x027E,0x027E,0x027E,0x027D,0x027D,0x027D,0x027D,
0x027D,0x027E,0x027D,0x027D,0x027D,0x027E,0x027D,0x027E,0x027D,0x027E,0x027D,0x025D,0x025D,0x025D,0x023D,0x023D,
0x027E,0x025D,0x027E,0x029E,0x029D,0x027D,0x027D,0x025D,0x027E,0x025E,0x025D,0x027E,0x027D,0x027D,0x027D,0x027E,
0x027D,0x027D,0x027D,0x027D,0x027E,0x027E,0x027D,0x027C,0x0A9C,0x0A9C,0x027D,0x025D,0x027D,0x025D,0x027E,0x025D,
0x025D,0x027D,0x027E,0x025D,0x025D,0x025D,0x025D,0x025D,0x025D,0x025D,0x025D,0x025D,0x025D,0x025D,0x027D,0x027D,
0x027D,0x027D,0x027D,0x027D,0x027D,0x027D,0x027E,0x027E,0x027E,0x027E,0x029E,0x029E,0x027E,0x027D,0x027D,0x025D,
0x025D,0x025D,0x027D,0x025D,0x025D,0x025D,0x027D,0x025D,0x025D,0x027D,0x027D,0x025D,0x025D,0x025D,0x025D,0x027E,
0x027E,0x027E,0x027E,0x027E,0x027E,0x027E,0x027E,0x027E,0x027E,0x027D,0x027D,0x025D,0x027D,0x029E,0x01F8,0x023A,
0x027E,0x027D,0x025D,0x025D,0x025D,0x027D,0x027D,0x025D,0x025D,0x025D,0x023D,0x025D,0x025D,0x025D,0x025D,0x025D,
0x025D,0x025D,0x027D,0x027D,0x027D,0x025D,0x025D,0x025D,0x027D,0x027E,0x027E,0x027E,0x027E,0x027D,0x027E,0x027D,
0x0A7C,0x02BE,0x029E,0x029E,0x029E,0x027E,0x027E,0x027E,0x027E,0x027D,0x027D,0x025D,0x027E,0x01F8,0x092D,0x014F,
0x0239,0x027E,0x027D,0x027E,0x027E,0x027D,0x027D,0x027D,0x027E,0x027E,0x027E,0x027E,0x027E,0x029E,0x029E,0x027E,
0x027E,0x027E,0x029E,0x027E,0x025E,0x027D,0x027E,0x027E,0x027E,0x027E,0x025E,0x027E,0x027E,0x027D,0x027D,0x027D,
0x027D,0x027D,0x027D,0x027E,0x027D,0x027D,0x027E,0x025E,0x025E,0x025D,0x025D,0x027D,0x027D,0x027E,0x027E,0x027D,
0x027D,0x027E,0x027E,0x027E,0x025E,0x025D,0x025D,0x027D,0x027E,0x027E,0x027E,0x027D,0x027D,0x027E,0x027E,0x029E,
0x027E,0x027E,0x029E,0x027E,0x027D,0x027E,0x027E,0x027E,0x027E,0x027E,0x027E,0x027E,0x027D,0x027E,0x027D,0x027D,
0x027D,0x027D,0x027D,0x025D,0x027D,0x027D,0x027E,0x027D,0x027D,0x027D,0x025D,0x025D,0x025D,0x025D,0x023D,0x023D,
0x027E,0x027E,0x027E,0x029E,0x029E,0x027D,0x027D,0x025D,0x027E,0x027E,0x025D,0x027D,0x027D,0x027E,0x027E,0x027E,
0x027E,0x027D,0x027D,0x027D,0x027D,0x021D,0x43DB,0xB5FB,0xA57A,0xBDFA,0x7CB9,0x3B7B,0x027D,0x027E,0x027D,0x025D,
0x025D,0x025D,0x027D,0x025D,0x025D,0x025D,0x025D,0x025D,0x025D,0x025D,0x025D,0x027D,0x027D,0x027D,0x025D,0x027D,
0x027E,0x027D,0x027D,0x027D,0x027D,0x027E,0x029E,0x029E,0x029E,0x029E,0x029E,0x029E,0x027E,0x027E,0x027D,0x025D,
0x025D,0x025D,0x027D,0x027D,0x025D,0x027D,0x027D,0x025D,0x027E,0x025D,0x025E,0x027E,0x027D,0x025D,0x027D,0x027E,
0x027E,0x027E,0x029E,0x027E,0x027E,0x029E,0x027E,0x027E,0x027E,0x027D,0x027D,0x027D,0x027E,0x029E,0x01D5,0x023B,
0x029F,0x027E,0x027D,0x025D,0x025D,0x025D,0x025D,0x025D,0x025D,0x025D,0x025D,0x025D,0x027D,0x027D,0x025D,0x025E,
0x025D,0x025D,0x025D,0x027D,0x027D,0x025D,0x025D,0x025D,0x027E,0x027E,0x027E,0x027E,0x027D,0x027E,0x027D,0x09F6,
0x19F1,0x027B,0x029E,0x029E,0x027E,0x027E,0x027E,0x027E,0x027E,0x027E,0x027E,0x029E,0x023B,0x0151,0x094E,0x092E,
0x0194,0x029E,0x027E,0x027D,0x027E,0x027E,0x027D,0x027E,0x027E,0x027E,0x027E,0x027E,0x027E,0x027E,0x029E,0x023B,
0x0218,0x0239,0x0219,0x01F9,0x023C,0x027E,0x027E,0x027E,0x027E,0x027E,0x027E,0x027E,0x027E,0x027D,0x029D,0x027E,
0x027E,0x027D,0x027E,0x027E,0x027D,0x027D,0x027D,0x027D,0x027D,0x027D,0x027D,0x027E,0x027E,0x027E,0x027E,0x027E,
0x027D,0x027E,0x025E,0x025E,0x025E,0x025E,0x025D,0x027D,0x027E,0x027E,0x027E,0x027E,0x027E,0x027E,0x027E,0x027E,
0x027D,0x027D,0x027D,0x027D,0x027E,0x027E,0x027E,0x027D,0x027E,0x027E,0x027E,0x027E,0x027E,0x027E,0x027D,0x027D,
0x027D,0x027D,0x025E,0x027D,0x025D,0x027E,0x027D,0x027D,0x027D,0x025D,0x025D,0x025D,0x025D,0x025D,0x023D,0x023D,
0x027E,0x027E,0x027E,0x027E,0x027E,0x029E,0x027E,0x027E,0x027E,0x027E,0x025D,0x027D,0x027D,0x029E,0x027E,0x029E,
0x027D,0x029D,0x027E,0x025D,0x0ABC,0x7CDB,0xCE7A,0xF75B,0xCE39,0xE6FA,0xBDF9,0xA579,0x4BDA,0x025C,0x027E,0x027D,
0x025E,0x025D,0x025D,0x025D,0x025D,0x025D,0x025D,0x027D,0x027E,0x027D,0x027E,0x027D,0x027D,0x027E,0x027D,0x027E,
0x027E,0x027E,0x027D,0x027E,0x029E,0x029E,0x029E,0x029E,0x029E,0x029E,0x029E,0x029E,0x027E,0x027D,0x027D,0x027D,
0x027E,0x027E,0x027E,0x027D,0x027D,0x027D,0x027D,0x027E,0x027E,0x025D,0x025D,0x025D,0x027D,0x027E,0x027E,0x027E,
0x027E,0x027E,0x029E,0x029E,0x029E,0x029E,0x029E,0x029E,0x027E,0x027E,0x027E,0x027E,0x027E,0x01F6,0x0150,0x0192,
0x0219,0x025E,0x027D,0x027D,0x027D,0x027D,0x027D,0x025D,0x025D,0x027E,0x027E,0x027D,0x027D,0x027D,0x027E,0x027E,
0x025E,0x027D,0x025E,0x027D,0x027D,0x027E,0x027E,0x027D,0x027E,0x027E,0x029E,0x029E,0x029D,0x027D,0x01F7,0x0950,
0x094E,0x0971,0x027C,0x027D,0x029F,0x029E,0x027E,0x027E,0x029E,0x029E,0x029E,0x029D,0x0238,0x012F,0x014E,0x092E,
0x0171,0x025B,0x025D,0x027D,0x029E,0x029E,0x027E,0x027E,0x027E,0x027E,0x027E,0x027E,0x029E,0x027E,0x029E,0x01B3,
0x012E,0x012E,0x012F,0x010E,0x01F7,0x029F,0x027E,0x029E,0x029E,0x027E,0x029E,0x027E,0x027E,0x029E,0x027E,0x027E,
0x029E,0x027E,0x029E,0x029E,0x029D,0x029D,0x029E,0x027E,0x027E,0x027D,0x027E,0x029E,0x029D,0x029E,0x027E,0x027E,
0x027E,0x027E,0x027E,0x027E,0x027E,0x027E,0x027E,0x027E,0x027E,0x027E,0x029E,0x029E,0x029E,0x029E,0x029E,0x029E,
0x029E,0x027E,0x027E,0x027E,0x027E,0x027E,0x029E,0x029E,0x029E,0x027E,0x027E,0x027E,0x027D,0x027E,0x027D,0x027D,
0x027D,0x027E,0x029E,0x027D,0x025D,0x027D,0x027D,0x027D,0x027E,0x027D,0x027D,0x025D,0x025D,0x025D,0x025D,0x025D,
0x027E,0x027E,0x027E,0x027E,0x027E,0x027E,0x027E,0x027E,0x027E,0x027E,0x027E,0x029D,0x029D,0x029E,0x029E,0x029E,
0x029E,0x029D,0x027E,0x231C,0xC63B,0xFFBA,0xDE58,0xE699,0xEF1A,0xC619,0x9D79,0xAD78,0x951A,0x129D,0x023E,0x023E,
0x025D,0x027D,0x025D,0x025D,0x025D,0x025D,0x025D,0x027D,0x027D,0x027D,0x027E,0x027E,0x027E,0x027E,0x027E,0x029E,
0x029E,0x027E,0x027E,0x029E,0x029E,0x029E,0x029E,0x029E,0x027E,0x029E,0x029E,0x027E,0x029E,0x029E,0x029E,0x027E,
0x029E,0x029E,0x029E,0x029E,0x029E,0x027E,0x029E,0x027E,0x027E,0x027E,0x027E,0x027E,0x027E,0x027E,0x027E,0x027E,
0x027E,0x029E,0x029E,0x029E,0x029E,0x029E,0x029E,0x029E,0x029E,0x029E,0x029E,0x027E,0x029E,0x0172,0x012F,0x090C,
0x09B5,0x027F,0x027D,0x027D,0x027D,0x027E,0x027E,0x027E,0x027E,0x027E,0x029E,0x027E,0x027E,0x029E,0x027E,0x027E,
0x027D,0x027E,0x029D,0x027E,0x027D,0x027E,0x027E,0x027E,0x027E,0x027E,0x029E,0x029E,0x029E,0x01D4,0x094E,0x094E,
0x014D,0x094E,0x014F,0x0217,0x02BF,0x029E,0x029E,0x029E,0x029E,0x029E,0x02BF,0x0217,0x014F,0x012E,0x012E,0x012F,
0x012E,0x012F,0x023A,0x02BE,0x029E,0x029E,0x029E,0x029E,0x027E,0x027E,0x027E,0x027E,0x027E,0x027D,0x02BE,0x01B4,
0x012E,0x012E,0x012E,0x092E,0x01F7,0x029F,0x027D,0x029E,0x029E,0x027E,0x029E,0x029E,0x029E,0x029E,0x027E,0x027E,
0x029E,0x029E,0x029E,0x029E,0x029E,0x029E,0x029E,0x027E,0x027E,0x027D,0x027E,0x029E,0x029D,0x029D,0x027E,0x027E,
0x027E,0x027E,0x027E,0x027E,0x027E,0x027E,0x029E,0x029E,0x029E,0x027E,0x029E,0x029E,0x029E,0x029E,0x02BE,0x029E,
0x029E,0x029E,0x029E,0x029E,0x027E,0x027E,0x029E,0x029E,0x029E,0x027E,0x027E,0x027E,0x027D,0x027D,0x027D,0x027E,
0x029E,0x025E,0x023D,0x023E,0x025E,0x029D,0x027D,0x027E,0x027E,0x027D,0x027D,0x025D,0x025D,0x025D,0x025D,0x027E,
0x027E,0x027E,0x027E,0x027E,0x029E,0x029E,0x027E,0x027E,0x027E,0x027E,0x029E,0x029E,0x02BE,0x029E,0x027E,0x029E,
0x029D,0x029E,0x0ADC,0xB5FB,0xFF7A,0xEED9,0xCE39,0xFEF9,0xF6FA,0xBDF9,0xA599,0x9D78,0x84F9,0x231B,0x339C,0x643B,
0x12DC,0x023E,0x025E,0x025D,0x025E,0x025E,0x027D,0x027E,0x029E,0x027E,0x027E,0x027E,0x027E,0x027E,0x029E,0x029E,
0x029E,0x029E,0x029E,0x029E,0x029E,0x029E,0x027E,0x027E,0x027E,0x027E,0x027E,0x029E,0x029E,0x029E,0x029E,0x029E,
0x029E,0x029E,0x029E,0x029E,0x029E,0x027E,0x029E,0x029E,0x027E,0x029E,0x029E,0x029E,0x029E,0x029E,0x029E,0x029E,
0x029E,0x029E,0x02BE,0x029E,0x02BE,0x02BE,0x029E,0x029E,0x029E,0x029E,0x029E,0x029E,0x029E,0x0193,0x090D,0x010D,
0x01D7,0x027F,0x027D,0x027E,0x027E,0x027E,0x027E,0x027E,0x027E,0x027E,0x029E,0x029E,0x027E,0x027E,0x02BF,0x029C,
0x01B3,0x0194,0x01B3,0x0A18,0x02BF,0x027E,0x027E,0x027E,0x027E,0x029E,0x029E,0x02BE,0x02BF,0x01D5,0x012E,0x012F,
0x014F,0x014F,0x092E,0x01F7,0x02BF,0x029E,0x029E,0x029E,0x029E,0x029E,0x02BF,0x01F7,0x012D,0x094E,0x012E,0x012E,
0x012E,0x092D,0x023A,0x029F,0x029E,0x029E,0x029E,0x029E,0x027E,0x027E,0x027E,0x027E,0x029E,0x029E,0x02BE,0x01B3,
0x012E,0x012E,0x014F,0x010E,0x01F7,0x029F,0x027D,0x029E,0x029E,0x027E,0x027E,0x027E,0x029E,0x029E,0x027E,0x029E,
0x027E,0x027E,0x029E,0x029E,0x029E,0x027E,0x027E,0x029E,0x027E,0x027E,0x027E,0x027E,0x027D,0x029E,0x029E,0x027E,
0x027E,0x027E,0x027E,0x027E,0x029E,0x029E,0x029E,0x029E,0x029E,0x029E,0x029E,0x029E,0x029E,0x029E,0x029E,0x029E,
0x029E,0x029E,0x029E,0x029E,0x029E,0x029E,0x029E,0x029E,0x029E,0x027E,0x027E,0x029E,0x027E,0x027D,0x029D,0x027E,
0x025D,0x4BFC,0x74BC,0x43DB,0x0ABC,0x027D,0x027E,0x027E,0x027E,0x027D,0x027D,0x027E,0x027E,0x027E,0x025E,0x027E,
0x027E,0x027E,0x027E,0x029E,0x029E,0x029E,0x029E,0x027E,0x027E,0x027E,0x029E,0x02BE,0x029D,0x3BDD,0x4BFC,0x029C,
0x027D,0x027E,0x0ABC,0xAD99,0xF719,0xDE99,0xE6DA,0xF71A,0xBDD8,0x8498,0xA578,0xBE19,0xA579,0x9539,0xC67B,0xBDD8,
0x7CB9,0x1ADC,0x025E,0x027D,0x025E,0x027E,0x025E,0x023D,0x025D,0x025D,0x025D,0x027E,0x027E,0x027E,0x027E,0x027E,
0x029E,0x029E,0x029E,0x027E,0x029E,0x029E,0x027E,0x027E,0x029E,0x029E,0x027E,0x029E,0x029E,0x029E,0x029E,0x029E,
0x029E,0x029E,0x029E,0x029E,0x029E,0x029E,0x029E,0x029E,0x029E,0x029E,0x029E,0x029E,0x029E,0x02BE,0x02BE,0x029E,
0x029E,0x029E,0x029E,0x029E,0x029E,0x02BE,0x029E,0x029E,0x02BE,0x02BE,0x029E,0x029E,0x029E,0x0193,0x092D,0x012E,
0x01D6,0x029F,0x027E,0x027E,0x027E,0x029E,0x029E,0x027E,0x029E,0x029E,0x029E,0x029E,0x027E,0x029E,0x029D,0x09D3,
0x092D,0x092E,0x092D,0x094F,0x023B,0x029F,0x029D,0x027E,0x029E,0x029E,0x029E,0x029E,0x02BF,0x01B5,0x010E,0x012E,
0x014E,0x014F,0x012F,0x01F6,0x02BF,0x029E,0x029E,0x029E,0x029E,0x029E,0x02BE,0x0216,0x092D,0x014F,0x014E,0x012E,
0x012E,0x012E,0x023A,0x02BE,0x029E,0x029E,0x029E,0x029E,0x027E,0x027E,0x029E,0x029E,0x029E,0x029E,0x02BE,0x0193,
0x010D,0x012E,0x012F,0x012F,0x01F7,0x029F,0x027E,0x029E,0x029E,0x029E,0x027E,0x027E,0x027E,0x027E,0x027E,0x027E,
0x027E,0x029E,0x029E,0x029E,0x029E,0x029E,0x029E,0x029E,0x029E,0x027E,0x027E,0x027E,0x027E,0x029E,0x029E,0x029E,
0x029E,0x029E,0x029E,0x027E,0x029E,0x029E,0x029E,0x029E,0x029E,0x029E,0x029E,0x029E,0x029E,0x02BE,0x02BE,0x029E,
0x029E,0x029E,0x029E,0x029E,0x029E,0x029E,0x029E,0x029E,0x027E,0x027E,0x029E,0x029E,0x027E,0x02BE,0x027D,0x0ABC,
0x84FB,0xFF7B,0xFF5A,0xCE3A,0xA59A,0x43BB,0x027D,0x027E,0x027E,0x027E,0x027E,0x027E,0x027E,0x027E,0x027E,0x027E,
0x027E,0x027E,0x029E,0x029E,0x029E,0x029E,0x029E,0x027E,0x029E,0x029E,0x029E,0x025D,0x4C1B,0xFF9C,0xE6DA,0x84FA,
0x645B,0x22FB,0xA5BB,0xFF7A,0xE6DA,0xFF5A,0xD679,0xBE19,0x9D58,0xA557,0xEF1A,0xEF1B,0xC619,0xD69A,0xCE59,0xAD98,
0xA559,0x3B9B,0x025E,0x027E,0x029D,0x025E,0x1ADC,0x9DBB,0x955A,0x9D3B,0x3B7C,0x025E,0x029D,0x027E,0x027E,0x027E,
0x029E,0x029E,0x029E,0x027E,0x029E,0x027E,0x027E,0x027E,0x029E,0x029E,0x027E,0x029E,0x029E,0x029E,0x029E,0x029E,
0x029E,0x029E,0x029E,0x029E,0x029E,0x029E,0x029E,0x029E,0x029E,0x029E,0x029E,0x029E,0x02BE,0x02BE,0x02BE,0x029E,
0x029E,0x029E,0x029E,0x02BF,0x02BF,0x02BF,0x02BE,0x02BE,0x02BE,0x02BF,0x0259,0x0192,0x01B3,0x0150,0x014E,0x014E,
0x0172,0x01B3,0x0193,0x025C,0x029E,0x029E,0x029E,0x029E,0x029E,0x029E,0x029E,0x027E,0x027E,0x029F,0x025A,0x012E,
0x094E,0x014E,0x014E,0x012F,0x0170,0x0239,0x02BF,0x029E,0x029E,0x029E,0x029E,0x029E,0x02BF,0x01B4,0x010E,0x014F,
0x014F,0x014F,0x012E,0x01D6,0x02DF,0x02BE,0x02BE,0x029E,0x02BE,0x01D6,0x01B2,0x0170,0x012E,0x014E,0x012E,0x012E,
0x012E,0x012E,0x0171,0x01D5,0x029E,0x02BE,0x029E,0x029E,0x029E,0x029E,0x029E,0x029E,0x029E,0x029E,0x02BE,0x01B4,
0x012E,0x014E,0x012F,0x012F,0x0217,0x029F,0x027E,0x027E,0x029E,0x029E,0x029E,0x029E,0x027E,0x027E,0x027E,0x029E,
0x029E,0x029E,0x029E,0x029E,0x029E,0x029E,0x029E,0x029E,0x029E,0x029E,0x027E,0x029E,0x029E,0x029E,0x029E,0x029E,
0x029E,0x029E,0x029E,0x029E,0x029E,0x029E,0x029E,0x029E,0x029E,0x029E,0x029E,0x029E,0x029E,0x02BE,0x02BE,0x02BE,
0x02BE,0x02BE,0x02BE,0x02BE,0x029E,0x029E,0x029E,0x029E,0x029E,0x027E,0x027E,0x029E,0x02BE,0x027D,0x2B5C,0xADBB,
0xEEFA,0xE6DA,0xEEFA,0xBDFA,0xBDF8,0xC61A,0x439B,0x027E,0x029E,0x027D,0x029E,0x027E,0x027E,0x027E,0x029E,0x029E,
0x027E,0x027E,0x029E,0x029E,0x029E,0x029E,0x029E,0x029E,0x029E,0x027E,0x337C,0xB61C,0x9D7A,0xEF3A,0xDE5A,0xEEFA,
0xDE9A,0xA559,0xEF1A,0xFF5A,0xE6D9,0xEEB9,0xFF5B,0xD679,0xD659,0xFF3A,0xFF39,0xB5F8,0xBE19,0xBE19,0x8CD8,0x9558,
0x9D78,0x3B7B,0x025E,0x029E,0x025E,0x1AFC,0xCE9B,0xFF7A,0xDE79,0xD659,0xADBA,0x2B3B,0x025E,0x029E,0x027E,0x027E,
0x029E,0x029E,0x029E,0x027E,0x027E,0x027E,0x029E,0x029E,0x029E,0x027E,0x027E,0x029E,0x029E,0x029E,0x029E,0x029E,
0x029E,0x029E,0x029E,0x029E,0x029E,0x029E,0x029E,0x029E,0x029E,0x029E,0x029E,0x02BE,0x02BE,0x02BE,0x02BE,0x02BE,
0x029E,0x02BF,0x02BF,0x02BF,0x02BF,0x02BF,0x02BE,0x02BE,0x02BE,0x02DF,0x0217,0x012D,0x012E,0x014F,0x014F,0x014F,
0x014E,0x092D,0x014F,0x027C,0x029E,0x029E,0x029E,0x029E,0x029E,0x029E,0x029E,0x027E,0x027E,0x02BF,0x0239,0x012E,
0x014E,0x012E,0x014F,0x014F,0x012D,0x01F7,0x02BF,0x029E,0x029E,0x029E,0x029E,0x029E,0x02DF,0x01B4,0x010E,0x012F,
0x014F,0x014F,0x010D,0x01F6,0x02DF,0x029E,0x02BE,0x029E,0x02BE,0x0971,0x092C,0x012E,0x012E,0x012E,0x012D,0x012E,
0x012E,0x012F,0x012D,0x0150,0x029D,0x02BE,0x029E,0x029E,0x029E,0x029E,0x029E,0x029E,0x029E,0x029E,0x02BE,0x01B5,
0x012F,0x014F,0x012F,0x012E,0x01F7,0x02BF,0x027E,0x029E,0x029E,0x029E,0x029E,0x029E,0x029E,0x029E,0x029E,0x029E,
0x029E,0x029E,0x029F,0x029F,0x02BF,0x029F,0x029E,0x029E,0x029E,0x029E,0x029E,0x029E,0x029E,0x029E,0x027E,0x027E,
0x029E,0x029E,0x029F,0x029E,0x029E,0x029E,0x029E,0x029E,0x029E,0x029E,0x02BE,0x029E,0x029E,0x02BE,0x029E,0x029E,
0x02BE,0x02BE,0x02BE,0x029E,0x029E,0x029E,0x029E,0x029E,0x029E,0x029E,0x029E,0x029E,0x027D,0x541C,0xF73B,0xEEF9,
0xEED9,0xC619,0xD69A,0xBDD8,0xA578,0x8CF8,0x3B9A,0x025D,0x027D,0x027E,0x029E,0x027E,0x027E,0x027E,0x027E,0x027E,
0x027E,0x029E,0x029E,0x029E,0x029E,0x029E,0x029E,0x029E,0x029E,0x027D,0xB61C,0xFFDB,0xE6BB,0xF6FB,0xFF5A,0xF73A,
0xCE59,0xCE39,0xB5B9,0xE6DA,0xEED9,0xBDD8,0xE69A,0xDE79,0xFF3A,0xFF3A,0xD678,0x84D8,0x9538,0x9D58,0x8CF8,0x7CB8,
0x6439,0x1ABC,0x027E,0x027D,0x2B3C,0x74DA,0xFF7B,0xDE99,0xDE99,0xD699,0xAD99,0x7CB9,0x645A,0x0ABD,0x029E,0x027E,
0x023E,0x027E,0x029E,0x027E,0x029E,0x029E,0x029E,0x029E,0x029E,0x029E,0x029E,0x029E,0x029E,0x029E,0x029E,0x029E,
0x029E,0x029E,0x029E,0x02BE,0x02BE,0x029E,0x029E,0x029E,0x029E,0x029E,0x02BE,0x02BE,0x02BE,0x02BE,0x029E,0x029E,
0x029E,0x029E,0x02BE,0x02BF,0x02BF,0x02BE,0x02BE,0x02BE,0x02BE,0x02BF,0x0218,0x012F,0x014F,0x014E,0x014F,0x012F,
0x014E,0x014E,0x0150,0x027C,0x029F,0x029E,0x029E,0x029E,0x029E,0x029E,0x029E,0x029E,0x029E,0x02BE,0x0239,0x010E,
0x012D,0x014E,0x014F,0x014F,0x012E,0x01F7,0x02DF,0x029E,0x02BE,0x02BF,0x029E,0x029E,0x02BF,0x01B5,0x012E,0x012F,
0x014F,0x014F,0x010D,0x01D6,0x02DF,0x029E,0x02BE,0x02BE,0x029C,0x094F,0x012D,0x014E,0x012E,0x012E,0x012D,0x012D,
0x012E,0x012E,0x012E,0x0171,0x029D,0x029E,0x029E,0x029E,0x029E,0x029E,0x029E,0x029E,0x029E,0x029E,0x029E,0x01B5,
0x012F,0x014E,0x012E,0x010E,0x01F7,0x029E,0x029E,0x029E,0x029E,0x02BE,0x029E,0x029E,0x029E,0x029E,0x029E,0x029E,
0x029E,0x029E,0x029D,0x027D,0x029D,0x029D,0x029C,0x029D,0x029E,0x029E,0x029E,0x029E,0x029E,0x029E,0x029E,0x029E,
0x029E,0x029E,0x029E,0x029E,0x029E,0x029E,0x029E,0x029E,0x029E,0x029E,0x029E,0x029E,0x029E,0x02BE,0x02BE,0x02BE,
0x02BE,0x02BE,0x02BE,0x029E,0x029E,0x029F,0x02BE,0x02BE,0x029E,0x025E,0x027E,0x029E,0x025D,0x6C9B,0xF73A,0xE699,
0xFF7A,0xDE7A,0xA598,0xB5B8,0xAD78,0x9538,0x6C5A,0x84FA,0x74BA,0x12BC,0x027E,0x027E,0x027E,0x027E,0x027E,0x029E,
0x029E,0x029E,0x029E,0x029E,0x029E,0x029E,0x029E,0x029E,0x029E,0x0ABD,0x9D7B,0xDE7A,0xEEDA,0xDE99,0xDE99,0xEEFA,
0xEEFA,0xFF7B,0xDE9A,0xEEDA,0xF6F9,0xDE79,0xF73A,0xC5F8,0xE6DA,0xFF5A,0xC5F7,0x8CD7,0xA578,0x9D57,0x8CF8,0x6C7A,
0x12BB,0x023E,0x025D,0x74BB,0xFF7C,0xFF7A,0xFF3A,0xEED9,0xDEB9,0xA558,0x9558,0xADB9,0xAD98,0x439B,0x025E,0x1B1D,
0x541B,0x2B3B,0x027D,0x029D,0x02BE,0x029F,0x029F,0x029E,0x029E,0x029F,0x029E,0x02BF,0x02BF,0x029E,0x029E,0x029E,
0x029E,0x02BF,0x02BE,0x02BE,0x02BE,0x02BE,0x029E,0x029E,0x02BE,0x02BE,0x02BE,0x02BE,0x02BF,0x02DF,0x02BF,0x02BF,
0x02BF,0x02BF,0x02BE,0x02BE,0x02BE,0x02BE,0x029E,0x02BE,0x02BE,0x02DE,0x0217,0x012D,0x092E,0x012E,0x014F,0x012E,
0x012F,0x012E,0x014F,0x027C,0x02BF,0x029E,0x029E,0x029E,0x029E,0x029E,0x029E,0x029E,0x029E,0x029F,0x0238,0x010E,
0x012E,0x012E,0x012E,0x014E,0x012D,0x01F5,0x02BF,0x02DF,0x0238,0x09B2,0x02BD,0x02BF,0x02BF,0x01D5,0x012F,0x012F,
0x012E,0x012E,0x010D,0x01D6,0x02DF,0x02BE,0x02BE,0x02BF,0x029D,0x012F,0x010D,0x012E,0x012E,0x012E,0x012E,0x012D,
0x014E,0x014E,0x012E,0x0171,0x02BE,0x02DF,0x029E,0x029E,0x02BE,0x029E,0x02BE,0x02BF,0x02BF,0x02BF,0x02BF,0x01B3,
0x012E,0x014E,0x094D,0x010D,0x0217,0x02BF,0x02BF,0x02BF,0x02BE,0x02BE,0x029E,0x029E,0x029E,0x029E,0x029E,0x029E,
0x029E,0x02BF,0x0218,0x014F,0x0170,0x0970,0x0970,0x021A,0x02BF,0x027E,0x029E,0x029E,0x029E,0x029E,0x029E,0x029E,
0x029E,0x029E,0x029E,0x029E,0x029E,0x029E,0x02BE,0x02BE,0x02BE,0x02BE,0x029E,0x029E,0x029E,0x02BE,0x02BE,0x02BE,
0x02BE,0x02BE,0x029E,0x029E,0x029E,0x029D,0x02BE,0x027E,0x235D,0x4C1C,0x337B,0x0ABD,0x025D,0x9DBC,0xFF7B,0xDE79,
0xE6DA,0xAD57,0xCE39,0xF73A,0xDE99,0xB5B8,0xBE19,0xD67A,0xB5D8,0x6C9A,0x029D,0x027E,0x029E,0x029E,0x029E,0x029E,
0x029E,0x029E,0x029F,0x029E,0x029E,0x027E,0x029E,0x029E,0x029E,0x029E,0x4C1B,0xB5F9,0xAD99,0xA558,0xDEB9,0xB5B9,
0xCE59,0xFF5A,0xFF3A,0xEEB9,0xDE79,0xF75B,0xDEB9,0xADB9,0xA558,0xEED9,0xE6BA,0xA578,0x9D38,0x9518,0x9D59,0x9D38,
0x749A,0x335A,0x4BDB,0x22FB,0xA59A,0xE6DA,0xD679,0xE6BA,0xE6B9,0x9D78,0xA599,0xA538,0x84D8,0x235C,0x2B5C,0xBE3B,
0xFF7B,0xBE19,0x53FB,0x025D,0x027E,0x029E,0x029E,0x02BE,0x029E,0x029E,0x029E,0x029E,0x029E,0x029E,0x029E,0x029E,
0x029E,0x02BF,0x02BE,0x02BE,0x02BE,0x02BE,0x02BE,0x02BE,0x02BE,0x02BE,0x02BE,0x02BE,0x0218,0x01F5,0x01F7,0x01F6,
0x01F5,0x027C,0x02BF,0x02BE,0x02BF,0x02BF,0x02BE,0x02BE,0x029E,0x02DF,0x01F7,0x010D,0x012F,0x012F,0x014F,0x012E,
0x012E,0x012E,0x0150,0x027D,0x02BF,0x029E,0x02BE,0x02BE,0x029E,0x029E,0x029E,0x029E,0x029E,0x029F,0x0219,0x010E,
0x014E,0x012E,0x012E,0x014E,0x010D,0x01F6,0x027C,0x01F7,0x01B1,0x012D,0x01B3,0x0218,0x02BF,0x01B4,0x012E,0x012F,
0x012D,0x014E,0x010D,0x01D5,0x02DF,0x02BE,0x02BE,0x02BF,0x02BD,0x012F,0x010D,0x010D,0x012D,0x012E,0x012E,0x012E,
0x012E,0x012E,0x092D,0x014F,0x09D4,0x09F6,0x029E,0x029F,0x02BE,0x029E,0x02BE,0x0218,0x01D4,0x01D5,0x01D6,0x0170,
0x092D,0x014E,0x014F,0x012D,0x0192,0x01F7,0x01D5,0x023A,0x02BF,0x029E,0x02BE,0x029E,0x029E,0x029E,0x029E,0x029F,
0x02BF,0x025B,0x0192,0x012E,0x014E,0x012F,0x092E,0x01B3,0x027D,0x029E,0x029E,0x029E,0x02BE,0x029E,0x029E,0x029E,
0x029E,0x029E,0x029E,0x029E,0x029E,0x029E,0x02BE,0x02BE,0x029E,0x029E,0x029E,0x029E,0x029E,0x029E,0x029E,0x02BE,
0x029E,0x029E,0x029E,0x029E,0x027F,0x029D,0x029D,0x337B,0xC69C,0xFF3A,0xBDD9,0x543A,0x025B,0xB61A,0xEEFA,0xEEDA,
0xFEF9,0xEED9,0xFF5A,0xFF1A,0xCE59,0xAD98,0x9D58,0xB5D9,0xA559,0x7CB9,0x0ABE,0x027E,0x027E,0x029E,0x029E,0x029E,
0x029E,0x02BE,0x02BE,0x029E,0x029E,0x029E,0x027D,0x0ADD,0x02DD,0x029D,0x02DC,0x4BDA,0x7C98,0xADB9,0xCDF8,0xBE18,
0xAD98,0xF73A,0xEED9,0xDE79,0xF71A,0xC63A,0xADB9,0x8CF8,0x9517,0xD679,0xDEBA,0xA558,0x84D8,0x8CF8,0xBE19,0x9558,
0x7CB8,0xBE19,0xDEBA,0x43BA,0x7479,0xC619,0xCE59,0xFF9B,0xEEFA,0xBDB9,0xC5F9,0xAD97,0x9539,0x643A,0xBE1A,0xEF1A,
0xDE9A,0xADB9,0x9539,0x4BFB,0x339C,0x027E,0x02BE,0x029E,0x029E,0x029E,0x029E,0x029E,0x029E,0x029E,0x02BF,0x029F,
0x029F,0x02BE,0x02BE,0x02DE,0x02BE,0x02BE,0x02BE,0x02BE,0x02BE,0x02BE,0x02BE,0x02DF,0x0192,0x012D,0x014F,0x014D,
0x012D,0x025A,0x02BF,0x02BE,0x02BE,0x02BE,0x02BE,0x02BE,0x029E,0x02DF,0x01F7,0x010C,0x012E,0x012F,0x012F,0x012E,
0x012E,0x012E,0x0150,0x027C,0x02BE,0x02BE,0x02BE,0x02BE,0x02BE,0x02BE,0x02BE,0x02BE,0x02BE,0x02BF,0x0219,0x010E,
0x012E,0x012E,0x012E,0x012E,0x010D,0x01F7,0x025B,0x012F,0x012F,0x012E,0x010B,0x01B3,0x02DF,0x01B4,0x010E,0x012F,
0x012D,0x012E,0x010D,0x01D5,0x02DF,0x02BE,0x02BE,0x02DF,0x02BD,0x0150,0x010D,0x010D,0x012D,0x012D,0x012D,0x012D,
0x012E,0x012D,0x012E,0x014E,0x090C,0x014F,0x029D,0x029F,0x02BE,0x02BE,0x02BF,0x01B3,0x012D,0x012E,0x012F,0x014E,
0x014E,0x012E,0x012E,0x014E,0x012E,0x012E,0x012E,0x0217,0x02BF,0x02BE,0x02BF,0x02BF,0x029E,0x029E,0x029F,0x029E,
0x02DF,0x01F7,0x012F,0x014F,0x012F,0x012E,0x092E,0x0150,0x025C,0x029F,0x029E,0x029E,0x029E,0x02BE,0x029E,0x029E,
0x029E,0x029E,0x029E,0x029E,0x029E,0x029E,0x02BE,0x02BE,0x02BE,0x02BE,0x029E,0x029E,0x029E,0x029E,0x02BE,0x029E,
0x029E,0x029E,0x029E,0x029E,0x029E,0x023C,0x7CBB,0xFF9C,0xEEFA,0xE6BA,0xB5D9,0x9539,0x8519,0xCE3A,0xDE79,0xE6B9,
0xFF3A,0xFF3A,0xEED9,0xEEDA,0xBDF9,0x9D59,0x84D8,0x8CF8,0x9538,0x749A,0x02BE,0x027E,0x029E,0x029E,0x027E,0x029E,
0x02BE,0x02BF,0x02BF,0x02BE,0x029E,0x023D,0x647B,0xDEBB,0x9D79,0x9D7B,0xA59B,0xB5DA,0xCE39,0x9D37,0xC5F9,0xEF19,
0xDE79,0xFF3A,0xBDD9,0xB5B8,0xCE39,0x9D58,0x9539,0x8CF8,0xA579,0xCE39,0xE6FA,0xAD79,0xADB8,0xCE39,0xEEDA,0xBDD8,
0xB5D8,0xF73B,0xEEFB,0xADB9,0xD659,0xDEB9,0x9D38,0xCE39,0xB5B8,0xE6BA,0xEEFB,0xADB9,0xAD99,0xDE9A,0xF73B,0xBDF8,
0xD67A,0xB5D9,0x9D58,0xD69B,0xBDFA,0x1ADC,0x027D,0x2B5C,0x0A9D,0x029E,0x029E,0x029E,0x02BE,0x02BE,0x02BE,0x02BE,
0x02BE,0x02BF,0x02DE,0x02BE,0x02DE,0x02BE,0x02BE,0x02BE,0x02DE,0x02BE,0x02BE,0x029C,0x0192,0x012D,0x012E,0x012E,
0x092E,0x025B,0x02BF,0x029E,0x02BE,0x02BE,0x02BE,0x029E,0x02BE,0x029D,0x01F5,0x010D,0x012E,0x012E,0x012E,0x012D,
0x012F,0x012E,0x012E,0x027B,0x02BF,0x025A,0x0218,0x02BF,0x029E,0x02BF,0x0218,0x0193,0x01B2,0x0237,0x0259,0x010D,
0x012E,0x012E,0x012D,0x012D,0x012E,0x0218,0x025B,0x012E,0x012E,0x092D,0x010D,0x01B4,0x02DF,0x01B4,0x012E,0x012F,
0x010E,0x012D,0x090C,0x0150,0x01B3,0x0192,0x0172,0x0218,0x02BE,0x0130,0x010D,0x010E,0x012D,0x012E,0x012F,0x012E,
0x092D,0x012D,0x012E,0x014E,0x012E,0x0172,0x029E,0x02BF,0x029E,0x029E,0x02BE,0x01B4,0x012F,0x014F,0x014F,0x014F,
0x012E,0x014E,0x012E,0x012E,0x014E,0x094E,0x012F,0x0218,0x02BF,0x023A,0x0193,0x01B3,0x0192,0x01F6,0x02BE,0x029E,
0x02DF,0x01F8,0x012F,0x014F,0x014E,0x012E,0x012F,0x0150,0x027C,0x029F,0x029E,0x029E,0x029E,0x029E,0x02BE,0x02BE,
0x02BE,0x02BE,0x02BE,0x02BE,0x02BE,0x02BE,0x02BE,0x02BE,0x02BE,0x02BE,0x02BE,0x02BE,0x02BE,0x029E,0x02BE,0x02BE,
0x02BE,0x029E,0x029E,0x02BE,0x025E,0x7CDB,0xFF7A,0xE6DA,0xDE79,0xFF5A,0xCE59,0xC5F9,0xD679,0xE6B9,0xF719,0xCE59,
0xD658,0xFF3B,0xDE79,0xE699,0xB5D8,0x84F8,0x84D8,0x9518,0x84DA,0x12DC,0x027D,0x1AFD,0x029E,0x029E,0x029E,0x029E,
0x02BE,0x02BE,0x029E,0x029E,0x027E,0x6C9B,0xFF9B,0xEEFA,0xDE99,0xBDF9,0xBDD9,0xEF1A,0xDE79,0xEEDA,0xEF1A,0xBDD8,
0xC5F9,0xBDD8,0x8CF7,0x9538,0x9538,0xA579,0xA578,0x9D38,0x84D8,0x9518,0xADB9,0x8D18,0xC5F8,0xA558,0xB5B8,0xD69A,
0xF75B,0xD67A,0xAD98,0xC5F8,0xE6FA,0xBDF9,0x9D77,0x9518,0x8D18,0xC63A,0xBDF9,0x9D59,0xAD98,0xD67A,0xCE59,0xA578,
0xADB9,0xAD78,0xD69A,0xE6FA,0xBDD9,0x7CB9,0x6CDB,0xEF3C,0x7CBA,0x12BC,0x027E,0x029E,0x029E,0x027E,0x027E,0x029F,
0x02BE,0x02BE,0x02BE,0x02BE,0x025A,0x02BE,0x02BE,0x02BE,0x02BE,0x02DF,0x029B,0x0151,0x012E,0x014E,0x012E,0x012E,
0x092D,0x0191,0x0239,0x02BF,0x02BF,0x02BF,0x02BF,0x02BE,0x02DF,0x027A,0x012F,0x012F,0x092D,0x092D,0x012D,0x012E,
0x012E,0x092E,0x010D,0x01F7,0x02DF,0x027B,0x01F5,0x02BF,0x02BE,0x02DF,0x01F6,0x012D,0x092D,0x0170,0x01B3,0x012F,
0x012D,0x012E,0x012E,0x012E,0x012D,0x0218,0x027B,0x010E,0x012E,0x014E,0x010D,0x01B4,0x02DF,0x01B4,0x012E,0x012E,
0x012E,0x012E,0x012E,0x012D,0x012D,0x012E,0x010D,0x01D5,0x02BE,0x0150,0x012E,0x012E,0x012D,0x012E,0x014F,0x014F,
0x012E,0x012E,0x012E,0x012E,0x012E,0x0151,0x029D,0x02BF,0x029E,0x029F,0x02DF,0x01B4,0x012E,0x014E,0x014E,0x014F,
0x0150,0x014E,0x014F,0x014F,0x014E,0x014F,0x012F,0x0217,0x02DF,0x0218,0x012E,0x012F,0x092E,0x01B4,0x02BF,0x029E,
0x02BE,0x0218,0x012D,0x014F,0x012F,0x012E,0x012D,0x012F,0x029C,0x02DF,0x029F,0x02BF,0x02BF,0x02BF,0x02BF,0x02BE,
0x02BE,0x02BE,0x02BE,0x02BE,0x02BE,0x02BE,0x02BE,0x02BE,0x02BE,0x029E,0x02BE,0x02BE,0x02BE,0x02BE,0x02BE,0x02DE,
0x029E,0x025E,0x027E,0x029E,0x02BE,0x5C3C,0xE6FA,0xE6BA,0xFF3A,0xD658,0xA538,0xEF1A,0xFF3A,0xFF3A,0xFF3A,0xC639,
0x94F8,0xC63A,0xD699,0xCE5A,0xB5B9,0x84D8,0x84B8,0x9518,0x84D9,0x541A,0xADDB,0xB5F9,0x645A,0x029E,0x029E,0x029E,
0x02BE,0x02BF,0x235D,0x337C,0x647B,0xE6FB,0xBE1A,0xB5D9,0xADB9,0x7CD9,0x9D58,0xAD98,0xA578,0xD699,0xBDF8,0x9D58,
0x8D17,0x9517,0x9517,0x9D38,0x9D38,0x9D58,0x94F8,0x9D58,0xA558,0xA578,0x9D58,0x9D37,0x8CF8,0x9D79,0xA558,0xCE59,
0xDE79,0xA558,0x9538,0xAD98,0xBDF9,0xADB9,0x9518,0x9517,0x84F8,0x9538,0xA578,0xA558,0xB5B8,0x9D59,0x9D58,0x9D59,
0x9518,0x9D58,0xD678,0xBDF9,0x9D58,0xAD98,0xE6DA,0xBDF8,0xBDF8,0x8CFA,0x8D1B,0x853B,0x43DC,0x5C5B,0x3BDD,0x0ADE,
0x02BF,0x02DE,0x02BE,0x02DE,0x01F7,0x02BD,0x02BE,0x02DE,0x02DE,0x02FF,0x01F7,0x010D,0x012F,0x012F,0x012E,0x092E,
0x012F,0x012D,0x01F5,0x02DF,0x02BF,0x02BD,0x0216,0x0216,0x0217,0x01D4,0x012E,0x012E,0x012E,0x012E,0x012E,0x012E,
0x012E,0x012F,0x012E,0x012E,0x0A19,0x01F7,0x01F5,0x02DF,0x02BE,0x02DF,0x01D5,0x012E,0x012F,0x012E,0x014D,0x014F,
0x012E,0x012F,0x012E,0x012E,0x010E,0x0218,0x029C,0x012E,0x012E,0x012E,0x010D,0x01B4,0x02BF,0x01B3,0x012D,0x012E,
0x012E,0x012F,0x012E,0x012E,0x012E,0x094E,0x010E,0x01F6,0x02DF,0x0130,0x010D,0x012D,0x012E,0x012E,0x012E,0x012E,
0x012F,0x014F,0x014F,0x014F,0x012E,0x014F,0x029C,0x029E,0x02BE,0x029E,0x0218,0x0171,0x012E,0x012F,0x012E,0x014F,
0x014F,0x014F,0x014F,0x014E,0x014E,0x014F,0x012F,0x0217,0x02DF,0x0219,0x012E,0x094E,0x014F,0x01B4,0x02DF,0x027D,
0x0194,0x01B3,0x012E,0x012F,0x012F,0x012E,0x012D,0x012F,0x025C,0x029F,0x025A,0x0217,0x1258,0x0A7A,0x02BF,0x02BE,
0x02BE,0x02BE,0x02BE,0x02BE,0x02BF,0x02BE,0x02BE,0x02BE,0x02BF,0x02BF,0x02BE,0x02BE,0x02BE,0x02BF,0x02DE,0x029E,
0x233C,0x649C,0x43DB,0x131C,0x02BD,0x021E,0x6C3A,0xDEBA,0xCE59,0xAD77,0xEEDA,0xFF7A,0xD659,0xEEFA,0xDE99,0xA578,
0x9D58,0xC619,0xDE9A,0xAD98,0xAD79,0xA558,0xBE19,0x9D59,0x84B8,0xE6DA,0xFF5A,0xD65A,0xBE1A,0x6C7B,0x0A9D,0x029E,
0x02DF,0x02BF,0x33DD,0x4C3C,0x3BBC,0x3BBB,0x339C,0x33BC,0x33BC,0x4C1C,0x7CFA,0x6C9A,0x7CFB,0x855A,0x74DA,0x6C9A,
0x6499,0x74DA,0x74BA,0x6C9A,0x647A,0x6C9A,0x6CBA,0x7CFA,0x853A,0x853A,0x84FA,0x6C9B,0x3BDB,0x339C,0x3BDB,0x6CBA,
0x7CFA,0x6C9A,0x74DA,0x74DA,0x7CFA,0x74DA,0x645A,0x647A,0x6C9A,0x6CBA,0x74DA,0x6C7A,0x6CBA,0x74DA,0x74FB,0x6C9A,
0x74BA,0x74BA,0x851B,0x74BA,0x649A,0x6C9A,0x74BA,0x6C9A,0x7CDA,0x541A,0x3BDB,0x3BFC,0x33BC,0x441B,0x4C5C,0x0B1D,
0x02BE,0x02DF,0x02DE,0x02DE,0x01F5,0x02BD,0x02DF,0x02DE,0x02DE,0x02FF,0x01F6,0x010D,0x012F,0x012F,0x012E,0x012E,
0x0130,0x010F,0x01F6,0x02BF,0x02BF,0x029C,0x012E,0x010D,0x010D,0x012E,0x012E,0x014E,0x012F,0x012E,0x012E,0x012F,
0x014F,0x014F,0x012E,0x012D,0x014F,0x0150,0x0171,0x0193,0x0239,0x02FF,0x01D5,0x012E,0x014E,0x012E,0x014E,0x014E,
0x012E,0x012E,0x012E,0x012F,0x010E,0x01F6,0x0A59,0x012F,0x012E,0x012E,0x010C,0x01B4,0x0239,0x014F,0x092E,0x012E,
0x012E,0x012E,0x012D,0x012E,0x012F,0x094E,0x010E,0x01F6,0x029D,0x0130,0x010D,0x012E,0x010E,0x012E,0x012D,0x010D,
0x012E,0x012F,0x014F,0x014F,0x014F,0x014F,0x0172,0x0238,0x01D6,0x0218,0x0130,0x014E,0x014F,0x012F,0x012F,0x012F,
0x014F,0x014F,0x014E,0x014E,0x014E,0x014F,0x012F,0x01F6,0x02DF,0x0239,0x012E,0x012E,0x010E,0x0193,0x02DE,0x025C,
0x0150,0x0150,0x0150,0x014F,0x014F,0x012E,0x012E,0x0130,0x43DB,0x4357,0x012F,0x012E,0x094E,0x0150,0x027C,0x02BF,
0x02BE,0x02DE,0x02BE,0x02BE,0x02BD,0x02BE,0x02BE,0x02BF,0x02BE,0x02BE,0x02BE,0x02BE,0x02DF,0x027E,0x027E,0x12DC,
0xC67B,0xFF9B,0xBDF8,0x9559,0x7CDB,0x4BFB,0xCE7B,0xFFBB,0xC619,0xDEBA,0xFF59,0xDE79,0x9D58,0xA579,0xAD98,0xB5F9,
0xC61A,0xADB9,0xC5F9,0xB5B9,0xAD99,0xAD98,0xD67A,0xC5F9,0xDE99,0xDE99,0x9D38,0xB5FA,0xB5D9,0x84D9,0x12DD,0x025E,
0x02DF,0x02FF,0x02DF,0x02BE,0x02BE,0x02BE,0x02BE,0x02DF,0x02BF,0x02BE,0x02DE,0x02FE,0x02FE,0x02FE,0x02FE,0x02FE,
0x02FE,0x02FE,0x02DD,0x02DE,0x02DE,0x02DE,0x02FE,0x02FE,0x02DE,0x02DD,0x02FE,0x02FE,0x02DF,0x02DE,0x02DE,0x02DE,
0x02DE,0x02DE,0x02DD,0x02DD,0x02FE,0x02DE,0x02DE,0x02BE,0x02BE,0x02DE,0x02DE,0x02BE,0x02DE,0x02DE,0x02DD,0x02DE,
0x02DE,0x02DE,0x02FE,0x02FE,0x02FF,0x02FE,0x02FE,0x02FE,0x02DE,0x02BE,0x02BF,0x02BF,0x02DF,0x02BE,0x02BE,0x02DE,
0x02DF,0x02BE,0x02FF,0x0A9B,0x014E,0x0A79,0x02FF,0x02BE,0x02BE,0x02FF,0x01F6,0x010D,0x012F,0x012F,0x012F,0x012F,
0x012E,0x010D,0x01D5,0x02DF,0x02BF,0x027B,0x0150,0x012E,0x012E,0x012D,0x012E,0x012F,0x012E,0x012E,0x012F,0x012E,
0x014E,0x014E,0x014E,0x014E,0x014F,0x014F,0x014F,0x012E,0x0217,0x02FF,0x01D5,0x012E,0x014F,0x012F,0x012F,0x012F,
0x012E,0x012E,0x012F,0x012E,0x012F,0x014F,0x014F,0x012F,0x014E,0x012D,0x012E,0x014F,0x0150,0x014E,0x014F,0x012F,
0x012E,0x012E,0x012D,0x012E,0x014E,0x014F,0x012F,0x01F6,0x0239,0x012D,0x012E,0x012E,0x012E,0x092E,0x012E,0x012E,
0x012E,0x012E,0x014E,0x014E,0x014F,0x014F,0x014E,0x0191,0x0170,0x0171,0x014F,0x014E,0x014F,0x012F,0x012E,0x012E,
0x014F,0x094F,0x014F,0x014E,0x014F,0x014F,0x012F,0x0216,0x02DF,0x023A,0x012E,0x014F,0x010D,0x0193,0x02BF,0x027C,
0x0151,0x0150,0x0150,0x014F,0x014F,0x014E,0x014E,0x014F,0x74BB,0x3A93,0x010E,0x014F,0x014F,0x014F,0x027B,0x02BF,
0x02BE,0x02BE,0x02BE,0x02DF,0x0259,0x027B,0x02BF,0x02BE,0x02BE,0x02BE,0x02BF,0x02BE,0x023D,0x543C,0x647B,0x749B,
0xFF9B,0xD699,0xBDD8,0xC619,0xE6B9,0xDE9A,0xFF7A,0xDE79,0xAD78,0xBDF9,0xE6DB,0xAD57,0x8CF7,0x8CD7,0xA579,0xA578,
0x9D38,0x9538,0x9538,0x8D18,0x8CF8,0x7CB8,0x9D17,0xDE9A,0xFF9B,0xC619,0xA558,0xADB8,0x9D38,0x7499,0x12DB,0x3B7D,
0x02DF,0x02DF,0x02DE,0x02FF,0x02DF,0x02DE,0x02DF,0x02FE,0x02FE,0x02DF,0x02DF,0x02DF,0x02DF,0x02DF,0x02DF,0x02DF,
0x02FF,0x02DF,0x02DE,0x02DF,0x02DF,0x02DF,0x02DF,0x02FF,0x02FF,0x02DF,0x02DF,0x02DE,0x02DF,0x02DF,0x02DF,0x02DF,
0x02FF,0x02DF,0x02FF,0x02DF,0x02DF,0x02DF,0x02DF,0x02DF,0x02DF,0x02DF,0x02BF,0x02BE,0x02BE,0x02DE,0x02DE,0x02DF,
0x02DF,0x02DF,0x02FF,0x02DF,0x02DF,0x02FF,0x02FF,0x02FF,0x02FF,0x02FE,0x02FE,0x02FF,0x02DE,0x02FE,0x02FE,0x02DE,
0x02DE,0x02BF,0x02BD,0x01B3,0x012E,0x0991,0x02BD,0x02DF,0x02BE,0x02DF,0x01F6,0x012E,0x012F,0x012F,0x012F,0x012E,
0x012E,0x010D,0x01D4,0x02BE,0x02BE,0x029D,0x012F,0x010E,0x010D,0x012D,0x012E,0x012E,0x012E,0x012E,0x012E,0x012E,
0x012E,0x014E,0x014F,0x014F,0x014E,0x014E,0x014F,0x012F,0x0217,0x02FF,0x01D5,0x012E,0x012F,0x012E,0x012E,0x012E,
0x012E,0x014F,0x012F,0x012E,0x014E,0x014F,0x014F,0x014E,0x012E,0x012E,0x012F,0x014E,0x014F,0x014F,0x014F,0x014F,
0x012F,0x012E,0x092E,0x014E,0x012E,0x012E,0x010E,0x01D3,0x0237,0x012E,0x012F,0x012F,0x012F,0x014F,0x012F,0x012F,
0x012E,0x012E,0x014E,0x014E,0x012E,0x014E,0x014E,0x014E,0x014F,0x012F,0x012F,0x014F,0x014F,0x0150,0x012F,0x012E,
0x014F,0x014F,0x014F,0x014F,0x014F,0x094F,0x012E,0x01F6,0x02BE,0x0258,0x0150,0x014F,0x012E,0x01B3,0x02DF,0x027B,
0x0150,0x012F,0x014F,0x014F,0x014F,0x014E,0x014E,0x014F,0x02BC,0x01B4,0x0130,0x014F,0x014F,0x0150,0x027C,0x02DF,
0x02BE,0x02BE,0x02BE,0x02FF,0x0238,0x027A,0x02FF,0x029E,0x029F,0x0ADD,0x0ADD,0x1B1C,0x855B,0xEF1B,0xE69A,0xEF5A,
0xE6DA,0xADB9,0xDE9A,0xFF7A,0xE6DA,0xA558,0xD658,0xC619,0x9D59,0xA578,0x9558,0x84D7,0x8CF7,0x9D38,0xB598,0x8497,
0x84F8,0xA579,0xADB9,0x9D38,0x9D18,0x84D8,0xAD99,0xBDF9,0xDEBA,0xB5B8,0x9518,0x9518,0xADB9,0xA579,0x94F9,0xCEBB,
0x02DF,0x02DF,0x02DF,0x02DF,0x02DF,0x02BE,0x02DF,0x02DF,0x02DE,0x02DF,0x02DF,0x02DF,0x02FF,0x02DE,0x02DE,0x02DF,
0x02DF,0x02DF,0x02DF,0x02FF,0x02DF,0x02DF,0x02DE,0x02DE,0x02DF,0x02DE,0x02DE,0x02DE,0x02FF,0x02DF,0x02DE,0x02FE,
0x02FF,0x02FF,0x02FF,0x02DE,0x02DF,0x02DF,0x02DF,0x02DF,0x02DF,0x02DF,0x02DE,0x02BE,0x02BE,0x02DE,0x02DE,0x02DE,
0x02DE,0x02DF,0x02DF,0x02DF,0x02DF,0x02FF,0x02DF,0x02DF,0x02FE,0x02FF,0x02FF,0x02DE,0x02DE,0x02DE,0x02DE,0x02DE,
0x02DE,0x02FF,0x027A,0x012E,0x014F,0x0171,0x027B,0x02BE,0x02DE,0x02FF,0x0217,0x012E,0x012F,0x012F,0x012E,0x012E,
0x012F,0x012E,0x0171,0x0218,0x01D4,0x0A38,0x012E,0x010D,0x012D,0x012E,0x012E,0x012E,0x012E,0x012E,0x012F,0x012E,
0x014E,0x014F,0x014F,0x012E,0x012E,0x014E,0x014F,0x012F,0x01F6,0x029B,0x01B4,0x012E,0x012E,0x012E,0x012F,0x012E,
0x012E,0x012F,0x014F,0x012F,0x014F,0x014E,0x012F,0x012F,0x012E,0x014F,0x014F,0x014F,0x0150,0x012F,0x014E,0x012E,
0x012E,0x014F,0x014E,0x014F,0x012F,0x010D,0x012D,0x014F,0x0151,0x014F,0x012E,0x012E,0x012E,0x012E,0x012E,0x012F,
0x014F,0x012E,0x012E,0x014F,0x012E,0x012E,0x012E,0x014F,0x014F,0x014E,0x014F,0x014F,0x014F,0x014F,0x014E,0x014E,
0x014F,0x014F,0x014F,0x014F,0x014E,0x014F,0x014E,0x0172,0x09F6,0x0170,0x0150,0x014F,0x012D,0x01D3,0x0A7C,0x0237,
0x0171,0x014F,0x014F,0x014F,0x014F,0x014F,0x012F,0x012F,0x09F6,0x0192,0x014F,0x014F,0x014F,0x0150,0x027C,0x02DF,
0x02BE,0x02BF,0x02BE,0x02DF,0x01D3,0x0217,0x02DF,0x33DC,0x33DC,0x7CFC,0xA5BB,0xCE7A,0xDE9A,0xAD98,0xCE59,0xD659,
0xB5D9,0xADD9,0xDE99,0xCE19,0xA579,0x9D78,0xB5D8,0xA579,0x9518,0x9D38,0x9518,0x8D18,0x8CF8,0x8CF8,0x94F7,0x9538,
0x9D39,0x9D39,0xA558,0xCE79,0xBDF8,0xAD99,0x9D39,0x9559,0xADB8,0xA558,0x9518,0x9538,0xB5FA,0xAD9A,0xD67A,0xB5B8,
0x02FF,0x02FF,0x02DF,0x02DF,0x02DF,0x02DF,0x02DF,0x02DF,0x02DF,0x02DE,0x02DF,0x02DF,0x02FF,0x02FE,0x02FF,0x02DE,
0x02DF,0x02FF,0x02FE,0x02FE,0x02DF,0x02DF,0x02DF,0x02DF,0x02DE,0x02FE,0x02FE,0x02DE,0x02FF,0x02DE,0x02DE,0x02DF,
0x031F,0x02FF,0x02FF,0x02DE,0x02FF,0x02FF,0x02FF,0x02FF,0x02DE,0x02DF,0x02DF,0x02DE,0x02DE,0x02DF,0x02DF,0x02DE,
0x02DF,0x02DF,0x02FF,0x02DF,0x02FF,0x02DF,0x02DF,0x02DE,0x02FF,0x02FF,0x02FF,0x02DF,0x02DF,0x02DF,0x02DF,0x02DF,
0x02DE,0x02FF,0x027A,0x014E,0x012F,0x0150,0x012F,0x025A,0x02BF,0x01D5,0x0192,0x092E,0x014E,0x014F,0x014F,0x014E,
0x012E,0x012E,0x014F,0x0172,0x012F,0x012F,0x012E,0x092E,0x012E,0x012E,0x014E,0x014E,0x012E,0x012E,0x014F,0x012F,
0x014F,0x012F,0x012F,0x014E,0x014F,0x014F,0x014E,0x014E,0x014F,0x014F,0x014F,0x012E,0x092F,0x012F,0x014F,0x012F,
0x012E,0x012F,0x014F,0x014E,0x014F,0x014F,0x014F,0x014F,0x012E,0x014F,0x014F,0x014F,0x014F,0x012F,0x012E,0x014F,
0x012F,0x012F,0x012E,0x012E,0x012E,0x012E,0x012E,0x014F,0x014F,0x014F,0x094E,0x014F,0x014F,0x012E,0x012E,0x014F,
0x014E,0x014E,0x012E,0x012E,0x014E,0x014E,0x012E,0x014F,0x014F,0x014F,0x014F,0x0150,0x014F,0x014F,0x014F,0x014F,
0x014F,0x014F,0x014F,0x014F,0x014E,0x012E,0x014E,0x0150,0x0172,0x012F,0x014F,0x012E,0x012E,0x0170,0x01B4,0x0192,
0x0170,0x0150,0x014F,0x014F,0x014F,0x014F,0x014F,0x0150,0x02BC,0x01B5,0x0150,0x0150,0x014E,0x012F,0x027C,0x02DF,
0x02BE,0x02DE,0x02FF,0x0259,0x014F,0x09B3,0x02BE,0x235D,0x239D,0x235D,0x2B3C,0x4C1C,0x33BB,0x339C,0x43DB,0x43DB,
0x3BDC,0x3BBC,0x3BDB,0x3BBB,0x339B,0x339B,0x3BBB,0x339B,0x339C,0x2B9C,0x33BC,0x339C,0x339C,0x339C,0x2B9C,0x33BC,
0x33BC,0x2B9C,0x2B9C,0x33BC,0x3BDC,0x337C,0x235C,0x33BC,0x339C,0x235C,0x2B7C,0x339C,0x3BBC,0x339B,0x43DB,0x3BDD,
0x02DF,0x02DF,0x02DF,0x02DF,0x02FF,0x02FF,0x02FF,0x02FE,0x02FF,0x02FE,0x02FE,0x02FF,0x02DF,0x02DE,0x02DE,0x02DE,
0x02DF,0x02DF,0x02FF,0x02FE,0x02DF,0x02DF,0x02FF,0x02FF,0x02FF,0x02FF,0x02FE,0x02FE,0x02DE,0x02DE,0x02DE,0x02DF,
0x02FF,0x02FF,0x02FF,0x02FE,0x02FF,0x02FE,0x02FE,0x02FE,0x02DF,0x02DF,0x02DE,0x02DE,0x02DE,0x02DE,0x02DE,0x02FE,
0x02FE,0x02FE,0x02FE,0x02FE,0x02FF,0x02DE,0x02DF,0x02DF,0x02DF,0x02DF,0x02DF,0x02DE,0x02DF,0x02FF,0x02FE,0x02DE,
0x02DE,0x02FF,0x027A,0x012E,0x012F,0x014F,0x010E,0x0279,0x02DE,0x0150,0x012E,0x014F,0x014F,0x0150,0x014F,0x014E,
0x014E,0x012F,0x012F,0x012E,0x014F,0x014E,0x012E,0x012E,0x012E,0x014E,0x012E,0x012E,0x012F,0x014F,0x014F,0x012F,
0x014F,0x014E,0x012E,0x014F,0x014F,0x014F,0x014E,0x014E,0x014E,0x014F,0x014F,0x012F,0x014F,0x014F,0x014F,0x014F,
0x012F,0x014E,0x014F,0x012E,0x012F,0x0150,0x014F,0x014F,0x012F,0x014F,0x014F,0x014F,0x014F,0x014F,0x014F,0x014F,
0x012F,0x012F,0x012E,0x012E,0x012F,0x012E,0x012E,0x014F,0x014F,0x012F,0x014F,0x014F,0x012F,0x012E,0x092E,0x012F,
0x014F,0x012E,0x012E,0x014E,0x014E,0x014F,0x014F,0x014F,0x094F,0x014F,0x0150,0x0150,0x014F,0x014F,0x0150,0x0150,
0x014F,0x014F,0x014F,0x014F,0x014F,0x012E,0x014F,0x012F,0x012F,0x012F,0x014F,0x012E,0x012F,0x012F,0x012E,0x094F,
0x014F,0x0170,0x014F,0x014F,0x014F,0x014F,0x014E,0x0150,0x02BD,0x01B5,0x014F,0x014F,0x014E,0x014F,0x027C,0x02DF,
0x02BE,0x02DE,0x02DE,0x09D4,0x012F,0x0150,0x029B,0x02BF,0x02BE,0x02BF,0x02BF,0x029F,0x02BF,0x029F,0x029F,0x029E,
0x029E,0x029F,0x029E,0x029F,0x029F,0x029F,0x029F,0x02BE,0x029F,0x029F,0x029E,0x029E,0x029F,0x02BF,0x02BF,0x02BF,
0x02BF,0x02BE,0x02BF,0x029F,0x027F,0x027F,0x029E,0x029E,0x029F,0x02BF,0x029F,0x027E,0x029E,0x029E,0x029E,0x029E,
0x02DF,0x02DF,0x02DF,0x02FF,0x02FF,0x02FF,0x02DE,0x02FE,0x02FE,0x02FE,0x02FF,0x02DF,0x02DF,0x02DF,0x02FF,0x02FE,
0x02FF,0x02FF,0x02DE,0x02FF,0x02DF,0x02DF,0x02DF,0x02FF,0x02FF,0x02FE,0x02FE,0x02DE,0x02DE,0x02BE,0x02DE,0x02DF,
0x02FE,0x02FF,0x02FF,0x02FF,0x02FE,0x02FE,0x02FE,0x02FE,0x02DF,0x02DF,0x02DE,0x02DE,0x02FF,0x02FF,0x02FE,0x02FE,
0x02FE,0x02FE,0x02FE,0x02FE,0x02FE,0x02DE,0x02DE,0x02DF,0x02DF,0x02DE,0x02DE,0x02DE,0x02FF,0x02FF,0x0258,0x025A,
0x02DF,0x02DF,0x027B,0x012E,0x012F,0x012E,0x012E,0x0171,0x027B,0x0171,0x012E,0x014F,0x014F,0x014F,0x012F,0x012E,
0x014F,0x014F,0x012F,0x012F,0x012E,0x012F,0x012E,0x012F,0x012E,0x012F,0x012E,0x012E,0x014E,0x012F,0x012F,0x014E,
0x012F,0x012E,0x012E,0x012F,0x014F,0x014F,0x014E,0x014F,0x014E,0x014F,0x014F,0x012E,0x014F,0x0150,0x014F,0x014F,
0x012F,0x012F,0x014E,0x014E,0x012F,0x014F,0x014F,0x014F,0x014F,0x014F,0x014F,0x014F,0x014F,0x014F,0x014F,0x012F,
0x014E,0x012E,0x012E,0x012F,0x014F,0x012F,0x012E,0x014F,0x014F,0x012F,0x012E,0x012E,0x012E,0x012E,0x012E,0x012F,
0x012F,0x012E,0x012E,0x014F,0x014F,0x014F,0x014E,0x014E,0x0150,0x014F,0x012F,0x012F,0x014E,0x014F,0x014F,0x014F,
0x014F,0x012F,0x012E,0x012F,0x014F,0x014E,0x014F,0x014F,0x014F,0x012F,0x012F,0x014F,0x014E,0x014F,0x014E,0x0170,
0x0150,0x016F,0x014F,0x014F,0x012E,0x014E,0x014F,0x0150,0x02BD,0x01D5,0x012E,0x092F,0x012F,0x0150,0x029C,0x02DF,
0x02DE,0x02FF,0x025A,0x0150,0x014F,0x092E,0x01F6,0x02FF,0x02DF,0x02DE,0x02DE,0x02DF,0x02DF,0x02DF,0x02DF,0x02FF,
0x02DF,0x02DF,0x02DE,0x02DF,0x02DF,0x02DE,0x02DE,0x02DE,0x02DE,0x02DF,0x02BF,0x02DE,0x02DE,0x02DE,0x02DE,0x02DE,
0x02DF,0x02DF,0x02DF,0x02DE,0x02BE,0x02BE,0x02BE,0x02BF,0x02DE,0x02DE,0x02BE,0x02DE,0x02BF,0x02BF,0x02BE,0x02DE,
0x02DF,0x02DF,0x02FF,0x02FF,0x02FF,0x02DF,0x02DE,0x02FF,0x02FF,0x031F,0x02FF,0x02FF,0x02DF,0x02FF,0x02FF,0x02FF,
0x02FF,0x02DF,0x02FF,0x031E,0x02FF,0x02FF,0x02FF,0x02FE,0x02FE,0x02DF,0x02DE,0x02DE,0x02DE,0x02DE,0x02DF,0x02DF,
0x02FF,0x02FF,0x02DF,0x02DF,0x02FF,0x02FE,0x02FF,0x02FF,0x02DF,0x02DF,0x02DF,0x02FF,0x02FF,0x02FF,0x02FF,0x02DF,
0x02FF,0x02FE,0x02FF,0x02FF,0x02FE,0x02DF,0x02DF,0x02FF,0x02DF,0x02DF,0x02DF,0x02DE,0x02FE,0x031F,0x01D3,0x0239,
0x02FF,0x02DF,0x027B,0x014E,0x012F,0x014F,0x014F,0x012F,0x0A59,0x0171,0x012E,0x012F,0x012F,0x012F,0x012E,0x012E,
0x012F,0x014F,0x012E,0x012E,0x012E,0x012E,0x012E,0x012E,0x012E,0x012F,0x012F,0x014F,0x014E,0x012E,0x012E,0x012E,
0x012E,0x012E,0x012E,0x012F,0x012F,0x014F,0x014F,0x014F,0x0150,0x014F,0x012F,0x012E,0x014F,0x014F,0x014F,0x014F,
0x014F,0x014F,0x0150,0x014F,0x014F,0x012F,0x014F,0x014F,0x012F,0x014F,0x014F,0x014F,0x014F,0x014F,0x014F,0x012E,
0x012E,0x014F,0x012F,0x012F,0x014F,0x012F,0x012F,0x012F,0x012F,0x012E,0x012D,0x012E,0x012F,0x012E,0x012E,0x012F,
0x012F,0x014F,0x014F,0x014F,0x014F,0x012E,0x012F,0x014F,0x0150,0x014F,0x014E,0x014F,0x014F,0x014F,0x014E,0x014E,
0x012E,0x012E,0x012E,0x012F,0x014E,0x014F,0x014F,0x014F,0x012F,0x014F,0x014F,0x012F,0x012F,0x012E,0x014F,0x014F,
0x0150,0x014F,0x014E,0x012E,0x012E,0x014E,0x012E,0x0150,0x02DD,0x01D5,0x012E,0x012F,0x014F,0x014F,0x029C,0x02DF,
0x02DE,0x02FF,0x025A,0x012F,0x094F,0x010D,0x01F5,0x02FF,0x02DE,0x02DE,0x02DE,0x02BE,0x02BF,0x02BF,0x02DF,0x02DF,
0x02DF,0x02DF,0x02BF,0x02BF,0x02BE,0x02BF,0x02BE,0x02BE,0x02BF,0x02BE,0x02BF,0x02DE,0x02DE,0x02BE,0x02BE,0x02DE,
0x02DE,0x02DE,0x02DF,0x02DE,0x02BE,0x02BE,0x02BF,0x02BE,0x02BE,0x02DF,0x02DE,0x02DE,0x02BE,0x02BE,0x02BE,0x02DE,
0x02DF,0x02DF,0x02FF,0x02FF,0x02FF,0x02FE,0x02DE,0x02FF,0x02FF,0x031F,0x02FF,0x02FF,0x02DF,0x02FF,0x02FF,0x031F,
0x02FF,0x02DE,0x02FF,0x031E,0x031E,0x031E,0x02FF,0x02FE,0x02FE,0x02DF,0x02DE,0x02DE,0x02DE,0x02DE,0x02DE,0x02DE,
0x02FE,0x02FE,0x02FF,0x02DF,0x02FF,0x02FF,0x02FE,0x02FF,0x02FF,0x02DF,0x02FF,0x02FF,0x02FF,0x02FF,0x02FF,0x02FF,
0x02FF,0x02FE,0x02FE,0x02DE,0x02DF,0x02DF,0x02DF,0x02FF,0x02FF,0x02DF,0x02DE,0x02DE,0x02FF,0x02FE,0x01B2,0x09F6,
0x027C,0x0237,0x0237,0x012E,0x012F,0x012E,0x012F,0x012E,0x0192,0x0150,0x012F,0x012F,0x012E,0x012E,0x012E,0x012E,
0x012E,0x012E,0x014E,0x012E,0x012D,0x012E,0x012E,0x012E,0x012F,0x012F,0x012F,0x014E,0x014E,0x012E,0x012E,0x012E,
0x012E,0x012E,0x012E,0x012E,0x012E,0x012E,0x014F,0x014F,0x014F,0x014F,0x014F,0x012F,0x014F,0x012F,0x014F,0x014F,
0x014F,0x0150,0x0150,0x014F,0x014F,0x012F,0x012F,0x014F,0x012F,0x012E,0x094F,0x094F,0x014F,0x014F,0x014F,0x014F,
0x012F,0x012F,0x012F,0x014F,0x012E,0x012E,0x012E,0x012F,0x012E,0x012E,0x012E,0x012F,0x012F,0x012F,0x012E,0x012E,
0x014F,0x012F,0x012F,0x014E,0x014E,0x014F,0x0150,0x014F,0x014F,0x014F,0x014F,0x014F,0x014F,0x014F,0x012F,0x012E,
0x012E,0x012E,0x012E,0x014E,0x012E,0x012F,0x014F,0x014E,0x012F,0x012F,0x012F,0x012F,0x012F,0x014F,0x014F,0x014F,
0x014F,0x014F,0x014E,0x014E,0x014E,0x012E,0x014F,0x014F,0x0259,0x01D5,0x012E,0x0150,0x014F,0x094F,0x029C,0x02FF,
0x02BE,0x02DE,0x01B4,0x014E,0x014F,0x012E,0x01B3,0x02DF,0x02DE,0x02DE,0x02DE,0x02DE,0x02DF,0x02BE,0x02DF,0x02DF,
0x02DF,0x02DF,0x02BE,0x02BE,0x02BE,0x02BE,0x02BE,0x02BE,0x02BE,0x02BE,0x02BF,0x02DE,0x02DE,0x02BF,0x02DE,0x02DE,
0x02BE,0x02BE,0x02DE,0x02DF,0x02BE,0x02BF,0x02BF,0x02BE,0x02BE,0x02DE,0x02DF,0x02DF,0x02DE,0x02DE,0x02BE,0x02DE,
0x02DF,0x02DF,0x02FF,0x02DF,0x02DF,0x02FE,0x02FE,0x02DE,0x02FE,0x02FF,0x02FF,0x02FF,0x02DF,0x02FF,0x02FF,0x02FF,
0x02FF,0x02FF,0x02DF,0x031F,0x033E,0x031F,0x02FE,0x02DE,0x02DF,0x02BF,0x02BE,0x02BE,0x02BE,0x02BE,0x02BE,0x02BE,
0x02BE,0x02FE,0x02FE,0x02DE,0x02DF,0x02DF,0x02DF,0x02DF,0x02FF,0x02DE,0x02DE,0x02DE,0x02DE,0x02DE,0x02DE,0x02DE,
0x02DE,0x02DE,0x02BE,0x02BE,0x02DE,0x02DE,0x02BE,0x02DF,0x02DF,0x02BE,0x02BE,0x029E,0x02BF,0x029D,0x0171,0x014F,
0x01F5,0x0171,0x01B2,0x010E,0x014F,0x014F,0x012E,0x010E,0x012D,0x012F,0x010E,0x010D,0x010D,0x010E,0x010E,0x010D,
0x010D,0x010E,0x010E,0x010E,0x012D,0x012E,0x012E,0x012E,0x012E,0x012E,0x012E,0x012E,0x012E,0x010E,0x010D,0x010E,
0x010E,0x010E,0x010E,0x010E,0x010D,0x010E,0x012F,0x014F,0x012F,0x014E,0x012F,0x014E,0x014F,0x014F,0x014F,0x012F,
0x012F,0x012F,0x012F,0x012F,0x012F,0x012E,0x012E,0x012E,0x012E,0x012E,0x012F,0x012F,0x012E,0x014E,0x014E,0x014F,
0x0150,0x012E,0x012E,0x012E,0x012E,0x010D,0x010D,0x010E,0x010E,0x010E,0x010E,0x012E,0x012E,0x010E,0x010E,0x010E,
0x010E,0x012E,0x014E,0x012F,0x012E,0x012E,0x014F,0x014E,0x012F,0x012F,0x012F,0x012E,0x010E,0x010E,0x010E,0x010E,
0x010E,0x010E,0x012F,0x012E,0x012E,0x012E,0x014E,0x012F,0x014F,0x014F,0x010E,0x010E,0x010E,0x012F,0x010E,0x010D,
0x010E,0x012F,0x012F,0x014E,0x014F,0x014F,0x014F,0x012F,0x0171,0x0171,0x012D,0x014F,0x014F,0x0150,0x02BD,0x02DF,
0x02BE,0x029C,0x0130,0x012E,0x014F,0x012E,0x0170,0x02DE,0x02DE,0x02DE,0x02FF,0x02BE,0x02BE,0x02BE,0x02BE,0x02BE,
0x02BE,0x02BE,0x02BE,0x029E,0x029E,0x029E,0x029E,0x029E,0x029E,0x02BE,0x02BF,0x02DE,0x02DE,0x02BF,0x02DE,0x02DE,
0x02BE,0x02BE,0x02DF,0x02DE,0x02BE,0x02BF,0x02BF,0x02BE,0x02BE,0x02DE,0x02DE,0x02DE,0x02BE,0x02BE,0x02BE,0x02BE,
0x02FF,0x031F,0x031F,0x02DF,0x02DF,0x02FE,0x02FE,0x02DF,0x02FF,0x031E,0x02FE,0x02FF,0x02FF,0x031F,0x031F,0x031F,
0x031E,0x031F,0x031F,0x031F,0x031E,0x031F,0x02FD,0x137E,0x139E,0x137F,0x137F,0x137F,0x135F,0x135F,0x133E,0x133E,
0x135F,0x133F,0x02DE,0x02DE,0x02DF,0x02DE,0x02DE,0x02DE,0x02BE,0x0B3F,0x137F,0x135E,0x135E,0x135E,0x135F,0x137F,
0x137F,0x137F,0x135E,0x133E,0x02BE,0x02FE,0x137F,0x137F,0x137F,0x133E,0x133E,0x133E,0x135F,0x135E,0x11F1,0x11B0,
0x098F,0x010D,0x012D,0x012D,0x010D,0x096F,0x11D1,0x1190,0x118F,0x19B0,0x118F,0x118E,0x118F,0x11B0,0x19B0,0x11B0,
0x11AF,0x118F,0x118E,0x118E,0x00ED,0x014F,0x012E,0x012E,0x116E,0x118F,0x118E,0x118F,0x11AF,0x19AF,0x19AF,0x11AF,
0x11AF,0x118E,0x118E,0x118F,0x19AF,0x11AF,0x11B0,0x11B1,0x096F,0x010E,0x012E,0x012E,0x012F,0x014F,0x010E,0x096F,
0x11B0,0x11B0,0x19B0,0x11B0,0x19B0,0x19AF,0x11AF,0x19B0,0x11B0,0x11D1,0x11D1,0x11AF,0x118F,0x012E,0x012E,0x014F,
0x012E,0x118E,0x11B0,0x118F,0x118E,0x118E,0x118E,0x198E,0x19AF,0x11B0,0x11B0,0x11AF,0x11B0,0x11AF,0x118F,0x118F,
0x118F,0x090E,0x012D,0x014F,0x012E,0x014E,0x010E,0x012D,0x11AF,0x11B0,0x11B0,0x11AF,0x11CF,0x11AF,0x11AF,0x118E,
0x11AF,0x11B0,0x11D0,0x11AF,0x094E,0x012E,0x012E,0x014F,0x012F,0x014F,0x118F,0x11AF,0x11AF,0x118F,0x118F,0x116E,
0x11AF,0x11B0,0x096F,0x094F,0x012F,0x012F,0x012E,0x012F,0x012F,0x012E,0x014E,0x010D,0x096D,0x09B0,0x12B9,0x135F,
0x12FB,0x09D1,0x116D,0x118E,0x11D0,0x11D0,0x11CF,0x0172,0x027A,0x02FE,0x02DE,0x135F,0x135F,0x135E,0x135E,0x135F,
0x135F,0x133F,0x135F,0x133F,0x133F,0x131E,0x133E,0x135F,0x0AFF,0x02BE,0x02DF,0x02DE,0x02BE,0x02BF,0x02DE,0x02DE,
0x02DF,0x02DE,0x02DF,0x02DF,0x02DF,0x02DF,0x02BE,0x02DE,0x02DE,0x02DE,0x02DE,0x02DE,0x02DF,0x02BF,0x02DE,0x02DF,
0x02FF,0x031F,0x031F,0x02FF,0x02DF,0x02FE,0x02FE,0x02FF,0x02FF,0x02FF,0x02FF,0x031E,0x033E,0x031F,0x031F,0x033F,
0x033E,0x033E,0x031F,0x031E,0x031F,0x02BE,0x651D,0x84B5,0x7432,0x7C53,0x7C53,0x7C53,0x7412,0x7412,0x7412,0x7412,
0x7412,0x7C95,0x2B9D,0x02BF,0x02DE,0x02DE,0x02FF,0x027E,0x3C1D,0x84B5,0x6BF2,0x6C12,0x6BF2,0x7412,0x7412,0x6C12,
0x7412,0x7412,0x7413,0x7433,0x541B,0x6479,0x7412,0x7433,0x7412,0x6BF2,0x6BF2,0x63D1,0x6BD1,0x6BD2,0x6B8F,0x5AED,
0x5AAD,0x4290,0x012D,0x00CD,0x29EF,0x8474,0x73D0,0x73B0,0x6B6E,0x6B8F,0x6B8F,0x6B4E,0x6B4E,0x6B8F,0x738F,0x73AF,
0x73AF,0x73AF,0x6B6E,0x8C52,0x5B54,0x00AD,0x118F,0x5B0F,0x5B0E,0x632E,0x632D,0x6B4E,0x6B6E,0x6B6E,0x6B6E,0x6B4E,
0x6B4E,0x6B2D,0x630D,0x632D,0x632D,0x634E,0x6B6E,0x6B6F,0x6390,0x29EF,0x00CD,0x016E,0x016F,0x00EE,0x3272,0x73F1,
0x6B6F,0x6B8F,0x738F,0x73AF,0x73AF,0x738F,0x738F,0x73AF,0x6BAF,0x6BB0,0x73B0,0x6B8F,0x6B4E,0x6351,0x0970,0x010F,
0x4B11,0x73CF,0x6B8F,0x6B8F,0x6B4E,0x6B0D,0x632E,0x632D,0x6B6E,0x73B0,0x73B0,0x73AF,0x73B0,0x73AF,0x738F,0x6B6F,
0x6B6E,0x52F0,0x092E,0x014D,0x014F,0x00ED,0x21F0,0x73D2,0x6B8F,0x6B6F,0x6B8F,0x73B0,0x6BAF,0x6B8F,0x738F,0x6B6E,
0x6B8F,0x6BAF,0x73AF,0x6B4E,0x424B,0x52F0,0x116F,0x012F,0x116E,0x5B30,0x634E,0x6B6F,0x634E,0x6B6E,0x6B6E,0x6B4E,
0x634E,0x6B6F,0x52AC,0x52CE,0x4AD1,0x096F,0x012E,0x012E,0x012E,0x014F,0x010E,0x320F,0x630E,0x5ACD,0x5AED,0x6BB1,
0x6B90,0x6B2D,0x632D,0x632D,0x6B6F,0x6B8F,0x7BF1,0x42D0,0x010F,0x029C,0x547D,0x7C53,0x7433,0x7433,0x7432,0x7412,
0x7412,0x6C12,0x7412,0x7412,0x7412,0x6BF2,0x6C12,0x7412,0x6C35,0x1B1F,0x02BF,0x02DF,0x02BE,0x02DF,0x02DF,0x02DF,
0x02DF,0x02DE,0x02DF,0x02DF,0x02DF,0x02DF,0x02DF,0x02DE,0x02DE,0x02DE,0x02DE,0x02FF,0x02DF,0x02DE,0x02DF,0x02DF,
0x02FF,0x02FF,0x031F,0x02FF,0x02DF,0x031F,0x031E,0x02FF,0x02FF,0x02FF,0x031F,0x031E,0x031E,0x031F,0x031E,0x033E,
0x035E,0x031E,0x031F,0x031F,0x02DE,0x33FF,0x73CF,0x0020,0x0000,0x0000,0x0000,0x0000,0x0000,0x0000,0x0000,0x0000,
0x0000,0x1060,0x6C18,0x02DF,0x02DD,0x02DE,0x02DD,0x1B7E,0x7C97,0x1840,0x0000,0x0000,0x0000,0x0000,0x0000,0x0000,
0x0000,0x0000,0x0000,0x0000,0x4A6B,0x39C7,0x0000,0x0000,0x0000,0x0000,0x0000,0x0000,0x0000,0x0000,0x0000,0x0000,
0x0000,0x41C8,0x3210,0x19AF,0x94B4,0x2103,0x0000,0x0000,0x0000,0x0000,0x0000,0x0000,0x0000,0x0000,0x0000,0x0000,
0x0000,0x0000,0x0000,0x0020,0x9492,0x5B53,0x322E,0x2104,0x0000,0x0000,0x0000,0x0000,0x0000,0x0000,0x0000,0x0000,
0x0000,0x0000,0x0000,0x0000,0x0000,0x0000,0x0000,0x0000,0x0000,0x528C,0x2A10,0x012F,0x010E,0x42D4,0x8C73,0x1061,
0x0000,0x0000,0x0000,0x0000,0x0000,0x0000,0x0000,0x0000,0x0000,0x0000,0x0000,0x0000,0x0000,0x2904,0x4AF0,0x21CF,
0x4A6A,0x0000,0x0000,0x0000,0x0000,0x0000,0x0000,0x0000,0x0000,0x0000,0x0000,0x0000,0x0000,0x0000,0x0000,0x0000,
0x0000,0x2103,0x52F1,0x0150,0x010E,0x198F,0x9CF6,0x2964,0x0000,0x0000,0x0000,0x0000,0x0000,0x0000,0x0000,0x0000,
0x0000,0x0000,0x0000,0x0000,0x0000,0x20E3,0x5B30,0x092F,0x4AF1,0x18C2,0x0000,0x0000,0x0000,0x0000,0x0000,0x0000,
0x0000,0x0000,0x0000,0x0000,0x39C7,0x3271,0x010E,0x014F,0x014E,0x010D,0x198E,0x52AC,0x0020,0x0000,0x0000,0x0000,
0x0000,0x0000,0x0000,0x0000,0x0000,0x0000,0x0000,0x5AEE,0x010F,0x53F9,0x630B,0x0000,0x0000,0x0000,0x0000,0x0000,
0x0000,0x0000,0x0000,0x0000,0x0000,0x0000,0x0000,0x0000,0x1081,0x63F6,0x133F,0x02BE,0x02FF,0x02DE,0x02DF,0x02DF,
0x02DF,0x02FF,0x02DF,0x02DE,0x02DF,0x02DE,0x02DF,0x02DE,0x02DE,0x02DE,0x02DE,0x02DF,0x02FF,0x02FE,0x02FE,0x02FE,
0x031F,0x02FF,0x02FE,0x02FF,0x031F,0x031F,0x031F,0x031F,0x031F,0x031F,0x031F,0x031F,0x031F,0x031F,0x031F,0x033E,
0x033F,0x031F,0x033F,0x031F,0x02DE,0x3C3F,0x41E7,0x0000,0x7AE2,0x9341,0x9341,0x9341,0x9301,0x9321,0x9321,0x9B61,
0x5A22,0x0000,0x4A6C,0x2B9E,0x02BE,0x02FE,0x029E,0x549B,0x5248,0x0000,0x7282,0x9B41,0x9321,0x9B41,0x9341,0x9321,
0x9321,0x9B41,0x9B61,0x3101,0x0000,0x0000,0x49C1,0x9B41,0x9321,0x9321,0x9301,0x9301,0x9301,0x9301,0x9301,0x9B81,
0x3981,0x0000,0x5ACD,0x7C52,0x20E3,0x0000,0x82C2,0x9B01,0x92E1,0x9300,0x9321,0x9341,0x9321,0x9B21,0x9321,0x9301,
0x9301,0x9B21,0x9341,0x1880,0x0020,0x73F0,0x7C13,0x0021,0x6262,0xA381,0x9321,0x9B41,0x9B21,0x9301,0x9301,0x9301,
0x9321,0x9301,0x9301,0x9321,0x9B21,0x9B41,0x9B41,0x9B61,0x18A1,0x0000,0x5ACD,0x19AF,0x3A92,0x94B3,0x0881,0x1040,
0x9321,0x9321,0x9321,0x9321,0x9341,0x9321,0x9B21,0x9301,0x9301,0x9B21,0x9B21,0x9B41,0x7262,0x0000,0x1904,0x73F4,
0x3167,0x20E0,0x9B42,0x9301,0x9341,0x9321,0x9321,0x9321,0x9B21,0x9321,0x9321,0x9321,0x9B21,0x9321,0x9321,0x9B61,
0x7262,0x0000,0x3185,0x4B33,0x112F,0x8475,0x3185,0x0000,0x6A22,0x9B41,0x9301,0x9B21,0x9321,0x9321,0x9B21,0x9B21,
0x9321,0x9301,0x9321,0x9B41,0x82C1,0x0000,0x18C3,0x6352,0x4A4B,0x0000,0x6261,0x9B61,0x9321,0x9321,0x9321,0x9321,
0x9B21,0x9B21,0x9B62,0x18C0,0x20E4,0x3230,0x010E,0x014E,0x012E,0x094E,0x5B0F,0x1082,0x1040,0x9322,0x9341,0x9321,
0x9301,0x9321,0x9301,0x9321,0x9B41,0x82C2,0x0000,0x39CB,0x4AF4,0x52AB,0x0000,0x3941,0x9B41,0x9301,0x9321,0x9321,
0x9B21,0x9B21,0x9B41,0x9321,0x9321,0x9321,0x9B41,0x8B02,0x0000,0x20E3,0x63F7,0x0ADF,0x02DE,0x02FF,0x02DF,0x02DF,
0x02DE,0x02DF,0x02DF,0x02DF,0x02DF,0x02DF,0x02DF,0x02DE,0x02DE,0x02DE,0x02FF,0x02FF,0x02FF,0x031E,0x02FF,0x02FF,
0x031F,0x031F,0x02FF,0x031F,0x033F,0x031E,0x031F,0x031F,0x031F,0x033F,0x033F,0x033F,0x031E,0x031F,0x033F,0x033F,
0x033F,0x033F,0x033F,0x033F,0x02DF,0x445E,0x4229,0x0000,0xDC82,0xFD00,0xFD00,0xFD20,0xFD00,0xFD00,0xFCE0,0xFD20,
0xC3E1,0x0840,0x10A2,0x4BBA,0x02BF,0x029D,0x23BE,0x7C75,0x0000,0x51A1,0xF4E1,0xFD00,0xFD00,0xFD20,0xFD00,0xFD00,
0xFD00,0xFD20,0xFD41,0x5981,0x0000,0x0000,0x8AE2,0xFD60,0xFD00,0xFD00,0xFD00,0xFD00,0xFD00,0xFD00,0xFD20,0xFD61,
0x59C1,0x0000,0x3186,0x2925,0x0000,0x9322,0xFD41,0xFD20,0xFD00,0xFD00,0xFD20,0xFD20,0xFD20,0xFD40,0xFD20,0xFD00,
0xFD00,0xFCE0,0xFD40,0xC3C2,0x1040,0x0000,0x636E,0x0021,0xABA2,0xFD60,0xFD00,0xFD20,0xFD00,0xFD00,0xFD00,0xFD00,
0xFD00,0xFD00,0xFD00,0xFD00,0xFD00,0xFD20,0xFD00,0xFD20,0xBBA2,0x1060,0x0020,0x634E,0x8C93,0x1061,0x0000,0xAB62,
0xFD20,0xFD00,0xFD20,0xFD20,0xFD00,0xFD00,0xFD20,0xFD00,0xFD00,0xFCE0,0xFD00,0xFD20,0xFD01,0x7242,0x0000,0x4207,
0x2145,0x4960,0xFD41,0xFD00,0xFD20,0xFD20,0xFD20,0xFD00,0xFD20,0xFD20,0xFD20,0xFD00,0xFD20,0xFD20,0xFD20,0xFD00,
0xFD01,0x6A22,0x0000,0x39C7,0x9D35,0x31C7,0x0000,0x61E2,0xFD01,0xFD00,0xFD00,0xFD00,0xFD00,0xFD20,0xFD20,0xFD20,
0xFD00,0xFD00,0xFD00,0xFD00,0xFD20,0x9302,0x0000,0x3186,0x2924,0x0000,0xBBE1,0xFD60,0xFCE0,0xFD00,0xFD00,0xFD00,
0xFD00,0xFD00,0xFD61,0x3940,0x18C4,0x29EE,0x00ED,0x014E,0x00ED,0x52CF,0x20E3,0x0000,0x28C1,0xF4C1,0xFD20,0xFD00,
0xFD00,0xFD00,0xFD00,0xFD00,0xFD20,0xDCA2,0x0000,0x5AED,0x7BD0,0x0000,0x28C1,0xDC81,0xFD40,0xFD00,0xFD00,0xFD20,
0xFD20,0xFD20,0xFD20,0xFD20,0xFD00,0xFD00,0xFD00,0xFD21,0x8AC2,0x0000,0x28E2,0x63D9,0x0AFF,0x02DE,0x02DF,0x02DF,
0x02DE,0x02FF,0x02FF,0x02DF,0x02FF,0x02FF,0x02FF,0x02FE,0x02FF,0x02FE,0x02FF,0x031F,0x02FF,0x02FE,0x02FF,0x02FF,
0x031F,0x031F,0x031F,0x02FE,0x031E,0x031F,0x031F,0x031F,0x033F,0x033F,0x031F,0x033F,0x033F,0x031F,0x033F,0x033F,
0x033F,0x033F,0x033F,0x033E,0x031F,0x5C5A,0x18A2,0x3101,0xECC1,0xF480,0xF4A0,0xFCA0,0xF480,0xF4A0,0xF4A0,0xF480,
0xFCE1,0x4161,0x0000,0x5B33,0x0B3F,0x02DE,0x541A,0x20E3,0x0820,0xD462,0xFCC0,0xEC80,0xFCC0,0xFCC0,0xFCA0,0xFCC0,
0xFCC0,0xFCC0,0xF4C1,0x4920,0x0000,0x0000,0x8AE1,0xFCE0,0xF480,0xFCA0,0xFCA0,0xF4A0,0xFCC0,0xFCA0,0xF4A0,0xFD01,
0x4981,0x0000,0x0000,0x0840,0x9301,0xFD00,0xFCA0,0xF4C0,0xFCC0,0xF4C0,0xF4C0,0xFCC0,0xFCE0,0xFCE0,0xFCC0,0xF4A0,
0xF4A0,0xF4A0,0xF4A0,0xFD00,0xB362,0x1880,0x0000,0x0000,0x9B21,0xFCE0,0xF4A0,0xFCA0,0xF4A0,0xF4A0,0xFCA0,0xFCC0,
0xFCA0,0xF4A0,0xF4A0,0xF4C0,0xFCC0,0xF4C0,0xFCA0,0xEC60,0xFCE0,0xBBC2,0x1860,0x10A3,0x31C8,0x0840,0x9B22,0xFCE0,
0xF480,0xF4A0,0xFCC0,0xFCC0,0xF4A0,0xF4A0,0xF4A0,0xF4C0,0xF4C0,0xF4A0,0xFCC0,0xF4A0,0xF4C0,0xFD01,0x6A21,0x0000,
0x0000,0x4161,0xF4C0,0xF4A0,0xFCC0,0xFCC0,0xFCA0,0xFCC0,0xFCC0,0xFCC0,0xFCC0,0xFCC0,0xFCC0,0xFCC0,0xFCC0,0xF4A0,
0xF4A0,0xFCC1,0x6A21,0x0000,0x18C3,0x0000,0x59C1,0xF4A1,0xF4A0,0xF4A0,0xFCC0,0xFCC0,0xFCA0,0xFCC0,0xFCC0,0xFCC0,
0xFCA0,0xFCA0,0xF4A0,0xF4C0,0xFCA0,0xFD00,0x8AC1,0x0020,0x0000,0x0800,0x9301,0xFCC0,0xF4A0,0xFCA0,0xFCA0,0xFCA0,
0xFCA0,0xF480,0xFD20,0x6240,0x10A3,0x3A2E,0x00ED,0x00ED,0x3A70,0x5249,0x0000,0x0021,0x1040,0xCC01,0xFCE0,0xF480,
0xFCA0,0xFCC0,0xFCA0,0xF4A0,0xFCA0,0xD462,0x1060,0x10A2,0x0040,0x3101,0xDC21,0xFCE0,0xF4A0,0xF4C0,0xF4C0,0xFCC0,
0xFCC0,0xF4A0,0xFCC0,0xFCC0,0xFCA0,0xFCA0,0xF480,0xF480,0xFD00,0x7282,0x0000,0x39C8,0x237E,0x02BF,0x02DE,0x02DE,
0x02DE,0x02FF,0x02FF,0x02FF,0x02FF,0x02FF,0x02FF,0x02FF,0x031F,0x02FF,0x02FF,0x031E,0x031E,0x02FE,0x02FE,0x02FE,
0x033F,0x033F,0x033F,0x031F,0x031E,0x031E,0x031F,0x031F,0x031F,0x033F,0x031F,0x031F,0x033F,0x033F,0x033F,0x033F,
0x033F,0x033F,0x033F,0x033E,0x033F,0x4396,0x0000,0x4161,0xFD01,0xF4A0,0xF4A0,0xFCC0,0xF4A0,0xFCA0,0xFCC0,0xF4A0,
0xFCE0,0xB381,0x0020,0x39C8,0x3B7B,0x139E,0x636F,0x0000,0x7262,0xFCE1,0xF4A0,0xF4C0,0xFCC0,0xFCC0,0xFCC0,0xFCE0,
0xFCC0,0xFCE0,0xE461,0x30C0,0x0021,0x0021,0xB3E1,0xFCE0,0xF480,0xFCA0,0xFCC0,0xFCC0,0xFCC0,0xFCC0,0xFCC0,0xFD01,
0x4960,0x0000,0x0000,0x8B61,0xFD40,0xF4A0,0xFCC0,0xFCC0,0xFCE0,0xFCE0,0xFCE0,0xFCC0,0xFCE0,0xFCE0,0xFCE0,0xFCE0,
0xFCC0,0xF4A0,0xF4C0,0xF4A0,0xFD20,0x9B21,0x0000,0x0020,0xB3E1,0xFD00,0xF4C0,0xFCC0,0xFCC0,0xFCC0,0xFCC0,0xFCC0,
0xFCC0,0xFCC0,0xFCC0,0xFCC0,0xFCC0,0xFCC0,0xF4C0,0xF4C0,0xF480,0xFD20,0x9302,0x0000,0x0000,0x5A01,0xFD21,0xF480,
0xFCC0,0xFCC0,0xFCC0,0xFCE0,0xFCE0,0xFCC0,0xFCA0,0xFCC0,0xFCE0,0xFCE0,0xFCC0,0xFCA0,0xF4A0,0xFCC0,0xFD22,0x3941,
0x0000,0x3100,0xF4E1,0xFCC0,0xFCC0,0xFCC0,0xFCC0,0xFCC0,0xFCE0,0xFCE0,0xFCE0,0xFCE0,0xFCE0,0xFCC0,0xFCA0,0xFCA0,
0xF4A0,0xFCA0,0xFD41,0x3961,0x0000,0x28E1,0xF4C2,0xFC80,0xF480,0xFCC0,0xFCE0,0xFCE0,0xFCE0,0xFCC0,0xFCC0,0xFCA0,
0xFCE0,0xFCE0,0xFCC0,0xFCA0,0xF4C0,0xEC80,0xFD21,0x7AC2,0x0000,0x0820,0x6201,0xFCE0,0xF4A0,0xFCC0,0xFCC0,0xFCC0,
0xFCA0,0xFCA0,0xFD20,0x7AC0,0x0000,0x424D,0x010E,0x094D,0x52CD,0x0820,0x0041,0x0041,0x1860,0xCBC1,0xFCE0,0xF4A0,
0xFCC0,0xFCC0,0xFCC0,0xFCC0,0xFCA0,0xFD41,0x41C1,0x0000,0x0020,0xC402,0xFD00,0xF4A0,0xF4C0,0xFCC0,0xFCC0,0xFCC0,
0xFCC0,0xF4C0,0xFCC0,0xFCC0,0xFCC0,0xFCA0,0xF4A0,0xF4A0,0xF480,0xF522,0x20E0,0x1906,0x235E,0x02BE,0x02DE,0x02DE,
0x02FE,0x02FF,0x031F,0x02FF,0x02FF,0x02FF,0x02FF,0x031F,0x031F,0x031F,0x031F,0x031E,0x031F,0x02FF,0x02FE,0x02FE,
0x033F,0x031F,0x033F,0x033F,0x031F,0x031E,0x031E,0x033F,0x033F,0x033F,0x031F,0x031F,0x033F,0x033F,0x033E,0x033F,
0x033E,0x035F,0x035F,0x033F,0x0B7F,0x63F6,0x0000,0x7281,0xFD00,0xF4A0,0xFCC0,0xF4C0,0xF4C0,0xF4A0,0xF4A0,0xF4A0,
0xF4A0,0xF4C1,0x3901,0x0000,0x63B6,0x5C9D,0x2104,0x0800,0xCC42,0xFCC0,0xFCC0,0xFCC0,0xFCC0,0xFCC0,0xF4C0,0xFCC0,
0xFCC0,0xFD00,0xC3E1,0x0000,0x0021,0x0021,0xC441,0xFCE0,0xF4A0,0xFCA0,0xFCC0,0xFCC0,0xFCC0,0xF4C0,0xFCE0,0xEC81,
0x2080,0x0000,0x0000,0x9341,0xFCE0,0xF4A0,0xFCC0,0xFCC0,0xFCC0,0xFCC0,0xFCC0,0xFCC0,0xF4A0,0xF4C0,0xFCE0,0xFCE0,
0xFCC0,0xF4C0,0xF4C0,0xF4A0,0xFD00,0x8AC1,0x0000,0x0861,0xDCA1,0xFCE0,0xF4A0,0xFCC0,0xFCC0,0xFCC0,0xF4C1,0xFCA0,
0xFCA0,0xFCC0,0xFCC0,0xFCA0,0xFCE0,0xFCC0,0xFCA0,0xFCC0,0xF4A0,0xFCE0,0x92E1,0x0000,0x0000,0x59E0,0xFD00,0xFCC0,
0xFCC0,0xF4A0,0xFCC0,0xFCC0,0xFCC0,0xF4A0,0xF4A0,0xFCC0,0xFCC0,0xFCE0,0xFCA0,0xF4A0,0xFCC0,0xFCC0,0xFCE1,0x3121,
0x0000,0x3120,0xF501,0xFCC0,0xFCA0,0xFCA0,0xFCC0,0xFCC0,0xFCE0,0xFCE0,0xFCE0,0xFCE0,0xFCC0,0xFCC0,0xFCC0,0xFCA0,
0xFCA0,0xFCA0,0xFD01,0x3960,0x0000,0x3101,0xF4C1,0xFCA0,0xFCC0,0xFCC0,0xFCE0,0xFCE0,0xFCE0,0xFCC0,0xF4A0,0xF4C0,
0xFCE0,0xFCE0,0xFCE0,0xF4C0,0xFCC0,0xF4A0,0xFD20,0x8B21,0x0000,0x0000,0x6A61,0xFD01,0xF4A0,0xFCC0,0xFCC0,0xFCC0,
0xFCA0,0xF4A0,0xFD00,0x82A1,0x0000,0x3A2C,0x014F,0x52F0,0x18C3,0x0000,0x0042,0x0041,0x0800,0xA341,0xFCE0,0xF4A0,
0xF4C0,0xFCC0,0xFCC0,0xFCC0,0xF4A0,0xFD21,0x49E1,0x0000,0x0820,0xB381,0xFD00,0xF4C0,0xFCC0,0xFCC0,0xFCE0,0xF4C0,
0xF4A0,0xF4A0,0xF4A0,0xFCA0,0xF4A0,0xF4A0,0xF4A0,0xFCC0,0xFCA0,0xF521,0x28E0,0x1906,0x1B3E,0x02DF,0x02DE,0x02DF,
0x02FF,0x031F,0x02FF,0x031F,0x02FF,0x031F,0x031F,0x031F,0x033F,0x033F,0x031F,0x02FE,0x02FF,0x02FF,0x02FE,0x031E,
0x033F,0x031F,0x033F,0x033F,0x033F,0x031F,0x031F,0x031F,0x035F,0x033F,0x031F,0x033F,0x033F,0x033F,0x033F,0x033F,
0x033E,0x033F,0x035F,0x031F,0x2C1F,0x52EC,0x0000,0xBBC2,0xFCE0,0xFCA0,0xFCC0,0xFCC0,0xFCA0,0xF4A0,0xF4A0,0xF4A0,
0xF4A0,0xFD01,0x7A81,0x0000,0x526D,0x6350,0x0841,0x6202,0xFD00,0xF4A0,0xFCC0,0xFCC0,0xFCC0,0xFCC0,0xF4A0,0xFCC0,
0xFCA0,0xFD20,0xCC01,0x0820,0x0000,0x0020,0xCC21,0xFD00,0xFCC0,0xFCA0,0xFCA0,0xFCC0,0xF4E0,0xFCA0,0xFCE0,0xECC1,
0x2080,0x0000,0x0000,0xA341,0xFD00,0xF4A0,0xFCC0,0xFCC0,0xFCC0,0xFCC0,0xFD00,0xFCE0,0xFCC0,0xFCE0,0xFCC0,0xFCC0,
0xFCC0,0xFCC0,0xFCC0,0xF4A0,0xFD20,0x7261,0x0000,0x0840,0xDCA2,0xFCE0,0xFCA0,0xFCC0,0xFCA0,0xFCC0,0xFCC0,0xFCE0,
0xFCE0,0xFCE0,0xFCE0,0xFCE0,0xFCC0,0xF4C0,0xFCC0,0xFCE0,0xFCC0,0xFD00,0x7A41,0x0000,0x0000,0x6A41,0xFD20,0xF4C0,
0xFCC0,0xF4A0,0xFCC0,0xFCC0,0xFCE0,0xFCC0,0xF4A0,0xFCC0,0xFCE0,0xFCA0,0xF4C0,0xF4C0,0xFCC0,0xFCC0,0xFCE1,0x3121,
0x0000,0x2920,0xFD21,0xFCC0,0xF4A0,0xFCA0,0xFCC0,0xFCC0,0xFCC0,0xFD00,0xFCE0,0xFCE0,0xFD00,0xF4C0,0xFCA0,0xFCC0,
0xFCC0,0xFCA0,0xFD21,0x3160,0x0000,0x28E0,0xECA1,0xFCA0,0xFCE0,0xFCE0,0xFCE0,0xFCE0,0xFCE0,0xFCC0,0xFC80,0xFCE1,
0xFD00,0xFCE0,0xFCC0,0xFCC0,0xFCC0,0xF4C0,0xFD40,0x8301,0x0001,0x0000,0x7281,0xFD81,0xFCA0,0xFCA0,0xFCC0,0xFCC0,
0xF4C0,0xFC80,0xFD00,0xABA2,0x0000,0x31EC,0x2A30,0x2965,0x0000,0x0041,0x0041,0x0021,0x0820,0xB3A1,0xFD20,0xF4A0,
0xF4A0,0xFCC0,0xFCC0,0xFCC0,0xF4C0,0xFD41,0x6241,0x0000,0x0000,0xAB41,0xFD00,0xF4A0,0xFCA0,0xFCC0,0xFCC0,0xFCA0,
0xFCE0,0xFCC0,0xFCA0,0xFCC0,0xFCA0,0xF4A0,0xF4C0,0xFCA0,0xFCC0,0xFD01,0x28C0,0x2146,0x3BDE,0x02BF,0x02FF,0x02FF,
0x02FF,0x02FF,0x031F,0x031F,0x031F,0x031F,0x02FF,0x031F,0x033F,0x031F,0x031E,0x02FF,0x02FF,0x02FF,0x02FF,0x031F,
0x031F,0x033F,0x0B3F,0x0B5F,0x033E,0x031F,0x031F,0x031F,0x033F,0x035E,0x031E,0x033E,0x033E,0x033F,0x033F,0x033E,
0x033E,0x033E,0x035F,0x031E,0x2C1F,0x3A49,0x0000,0x3101,0xA301,0xFCE0,0xF4A0,0xFCC0,0xF4A0,0xF4A0,0xFCC0,0xF4A0,
0xF4A0,0xFCE0,0xCC02,0x0820,0x2946,0x2946,0x0000,0xD461,0xFCC0,0xF4A0,0xF4A0,0xF4C0,0xFCC0,0xF4A0,0xF4A0,0xF4A0,
0xFD00,0xAB21,0x3901,0x1040,0x0000,0x0820,0x4141,0xB3C1,0xFD00,0xFCC0,0xFCA0,0xFCA0,0xFCC0,0xFD00,0x8281,0x4141,
0x1060,0x0000,0x0020,0xC402,0xFCE0,0xFCA0,0xFCC0,0xFCC0,0xFCE0,0xD442,0x4961,0x59A1,0x69C1,0x5180,0x7221,0xF4A1,
0xFCC0,0xFCC0,0xFCC0,0xF4A0,0xFD01,0x82A1,0x0000,0x0020,0x3121,0xBBA1,0xFD00,0xFCA0,0xF4A0,0xFCC0,0xFD00,0xABA1,
0x5981,0x61C1,0x59A1,0x59C1,0xEC81,0xFCC0,0xFCC0,0xFCE0,0xF4C0,0xFD00,0x8281,0x0000,0x0000,0x7AC1,0xFD20,0xF4A0,
0xFCA0,0xFCC0,0xFCE0,0xDCC2,0x59A1,0x59A0,0x61A0,0x5180,0x6A01,0xF4C1,0xFCC0,0xF4C0,0xF4C0,0xF4A0,0xFD21,0x41C1,
0x0000,0x1860,0x61E1,0xE4A0,0xFCC0,0xFCC0,0xFCC0,0xFCC0,0xF4E1,0x7221,0x5981,0x61A1,0x5161,0xBBA1,0xFCE0,0xFCC0,
0xFCC0,0xFCA0,0xFD41,0x41E1,0x0000,0x1880,0xE481,0xFCC0,0xFCC0,0xFCE0,0xFCC0,0xFD20,0xA322,0x4941,0x61A1,0x69C0,
0x4961,0xAB21,0xFD00,0xFCC0,0xFCC0,0xF4C0,0xFD40,0x9341,0x0000,0x0820,0x3100,0x59C0,0xE480,0xFCC0,0xFCA0,0xF4A0,
0xFCA0,0xECA1,0x61E1,0x30E0,0x0000,0x424C,0x52AE,0x0020,0x0020,0x0021,0x0041,0x0021,0x1860,0x4940,0x61C1,0xE460,
0xFCC0,0xF4A0,0xF4A0,0xFCC0,0xDC21,0x4961,0x28E0,0x0000,0x0820,0xAB40,0xFCE0,0xF4A0,0xFCA0,0xFCC0,0xFCC0,0xE4C1,
0x61E1,0x5980,0x69C1,0x5161,0xBBA1,0xFD00,0xF4A0,0xF4A0,0xF4A0,0xFD01,0x6241,0x0861,0x53D8,0x02FF,0x02FF,0x02FF,
0x02FF,0x02FE,0x031F,0x031F,0x031F,0x02FF,0x02FF,0x02FF,0x031F,0x031F,0x031F,0x031F,0x02FF,0x02FF,0x031F,0x031F,
0x033F,0x033F,0x033F,0x033F,0x033F,0x033F,0x033F,0x033F,0x033E,0x0B5F,0x033E,0x033E,0x033E,0x035F,0x035E,0x033F,
0x033F,0x033F,0x0B5F,0x031E,0x2C1F,0x4A6A,0x0000,0x0000,0xB3A2,0xFCE0,0xF4A0,0xF4A0,0xF4A0,0xF4A0,0xF4A0,0xF4A0,
0xF4A0,0xF4A0,0xFCE1,0x4140,0x0000,0x0000,0x7241,0xFD00,0xFCA0,0xF4A0,0xF480,0xF4A0,0xF4A0,0xF4A0,0xF4C0,0xF4A0,
0xFD00,0x7A41,0x0000,0x0840,0x0001,0x0020,0x0000,0x9321,0xFD20,0xFCC0,0xFCC0,0xFCC0,0xFCC0,0xFD01,0x4981,0x0000,
0x0840,0x0000,0x0020,0xD441,0xFCC0,0xF4A0,0xFCC0,0xFCC0,0xFD00,0xC402,0x0000,0x0820,0x1860,0x0000,0x3901,0xFCE1,
0xFCC0,0xFCC0,0xFCC0,0xF4A0,0xFD00,0x82A1,0x0000,0x0020,0x0000,0x9B61,0xFD00,0xF480,0xF4A0,0xF4A0,0xFD20,0x8B01,
0x0000,0x1040,0x0800,0x1040,0xE481,0xFCE0,0xFCC0,0xFCC0,0xF4A0,0xFD00,0x8281,0x0000,0x0000,0x7260,0xFD00,0xF480,
0xF4A0,0xFCC0,0xFD00,0xD4C2,0x0840,0x0820,0x1840,0x0800,0x18C1,0xECE1,0xFCC0,0xFCC0,0xF4A0,0xF480,0xFD20,0x5201,
0x0000,0x0820,0x1880,0xE4C1,0xFCE0,0xFCC0,0xFCE0,0xFCC0,0xF501,0x2901,0x0800,0x0820,0x0000,0xABA1,0xFD00,0xFCA0,
0xFCC0,0xF480,0xFD41,0x5221,0x0000,0x20C0,0xE4C1,0xFCC0,0xFCC0,0xFCC0,0xFCC0,0xFD20,0x7262,0x0000,0x1860,0x1860,
0x0000,0x8AA1,0xFD20,0xFCC0,0xFCC0,0xF4A0,0xFD00,0xBC21,0x0000,0x0820,0x0820,0x1880,0xE481,0xFCC0,0xF4A0,0xF4A0,
0xFCA0,0xECE1,0x20C0,0x0000,0x0000,0x424D,0x08A5,0x0000,0x0021,0x0041,0x0041,0x0021,0x1040,0x0800,0x20A0,0xECA1,
0xFCC0,0xF4A0,0xF4A0,0xFCC0,0xDC61,0x0840,0x0000,0x0021,0x1040,0x9B21,0xFCE0,0xF4A0,0xFCC0,0xFCC0,0xFCC0,0xDCC1,
0x1060,0x0820,0x1040,0x0000,0xA362,0xFD00,0xF480,0xF480,0xEC60,0xFD00,0x72A2,0x0000,0x3B15,0x031F,0x02FF,0x031F,
0x031F,0x031F,0x031F,0x031F,0x031F,0x02FF,0x02FF,0x031E,0x031F,0x02FF,0x02FE,0x031E,0x02FE,0x031F,0x033F,0x031E,
0x031F,0x031F,0x031F,0x033F,0x033F,0x033F,0x033F,0x033F,0x033E,0x031E,0x033E,0x031E,0x031F,0x033F,0x033F,0x033F,
0x035F,0x035F,0x0B5F,0x031E,0x343F,0x4249,0x0000,0x1061,0xD422,0xFCC0,0xF4A0,0xF4A0,0xFCC0,0xFCC0,0xF4A0,0xFCC0,
0xFCA0,0xF480,0xFD00,0x9B01,0x0000,0x49A1,0xFCC1,0xFCA0,0xF4A0,0xF480,0xF480,0xF480,0xF480,0xF480,0xF4A0,0xF4A0,
0xF4E1,0x5181,0x0000,0x0020,0x0020,0x0001,0x0020,0xBBE2,0xFD00,0xFCC0,0xFCC0,0xFCC0,0xFCC0,0xEC81,0x3901,0x0000,
0x0020,0x0000,0x1080,0xDCA1,0xFCA0,0xF4A0,0xF4A0,0xF4A0,0xFCE0,0xAB81,0x0000,0x0000,0x0020,0x0000,0x4981,0xFD21,
0xFCC0,0xFCC0,0xFCC0,0xF4A0,0xFCC0,0x61C1,0x0000,0x0021,0x0000,0xA381,0xFCE0,0xF4A0,0xF4A0,0xF480,0xFCE0,0x7A61,
0x0000,0x0020,0x0000,0x18A0,0xECA1,0xFCC0,0xFCC0,0xFCC0,0xF4A0,0xFD00,0x7221,0x0000,0x0000,0x7AA1,0xFD00,0xF480,
0xFCA0,0xFCC0,0xFCE0,0xCC81,0x0840,0x0000,0x0821,0x0000,0x2101,0xF4E1,0xFCA0,0xF4A0,0xF4A0,0xF480,0xFD20,0x51E1,
0x0000,0x0000,0x18A0,0xE4C1,0xFCC0,0xFCC0,0xFCC0,0xFCA0,0xF4E1,0x2921,0x0000,0x0020,0x0000,0xB3E1,0xFD00,0xFCA0,
0xFCC0,0xFCA0,0xFD61,0x5221,0x0000,0x1880,0xD441,0xFCC0,0xFCA0,0xFCC0,0xFCA0,0xFD00,0x7A61,0x0000,0x0840,0x0020,
0x0000,0x8281,0xFD00,0xF4A0,0xFCC0,0xF4A0,0xFCC0,0xBC01,0x0000,0x0000,0x0020,0x1860,0xC3E1,0xFCC0,0xF480,0xF4A0,
0xF480,0xECE1,0x2920,0x0000,0x0840,0x21CB,0x0044,0x0020,0x0021,0x0021,0x0041,0x0021,0x0000,0x0000,0x28C0,0xDC41,
0xFCC0,0xF4A0,0xF4A0,0xFCA0,0xF501,0x2920,0x0000,0x0021,0x0000,0x8261,0xFCE0,0xF4A0,0xFCA0,0xFCC0,0xFCA0,0xED21,
0x2901,0x0000,0x0000,0x0000,0xA321,0xFD60,0xFCC0,0xFCC0,0xFCA0,0xFD40,0x9302,0x0000,0x3B35,0x031F,0x02FF,0x031F,
0x031F,0x031F,0x031F,0x02FE,0x031F,0x031F,0x031F,0x033E,0x031F,0x031F,0x031E,0x031F,0x031F,0x031F,0x033F,0x033E,
0x031F,0x031F,0x033F,0x0B3F,0x031E,0x033F,0x033F,0x033F,0x033F,0x031F,0x031E,0x033F,0x031F,0x033F,0x033F,0x033E,
0x033F,0x033F,0x0B5F,0x035E,0x139F,0x6415,0x0861,0x28E1,0xECC1,0xFC80,0xF480,0xFCA0,0xFCC0,0xFCC0,0xF4A0,0xF4A0,
0xF4C0,0xF4A0,0xFCC0,0xDC41,0x1880,0xAB62,0xFCE0,0xF460,0xF480,0xF480,0xF480,0xF480,0xF460,0xEC60,0xF480,0xF4A0,
0xF4C0,0x4940,0x0000,0x0021,0x0020,0x0000,0x0020,0xD441,0xFCE0,0xFCA0,0xFCA0,0xFCA0,0xF4A0,0xEC60,0x28C0,0x0000,
0x0020,0x0000,0x10A0,0xE4A1,0xFC80,0xF4A0,0xF4A0,0xF480,0xFCE0,0xA300,0x0000,0x0020,0x0020,0x0000,0x5A21,0xFD80,
0xFCE0,0xFCC0,0xFCE0,0xFCE0,0xFD00,0x4940,0x0000,0x0020,0x0000,0xAB81,0xFCA0,0xF480,0xF480,0xEC60,0xFCA0,0x6A01,
0x0000,0x0020,0x0000,0x18A0,0xE4A1,0xFCA0,0xF480,0xFCA0,0xF4A0,0xFD00,0x7201,0x0000,0x0000,0x6A41,0xFCE0,0xF480,
0xFCC0,0xF4A0,0xFCA0,0xCCA2,0x0840,0x0000,0x0020,0x0000,0x2101,0xECA1,0xF460,0xF4A0,0xF4A0,0xF480,0xFD40,0x5201,
0x0000,0x0000,0x18A0,0xE4A1,0xFCC0,0xF4A0,0xF4A0,0xF480,0xECE1,0x2901,0x0000,0x0021,0x0000,0xB3C1,0xFCE0,0xF4A0,
0xFCA0,0xFCA0,0xFD61,0x5201,0x0000,0x0820,0xCC01,0xFCC0,0xFCA0,0xFCC0,0xF4A0,0xFCE0,0x8281,0x0000,0x0041,0x0000,
0x0000,0x7A61,0xFCE0,0xF480,0xF4C0,0xF4A0,0xFCC0,0xBC01,0x0000,0x0021,0x0021,0x0820,0xC3C1,0xFCE0,0xF480,0xF480,
0xEC80,0xFCE1,0x6A81,0x0000,0x10E8,0x014D,0x0044,0x0020,0x0021,0x0021,0x0041,0x0021,0x0021,0x0000,0x20A0,0xDC21,
0xFCC0,0xF4A0,0xF480,0xF480,0xF4E1,0x2900,0x0000,0x0021,0x0000,0x8AA1,0xFD00,0xFCA0,0xFCC0,0xFCC0,0xF480,0xFD21,
0x3961,0x0000,0x0000,0x1040,0x6A01,0x9B01,0x92A1,0x8A81,0x92C1,0x9AE1,0x59E1,0x0000,0x3B35,0x031F,0x02FE,0x031F,
0x031F,0x031E,0x031E,0x031F,0x031F,0x031F,0x031E,0x033E,0x031E,0x031F,0x031F,0x031F,0x031F,0x031F,0x031E,0x033E,
0x031F,0x033F,0x0B3F,0x0B3F,0x033E,0x033E,0x033F,0x033F,0x033F,0x031F,0x031F,0x033F,0x033F,0x033F,0x033F,0x033E,
0x033F,0x033F,0x035F,0x0B5F,0x033F,0x5419,0x0840,0x49A1,0xF4A1,0xF480,0xF480,0xFCC0,0xFCC0,0xFCC0,0xF4A0,0xF4A0,
0xF4A0,0xF4A0,0xF4A0,0xF4A0,0x9AE1,0xE461,0xF4A0,0xF480,0xF480,0xF480,0xF480,0xF480,0xEC60,0xEC80,0xF460,0xF480,
0xE421,0x30E0,0x0000,0x0001,0x0000,0x0000,0x18A1,0xE481,0xFCA0,0xF480,0xF480,0xF480,0xFCA0,0xDC41,0x28C0,0x0000,
0x0000,0x0000,0x3100,0xECA1,0xFC80,0xF4A0,0xF480,0xF480,0xFCC0,0xA321,0x0000,0x0021,0x0000,0x0000,0x6201,0xDC62,
0xCBE1,0xCBC1,0xCBE1,0xD421,0xDC22,0x3921,0x0000,0x0000,0x0860,0xD462,0xFCA0,0xF480,0xF460,0xEC40,0xFCA0,0x6A01,
0x0000,0x0021,0x0000,0x18A0,0xE461,0xF480,0xEC60,0xF4A0,0xF4A0,0xFD00,0x7221,0x0000,0x0000,0x6A41,0xFCE0,0xF480,
0xFCA0,0xF480,0xFCA0,0xCCC1,0x0840,0x0000,0x0020,0x0000,0x3121,0xECC1,0xF440,0xF480,0xF4A0,0xF4A0,0xFD41,0x49C1,
0x0000,0x0000,0x20C0,0xE4A1,0xFCA0,0xF4A0,0xF4A0,0xF480,0xECC1,0x2901,0x0000,0x0020,0x0000,0xA361,0xFCC0,0xF480,
0xFCA0,0xFCC0,0xFD61,0x5201,0x0000,0x0840,0xC401,0xFCC0,0xF4A0,0xFCA0,0xF480,0xFCE0,0x9B41,0x0000,0x0020,0x0000,
0x0000,0x7A61,0xFCE0,0xF480,0xFCA0,0xFCC0,0xFCA0,0xE4A1,0x18C1,0x0000,0x0020,0x1020,0xB3A1,0xFCE0,0xF4A0,0xF4A0,
0xEC80,0xFCE0,0x82C0,0x0001,0x010C,0x012E,0x0064,0x0020,0x0021,0x0021,0x0042,0x0042,0x0021,0x0001,0x1040,0xBB81,
0xFCC0,0xF480,0xF480,0xF480,0xFD01,0x41A0,0x0000,0x0041,0x0000,0x61E1,0xF4A1,0xFCA0,0xFCC0,0xF4A0,0xF480,0xFD01,
0x4160,0x0000,0x0021,0x1060,0x1840,0x0800,0x0000,0x0000,0x1040,0x0800,0x0000,0x0000,0x4335,0x033F,0x02FE,0x031F,
0x031F,0x031E,0x031F,0x033E,0x031F,0x031F,0x031F,0x031E,0x031E,0x031E,0x033E,0x031E,0x031E,0x033F,0x033F,0x031F,
0x033F,0x031F,0x033E,0x033E,0x033F,0x031F,0x033F,0x033F,0x033E,0x031F,0x031F,0x033E,0x035F,0x0B3E,0x0B3F,0x0B3F,
0x0B5F,0x033F,0x033F,0x033E,0x035F,0x3B76,0x0000,0x8281,0xFCA1,0xEC60,0xF4A0,0xFCA0,0xFCC0,0xFCA0,0xFCC0,0xF4A0,
0xF4A0,0xF4A0,0xF4A0,0xF480,0xEC80,0xFC80,0xF4A0,0xF480,0xF480,0xF480,0xF4A0,0xF4A0,0xF480,0xEC80,0xF460,0xF4A0,
0xBB81,0x0800,0x0000,0x0021,0x0000,0x0000,0x3961,0xFCE1,0xF480,0xF480,0xF480,0xF460,0xFCC0,0xBB81,0x0820,0x0000,
0x0020,0x0000,0x49A1,0xFCE1,0xF460,0xF480,0xF480,0xEC60,0xFCC0,0x7A21,0x0000,0x0020,0x0000,0x0000,0x1881,0x2080,
0x2060,0x28A0,0x2060,0x20A0,0x28A0,0x1860,0x0000,0x0000,0x1080,0xDC81,0xFCA0,0xF480,0xF480,0xF460,0xFCA1,0x5181,
0x0000,0x0020,0x0000,0x18A0,0xE481,0xF480,0xF480,0xF4A0,0xF4A0,0xFCE0,0x6A01,0x0000,0x0000,0x72A1,0xFD00,0xF480,
0xFCA0,0xF480,0xFC80,0xCC61,0x0840,0x0000,0x0020,0x0000,0x3141,0xF4E1,0xF460,0xF460,0xF4A0,0xFCA0,0xFD20,0x41A1,
0x0000,0x0000,0x20C0,0xE481,0xF480,0xF480,0xF480,0xF480,0xECC1,0x2921,0x0000,0x0020,0x0000,0x9321,0xFCE0,0xF480,
0xFCA0,0xFCC0,0xFD61,0x5A42,0x0000,0x0000,0xB3A1,0xFCE0,0xFCA0,0xF4A0,0xF480,0xFD00,0xAB81,0x0000,0x0000,0x0000,
0x0000,0x6A21,0xFCC0,0xF480,0xFCC0,0xFCA0,0xF480,0xECC1,0x20E1,0x0001,0x0021,0x0000,0x9AE1,0xFCE0,0xF4A0,0xF4A0,
0xF460,0xFCC0,0x7AA0,0x0002,0x010D,0x012E,0x0044,0x0020,0x0021,0x0041,0x0062,0x0042,0x0020,0x0020,0x0000,0xA320,
0xFCC0,0xEC80,0xF480,0xF480,0xFD00,0x49C1,0x0000,0x0041,0x0000,0x3900,0xEC61,0xF4A0,0xF4A0,0xF4A0,0xF480,0xFD00,
0x6A81,0x0840,0x0000,0x0000,0x0020,0x0020,0x0020,0x0020,0x0020,0x0020,0x0000,0x3187,0x3BDC,0x02FF,0x031E,0x031F,
0x031F,0x031E,0x031F,0x033F,0x033F,0x031F,0x031F,0x033E,0x033E,0x033E,0x033E,0x033F,0x033F,0x033F,0x033E,0x033F,
0x033F,0x033F,0x033F,0x033E,0x033F,0x031F,0x031F,0x033F,0x0B5F,0x0B5F,0x031E,0x033E,0x035F,0x0B5E,0x0B3E,0x033F,
0x0B3E,0x0B5E,0x035F,0x033F,0x139F,0x63F4,0x0000,0x8AC1,0xFCC0,0xF460,0xF480,0xF480,0xFCA0,0xF4A0,0xF4C0,0xF4A0,
0xF4A0,0xF4C0,0xF4A0,0xF4A0,0xF480,0xF4A0,0xF4A0,0xF480,0xF480,0xF480,0xF480,0xF480,0xEC80,0xEC60,0xEC60,0xFCA0,
0xC3C1,0x1840,0x0000,0x0021,0x0020,0x0000,0x3941,0xFCC1,0xF480,0xF480,0xF480,0xF480,0xFCC0,0xBBC1,0x0820,0x0000,
0x0021,0x0000,0x49A1,0xFCC1,0xF460,0xF480,0xF480,0xEC60,0xFCE1,0x7201,0x0000,0x0020,0x0020,0x0000,0x0000,0x0000,
0x0000,0x0020,0x0000,0x0000,0x0020,0x0020,0x0000,0x0000,0x1080,0xDC81,0xFC80,0xF480,0xF480,0xF480,0xFCA1,0x4961,
0x0000,0x0020,0x0000,0x20C0,0xECA1,0xFCA0,0xF4A0,0xF4A0,0xF4A0,0xFCC0,0x5160,0x0000,0x0000,0x7A81,0xFD00,0xF480,
0xF480,0xF4A0,0xFCA0,0xCC82,0x0840,0x0000,0x0000,0x0000,0x3141,0xF4E1,0xF460,0xF480,0xF480,0xF480,0xFD21,0x49C1,
0x0000,0x0000,0x20C1,0xE481,0xF480,0xF480,0xFCA0,0xF480,0xF4E1,0x3121,0x0000,0x0020,0x0000,0x9B41,0xFCE0,0xF480,
0xFCA0,0xF4A0,0xFD21,0x5A21,0x0000,0x0000,0xB3A2,0xFCC0,0xF480,0xFCA0,0xF4A0,0xFD00,0xA381,0x0000,0x0020,0x0020,
0x0000,0x6A41,0xFCC0,0xF480,0xF4A0,0xF480,0xF460,0xEC81,0x28E1,0x0001,0x0021,0x0000,0xA321,0xFCC0,0xF480,0xF480,
0xEC80,0xFCC0,0x8AE0,0x0002,0x010E,0x010E,0x0064,0x0020,0x0021,0x0062,0x0063,0x0042,0x0021,0x0001,0x0820,0xAB61,
0xFCC0,0xF480,0xF480,0xF480,0xFCE1,0x59C1,0x0000,0x0041,0x0000,0x30E1,0xE461,0xF480,0xF480,0xF480,0xF480,0xF480,
0xE461,0xD482,0x6262,0x1080,0x0000,0x0000,0x0020,0x0020,0x0020,0x0000,0x39C7,0x441C,0x031F,0x031F,0x031E,0x02FE,
0x031F,0x033E,0x033F,0x031F,0x031F,0x031F,0x031F,0x033E,0x033E,0x033F,0x031F,0x033F,0x033F,0x031F,0x031F,0x031E,
0x033F,0x033F,0x033F,0x033F,0x033F,0x031F,0x031F,0x031F,0x033F,0x033F,0x031E,0x031E,0x033F,0x035F,0x035F,0x033F,
0x033E,0x0B5E,0x035F,0x031F,0x23DF,0x39E9,0x0020,0xD461,0xFC80,0xF461,0xF4A0,0xF4A0,0xF4A0,0xFCA0,0xF4A0,0xF4A0,
0xF480,0xF4A0,0xF4A0,0xF4A0,0xF4A0,0xF480,0xF480,0xF4A0,0xF4A0,0xF480,0xF480,0xF480,0xF480,0xEC60,0xEC40,0xFCA0,
0x92A1,0x0020,0x0000,0x0021,0x0020,0x0000,0x7261,0xFCC0,0xEC60,0xF480,0xF480,0xF480,0xFCE0,0xA321,0x0800,0x0020,
0x0021,0x0000,0x59E1,0xFCE1,0xF460,0xF480,0xF480,0xF480,0xFCE0,0x6A01,0x0000,0x0021,0x0000,0x0000,0x0000,0x0021,
0x0000,0x0000,0x0020,0x0020,0x0001,0x0021,0x0021,0x0000,0x3120,0xF4E1,0xF460,0xF480,0xF460,0xF460,0xF4A0,0x3921,
0x0000,0x0000,0x0000,0x18A1,0xE4A1,0xFCA0,0xF4A0,0xF4A0,0xF480,0xFCA0,0x4960,0x0000,0x0000,0x9342,0xFD00,0xF460,
0xF480,0xF480,0xFCC0,0xD4A2,0x0840,0x0000,0x0020,0x0000,0x3141,0xF4E1,0xF460,0xF480,0xF480,0xF460,0xFD01,0x49A0,
0x0000,0x0000,0x1060,0xE481,0xFC80,0xF480,0xF4A0,0xFC80,0xECC1,0x20E1,0x0000,0x0000,0x0000,0x9301,0xFD00,0xF480,
0xF4A0,0xF480,0xFD21,0x6262,0x0000,0x0000,0x8AC1,0xFCA0,0xF460,0xFCA0,0xF4A0,0xFCE0,0xB3C1,0x0000,0x0000,0x0021,
0x0000,0x3901,0xEC40,0xF480,0xF480,0xF480,0xF480,0xFCE1,0x41A1,0x0001,0x0041,0x0000,0x8281,0xFCA0,0xEC60,0xF460,
0xF480,0xFCC0,0xB3E2,0x0000,0x00EA,0x012E,0x00C9,0x0021,0x0042,0x0062,0x0063,0x0042,0x0021,0x0041,0x0000,0x8A81,
0xFCC0,0xEC60,0xF480,0xEC80,0xFCE0,0x8B21,0x0000,0x0041,0x0000,0x28E0,0xECE1,0xF480,0xF460,0xF460,0xF460,0xF460,
0xF480,0xF480,0xF4E1,0xC422,0x6A81,0x0840,0x0000,0x0000,0x0000,0x39A7,0x4C5C,0x02FF,0x031E,0x02FE,0x02FE,0x02FE,
0x031E,0x033E,0x031E,0x031F,0x031F,0x031F,0x031F,0x033F,0x031F,0x031F,0x031F,0x031F,0x031F,0x033F,0x031F,0x02FF,
0x035F,0x033F,0x033F,0x035F,0x033F,0x033F,0x033F,0x033E,0x033E,0x033F,0x033F,0x033F,0x033F,0x033F,0x0B5F,0x035E,
0x0B5F,0x0B5E,0x0B5E,0x031E,0x3C3E,0x2988,0x0820,0xE4A1,0xFCA0,0xF480,0xF480,0xF4A0,0xF4A0,0xF4A0,0xF4A0,0xF4A0,
0xF4A0,0xF480,0xF480,0xFCA0,0xF4A0,0xF480,0xF480,0xF480,0xF4A0,0xF4A0,0xF480,0xF480,0xF480,0xF480,0xEC60,0xFCE0,
0x8260,0x0000,0x0020,0x0021,0x0020,0x0000,0x82E1,0xFCE0,0xF460,0xF460,0xF480,0xEC60,0xFCE0,0x7A41,0x0000,0x0020,
0x0021,0x0000,0x7AA1,0xFCE0,0xF480,0xF480,0xF480,0xF480,0xEC60,0x38E0,0x0000,0x0020,0x0020,0x0000,0x0000,0x0021,
0x0021,0x0021,0x0021,0x0021,0x0021,0x0021,0x0021,0x0000,0x3140,0xF501,0xF460,0xF480,0xEC60,0xEC80,0xF481,0xB3E2,
0xA3A1,0xA3A1,0x9B81,0xABA2,0xF481,0xF4A0,0xF4A0,0xF4A0,0xEC80,0xFCC0,0x4961,0x0000,0x0000,0x9322,0xFD00,0xF480,
0xF4A0,0xF4A0,0xFCC0,0xCC82,0x0840,0x0000,0x0020,0x0000,0x3160,0xF4E1,0xF460,0xF480,0xF4A0,0xF460,0xFD01,0x49A0,
0x0000,0x0000,0x1060,0xDC81,0xFC80,0xF480,0xFCA0,0xF480,0xECA1,0xB401,0xA3A1,0xA3A1,0xA3A2,0xD461,0xFCA0,0xF480,
0xF480,0xF460,0xFD21,0x6262,0x0000,0x0000,0x82A0,0xFCC0,0xF480,0xF4A0,0xF4A0,0xFCC0,0xBBC1,0x0000,0x0000,0x0021,
0x0000,0x30C0,0xEC60,0xFC80,0xF480,0xF480,0xF480,0xFD01,0x49C1,0x0001,0x0042,0x0000,0x7201,0xFCA0,0xEC60,0xEC60,
0xF460,0xFCC0,0xBBC2,0x0000,0x00C9,0x012E,0x00CA,0x0021,0x0062,0x0062,0x0062,0x0042,0x0041,0x0042,0x0000,0x8261,
0xFCC0,0xEC60,0xF480,0xF460,0xFCE0,0x9340,0x0000,0x0021,0x0000,0x30E0,0xC3E2,0xFCA1,0xF4A0,0xEC60,0xF480,0xF460,
0xF460,0xEC60,0xF460,0xFCA0,0xF4C1,0xCC22,0x9B82,0x1061,0x0841,0x2965,0x6C37,0x239F,0x02FF,0x02FE,0x02FF,0x02FF,
0x031F,0x031E,0x031F,0x02FF,0x02FF,0x031E,0x031E,0x031E,0x031F,0x031F,0x033F,0x031F,0x033F,0x033F,0x031F,0x031F,
0x033F,0x035F,0x0B5F,0x035E,0x033F,0x035F,0x035F,0x033F,0x035E,0x033F,0x031F,0x033F,0x033E,0x0B5E,0x0B5F,0x033F,
0x033F,0x0B3E,0x0B5E,0x035F,0x5418,0x1061,0x4181,0xFD01,0xF480,0xF480,0xF4A0,0xF4A0,0xF4A0,0xF4A0,0xF480,0xF4A0,
0xF4A0,0xF4A0,0xF4A0,0xFCA0,0xF4A0,0xF480,0xF4A0,0xF4A0,0xF4A0,0xF480,0xF480,0xF4A0,0xF480,0xF460,0xEC60,0xFCE0,
0x7A61,0x0000,0x0020,0x0021,0x0020,0x0000,0x7AC1,0xFCC0,0xF460,0xF480,0xF460,0xEC60,0xFCC0,0x8A61,0x0000,0x0021,
0x0021,0x0000,0x82E1,0xFCE0,0xF480,0xF480,0xF480,0xF480,0xEC60,0x30E0,0x0000,0x0021,0x0000,0x0000,0x0000,0x0001,
0x0021,0x0001,0x0001,0x0021,0x0021,0x0021,0x0021,0x0000,0x3141,0xF4E1,0xF480,0xF480,0xF460,0xF480,0xF460,0xFCC0,
0xFCE0,0xFCE0,0xFCC0,0xF4A0,0xF480,0xF4A0,0xF480,0xECA0,0xFCA0,0xFCC1,0x5161,0x0000,0x0000,0x9B62,0xFD00,0xF480,
0xF4A0,0xF480,0xFC80,0xCC62,0x0840,0x0000,0x0020,0x0000,0x3160,0xECC1,0xEC40,0xF480,0xF480,0xEC60,0xFCE1,0x49A1,
0x0000,0x0000,0x1060,0xDC81,0xFC80,0xF4A0,0xF480,0xF480,0xFC80,0xFCC0,0xFCE0,0xFCE0,0xFCC0,0xFCA0,0xFCA0,0xF4A0,
0xF480,0xF460,0xFD00,0x72A1,0x0000,0x0000,0x92E1,0xFCE0,0xF480,0xF4A0,0xF4A0,0xFCE0,0xB3E1,0x0000,0x0020,0x0020,
0x0000,0x28E0,0xECA1,0xFC80,0xF480,0xF480,0xF480,0xFD01,0x51C0,0x0001,0x0042,0x0000,0x7A41,0xFCC0,0xEC60,0xF480,
0xF460,0xFC80,0xCC41,0x0840,0x00CB,0x012E,0x010D,0x0064,0x0062,0x0062,0x0062,0x0042,0x0021,0x0041,0x0000,0x8281,
0xFCC0,0xEC60,0xF480,0xF480,0xFCE0,0xABC1,0x0000,0x0041,0x0020,0x1860,0x1860,0x6A01,0xD421,0xFCA0,0xF480,0xF460,
0xF480,0xF460,0xF460,0xEC60,0xEC60,0xF480,0xFC80,0xD441,0xA382,0x0000,0x1061,0x4AED,0x3BDE,0x031F,0x02FF,0x02FF,
0x031F,0x031E,0x031F,0x02FF,0x031F,0x031F,0x031F,0x031F,0x031F,0x031F,0x031F,0x033F,0x031F,0x033F,0x033E,0x033E,
0x035F,0x035F,0x033F,0x035F,0x033F,0x033F,0x033F,0x035F,0x033F,0x031F,0x033F,0x033F,0x0B5F,0x0B5F,0x033F,0x033F,
0x033F,0x0B5F,0x0B5E,0x037F,0x4BB6,0x0000,0x5A01,0xFD00,0xF480,0xF480,0xF480,0xF4A0,0xF4A0,0xF4A0,0xF4A0,0xF480,
0xF480,0xF4A0,0xFCA0,0xF480,0xF480,0xFCA0,0xFCA0,0xF4A0,0xFCC0,0xFCC0,0xF480,0xF4A0,0xF4A0,0xF480,0xF480,0xEC81,
0x4120,0x0000,0x0020,0x0021,0x0000,0x0000,0xABA1,0xFCA0,0xEC60,0xF480,0xF460,0xF460,0xF480,0x5981,0x0000,0x0021,
0x0021,0x0000,0x9321,0xFCE0,0xF460,0xF480,0xF480,0xFCA0,0xEC61,0x30E0,0x0000,0x0021,0x0000,0x0000,0x0000,0x0000,
0x0000,0x0000,0x0000,0x0000,0x0000,0x0000,0x0020,0x0000,0x5A01,0xFD00,0xF460,0xF480,0xF480,0xF480,0xF480,0xEC80,
0xEC60,0xEC60,0xEC60,0xF460,0xF4A0,0xFCA0,0xF4A0,0xF480,0xF481,0x7201,0x1060,0x0000,0x0000,0xABC1,0xFCE0,0xF4A0,
0xF4A0,0xF460,0xF480,0xCC82,0x0840,0x0000,0x0020,0x0000,0x3141,0xECC1,0xEC40,0xEC60,0xF480,0xEC40,0xFCC0,0x49A0,
0x0000,0x0000,0x1060,0xDCA1,0xFC80,0xF480,0xFCA0,0xF480,0xF4A0,0xF480,0xEC60,0xEC60,0xF460,0xF4A0,0xF4A0,0xF4A0,
0xF4A0,0xF480,0xFCE0,0x8B61,0x0000,0x0000,0x9B41,0xFCE0,0xF480,0xF4A0,0xF4A0,0xFCA0,0xCC62,0x0840,0x0000,0x0021,
0x0000,0x3900,0xECE1,0xFC80,0xF4A0,0xF4A0,0xF480,0xFD20,0x6241,0x0000,0x0062,0x0000,0x5161,0xF481,0xF480,0xF480,
0xF460,0xFC80,0xCC21,0x0840,0x00A7,0x012F,0x010D,0x0085,0x0042,0x0062,0x0062,0x0041,0x0021,0x0041,0x0000,0x5180,
0xF480,0xEC80,0xF480,0xEC80,0xFCC0,0xB3C1,0x0000,0x0041,0x0021,0x0000,0x0840,0x0820,0x20A0,0x82A2,0xECA1,0xFCA0,
0xF480,0xEC60,0xEC60,0xEC60,0xEC60,0xEC60,0xE440,0xF460,0xECA0,0xAB62,0x1880,0x0000,0x39C7,0x53FA,0x02FF,0x031F,
0x031F,0x031F,0x031F,0x031F,0x033E,0x033E,0x031F,0x031E,0x031F,0x031F,0x031F,0x02FD,0x23BD,0x0B5E,0x02FF,0x031E,
0x035F,0x033F,0x0B5F,0x0B5F,0x0B5F,0x035F,0x035F,0x035F,0x033F,0x031F,0x033F,0x0B5F,0x033F,0x033F,0x033F,0x033F,
0x035F,0x0B5F,0x033E,0x1BBF,0x5330,0x0000,0xABC1,0xFCC0,0xF480,0xF4A0,0xF4A0,0xF4A0,0xFCC0,0xDC01,0xBB81,0xFCC0,
0xF480,0xF480,0xF4A0,0xF480,0xF4A0,0xF4A0,0xF480,0xFCC0,0xD3E1,0xCBC1,0xFCA0,0xF480,0xF480,0xF480,0xF460,0xF4A0,
0x4120,0x0000,0x0021,0x0021,0x0000,0x0000,0xC421,0xFCA0,0xF460,0xF480,0xF460,0xF460,0xEC80,0x4120,0x0000,0x0021,
0x0001,0x0000,0xB401,0xFCA0,0xEC80,0xF480,0xF480,0xFCC0,0xD3E1,0x1840,0x0000,0x0021,0x0020,0x0000,0x0021,0x0000,
0x0000,0x0000,0x0000,0x0000,0x0000,0x0000,0x0020,0x0000,0x6221,0xFCE0,0xF460,0xF480,0xF480,0xF480,0xF480,0xF480,
0xF480,0xEC60,0xF480,0xF480,0xF480,0xF4A0,0xFCA0,0xFCC1,0x7A01,0x0000,0x0000,0x0000,0x0000,0xABA1,0xFCE0,0xF480,
0xF480,0xF460,0xFC80,0xCC82,0x0840,0x0000,0x0020,0x0000,0x3161,0xECE1,0xEC60,0xF480,0xF460,0xEC60,0xFCC1,0x4180,
0x0000,0x0000,0x1080,0xE4A1,0xFC80,0xF480,0xF480,0xF480,0xF4A0,0xF480,0xF480,0xF480,0xF4A0,0xF4A0,0xF4A0,0xF4A0,
0xF4A0,0xEC80,0xFD00,0x8B21,0x0000,0x0000,0x7241,0xFCC0,0xF480,0xF480,0xF480,0xFCA0,0xD462,0x1060,0x0000,0x0042,
0x0001,0x3920,0xECC1,0xFC80,0xF480,0xF480,0xEC60,0xFD01,0x6241,0x0000,0x0062,0x0000,0x4960,0xF480,0xF480,0xF480,
0xF480,0xFC80,0xD441,0x1060,0x0044,0x012D,0x010D,0x0065,0x0041,0x0062,0x0042,0x0021,0x0021,0x0041,0x0000,0x5160,
0xFCA0,0xEC80,0xF460,0xEC80,0xFCA0,0xCC41,0x0860,0x0001,0x0021,0x0021,0x0000,0x0820,0x0820,0x1020,0x4920,0x9AC1,
0xE481,0xFCA0,0xEC60,0xEC40,0xEC60,0xF460,0xEC40,0xEC40,0xF460,0xFCC0,0xD421,0x5A02,0x0000,0x5332,0x033F,0x031F,
0x033F,0x033F,0x031F,0x031F,0x033F,0x033F,0x031F,0x02FE,0x031F,0x02DE,0x0B1D,0x9DDD,0xEF3B,0x84FA,0x237D,0x031E,
0x035F,0x035F,0x035F,0x0B5F,0x0B5F,0x033F,0x035F,0x0B5F,0x035F,0x033E,0x0B5F,0x033F,0x0B5F,0x035F,0x033F,0x035F,
0x035F,0x035F,0x033F,0x1BDF,0x3A0B,0x0000,0xB3E1,0xFCA0,0xEC80,0xF4A0,0xF4A0,0xF480,0xFCA0,0xB361,0x59A1,0xF4A1,
0xF480,0xF480,0xF480,0xF480,0xF480,0xEC80,0xF480,0xF4A1,0x59C1,0xBB81,0xFCC0,0xEC80,0xF460,0xF460,0xF480,0xDC21,
0x28A0,0x0000,0x0021,0x0021,0x0000,0x0840,0xCC21,0xFC80,0xF480,0xF480,0xF460,0xF460,0xECC1,0x4160,0x0000,0x0021,
0x0001,0x0020,0xC421,0xFC80,0xEC60,0xF480,0xF480,0xFCA0,0xCBC0,0x1040,0x0001,0x0021,0x0021,0x0000,0x0062,0x0041,
0x0020,0x0041,0x0021,0x0020,0x0021,0x0021,0x0021,0x0000,0x6241,0xFCE0,0xF460,0xF480,0xF480,0xF480,0xF480,0xEC60,
0xEC60,0xEC60,0xF480,0xF480,0xF460,0xF480,0xEC80,0x7A41,0x0820,0x0020,0x0000,0x0000,0x0000,0xABA1,0xFCC0,0xF480,
0xF480,0xF460,0xFC80,0xC461,0x0840,0x0000,0x0021,0x0000,0x3161,0xECC1,0xEC40,0xEC60,0xEC60,0xEC60,0xFCC1,0x4161,
0x0000,0x0000,0x1080,0xE4A1,0xFC80,0xF480,0xF480,0xF480,0xF480,0xF480,0xF480,0xF480,0xF480,0xF4A0,0xF480,0xF480,
0xF480,0xFCC0,0xBB81,0x18A0,0x0000,0x0000,0x61C1,0xFCC0,0xF480,0xF480,0xF480,0xFCA0,0xD441,0x0840,0x0001,0x0042,
0x0020,0x1880,0xCBE1,0xFCA0,0xF480,0xF480,0xF480,0xFD20,0x6A61,0x0000,0x0062,0x0000,0x5161,0xEC61,0xEC60,0xEC60,
0xEC60,0xF460,0xECC1,0x20E0,0x0024,0x012D,0x010D,0x0065,0x0041,0x0062,0x0041,0x0021,0x0021,0x0041,0x0000,0x4941,
0xEC81,0xF480,0xF480,0xF480,0xF480,0xDC61,0x1080,0x0000,0x0021,0x0021,0x0021,0x0021,0x0000,0x0820,0x0820,0x1020,
0x4941,0xAB41,0xF481,0xFC80,0xF460,0xF460,0xEC60,0xEC60,0xF480,0xEC40,0xFCC0,0xB3A2,0x0000,0x4B53,0x033F,0x031F,
0x033F,0x033F,0x031F,0x033F,0x033F,0x031E,0x02FE,0x12FD,0x029E,0x43FC,0xB5DA,0xDEBA,0xD69A,0xB598,0x6459,0x02FE,
0x035F,0x033F,0x035F,0x035F,0x035F,0x035F,0x035F,0x0B5F,0x035F,0x033E,0x033E,0x0B5F,0x0B5F,0x035F,0x035F,0x033F,
0x033F,0x035F,0x033F,0x341D,0x31A7,0x1080,0xDCA1,0xFCA0,0xF480,0xF4A0,0xF4A0,0xEC60,0xFCE0,0x7A21,0x1880,0xE461,
0xF480,0xF480,0xF480,0xF480,0xF480,0xF4A0,0xFCE0,0x9AC2,0x0840,0xD401,0xFCA0,0xF480,0xF480,0xF460,0xFCA0,0xBB61,
0x1000,0x0020,0x0021,0x0021,0x0000,0x2901,0xECC1,0xF480,0xF480,0xF480,0xF460,0xF4A0,0xD461,0x2080,0x0000,0x0021,
0x0000,0x18A1,0xDCA2,0xF480,0xF460,0xF460,0xF460,0xFCA0,0xBB80,0x0820,0x0021,0x0021,0x0020,0x0000,0x0001,0x0000,
0x0000,0x0000,0x0000,0x0000,0x0000,0x0001,0x0041,0x0000,0x8B01,0xFCE0,0xF460,0xF480,0xF480,0xF480,0xF480,0xFCA0,
0xFCA0,0xF480,0xF480,0xF480,0xEC80,0xF480,0xD401,0x2060,0x0001,0x0000,0x0000,0x0000,0x0000,0xA3C2,0xFCC0,0xF460,
0xF480,0xF460,0xF460,0xC462,0x0840,0x0000,0x0021,0x0000,0x3141,0xECA1,0xEC40,0xEC60,0xEC60,0xEC40,0xFD01,0x4A01,
0x0001,0x0000,0x1060,0xDC81,0xFC60,0xF480,0xF480,0xF480,0xF480,0xFCC0,0xFCC0,0xFCC0,0xFCE0,0xFCE0,0xFCC0,0xFCC0,
0xFD20,0xC3A1,0x1840,0x0000,0x0020,0x0000,0x6201,0xFCE0,0xF480,0xF480,0xF480,0xF480,0xECE1,0x20C0,0x0000,0x0062,
0x0021,0x1020,0xC402,0xFCA0,0xF480,0xF480,0xF460,0xFD00,0x9321,0x0000,0x0062,0x0021,0x28A0,0xDC21,0xF480,0xEC60,
0xEC60,0xF440,0xECA1,0x20E0,0x0023,0x010C,0x010D,0x00CA,0x0062,0x0042,0x0041,0x0021,0x0021,0x0041,0x0000,0x2040,
0xCC01,0xFCA0,0xF460,0xF480,0xF460,0xE4A1,0x2900,0x0000,0x0021,0x0021,0x0021,0x0021,0x0021,0x0021,0x0020,0x0820,
0x1020,0x2080,0x5981,0xCC01,0xFCE0,0xFCC0,0xF460,0xF480,0xF460,0xEC60,0xFCC0,0xA362,0x0000,0x5B74,0x031F,0x02FF,
0x033E,0x033E,0x031F,0x031F,0x02DE,0x02DE,0x959C,0xB5FB,0x541B,0xE71B,0xD69A,0xAD98,0xEEDA,0xDE9A,0x9D39,0x543A,
0x035F,0x0B5F,0x035F,0x035F,0x035F,0x037F,0x0B7F,0x0B5F,0x0B5F,0x033E,0x0B3F,0x0B5F,0x0B5F,0x035F,0x033F,0x035F,
0x035F,0x035E,0x035F,0x2BBA,0x0821,0x3940,0xFD01,0xF480,0xF480,0xF480,0xEC80,0xEC60,0xEC80,0x61C1,0x0000,0xA301,
0xFCC0,0xEC60,0xF480,0xF480,0xF480,0xF4C0,0xE421,0x38E0,0x3141,0xECC1,0xF480,0xF480,0xF480,0xEC60,0xFCA0,0xBB81,
0x1820,0x0000,0x0021,0x0021,0x0000,0x2920,0xECC1,0xF460,0xF480,0xF480,0xF460,0xF480,0xDC82,0x20A0,0x0000,0x0041,
0x0000,0x1080,0xDC41,0xF460,0xEC60,0xF460,0xF460,0xFCC0,0xBB81,0x0800,0x0020,0x0021,0x0000,0x18A0,0x51E1,0x51C0,
0x51E0,0x5201,0x51E1,0x5A01,0x3121,0x0000,0x0041,0x0000,0x8AC0,0xFCC0,0xF480,0xF480,0xF480,0xF480,0xEC61,0xB341,
0xAB00,0xD3C0,0xF480,0xEC80,0xF480,0xEC80,0xFCC0,0x7A61,0x0000,0x0000,0x0000,0x0000,0x0000,0x9B62,0xFCC0,0xEC60,
0xF480,0xF460,0xF460,0xC462,0x0840,0x0001,0x0022,0x0000,0x2921,0xECA1,0xF440,0xF460,0xF480,0xEC40,0xFD20,0x4A01,
0x0001,0x0020,0x0840,0xD420,0xFC80,0xF480,0xF460,0xF480,0xF481,0xBBA1,0xB340,0xBB61,0xBB61,0xBB61,0xAB21,0xBB61,
0xBB81,0x28C0,0x0000,0x0000,0x0020,0x0000,0x6221,0xFCE1,0xF460,0xF480,0xF480,0xF460,0xECE1,0x20E0,0x0001,0x0042,
0x0021,0x1040,0xC401,0xFCA0,0xF480,0xF480,0xF460,0xFCC0,0x9320,0x0000,0x0063,0x0000,0x30C0,0xE441,0xF480,0xEC60,
0xEC60,0xEC40,0xFCE1,0x49C1,0x0000,0x08EC,0x010D,0x00EB,0x0062,0x0042,0x0021,0x0021,0x0021,0x0041,0x0001,0x20A0,
0xD441,0xFCA0,0xF480,0xF460,0xEC60,0xECA1,0x3161,0x0000,0x0020,0x0000,0x0020,0x0021,0x0041,0x0021,0x0021,0x0021,
0x0020,0x0840,0x1040,0x28A0,0x6A01,0xBBA1,0xF480,0xF480,0xF460,0xEC60,0xFCA0,0xBBE2,0x0820,0x52AD,0x1B9F,0x031F,
0x033F,0x033F,0x0B5E,0x137D,0x443C,0x9DDC,0xE6D9,0xCE59,0xE6FB,0xD67A,0x9D38,0xC639,0xBDF9,0xBDFA,0xC639,0xC639,
0x0B7F,0x035F,0x035F,0x035F,0x037F,0x0B7F,0x037F,0x0B5F,0x0B7F,0x0B7F,0x0B5F,0x0B5F,0x0B5F,0x033F,0x033F,0x035F,
0x035F,0x035E,0x037F,0x5C58,0x0841,0x3101,0xF4C1,0xF480,0xF480,0xF480,0xEC60,0xFC80,0xCBC1,0x1840,0x0000,0x8241,
0xFCA0,0xF460,0xF480,0xF480,0xEC80,0xFCC0,0x8A81,0x0000,0x3941,0xF4A1,0xEC60,0xEC60,0xEC60,0xEC40,0xFCC0,0x8261,
0x0000,0x0020,0x0021,0x0021,0x0000,0x3961,0xF4A1,0xF460,0xF480,0xF480,0xEC60,0xFCA0,0xBBA1,0x1040,0x0000,0x0041,
0x0001,0x20C1,0xE481,0xF460,0xF460,0xEC60,0xEC40,0xFCA0,0x92C1,0x0000,0x0021,0x0041,0x0000,0x5A21,0xFD41,0xFCA0,
0xFCE0,0xFD00,0xFCE0,0xFD41,0xA322,0x0000,0x0040,0x0000,0x9321,0xFCC0,0xF460,0xF480,0xEC60,0xF4A0,0xC3C1,0x1040,
0x1000,0x61C1,0xF4A0,0xEC60,0xEC80,0xEC80,0xFCC0,0xD441,0x0840,0x0000,0x0000,0x0000,0x0000,0x9B62,0xFCE0,0xF460,
0xF480,0xEC60,0xF460,0xCC82,0x0840,0x0001,0x0042,0x0000,0x2921,0xECC1,0xF460,0xF480,0xF480,0xF460,0xFD20,0x49E1,
0x0001,0x0020,0x0840,0xD440,0xFC60,0xF460,0xF460,0xF460,0xECC1,0x3141,0x1840,0x1860,0x1860,0x1860,0x1020,0x2060,
0x2080,0x0000,0x0000,0x0000,0x0021,0x0000,0x7281,0xFCE1,0xF460,0xF480,0xF480,0xF460,0xF4C1,0x28E0,0x0000,0x0042,
0x0041,0x0800,0x9B21,0xFCC0,0xF480,0xF480,0xF460,0xFCC0,0x9B41,0x0000,0x0063,0x0021,0x2080,0xCBE1,0xF480,0xEC60,
0xF460,0xF460,0xFD00,0x51E1,0x0000,0x00EB,0x010D,0x08A9,0x0021,0x0001,0x0001,0x0000,0x0000,0x0041,0x0021,0x1860,
0xB381,0xFCA0,0xF480,0xF460,0xEC40,0xF4A1,0x3961,0x0000,0x0021,0x0000,0x0000,0x0000,0x0001,0x0001,0x0000,0x0021,
0x0001,0x0001,0x0021,0x0820,0x0000,0x3941,0xFCC1,0xF460,0xF460,0xF460,0xF460,0xECC1,0x20C0,0x18E5,0x23BE,0x02FF,
0x033F,0x033F,0x135D,0x443D,0x545D,0x64BB,0x7CD9,0x7CFA,0x8D1A,0x7CD9,0x74B9,0x6C99,0x74B9,0x7CD9,0x8D1A,0x8D19,
0x0B7F,0x0B5F,0x035F,0x035F,0x035F,0x0B7F,0x0B7F,0x0B7F,0x0B7F,0x0B5F,0x035F,0x0B5F,0x0B3F,0x0B5F,0x0B5F,0x033F,
0x035F,0x033E,0x0B9F,0x5352,0x0000,0x6A62,0xFCC0,0xF4A0,0xF480,0xF460,0xEC60,0xF480,0xBB81,0x1860,0x0000,0x2880,
0xDC21,0xF480,0xF480,0xF480,0xF480,0xD3E1,0x30C0,0x0000,0x5A01,0xF4A0,0xEC40,0xEC60,0xEC60,0xEC60,0xFCC0,0x8261,
0x0000,0x0021,0x0021,0x0041,0x0000,0x6A62,0xFCE0,0xF460,0xF480,0xF480,0xEC60,0xFCC0,0xA301,0x0000,0x0020,0x0021,
0x0000,0x49C0,0xFCE0,0xEC40,0xF460,0xEC40,0xEC40,0xFCC0,0x7241,0x0000,0x0021,0x0041,0x0000,0x6241,0xFCC0,0xEC40,
0xEC60,0xEC60,0xEC60,0xFCA0,0x7A20,0x0000,0x0020,0x0000,0xA342,0xFCC0,0xEC60,0xF460,0xEC60,0xF480,0xBB81,0x0820,
0x0000,0x2080,0xE421,0xF480,0xEC80,0xEC80,0xF480,0xFD01,0x41A1,0x0000,0x0020,0x0000,0x0000,0x9302,0xFCE0,0xF460,
0xF460,0xEC60,0xF460,0xCC82,0x0840,0x0021,0x0062,0x0000,0x3121,0xF4C1,0xF460,0xF480,0xF4A0,0xF460,0xFD00,0x49C0,
0x0001,0x0021,0x1060,0xDCA1,0xFC80,0xF460,0xF460,0xF440,0xECA1,0x2921,0x0000,0x0020,0x0000,0x0000,0x0000,0x0000,
0x0000,0x0000,0x0000,0x0000,0x0021,0x0000,0x5A01,0xFCC1,0xF460,0xF480,0xF4A0,0xF460,0xFD01,0x3961,0x0000,0x0042,
0x0041,0x0000,0xAB61,0xFCC0,0xF480,0xF480,0xF460,0xFCA0,0xB3A1,0x0000,0x0083,0x0021,0x1040,0xCBE1,0xF480,0xEC60,
0xF460,0xF460,0xFCE0,0x6A81,0x0000,0x00EA,0x00A9,0x0021,0x0880,0x0880,0x0880,0x10A0,0x0040,0x0021,0x0041,0x0800,
0xAB21,0xFCA0,0xF480,0xF460,0xEC40,0xFCA0,0x6221,0x0000,0x0021,0x0000,0x0000,0x1060,0x0880,0x0860,0x0860,0x0880,
0x1080,0x0840,0x0000,0x0021,0x0000,0x61E1,0xFCC0,0xF460,0xF480,0xF460,0xEC80,0xEC82,0x28C0,0x2126,0x239E,0x02FF,
0x033E,0x0B3F,0x033F,0x031F,0x02FF,0x033E,0x0B3F,0x0B3E,0x033E,0x033E,0x033E,0x033E,0x033E,0x033E,0x033E,0x033E,
0x0B7F,0x0B7F,0x0B7F,0x0B5F,0x0B5F,0x0B7F,0x0B7F,0x0B7F,0x0B5F,0x0B5F,0x0B5F,0x0B5F,0x0B5F,0x0B5F,0x0B5F,0x0B5F,
0x035F,0x033E,0x1BDF,0x5B52,0x0000,0x9BC2,0xFCE0,0xEC80,0xF480,0xF480,0xEC40,0xF480,0x7A20,0x0000,0x0021,0x0000,
0xAB21,0xFCA0,0xEC60,0xEC60,0xFCA0,0x7221,0x0800,0x0000,0x8300,0xFCC0,0xEC40,0xEC60,0xF460,0xEC60,0xFCC0,0x7201,
0x0000,0x0021,0x0021,0x0041,0x0000,0x6A42,0xFCE1,0xF440,0xF480,0xF480,0xEC60,0xFCA0,0xAB42,0x0820,0x0021,0x0041,
0x0000,0x4180,0xFCA0,0xF460,0xF460,0xF460,0xEC40,0xFCC0,0x82A1,0x0000,0x0041,0x0041,0x0000,0x7AA2,0xFD00,0xEC60,
0xEC80,0xEC60,0xEC80,0xFCE1,0x69E0,0x0000,0x0020,0x0000,0xA322,0xFCC0,0xF460,0xF480,0xEC60,0xFC80,0xC401,0x0820,
0x0000,0x0821,0xC380,0xFCA0,0xF480,0xF480,0xF460,0xFD21,0x51E1,0x0000,0x0020,0x0021,0x0000,0x9B22,0xFCC0,0xEC60,
0xF460,0xEC60,0xFC80,0xCC41,0x0020,0x0022,0x0063,0x0001,0x3121,0xECC1,0xF460,0xF480,0xF480,0xF460,0xFCE0,0x49A0,
0x0001,0x0021,0x0860,0xD4A1,0xFC80,0xF480,0xF460,0xF440,0xECA1,0x2901,0x0001,0x0021,0x0021,0x0021,0x0021,0x0041,
0x0041,0x0021,0x0020,0x0000,0x0021,0x0000,0x4140,0xF4A0,0xF460,0xF480,0xF480,0xF460,0xFCE0,0x3940,0x0000,0x0042,
0x0041,0x0820,0xA341,0xFCC0,0xF480,0xF480,0xF460,0xFC80,0xB381,0x0000,0x0063,0x0042,0x1040,0xBBA1,0xF480,0xEC40,
0xF460,0xEC40,0xFCE0,0x8321,0x0001,0x08E9,0x0001,0x3100,0xD4C2,0xD481,0xCC81,0xE521,0x72C1,0x0001,0x0042,0x0820,
0x92C1,0xFCA0,0xF460,0xF480,0xEC40,0xFCC0,0x7281,0x0000,0x0020,0x0000,0x20C0,0xCCA1,0xD481,0xCC41,0xD461,0xD461,
0xDD01,0x5A42,0x0000,0x0040,0x0800,0x59C1,0xEC81,0xF460,0xF460,0xF460,0xF460,0xF4A1,0x30E0,0x20E5,0x3BDC,0x031F,
0x0B5E,0x035F,0x0B5F,0x035F,0x0B5E,0x035F,0x031F,0x033F,0x033F,0x033F,0x033F,0x033F,0x033F,0x033F,0x033F,0x031F,
0x0B7F,0x0B5F,0x0B7F,0x0B5F,0x0B5F,0x0B5F,0x0B5F,0x0B7F,0x0B7F,0x0B7F,0x0B7F,0x137F,0x0B7F,0x0B5F,0x135F,0x0B7F,
0x0B5F,0x031F,0x3C3E,0x4228,0x0000,0x9B62,0xFCC0,0xF460,0xF480,0xF480,0xF480,0xFCC0,0x8A61,0x0000,0x0020,0x0000,
0x6A21,0xFCA1,0xEC80,0xFCA0,0xDC21,0x30A0,0x0040,0x0000,0x8301,0xFCC0,0xEC60,0xF460,0xF480,0xF480,0xEC80,0x4100,
0x0000,0x0041,0x0041,0x0041,0x0000,0x7262,0xFCE1,0xEC60,0xF480,0xF480,0xEC60,0xFCA0,0x8261,0x0820,0x0042,0x0041,
0x0000,0x5201,0xFCE0,0xF460,0xF460,0xF460,0xEC40,0xFCA1,0x61E1,0x0000,0x0042,0x0841,0x0000,0x7AA2,0xFD00,0xF440,
0xF460,0xF480,0xEC60,0xFD00,0x7220,0x0000,0x0021,0x0000,0xA321,0xFCC0,0xF460,0xF480,0xEC60,0xFCC0,0xAB61,0x0000,
0x0020,0x0000,0x92A1,0xFCC0,0xF480,0xF4A0,0xF480,0xFD20,0x9B82,0x0000,0x0020,0x0021,0x0000,0xA342,0xFCA0,0xEC60,
0xF460,0xEC60,0xFCA0,0xCC21,0x0820,0x0043,0x0065,0x0001,0x3121,0xECC1,0xF460,0xF460,0xF460,0xF460,0xFCE0,0x49A0,
0x0001,0x0021,0x1060,0xDCA1,0xFC60,0xF480,0xF480,0xF440,0xECC1,0x2941,0x0001,0x0021,0x0021,0x0021,0x0042,0x0042,
0x0021,0x0020,0x0021,0x0001,0x0042,0x0001,0x4160,0xEC80,0xF460,0xF480,0xF480,0xF480,0xFCE1,0x3100,0x0000,0x0062,
0x0062,0x0000,0x8280,0xFCE0,0xF460,0xF480,0xEC60,0xF480,0xCC01,0x0840,0x0042,0x0083,0x0820,0xAB41,0xFCA0,0xEC40,
0xF460,0xEC40,0xFCC0,0x82C1,0x0001,0x08A6,0x0000,0x3920,0xF481,0xFC80,0xF440,0xFCE0,0x82C1,0x0000,0x0061,0x0800,
0x7A21,0xFCA0,0xEC80,0xF480,0xEC60,0xFCC0,0x6A41,0x0000,0x0020,0x0000,0x3900,0xEC81,0xF480,0xF460,0xF480,0xF460,
0xFCE0,0x6A42,0x0000,0x0042,0x0840,0x28C0,0xD421,0xF480,0xF460,0xF460,0xEC60,0xFCC0,0x6A61,0x0000,0x4375,0x035F,
0x0B3E,0x0B5E,0x0B5F,0x033F,0x0B5E,0x033F,0x033F,0x033F,0x035F,0x033F,0x033E,0x0B5F,0x033E,0x033F,0x0B5F,0x033F,
0x0B7F,0x0B5F,0x0B7F,0x0B5F,0x0B5F,0x0B7F,0x0B5F,0x0B7F,0x0B7F,0x139F,0x0B7F,0x137F,0x0B5F,0x0B5F,0x0B5F,0x0B7F,
0x137F,0x031E,0x3C5E,0x2965,0x0020,0xCC22,0xFCA0,0xF480,0xF480,0xF480,0xF480,0xF481,0x5981,0x0820,0x0021,0x0000,
0x38E0,0xF481,0xF460,0xFCC0,0x8A81,0x0800,0x0020,0x0020,0xABC1,0xFCC0,0xEC60,0xF460,0xF460,0xEC60,0xF460,0x4940,
0x0000,0x0021,0x0021,0x0021,0x0000,0x9B62,0xFCC0,0xEC60,0xF480,0xF480,0xEC60,0xFCC0,0x61E1,0x0000,0x0042,0x0041,
0x0000,0x5A01,0xFCC0,0xF460,0xF460,0xF460,0xF440,0xF4C1,0x4161,0x0000,0x0000,0x0000,0x0000,0x9321,0xFCC0,0xEC60,
0xF480,0xF480,0xEC60,0xF4A1,0x5981,0x0000,0x0021,0x0820,0xC3E2,0xFC80,0xF460,0xF480,0xEC60,0xFCE0,0x9B01,0x0000,
0x0020,0x0000,0x7221,0xFCA0,0xF480,0xF480,0xF480,0xF4A0,0xE481,0x20C1,0x0000,0x0021,0x0000,0xA362,0xFCC0,0xEC60,
0xF480,0xF480,0xFCA0,0xCC61,0x0000,0x0000,0x0001,0x0000,0x28E0,0xF4C1,0xF480,0xF480,0xF480,0xEC60,0xFCE0,0x49A0,
0x0001,0x0001,0x1880,0xE481,0xF460,0xF480,0xF480,0xF460,0xF4E1,0x3141,0x0000,0x0021,0x0021,0x0021,0x0042,0x0041,
0x0000,0x0021,0x0086,0x0001,0x0062,0x0001,0x3920,0xEC80,0xF460,0xF480,0xF480,0xF480,0xFD00,0x51C1,0x0000,0x0001,
0x0001,0x0000,0x82A1,0xFCC0,0xEC60,0xF480,0xF480,0xF480,0xDC81,0x1080,0x0042,0x0063,0x1060,0xB341,0xFCA0,0xEC60,
0xF460,0xEC40,0xFCC0,0x9301,0x0000,0x0001,0x0000,0x20A0,0xDC41,0xF480,0xEC40,0xFCA0,0xA381,0x0000,0x0042,0x0840,
0x8AA1,0xFCA0,0xF460,0xF460,0xEC60,0xFCC0,0x9301,0x0000,0x0021,0x0021,0x30E0,0xCBE1,0xF480,0xEC60,0xF480,0xEC60,
0xFCE0,0x8AE1,0x0000,0x0000,0x0000,0x20A0,0xDC61,0xF480,0xF460,0xF460,0xEC60,0xFCE0,0x8B02,0x0000,0x4334,0x035F,
0x033E,0x033F,0x0B3F,0x033F,0x0B3E,0x033E,0x033F,0x033F,0x033F,0x033E,0x033E,0x033E,0x0B5E,0x033E,0x033F,0x033E,
0x0B7F,0x0B7F,0x137F,0x0B5F,0x0B7F,0x0B5F,0x0B5F,0x0B5F,0x0B7F,0x139F,0x0B7F,0x0B5F,0x0B5F,0x0B5F,0x0B7F,0x137F,
0x033F,0x3C1D,0x6C12,0x10A2,0x0000,0xE461,0xFC80,0xF480,0xF480,0xF480,0xF480,0xE420,0x28A0,0x0000,0x0021,0x0001,
0x0820,0xC3A1,0xFCA0,0xD401,0x30C0,0x0000,0x0000,0x0000,0xB3A1,0xFCA0,0xEC60,0xF460,0xEC60,0xF480,0xDC01,0x1840,
0x0000,0x0021,0x0021,0x0000,0x0000,0xB3C1,0xFCC0,0xEC60,0xF480,0xF480,0xEC60,0xFCC0,0x61C0,0x0000,0x0000,0x0041,
0x0000,0x7AC1,0xFCE0,0xF460,0xF480,0xF460,0xEC40,0xF4A1,0x6241,0x20E0,0x2920,0x2920,0x20E0,0xABA1,0xFCA0,0xEC60,
0xF480,0xF480,0xEC60,0xF4A1,0x5160,0x0000,0x0000,0x0000,0xD421,0xFC80,0xF460,0xF480,0xF460,0xFCE0,0x92E1,0x0000,
0x0020,0x0000,0x5181,0xFCC1,0xF480,0xFC80,0xF480,0xEC80,0xF4C1,0x30E1,0x0000,0x0041,0x0000,0xA362,0xFCC0,0xF460,
0xF480,0xF480,0xFCA0,0xD4A1,0x3141,0x2900,0x2900,0x2100,0x51E1,0xF4C0,0xFC80,0xF480,0xF480,0xEC60,0xFD00,0x49A0,
0x0001,0x0000,0x0840,0xE461,0xFC80,0xF480,0xF480,0xF460,0xECE1,0x2100,0x0000,0x0020,0x0000,0x0000,0x0020,0x0020,
0x0000,0x00A7,0x010B,0x0000,0x0042,0x0000,0x4960,0xF4A1,0xF460,0xF4A0,0xF4A0,0xF480,0xFCE0,0x82E1,0x20E0,0x3120,
0x3141,0x2900,0x82A1,0xF4C0,0xEC60,0xF480,0xF480,0xF480,0xDC81,0x1060,0x0021,0x0842,0x0000,0x82A1,0xFCE0,0xF440,
0xF460,0xEC60,0xFCC0,0xB3C1,0x20E0,0x2920,0x3140,0x3961,0xCC21,0xFC80,0xEC60,0xF460,0xB381,0x0000,0x0021,0x0020,
0x5161,0xF4A1,0xF460,0xF480,0xF480,0xFCC0,0xAB42,0x0000,0x0001,0x0042,0x1040,0xB341,0xFCA0,0xF460,0xF480,0xEC60,
0xFCE0,0xABA1,0x20E0,0x2920,0x2900,0x4181,0xD440,0xFC80,0xF460,0xF460,0xF440,0xFCE0,0x82C2,0x0000,0x53B5,0x0B7F,
0x033F,0x033F,0x033F,0x033F,0x0B3F,0x0B5F,0x035F,0x033F,0x033E,0x033F,0x033F,0x033F,0x0B3F,0x033F,0x033F,0x033F,
0x137F,0x137F,0x137F,0x0B7F,0x0B7F,0x0B7F,0x0B7F,0x0B7F,0x139F,0x139F,0x137F,0x0B7F,0x0B5F,0x137F,0x137F,0x0B7F,
0x139F,0x6CB7,0x1081,0x1880,0x5201,0xDC61,0xFC80,0xF480,0xF480,0xF480,0xF480,0xCC01,0x51C1,0x0840,0x0001,0x0021,
0x0000,0x92A1,0xFCC1,0x8AA1,0x0800,0x0020,0x0840,0x4181,0xBBE1,0xF480,0xEC60,0xF480,0xF460,0xF460,0xDC21,0x59E1,
0x1061,0x0021,0x0001,0x1080,0x49C1,0xC421,0xFCA0,0xF480,0xF480,0xF480,0xF480,0xF4C0,0x82C1,0x39A1,0x0860,0x0000,
0x0000,0x9B60,0xFCE0,0xF480,0xF480,0xF460,0xF460,0xF480,0xE4A0,0xECC1,0xECE1,0xECC1,0xECA1,0xEC80,0xEC80,0xF480,
0xF480,0xEC60,0xF480,0xE461,0x3101,0x0000,0x0840,0x49E1,0xDC60,0xFC80,0xF460,0xF460,0xF460,0xFCA0,0xB3A1,0x2920,
0x0020,0x0000,0x4141,0xF4A1,0xF480,0xF480,0xEC80,0xF480,0xECA0,0x6A22,0x18A0,0x0020,0x0000,0xA341,0xFCE0,0xF480,
0xF480,0xF480,0xF480,0xF4A0,0xECE0,0xECE1,0xE4A1,0xECC1,0xECC0,0xF4A0,0xF480,0xF480,0xF480,0xF460,0xFCE0,0x41A1,
0x0000,0x0840,0x5201,0xEC81,0xF480,0xF460,0xEC60,0xF460,0xECA1,0x6A61,0x18A0,0x0000,0x0042,0x0041,0x0041,0x0020,
0x0064,0x012D,0x00EB,0x0001,0x0042,0x0021,0x30E0,0xE461,0xFCA0,0xF480,0xF480,0xF480,0xF4A0,0xF4C0,0xECE1,0xECE1,
0xF4E1,0xECC1,0xE4A0,0xF480,0xF460,0xF460,0xF460,0xFC80,0xDC81,0x1080,0x0001,0x0000,0x2921,0xA381,0xFCC0,0xF460,
0xF480,0xF480,0xF480,0xF4A0,0xECE1,0xECE1,0xECE0,0xECC0,0xEC80,0xF480,0xF460,0xFC60,0xB361,0x0000,0x0000,0x18A1,
0x7261,0xF4A1,0xF480,0xF480,0xF480,0xFCA0,0xBBA1,0x41A1,0x20E0,0x0000,0x1040,0xBBA1,0xFCA0,0xF480,0xF480,0xF480,
0xF480,0xECA0,0xE4E1,0xECE1,0xE4C1,0xE481,0xF480,0xF480,0xF480,0xF480,0xEC60,0xFCC0,0x9B62,0x0000,0x4A4B,0x2BDE,
0x033F,0x0B5F,0x0B5F,0x0B3F,0x033F,0x035F,0x033F,0x033F,0x033E,0x033F,0x0B5F,0x033F,0x033F,0x033F,0x033F,0x035E,
0x137F,0x137F,0x137F,0x137F,0x137F,0x0B7F,0x139F,0x139F,0x139F,0x139F,0x137F,0x137F,0x137E,0x139F,0x139F,0x0B5E,
0x1C1F,0x7411,0x0000,0x7AA1,0xFD41,0xEC80,0xF480,0xF480,0xF480,0xF480,0xEC60,0xF4A0,0xD442,0x2060,0x0000,0x0041,
0x0000,0x3900,0xE461,0x30C0,0x0820,0x0000,0x20C1,0xE501,0xF460,0xEC60,0xF480,0xF480,0xF480,0xF480,0xEC60,0xF541,
0x4961,0x0000,0x0000,0x51E1,0xFD81,0xF4C0,0xF480,0xF480,0xF4A0,0xF480,0xF480,0xEC60,0xF4C0,0xF522,0x3101,0x0000,
0x0000,0xB3E1,0xFCC0,0xF480,0xF480,0xF480,0xF480,0xF480,0xF480,0xF480,0xF480,0xEC60,0xF460,0xF460,0xEC80,0xF480,
0xF480,0xEC60,0xFC80,0xD441,0x1060,0x0000,0x2900,0xED02,0xF480,0xF480,0xF480,0xF460,0xF480,0xF460,0xFD00,0xABA2,
0x0000,0x0000,0x0840,0xD421,0xFCA0,0xEC80,0xF460,0xEC80,0xF460,0xFD21,0x6201,0x0000,0x0000,0xAB61,0xFCC0,0xF4A0,
0xF4A0,0xF480,0xF480,0xF480,0xF4A0,0xF480,0xF460,0xF460,0xF460,0xF480,0xF480,0xF480,0xF480,0xF480,0xFCE0,0x41A0,
0x0000,0x2100,0xECE1,0xEC40,0xF460,0xF480,0xEC60,0xF460,0xEC60,0xFD21,0x6A61,0x0000,0x0082,0x0062,0x0062,0x0062,
0x00E9,0x012E,0x00EA,0x0001,0x0062,0x0021,0x20A0,0xE461,0xFCA0,0xF480,0xF480,0xF480,0xF480,0xF480,0xF480,0xF480,
0xF460,0xF480,0xF460,0xF480,0xF460,0xF460,0xF460,0xF460,0xE4A1,0x18C0,0x0000,0x0800,0xC402,0xFCE1,0xEC60,0xF480,
0xF480,0xF4A0,0xF480,0xF4A0,0xF480,0xF480,0xF460,0xF480,0xF460,0xF460,0xF460,0xFC80,0xC401,0x0840,0x0000,0x7A62,
0xFD41,0xF480,0xF480,0xF480,0xF480,0xF480,0xEC80,0xFD41,0x7281,0x0000,0x1040,0xB362,0xFCC0,0xEC60,0xF480,0xF4A0,
0xF480,0xF480,0xF480,0xF460,0xF440,0xF460,0xF480,0xF480,0xF460,0xF480,0xF480,0xFC80,0xD4A2,0x0000,0x2125,0x33DE,
0x033F,0x0B5E,0x0B5F,0x0B5F,0x0B5F,0x035E,0x035F,0x035F,0x0B5E,0x0B5E,0x0B7F,0x0B5F,0x0B5F,0x033F,0x033E,0x033E,
0x137F,0x137F,0x135E,0x137F,0x137F,0x137F,0x137F,0x139F,0x139F,0x139F,0x137F,0x137F,0x137F,0x137F,0x137F,0x035E,
0x241F,0x7C53,0x0000,0x7AC1,0xFCA0,0xEC60,0xF480,0xF480,0xF480,0xF480,0xF460,0xFCC0,0xCB81,0x1860,0x0020,0x0021,
0x0000,0x20A0,0x5161,0x0820,0x0020,0x0000,0x3941,0xF4C0,0xEC40,0xF460,0xF480,0xF480,0xF4A0,0xF480,0xFCA0,0xD3E1,
0x20A0,0x0020,0x0000,0x6A41,0xFCE0,0xEC80,0xF480,0xF4A0,0xF4A0,0xF480,0xF480,0xEC60,0xF480,0xDC41,0x20A0,0x0000,
0x0840,0xCC82,0xFCA0,0xF460,0xF460,0xF480,0xF480,0xEC80,0xF480,0xF480,0xF480,0xEC60,0xEC60,0xEC80,0xF480,0xF480,
0xF480,0xF460,0xF480,0xE481,0x18A0,0x0000,0x3961,0xF4A0,0xEC40,0xF460,0xF480,0xF480,0xF480,0xF460,0xFCA0,0x8A81,
0x0000,0x0000,0x0020,0x9B21,0xFCC0,0xEC60,0xEC60,0xF460,0xEC80,0xFCC0,0x6201,0x0000,0x0020,0xB3E1,0xFCC0,0xF480,
0xF480,0xF480,0xF480,0xF480,0xF4A0,0xF480,0xF480,0xF460,0xEC60,0xF460,0xF480,0xF480,0xF480,0xEC60,0xFD21,0x49E1,
0x0000,0x3120,0xF480,0xEC40,0xEC60,0xF480,0xF460,0xF480,0xEC80,0xFCC0,0x6221,0x0000,0x0062,0x0083,0x0083,0x00A6,
0x012C,0x012D,0x00CA,0x0001,0x0062,0x0043,0x2920,0xECC1,0xF480,0xF480,0xF4A0,0xF480,0xF460,0xF4A0,0xF4A0,0xF4A0,
0xF480,0xF480,0xF480,0xF480,0xF480,0xF480,0xF480,0xF440,0xF4E1,0x3981,0x0000,0x0820,0xA301,0xFCC0,0xEC60,0xF460,
0xF480,0xFCA0,0xF4A0,0xF4A0,0xF4A0,0xF480,0xF480,0xF480,0xF460,0xF480,0xF460,0xF460,0xE4A1,0x10A0,0x0000,0x59A1,
0xFCA0,0xF480,0xF480,0xF480,0xF480,0xF4A0,0xF460,0xFCC0,0x6A21,0x0000,0x0000,0x92E1,0xFCE0,0xEC60,0xF480,0xF480,
0xF480,0xF480,0xF480,0xEC60,0xF460,0xF460,0xF460,0xF460,0xF460,0xF460,0xF460,0xF480,0xD462,0x0000,0x3186,0x3C1E,
0x033F,0x0B5E,0x0B5F,0x0B5F,0x0B3F,0x0B5F,0x0B5F,0x035F,0x0B5F,0x0B5F,0x0B7E,0x0B5F,0x0B5F,0x033F,0x033F,0x033F,
0x139F,0x137F,0x137E,0x137F,0x137F,0x137F,0x137F,0x137F,0x137F,0x137F,0x137F,0x137F,0x137F,0x0B7F,0x137F,0x035F,
0x2C3F,0x52CC,0x0000,0xC462,0xFCA0,0xEC60,0xF480,0xF480,0xF480,0xF480,0xF480,0xFCC0,0x92A1,0x0020,0x0020,0x0021,
0x0000,0x0820,0x1860,0x0800,0x0021,0x0000,0x41A1,0xFD01,0xF480,0xF480,0xF480,0xF480,0xF480,0xF480,0xFCA0,0xBBA1,
0x0800,0x0020,0x0000,0x61E0,0xFCC1,0xEC60,0xF480,0xF480,0xF480,0xF480,0xF480,0xF460,0xF480,0xDC42,0x28A0,0x0000,
0x0840,0xD461,0xFCA0,0xEC80,0xF480,0xF480,0xF480,0xF480,0xF480,0xF480,0xF480,0xF480,0xF480,0xF480,0xF480,0xF480,
0xF480,0xEC60,0xF480,0xDC81,0x20A0,0x0000,0x3940,0xFCC0,0xF480,0xF460,0xF460,0xF480,0xF460,0xEC40,0xFCA0,0x7220,
0x0000,0x0821,0x0000,0x82A2,0xFD00,0xEC60,0xF460,0xF480,0xEC80,0xFCC0,0x7A61,0x0000,0x0000,0xBC21,0xFCC0,0xEC80,
0xF480,0xF480,0xF480,0xF480,0xF480,0xF480,0xF480,0xF460,0xF460,0xF480,0xF480,0xF460,0xEC80,0xEC40,0xFD41,0x5201,
0x0000,0x3920,0xEC81,0xF460,0xF480,0xF460,0xF460,0xF480,0xF460,0xFCA1,0x5180,0x0001,0x00C8,0x010B,0x010C,0x010C,
0x010D,0x010C,0x010B,0x0044,0x0062,0x0042,0x3141,0xF4E1,0xF460,0xF480,0xF480,0xF480,0xF480,0xF480,0xFCA0,0xF480,
0xF480,0xF480,0xF4A0,0xF4A0,0xF480,0xF480,0xF480,0xEC40,0xFD01,0x41A1,0x0000,0x0820,0x9AE0,0xFCC0,0xEC60,0xF480,
0xF4A0,0xF480,0xF4A0,0xF480,0xF4A0,0xFCA0,0xF460,0xF480,0xEC80,0xF480,0xF460,0xF440,0xDC61,0x10A0,0x0000,0x5140,
0xF4C0,0xFCA0,0xFCA0,0xF480,0xF480,0xF4A0,0xEC80,0xFCC1,0x59A1,0x0000,0x0820,0xA321,0xFCC0,0xEC40,0xF480,0xF480,
0xEC60,0xEC60,0xF480,0xF460,0xF480,0xF480,0xF480,0xF480,0xF460,0xF460,0xF460,0xEC60,0xECE1,0x2900,0x10A2,0x43F9,
0x033F,0x0B5F,0x0B3F,0x0B5F,0x0B5F,0x0B5F,0x0B5E,0x0B5F,0x0B5F,0x0B5F,0x0B5F,0x0B5E,0x0B5F,0x0B5F,0x033F,0x033F,
0x139F,0x139F,0x139F,0x137F,0x137E,0x137E,0x137E,0x137F,0x137F,0x139F,0x137F,0x137F,0x139F,0x137F,0x137F,0x033F,
0x44BF,0x39E7,0x0000,0xD461,0xFC80,0xEC60,0xF480,0xF480,0xF480,0xEC60,0xEC60,0xFCC0,0x92A1,0x0800,0x0020,0x0021,
0x0000,0x0000,0x0020,0x0000,0x0021,0x0000,0x5A01,0xFD00,0xF480,0xF480,0xF460,0xF460,0xF480,0xF460,0xFCA0,0xCBE1,
0x2060,0x0020,0x0000,0x7A61,0xFCA0,0xF460,0xF480,0xF460,0xF480,0xF480,0xF480,0xF480,0xF4A0,0xCBE1,0x20A0,0x0000,
0x0000,0x8241,0xFCA1,0xF480,0xEC60,0xF460,0xF480,0xF480,0xF480,0xF480,0xF460,0xF460,0xF480,0xF4A0,0xF480,0xF460,
0xEC80,0xF4A0,0xF480,0x7221,0x1040,0x0000,0x4981,0xFCC0,0xF460,0xF480,0xF480,0xF480,0xF460,0xEC40,0xFCA0,0x8281,
0x0000,0x0821,0x0000,0x51A1,0xFCC1,0xEC60,0xF480,0xF4A0,0xEC60,0xFCA0,0x7201,0x0000,0x0000,0x61E1,0xF4A1,0xF4A0,
0xEC60,0xF480,0xF4A0,0xF480,0xF480,0xF480,0xF480,0xF480,0xF480,0xF480,0xF460,0xEC60,0xEC60,0xFCA0,0xB361,0x1880,
0x0000,0x3120,0xF480,0xF480,0xF4A0,0xF480,0xEC60,0xEC80,0xEC40,0xFCC0,0x59E1,0x0025,0x090E,0x010D,0x010C,0x010C,
0x012D,0x010D,0x012D,0x0065,0x0042,0x0083,0x1880,0x9281,0xFCE0,0xF480,0xEC60,0xF460,0xF480,0xF480,0xF480,0xF460,
0xF480,0xF480,0xF480,0xF480,0xF480,0xEC80,0xF480,0xFCA0,0xAB42,0x1080,0x0000,0x1040,0x9AE1,0xFCA0,0xEC80,0xFCA0,
0xF4A0,0xF460,0xF460,0xF480,0xF480,0xF480,0xF480,0xF480,0xF480,0xEC60,0xEC60,0xEC40,0xE481,0x20E1,0x0000,0x59C1,
0xF4C1,0xFC80,0xF480,0xF480,0xF460,0xEC60,0xEC60,0xFCA0,0x7AC1,0x0000,0x1860,0x5961,0xDC21,0xFC80,0xEC60,0xF460,
0xF460,0xF460,0xEC60,0xF480,0xF460,0xF480,0xF480,0xF480,0xF460,0xEC60,0xEC80,0xFC80,0xA321,0x1080,0x0000,0x2B16,
0x035F,0x035F,0x0B5F,0x0B5F,0x0B5F,0x0B5F,0x0B7F,0x0B5F,0x035F,0x0B5F,0x0B5F,0x0B5F,0x0B5F,0x0B5F,0x0B5F,0x0B5F,
0x139F,0x139F,0x139F,0x137F,0x137E,0x137E,0x137E,0x137E,0x137E,0x139E,0x137F,0x139F,0x139F,0x139F,0x137F,0x033F,
0x5CFF,0x4A48,0x0000,0xC3C1,0xFC60,0xEC60,0xF460,0xEC80,0xEC60,0xEC40,0xEC40,0xFCA0,0x7221,0x1040,0x0021,0x0041,
0x0001,0x0000,0x0021,0x0021,0x0020,0x0000,0x7AC1,0xFCE0,0xF460,0xF460,0xEC60,0xF460,0xF460,0xEC40,0xFCA0,0xB361,
0x1040,0x0021,0x0000,0x8281,0xFCA0,0xEC60,0xF460,0xF460,0xF460,0xEC40,0xF460,0xEC60,0xFCA0,0xAB01,0x0800,0x0021,
0x0000,0x0000,0x7A41,0xFC81,0xEC60,0xEC60,0xEC60,0xEC60,0xEC60,0xF480,0xF460,0xF460,0xF480,0xF480,0xEC60,0xEC60,
0xEC80,0xFCA1,0x7A21,0x0800,0x0020,0x0000,0x6A41,0xFCA0,0xEC60,0xF460,0xEC60,0xF460,0xEC40,0xE440,0xFCA1,0x7241,
0x0000,0x0021,0x0000,0x30C1,0xEC61,0xF460,0xF480,0xF480,0xEC40,0xF480,0x59A0,0x0000,0x0020,0x0000,0x7201,0xF4C1,
0xF460,0xF480,0xF480,0xF480,0xF480,0xF460,0xEC60,0xF460,0xF460,0xF460,0xEC60,0xE440,0xFC80,0xC3A2,0x1840,0x0000,
0x0000,0x3941,0xF4A0,0xEC60,0xF460,0xF480,0xEC60,0xEC40,0xEC20,0xFCE0,0x5A21,0x0045,0x012E,0x010C,0x010C,0x010C,
0x010D,0x010D,0x012D,0x0064,0x0041,0x0062,0x0020,0x1040,0x92C1,0xFCC1,0xEC40,0xEC60,0xF460,0xF480,0xEC60,0xF460,
0xF460,0xF480,0xF460,0xEC60,0xEC40,0xEC40,0xF4A0,0xBB41,0x0820,0x0000,0x0021,0x0020,0x7221,0xFCA0,0xEC60,0xF480,
0xF480,0xF460,0xF460,0xF480,0xF460,0xF460,0xF480,0xF460,0xEC60,0xEC40,0xEC20,0xEC20,0xECA1,0x3141,0x0000,0x3900,
0xE461,0xFC80,0xF460,0xF460,0xF460,0xEC60,0xEC40,0xFCA0,0xA3A2,0x0000,0x0840,0x0800,0x4941,0xDC22,0xFC80,0xEC60,
0xF460,0xEC60,0xEC60,0xEC60,0xF460,0xF460,0xF460,0xF460,0xEC40,0xEC40,0xFCC0,0xBB61,0x0820,0x0000,0x0840,0x3336,
0x035F,0x033F,0x0B5F,0x135F,0x0B7F,0x0B5F,0x0B5F,0x0B7F,0x0B7F,0x0B7F,0x0B5F,0x0B7F,0x0B5F,0x0B5F,0x0B5E,0x0B5E,
0x139F,0x139F,0x139F,0x139F,0x139E,0x137E,0x137E,0x137E,0x137E,0x139E,0x139E,0x139F,0x139F,0x139F,0x1B9F,0x035F,
0x5CBD,0x3186,0x18A0,0xE481,0xFCC0,0xFCC0,0xFCC0,0xFCC0,0xFCC0,0xF480,0xFCA0,0xFCE1,0x4961,0x0000,0x0062,0x0041,
0x0001,0x0021,0x0000,0x0000,0x0020,0x0000,0x9321,0xFD40,0xF4A0,0xF4A0,0xFCA0,0xFCC0,0xFCC0,0xF4A0,0xFD00,0xA321,
0x0000,0x0021,0x0000,0xA362,0xFD01,0xF4A0,0xFCA0,0xFCC0,0xFCC0,0xFCA0,0xFCA0,0xFCC0,0xFD00,0xAB61,0x0000,0x0021,
0x0020,0x0000,0x0000,0x9AE1,0xFD00,0xFCC0,0xFCA0,0xFCA0,0xFCC0,0xFCC0,0xFCC0,0xFCC0,0xFCC0,0xFCC0,0xFCA0,0xFCC0,
0xFCE1,0x7A21,0x0000,0x0020,0x0020,0x0000,0x72A1,0xFD01,0xFC80,0xFCC0,0xFCC0,0xFCC0,0xF480,0xF480,0xFD01,0x5181,
0x0000,0x0821,0x0000,0x3921,0xFCC1,0xFCA0,0xFCE0,0xFC80,0xEC40,0xFCC1,0x69E1,0x0000,0x0000,0x0800,0x0000,0x8261,
0xFD20,0xFCE0,0xFCE0,0xFCC0,0xFCE0,0xFCC0,0xFCC0,0xFCC0,0xFCA0,0xF460,0xEC60,0xFCC0,0xE421,0x2880,0x0000,0x0020,
0x0000,0x4181,0xFD21,0xFC80,0xFCA0,0xFCC0,0xFCA0,0xFCC0,0xFCA0,0xFD21,0x6A60,0x0005,0x012D,0x00EC,0x010D,0x010D,
0x010D,0x010D,0x012C,0x0044,0x0041,0x0042,0x0021,0x0820,0x0840,0x92C2,0xFD01,0xFCC0,0xFCC0,0xFCC0,0xFCA0,0xFCA0,
0xFCA0,0xFCA0,0xFCA0,0xFCA0,0xFCA0,0xFCA0,0xCBC1,0x1060,0x0000,0x0021,0x0062,0x0000,0x7A62,0xFD41,0xFCC0,0xF4A0,
0xFCC0,0xFCE0,0xFCE0,0xFCE0,0xFCC0,0xFCA0,0xFCC0,0xFCC0,0xFCA0,0xF480,0xF480,0xFC80,0xFD01,0x4181,0x0000,0x3100,
0xF4C1,0xFCC0,0xFCA0,0xFCC0,0xFCC0,0xF4A0,0xFCA0,0xFD20,0xABC2,0x0000,0x0020,0x0020,0x0820,0x4100,0xE461,0xFCE0,
0xFCC0,0xFCC0,0xFCC0,0xFCA0,0xF4A0,0xFCC0,0xFCC0,0xFCC0,0xF480,0xFCC0,0xC3A1,0x1860,0x0000,0x0000,0x0800,0x3337,
0x037F,0x033F,0x0B5F,0x137F,0x0B7F,0x0B5F,0x0B5F,0x0B7F,0x139F,0x137F,0x0B5E,0x0B7F,0x0B7F,0x0B7F,0x0B7F,0x0B5E,
0x139F,0x139F,0x1B9F,0x139F,0x139E,0x137F,0x137E,0x139F,0x1B9E,0x1B9E,0x1B9F,0x1B9F,0x1BBF,0x139F,0x139F,0x0B9F,
0x43FA,0x0841,0x28E1,0x7A40,0x7201,0x61E1,0x69E1,0x7221,0x69E1,0x7221,0x7A41,0x7221,0x30E0,0x0000,0x0062,0x0041,
0x0001,0x0020,0x0021,0x0041,0x0021,0x0020,0x6201,0x7A21,0x69C1,0x69E1,0x7221,0x7201,0x69E1,0x7A21,0x7A21,0x5180,
0x0820,0x0000,0x0020,0x6201,0x7221,0x69E1,0x7A21,0x7221,0x7221,0x69C0,0x7201,0x6A01,0x7221,0x59A0,0x1040,0x0000,
0x0021,0x0000,0x0000,0x3101,0x7A21,0x61E0,0x6A01,0x7221,0x7A21,0x7201,0x7201,0x7A21,0x71E1,0x69E1,0x69E0,0x7221,
0x7A21,0x1860,0x0000,0x0020,0x0021,0x0000,0x4981,0x7A21,0x6A01,0x61C0,0x7220,0x7A21,0x69E0,0x6A01,0x7201,0x28C0,
0x0000,0x0021,0x0000,0x18A0,0x7A61,0x69E1,0x69E1,0x69E1,0x69E1,0x7221,0x4961,0x0000,0x0000,0x0020,0x0000,0x20A0,
0x7A21,0x7200,0x7201,0x6A00,0x6A00,0x7200,0x7200,0x69E0,0x69E1,0x61C1,0x61C0,0x7A21,0x59A0,0x0000,0x0000,0x0000,
0x0000,0x3900,0x8241,0x7221,0x6A01,0x61C1,0x69E1,0x7221,0x7221,0x7A21,0x3920,0x0045,0x010D,0x00EC,0x010D,0x010D,
0x010D,0x010C,0x012D,0x0085,0x0021,0x0042,0x0021,0x0020,0x0000,0x28C0,0x8241,0x7A21,0x7201,0x61C0,0x7201,0x7221,
0x7201,0x69E1,0x69E0,0x6A00,0x6A00,0x7A21,0x4961,0x0000,0x0020,0x0063,0x0043,0x0820,0x5161,0x8241,0x7221,0x69E1,
0x69E1,0x7221,0x7A21,0x7200,0x7200,0x7200,0x69E0,0x7201,0x7201,0x7221,0x7201,0x7200,0x7A21,0x28E1,0x0001,0x30E0,
0x7201,0x7200,0x69E1,0x7201,0x69E1,0x7201,0x7221,0x7200,0x59C1,0x0000,0x0042,0x0042,0x0000,0x1020,0x61C1,0x8240,
0x7220,0x7201,0x7A41,0x7201,0x61C0,0x7201,0x7221,0x6A01,0x71E0,0x7A41,0x4120,0x0000,0x0063,0x0000,0x39E9,0x2BBD,
0x035F,0x0B7F,0x137F,0x137F,0x0B7F,0x0B7F,0x0B7F,0x139F,0x139F,0x137F,0x137F,0x137F,0x0B7F,0x0B7F,0x0B7F,0x0B7F,
0x1B9F,0x1B9F,0x1B9F,0x1B9F,0x139F,0x139F,0x139F,0x139F,0x1B9E,0x1B9E,0x1B9E,0x1B9F,0x1B9F,0x139F,0x139F,0x0B9F,
0x43FA,0x0840,0x0000,0x0820,0x1020,0x0800,0x0000,0x0820,0x0000,0x0820,0x1040,0x0820,0x1040,0x0021,0x0062,0x0041,
0x0021,0x0001,0x0042,0x0063,0x0062,0x0000,0x1040,0x0820,0x0000,0x0820,0x0820,0x0000,0x0000,0x1020,0x0820,0x1020,
0x0820,0x0021,0x0000,0x0820,0x0820,0x0800,0x1020,0x0800,0x0000,0x0000,0x0820,0x0800,0x0800,0x0840,0x0840,0x0001,
0x0021,0x0000,0x0000,0x0820,0x0820,0x0000,0x0800,0x0820,0x0820,0x0820,0x0800,0x1020,0x0800,0x0000,0x0800,0x1040,
0x1040,0x0820,0x0000,0x0021,0x0021,0x0000,0x0820,0x0800,0x0800,0x0800,0x0800,0x0820,0x0820,0x0820,0x0800,0x0820,
0x0021,0x0021,0x0000,0x0800,0x1020,0x0000,0x0000,0x0000,0x0820,0x0820,0x1060,0x0000,0x0000,0x0001,0x0001,0x0820,
0x0820,0x0800,0x0800,0x0800,0x0800,0x0820,0x0800,0x0000,0x0000,0x0000,0x0820,0x0820,0x0820,0x0000,0x0020,0x0000,
0x0000,0x1040,0x1020,0x1040,0x0800,0x0000,0x0820,0x0800,0x0820,0x0840,0x0800,0x0065,0x010D,0x010D,0x010D,0x010C,
0x010C,0x00EC,0x012E,0x00A6,0x0021,0x0041,0x0021,0x0042,0x0021,0x1040,0x1040,0x0820,0x0800,0x0000,0x0820,0x0820,
0x0800,0x0000,0x0000,0x0820,0x0820,0x0820,0x0820,0x0000,0x0021,0x0063,0x0042,0x0820,0x1060,0x0820,0x0820,0x0820,
0x0000,0x0820,0x0820,0x0800,0x0820,0x0820,0x0800,0x0820,0x0820,0x1040,0x0800,0x0820,0x0820,0x0000,0x0021,0x1040,
0x0820,0x0800,0x0000,0x0000,0x0000,0x0820,0x1020,0x0800,0x0820,0x0000,0x0063,0x0083,0x0021,0x0840,0x1040,0x0820,
0x0820,0x0800,0x0820,0x0820,0x0000,0x0820,0x0820,0x0000,0x0820,0x1020,0x0800,0x0021,0x0084,0x0000,0x4311,0x13BF,
0x0B7E,0x0B7F,0x137F,0x135F,0x0B7F,0x0B7F,0x0B7F,0x139F,0x137F,0x137F,0x137F,0x137F,0x137F,0x137F,0x137F,0x137F,
0x1BBF,0x139F,0x1B9F,0x1B9F,0x139F,0x139F,0x139F,0x139F,0x1BBF,0x1B9F,0x1B9E,0x1B9E,0x137E,0x139F,0x139F,0x0B9F,
0x3C1C,0x2965,0x0000,0x0020,0x0041,0x0042,0x0021,0x0020,0x0021,0x0021,0x0021,0x0041,0x0021,0x0041,0x0062,0x0021,
0x0001,0x0021,0x0083,0x0083,0x0063,0x0000,0x0000,0x0021,0x0021,0x0021,0x0021,0x0020,0x0021,0x0021,0x0020,0x0021,
0x0021,0x0021,0x0000,0x0000,0x0041,0x0021,0x0020,0x0020,0x0021,0x0020,0x0020,0x0021,0x0021,0x0001,0x0021,0x0021,
0x0021,0x0021,0x0000,0x0000,0x0021,0x0021,0x0020,0x0021,0x0021,0x0020,0x0020,0x0020,0x0021,0x0021,0x0021,0x0000,
0x0020,0x0021,0x0021,0x0021,0x0021,0x0000,0x0020,0x0021,0x0021,0x0041,0x0021,0x0020,0x0020,0x0021,0x0020,0x0021,
0x0021,0x0021,0x0020,0x0000,0x0021,0x0020,0x0021,0x0000,0x0021,0x0021,0x0001,0x0000,0x0000,0x0001,0x0021,0x0001,
0x0020,0x0020,0x0020,0x0021,0x0020,0x0020,0x0000,0x0020,0x0020,0x0020,0x0021,0x0020,0x0021,0x0021,0x0021,0x0000,
0x0000,0x0021,0x0000,0x0000,0x0021,0x0021,0x0021,0x0021,0x0021,0x0021,0x0000,0x0085,0x010D,0x010C,0x010D,0x010C,
0x010C,0x00EC,0x010D,0x00A7,0x0000,0x0041,0x0021,0x0042,0x0041,0x0020,0x0021,0x0021,0x0020,0x0020,0x0020,0x0000,
0x0000,0x0020,0x0020,0x0020,0x0020,0x0021,0x0000,0x0001,0x0043,0x0042,0x0062,0x0021,0x0000,0x0000,0x0021,0x0021,
0x0021,0x0021,0x0021,0x0021,0x0021,0x0021,0x0020,0x0021,0x0021,0x0020,0x0021,0x0021,0x0020,0x0000,0x0041,0x0021,
0x0021,0x0021,0x0021,0x0020,0x0021,0x0021,0x0021,0x0021,0x0000,0x0042,0x0083,0x0063,0x0042,0x0000,0x0021,0x0021,
0x0021,0x0021,0x0021,0x0001,0x0021,0x0021,0x0020,0x0021,0x0021,0x0021,0x0020,0x0042,0x0000,0x20E3,0x441B,0x0B7F,
0x137F,0x135F,0x0B7F,0x137F,0x0B7F,0x0B5F,0x137F,0x137F,0x137F,0x137F,0x137F,0x139F,0x137F,0x137F,0x137F,0x137F,
0x1BBF,0x1B9F,0x1B9F,0x1B9F,0x1B9E,0x1B9F,0x1B9F,0x13BF,0x1BBF,0x1BBF,0x1B9E,0x1B9E,0x1B9E,0x139F,0x139F,0x139F,
0x139F,0x4BF9,0x2103,0x0000,0x0041,0x0063,0x0042,0x0041,0x0042,0x0042,0x0062,0x0062,0x0042,0x0042,0x0042,0x0021,
0x0001,0x0041,0x00A4,0x0083,0x0083,0x0021,0x0000,0x0042,0x0062,0x0042,0x0042,0x0022,0x0022,0x0042,0x0042,0x0042,
0x0042,0x0021,0x0021,0x0000,0x0021,0x0042,0x0042,0x0041,0x0041,0x0042,0x0042,0x0042,0x0042,0x0042,0x0042,0x0022,
0x0042,0x0021,0x0021,0x0000,0x0021,0x0042,0x0042,0x0042,0x0022,0x0042,0x0042,0x0042,0x0042,0x0042,0x0042,0x0042,
0x0021,0x0041,0x0021,0x0021,0x0020,0x0000,0x0020,0x0042,0x0042,0x0042,0x0042,0x0042,0x0042,0x0042,0x0042,0x0062,
0x0041,0x0000,0x0000,0x0000,0x0042,0x0042,0x0021,0x0021,0x0042,0x0042,0x0042,0x0000,0x0021,0x0000,0x0000,0x0042,
0x0021,0x0021,0x0041,0x0021,0x0021,0x0021,0x0021,0x0021,0x0022,0x0022,0x0042,0x0042,0x0042,0x0001,0x0000,0x0021,
0x0021,0x0041,0x0021,0x0021,0x0041,0x0042,0x0042,0x0042,0x0041,0x0021,0x0000,0x00A8,0x00ED,0x00EC,0x010C,0x010C,
0x010C,0x010C,0x010C,0x00EB,0x0043,0x0000,0x0042,0x0062,0x0041,0x0042,0x0042,0x0042,0x0021,0x0021,0x0022,0x0021,
0x0021,0x0042,0x0021,0x0021,0x0042,0x0042,0x0000,0x0044,0x0086,0x0062,0x0042,0x0021,0x0042,0x0041,0x0042,0x0041,
0x0041,0x0042,0x0042,0x0042,0x0042,0x0042,0x0042,0x0042,0x0042,0x0041,0x0042,0x0042,0x0000,0x0021,0x0041,0x0042,
0x0042,0x0042,0x0042,0x0042,0x0042,0x0042,0x0042,0x0021,0x0000,0x0042,0x0084,0x0063,0x0042,0x0021,0x0042,0x0042,
0x0042,0x0042,0x0042,0x0042,0x0022,0x0042,0x0021,0x0042,0x0041,0x0021,0x0042,0x0041,0x0000,0x3A6D,0x1B9F,0x0B5F,
0x137F,0x137F,0x137F,0x137F,0x137F,0x137F,0x137F,0x137F,0x137F,0x137F,0x137F,0x139F,0x139F,0x137F,0x137E,0x137E,
0x139F,0x1BBF,0x1B9F,0x1B9F,0x1B9E,0x239F,0x1BBF,0x139F,0x1BBF,0x1BBF,0x1B9F,0x1B9E,0x1B9E,0x139E,0x139F,0x139F,
0x139E,0x0B7F,0x5C59,0x3165,0x0000,0x0041,0x0042,0x0042,0x0062,0x0062,0x0062,0x0062,0x0042,0x0042,0x0042,0x0021,
0x0021,0x0042,0x00C5,0x0084,0x0063,0x0021,0x0042,0x0020,0x0042,0x0042,0x0021,0x0042,0x0042,0x0042,0x0042,0x0042,
0x0042,0x0042,0x0021,0x0000,0x0000,0x0021,0x0041,0x0041,0x0041,0x0041,0x0042,0x0042,0x0042,0x0042,0x0042,0x0042,
0x0021,0x0021,0x0062,0x0021,0x0000,0x0041,0x0042,0x0041,0x0021,0x0021,0x0041,0x0041,0x0042,0x0042,0x0042,0x0042,
0x0021,0x0021,0x0021,0x0021,0x0000,0x0021,0x0000,0x0000,0x0042,0x0042,0x0042,0x0042,0x0042,0x0042,0x0042,0x0042,
0x0041,0x0000,0x0022,0x0021,0x0021,0x0042,0x0041,0x0042,0x0041,0x0021,0x0021,0x0000,0x0042,0x0042,0x0000,0x0021,
0x0041,0x0041,0x0041,0x0021,0x0021,0x0021,0x0021,0x0041,0x0041,0x0041,0x0022,0x0042,0x0041,0x0000,0x0021,0x0043,
0x0021,0x0021,0x0021,0x0021,0x0021,0x0041,0x0041,0x0021,0x0021,0x0000,0x0023,0x00CB,0x00ED,0x00EC,0x010C,0x010C,
0x00EC,0x00EC,0x00EB,0x010B,0x00EB,0x0022,0x0020,0x0042,0x0021,0x0041,0x0041,0x0041,0x0021,0x0021,0x0021,0x0041,
0x0041,0x0021,0x0021,0x0021,0x0041,0x0020,0x0000,0x00A7,0x00A7,0x0062,0x0042,0x0021,0x0042,0x0042,0x0041,0x0021,
0x0042,0x0042,0x0042,0x0042,0x0042,0x0042,0x0042,0x0042,0x0042,0x0021,0x0041,0x0000,0x0000,0x0041,0x0041,0x0042,
0x0042,0x0042,0x0042,0x0042,0x0042,0x0042,0x0021,0x0001,0x0021,0x0001,0x0063,0x0062,0x0021,0x0021,0x0041,0x0042,
0x0041,0x0041,0x0042,0x0042,0x0041,0x0041,0x0042,0x0041,0x0021,0x0020,0x0042,0x0000,0x4208,0x4C1D,0x033F,0x137F,
0x139F,0x139F,0x139F,0x137F,0x1B9F,0x1B9F,0x137F,0x137F,0x137F,0x137F,0x137F,0x139F,0x139F,0x137E,0x137E,0x137E,
0x1BBF,0x1BBF,0x1BBF,0x1BBF,0x1BBE,0x1BBF,0x1BBF,0x139F,0x139F,0x1B9F,0x1BBF,0x1B9E,0x139E,0x1B9F,0x1BBF,0x1BBF,
0x1BBE,0x137E,0x1BDF,0x5C16,0x0820,0x0000,0x0000,0x0000,0x0021,0x0021,0x0021,0x0020,0x0000,0x0000,0x0020,0x0000,
0x0000,0x0042,0x00C6,0x00E7,0x00C7,0x0086,0x00C7,0x0042,0x0000,0x0020,0x0000,0x0000,0x0000,0x0000,0x0000,0x0020,
0x0020,0x0000,0x0000,0x0000,0x0021,0x0000,0x0001,0x0001,0x0000,0x0020,0x0020,0x0020,0x0021,0x0021,0x0021,0x0021,
0x0020,0x0021,0x00A4,0x00E9,0x0042,0x0000,0x0021,0x0021,0x0021,0x0021,0x0021,0x0021,0x0021,0x0021,0x0021,0x0021,
0x0021,0x0021,0x0021,0x0021,0x0083,0x08C5,0x0021,0x0021,0x0021,0x0021,0x0021,0x0021,0x0021,0x0021,0x0021,0x0021,
0x0021,0x0021,0x00A5,0x00A7,0x0041,0x0022,0x0021,0x0021,0x0021,0x0000,0x0021,0x0000,0x0042,0x00C8,0x0064,0x0001,
0x0021,0x0021,0x0021,0x0020,0x0020,0x0021,0x0021,0x0021,0x0021,0x0021,0x0021,0x0021,0x0021,0x0021,0x00A7,0x0086,
0x0000,0x0021,0x0021,0x0021,0x0021,0x0021,0x0021,0x0021,0x0022,0x0022,0x00CA,0x010D,0x010D,0x010E,0x010D,0x010C,
0x010C,0x010C,0x010D,0x00EC,0x00EC,0x00E9,0x0064,0x0021,0x0021,0x0021,0x0021,0x0021,0x0021,0x0021,0x0021,0x0021,
0x0020,0x0021,0x0021,0x0021,0x0020,0x0021,0x0063,0x00C8,0x0086,0x0020,0x0021,0x0020,0x0020,0x0020,0x0000,0x0020,
0x0020,0x0021,0x0021,0x0021,0x0020,0x0020,0x0000,0x0000,0x0000,0x0000,0x0000,0x0000,0x0000,0x0020,0x0000,0x0000,
0x0001,0x0021,0x0020,0x0020,0x0000,0x0020,0x0000,0x0044,0x0064,0x0021,0x0000,0x0021,0x0000,0x0000,0x0000,0x0000,
0x0000,0x0000,0x0000,0x0000,0x0000,0x0021,0x0020,0x0020,0x0001,0x0021,0x0000,0x0000,0x53B5,0x139F,0x0B5F,0x139E,
0x139F,0x139F,0x139F,0x1B9F,0x1B9F,0x1B9F,0x1B9F,0x1B9F,0x1B9F,0x137F,0x137F,0x139F,0x139F,0x1B9F,0x1B9F,0x139F,
0x1BBF,0x1BDF,0x1BBF,0x1BDF,0x1BDF,0x1BBF,0x1B9E,0x139F,0x1B9F,0x1BBF,0x1BBF,0x1B9F,0x139F,0x1BBF,0x1BBF,0x1BBF,
0x1BBF,0x1BBF,0x1B7E,0x3C5D,0x4332,0x0063,0x0820,0x1040,0x1020,0x0820,0x1020,0x0820,0x0820,0x0820,0x0820,0x0820,
0x0820,0x1020,0x0861,0x1082,0x1062,0x0842,0x0842,0x0821,0x0820,0x0800,0x0820,0x0840,0x0820,0x0820,0x0840,0x0820,
0x0840,0x0840,0x0820,0x1040,0x1041,0x1040,0x0820,0x0820,0x0800,0x0000,0x0001,0x0022,0x0022,0x0022,0x0022,0x0022,
0x0022,0x0022,0x0043,0x0086,0x0044,0x0022,0x0043,0x0023,0x0022,0x0001,0x0022,0x0022,0x0022,0x0002,0x0022,0x0022,
0x0023,0x0023,0x0023,0x0044,0x0064,0x0064,0x0043,0x0044,0x0043,0x0022,0x0022,0x0021,0x0001,0x0001,0x0002,0x0022,
0x0022,0x0022,0x0043,0x0064,0x0043,0x0042,0x0042,0x0001,0x0002,0x0002,0x0022,0x0022,0x0022,0x0064,0x0065,0x0044,
0x0023,0x0022,0x0001,0x0001,0x0022,0x0022,0x0022,0x0022,0x0022,0x0022,0x0021,0x0021,0x0022,0x0044,0x0065,0x0043,
0x0021,0x0022,0x0043,0x0023,0x0023,0x0022,0x0022,0x0022,0x0023,0x0044,0x0066,0x0067,0x0086,0x0065,0x0066,0x0066,
0x0065,0x0065,0x0066,0x0065,0x0043,0x0065,0x0086,0x0064,0x0042,0x0042,0x0042,0x0042,0x0021,0x0022,0x0042,0x0042,
0x0041,0x0042,0x0042,0x0022,0x0021,0x0022,0x0043,0x0022,0x0001,0x0000,0x0020,0x0000,0x0000,0x0000,0x0000,0x0020,
0x0020,0x0020,0x0000,0x0000,0x0000,0x0000,0x0000,0x0020,0x0840,0x0041,0x0820,0x1020,0x0840,0x1040,0x1040,0x1020,
0x1040,0x1040,0x1020,0x0820,0x1020,0x1040,0x1021,0x0883,0x0883,0x0820,0x1020,0x1020,0x1000,0x0820,0x0820,0x0820,
0x0820,0x0820,0x0820,0x0820,0x0820,0x0820,0x1020,0x1020,0x1040,0x0840,0x0043,0x324E,0x2BBD,0x0B5F,0x137F,0x139F,
0x139F,0x1B9F,0x1BBF,0x1BBF,0x1B9F,0x1B9F,0x1B9F,0x1B9F,0x1B9F,0x139F,0x139F,0x139F,0x139F,0x139F,0x1B9F,0x1B9F,
0x1BDF,0x1BDF,0x1BDF,0x1BDF,0x1BDF,0x1BBF,0x1BBE,0x1BBF,0x1B9F,0x1BBF,0x1BBF,0x1BBF,0x1BBF,0x1BBF,0x1BBF,0x1BBF,
0x1BBE,0x23BF,0x23DF,0x23BE,0x243F,0x098C,0x0061,0x00C3,0x0061,0x0020,0x0001,0x0022,0x0082,0x0001,0x0002,0x0021,
0x0001,0x0062,0x0001,0x0002,0x00A3,0x0042,0x0002,0x0063,0x0022,0x0022,0x0001,0x0022,0x0062,0x0001,0x0002,0x0062,
0x0062,0x0001,0x0001,0x0062,0x0022,0x0001,0x0021,0x0062,0x00A6,0x00C7,0x10E7,0x1108,0x1108,0x1108,0x10C6,0x08C5,
0x10C6,0x10E7,0x10E7,0x10A5,0x08A5,0x10E7,0x10E7,0x1108,0x10E6,0x10A4,0x10C6,0x10A4,0x10A4,0x08E7,0x10C5,0x0882,
0x10C5,0x10E7,0x10E7,0x08C6,0x08A4,0x08A4,0x08A4,0x0883,0x10C5,0x1107,0x10C4,0x10C5,0x10C6,0x0883,0x10E6,0x08E6,
0x08A5,0x08C5,0x1107,0x08C6,0x08A5,0x10A4,0x08A4,0x08A4,0x10E5,0x10E6,0x10C6,0x10E7,0x10E6,0x10E6,0x1108,0x1128,
0x08C6,0x1062,0x1083,0x10E7,0x1108,0x10C7,0x0862,0x0861,0x0841,0x0841,0x0862,0x10C5,0x1108,0x10E6,0x08A5,0x10C5,
0x10C5,0x10E7,0x1108,0x1108,0x10E6,0x0861,0x1061,0x0862,0x10C5,0x10C6,0x10E7,0x1108,0x10C6,0x0861,0x1082,0x10A5,
0x0862,0x0840,0x10C5,0x10C6,0x1062,0x08A4,0x08E6,0x00A6,0x0085,0x0063,0x0042,0x0021,0x0043,0x0065,0x0042,0x0042,
0x0043,0x0085,0x00A6,0x0042,0x0042,0x08A5,0x0863,0x10A4,0x1107,0x08C6,0x08C6,0x10E7,0x08C6,0x08C6,0x08A5,0x08E7,
0x08E7,0x08A4,0x08A4,0x08C6,0x08E7,0x08A7,0x00A6,0x00A6,0x0064,0x0023,0x0022,0x0062,0x0002,0x0002,0x0082,0x0042,
0x0002,0x0043,0x0082,0x0020,0x0001,0x0023,0x0083,0x0001,0x0022,0x0062,0x0003,0x0042,0x0042,0x0002,0x0002,0x0022,
0x0001,0x0001,0x0002,0x0063,0x0041,0x0001,0x0042,0x0041,0x00A3,0x0082,0x09AC,0x1C1F,0x1B9F,0x1B9F,0x1B9F,0x1B9F,
0x1B9F,0x1B9F,0x1BBF,0x1BBF,0x1BBF,0x1BBF,0x1BBF,0x1BBF,0x1B9F,0x1BBF,0x1B9F,0x1B9F,0x1B9F,0x1B9F,0x1BBF,0x1BBF,
0x1BDF,0x1BDF,0x1BDF,0x1BDF,0x1BDF,0x1BBE,0x1BBF,0x1BBF,0x1BBF,0x1BBF,0x1BBF,0x1BBF,0x1BBF,0x1BBF,0x1BBF,0x1BBE,
0x1BBE,0x1BDF,0x23DF,0x23DF,0x23FF,0x11AC,0x0021,0x2183,0x7AC3,0x6801,0x8241,0x9342,0x7841,0x8A61,0x9B82,0x88A1,
0x9342,0x78A2,0x8A42,0x9C43,0x78C2,0x8121,0xA444,0x8122,0x8A82,0x8141,0x81C1,0x9BC3,0x80A1,0x8161,0xA423,0x9202,
0x8081,0x9342,0x9323,0x7061,0x8221,0x9B62,0x4082,0x0064,0x198B,0x6BB3,0x7BF3,0x6371,0x6372,0x6372,0x6351,0x630F,
0x5ACD,0x6350,0x5B51,0x5B0F,0x5B2F,0x6371,0x6351,0x6371,0x6371,0x6350,0x6371,0x6B70,0x6330,0x5B72,0x5B2F,0x632E,
0x6370,0x6B91,0x5B31,0x428D,0x4A8D,0x52EF,0x5B10,0x52AE,0x6351,0x6BB2,0x5B0F,0x5B0F,0x6350,0x5B0E,0x5B30,0x5AEE,
0x52CD,0x5B30,0x6372,0x5B31,0x5B0F,0x5B0F,0x5B30,0x5B30,0x6350,0x632F,0x5B0F,0x5B30,0x5B30,0x6372,0x5B30,0x5B71,
0x5B10,0x5B0F,0x6350,0x5B51,0x52EF,0x4AAE,0x52CE,0x5B30,0x4AAD,0x52CE,0x5B0F,0x6371,0x6351,0x52EF,0x4A6C,0x5B30,
0x5B30,0x6372,0x5B52,0x5B31,0x5B10,0x5AEE,0x528C,0x4A8B,0x5B0F,0x52EF,0x5B52,0x6392,0x5B30,0x5AEE,0x5B2F,0x5B30,
0x52CE,0x5AEE,0x5B30,0x5AEF,0x5AEE,0x5B30,0x52EF,0x4AEF,0x5B51,0x5B10,0x4A6C,0x422B,0x52EF,0x4AAE,0x4A6B,0x4A8C,
0x52CF,0x52F0,0x4ACE,0x4AAD,0x52CE,0x6350,0x52CE,0x6350,0x6350,0x5B0F,0x5B30,0x6371,0x5B30,0x6B91,0x6B91,0x6BB1,
0x6B91,0x6B71,0x632F,0x5B2F,0x5B51,0x73B2,0x6371,0x1128,0x0083,0x7C43,0x9363,0x8001,0x79A1,0x9C43,0x8962,0x7021,
0x9322,0x93E3,0x7922,0x8841,0x92C2,0xA443,0x78C1,0x71E2,0x89C3,0x8061,0x9C02,0x9243,0x8800,0x93A3,0x8B02,0x78A1,
0x8AE3,0x8820,0x9382,0x8AC2,0x7000,0x82C2,0x8A02,0x80E1,0x3A23,0x0061,0x09AC,0x1BBF,0x1B9E,0x1BBF,0x1B9F,0x1B9F,
0x1BBF,0x1BBF,0x1B9F,0x1BBF,0x1BBF,0x1BBF,0x1BBF,0x1BBF,0x1BBF,0x1BBF,0x1B9F,0x1B9F,0x1B9F,0x1B9F,0x1BBF,0x1BBF,
0x23DF,0x23DF,0x1BDF,0x23DF,0x23DF,0x1BBF,0x1BBF,0x1BBE,0x1BBE,0x1B9E,0x1BBF,0x1BBF,0x1BBF,0x1BBF,0x1BBF,0x1BBE,
0x1BBE,0x1BDF,0x23FF,0x23FF,0x241F,0x11CE,0x0020,0x08E2,0x5982,0x6040,0x8AE2,0x7241,0x6820,0x8B42,0x8AC3,0x7122,
0x8303,0x6041,0x7AA2,0x7AC1,0x6800,0x79E3,0x83E3,0x70E1,0x7A83,0x58E1,0x7A63,0x7A61,0x7041,0x8242,0x8BE3,0x7101,
0x78A1,0x83A3,0x7A22,0x6000,0x7AC2,0x8B03,0x40A4,0x0043,0x29CB,0x8434,0x3A4E,0x00C9,0x00C9,0x00C9,0x00E9,0x00C9,
0x00C8,0x00E9,0x00E9,0x00E9,0x00E9,0x00E9,0x00E9,0x00C9,0x00E9,0x00C9,0x00A8,0x00C8,0x00E9,0x010A,0x00C9,0x00C8,
0x00C8,0x00C8,0x00C8,0x00A7,0x00A7,0x00E9,0x00E9,0x00C9,0x00C9,0x010A,0x010A,0x00E9,0x00C7,0x00C8,0x00C8,0x0086,
0x0086,0x00E9,0x00E9,0x00E8,0x00C8,0x00A7,0x00E9,0x010A,0x00E9,0x00A7,0x00C8,0x00C8,0x00C9,0x00E9,0x00C9,0x00A8,
0x00C9,0x00E9,0x010A,0x00C8,0x00C7,0x00C7,0x00E9,0x00E9,0x00E9,0x00E9,0x00EA,0x00E8,0x00A7,0x00A7,0x00A7,0x00E8,
0x00EA,0x00EA,0x00C9,0x00A8,0x00C9,0x0109,0x00C9,0x00A6,0x00A7,0x00C9,0x010A,0x00EA,0x00C8,0x00C8,0x00C8,0x00C8,
0x00C8,0x00E9,0x00E9,0x00C8,0x00E8,0x00A8,0x00A7,0x0909,0x094A,0x114A,0x114B,0x094A,0x112A,0x1129,0x1108,0x0909,
0x092A,0x090A,0x08E8,0x090A,0x094B,0x010A,0x00E9,0x00C9,0x00C8,0x00C8,0x00C8,0x00E9,0x00E9,0x00E9,0x0909,0x00E9,
0x00E9,0x00E9,0x00E9,0x00E8,0x00C8,0x4A8F,0x7C34,0x1927,0x0063,0x7C05,0x8281,0x7000,0x7A42,0x8BC2,0x7061,0x70A1,
0x8B82,0x7AC1,0x7060,0x78A1,0x8BA2,0x8322,0x6060,0x7222,0x6901,0x78E1,0x9423,0x7962,0x7861,0x8BE3,0x7221,0x70E1,
0x7283,0x70A2,0x9C03,0x6A03,0x6061,0x8B23,0x7182,0x7121,0x2162,0x0042,0x11AE,0x1BFF,0x1BBF,0x239F,0x1BBF,0x1BBF,
0x1BBF,0x1BBF,0x1BBF,0x1BBF,0x1BBF,0x1BBF,0x1BBF,0x1BBF,0x1BBF,0x1BBF,0x1B9F,0x1B9E,0x1B9F,0x1BBF,0x1BBF,0x1BBF,
0x23BF,0x23DF,0x23DF,0x23DF,0x23DF,0x23DF,0x23DF,0x23BF,0x1BBE,0x1BBE,0x1BBF,0x1BBF,0x23BF,0x23DF,0x23BF,0x23BF,
0x1BBF,0x23DF,0x23FF,0x2BFF,0x23FF,0x2BFD,0x1129,0x0021,0x0001,0x0021,0x0001,0x0001,0x0022,0x0003,0x0003,0x0022,
0x0001,0x0040,0x0000,0x0001,0x0021,0x0063,0x0003,0x0021,0x0002,0x0001,0x0022,0x0001,0x0002,0x0062,0x0002,0x0001,
0x0021,0x0001,0x0001,0x0000,0x0001,0x0003,0x0083,0x0001,0x29CB,0x4AF0,0x00A9,0x010A,0x00C9,0x00C9,0x00E9,0x00E9,
0x00E9,0x00E9,0x00E9,0x00E9,0x00C9,0x00C9,0x00E9,0x00E9,0x00E9,0x00E9,0x00E8,0x00C9,0x00A9,0x00C8,0x00C8,0x00E9,
0x00E9,0x00C8,0x00C8,0x00E8,0x0088,0x00A8,0x00E9,0x00E9,0x00C9,0x00A9,0x00A9,0x0087,0x0066,0x00A8,0x00A8,0x00A7,
0x00C7,0x00E9,0x00C9,0x00A8,0x00C9,0x00E8,0x00C9,0x00A8,0x00E9,0x00C8,0x00C8,0x00C8,0x00C8,0x00C9,0x00C9,0x00C8,
0x00E9,0x00E9,0x00C9,0x0088,0x00A8,0x0088,0x00C8,0x00E9,0x00C8,0x00C8,0x00C8,0x00A8,0x0087,0x00C8,0x00E9,0x00A9,
0x00C9,0x00E9,0x00C9,0x00C8,0x00C8,0x00A8,0x00C9,0x00C9,0x00C8,0x00C8,0x00A8,0x00C9,0x00E8,0x00C8,0x00C8,0x00E9,
0x00C9,0x00C9,0x00A8,0x0087,0x0087,0x0086,0x00C8,0x00E9,0x00C9,0x00C8,0x00EA,0x00C9,0x00A8,0x00A8,0x0088,0x00A8,
0x00C8,0x00C8,0x00C8,0x00C9,0x00C9,0x00A8,0x00A8,0x00A9,0x00E9,0x00E8,0x00C9,0x00C9,0x00C9,0x00E9,0x00E9,0x00C9,
0x00C9,0x00C9,0x00C9,0x00E9,0x00E9,0x0087,0x5310,0x1968,0x0002,0x0003,0x0004,0x0043,0x0002,0x0003,0x0001,0x0000,
0x0001,0x0000,0x0021,0x0002,0x0002,0x0001,0x0020,0x0000,0x0001,0x0043,0x0003,0x0043,0x0041,0x0001,0x0001,0x0000,
0x0001,0x0042,0x0044,0x0044,0x0063,0x0063,0x0042,0x0001,0x0000,0x112A,0x2BBD,0x23DF,0x23BF,0x1BDF,0x23BF,0x23BF,
0x23BF,0x23BF,0x1BBF,0x1BBF,0x1BBF,0x1BBF,0x1B9F,0x1BBF,0x23BF,0x1BBF,0x1BBF,0x1B9F,0x1BBF,0x1BBF,0x1BBF,0x1B9E,
0x23BE,0x23BF,0x23DF,0x23DF,0x1BDF,0x23DF,0x23DF,0x23DF,0x23BF,0x1BBE,0x1BDF,0x23DF,0x23DF,0x23DF,0x23DF,0x23BF,
0x23DF,0x23DF,0x2BFF,0x2C1F,0x2BFF,0x2C1F,0x23BC,0x11CD,0x0000,0x0083,0x08C3,0x39C3,0x2882,0x3183,0x38C2,0x30A0,
0x4182,0x3000,0x30E0,0x39A3,0x3883,0x38E3,0x3A03,0x30A3,0x3922,0x41A3,0x3862,0x3922,0x4122,0x3883,0x39E3,0x3962,
0x3042,0x3943,0x41C3,0x4021,0x3102,0x39A2,0x20A4,0x0044,0x320C,0x42D0,0x00A9,0x00EA,0x00E9,0x00C9,0x00C9,0x00C9,
0x00E9,0x00E9,0x00C9,0x00E9,0x00E9,0x00E9,0x00E9,0x00E9,0x00C9,0x00E9,0x00C9,0x00A8,0x2989,0x2987,0x29AA,0x00E9,
0x00E9,0x00E9,0x00C8,0x00E9,0x29E9,0x1949,0x00C9,0x00EA,0x00C9,0x1948,0x2187,0x2146,0x2186,0x29C9,0x21AB,0x00C9,
0x00E8,0x00A8,0x1949,0x3A4B,0x0909,0x00C8,0x1149,0x29CA,0x00E8,0x00C8,0x00C8,0x00C8,0x00C8,0x00C8,0x00C8,0x00C8,
0x00C8,0x00C8,0x29A9,0x3A4A,0x29C9,0x2988,0x1129,0x00C9,0x00E8,0x00E8,0x00A8,0x1989,0x29C9,0x00C8,0x00E9,0x29CB,
0x21AA,0x00A8,0x00E9,0x00C8,0x1148,0x29A9,0x00C8,0x00E9,0x00E9,0x0929,0x31EA,0x08E7,0x00C8,0x00C8,0x00C8,0x00C8,
0x00E9,0x00E9,0x31EA,0x31C8,0x2946,0x2127,0x00C8,0x00EA,0x00E9,0x00E9,0x00C8,0x2189,0x21A8,0x2167,0x2188,0x1989,
0x00E9,0x00E8,0x00C9,0x118B,0x2A0B,0x2169,0x2147,0x0928,0x00C9,0x00E9,0x00E9,0x00C9,0x00E9,0x00E9,0x00E9,0x00C8,
0x00C8,0x00C9,0x00C9,0x00C9,0x00E9,0x00A7,0x5310,0x1989,0x0021,0x3204,0x4184,0x3843,0x3983,0x41C3,0x3821,0x3081,
0x4202,0x3923,0x3842,0x3963,0x41C4,0x3862,0x3020,0x39C1,0x4123,0x3063,0x3202,0x3903,0x3021,0x3981,0x4142,0x3800,
0x30E1,0x41C4,0x28E3,0x3144,0x0905,0x00C5,0x00A3,0x0000,0x11AC,0x23BC,0x23FF,0x23DF,0x23BF,0x1BBF,0x23BF,0x23DF,
0x23DF,0x23BF,0x23BF,0x1BBF,0x1BBF,0x1BBF,0x1BBF,0x1BBF,0x23DF,0x1BDF,0x1BDF,0x1BBF,0x1BBF,0x1BBF,0x1BBF,0x1B9F,
0x23BE,0x23BE,0x23BE,0x23DF,0x23BF,0x1BDF,0x23DF,0x23DF,0x23DF,0x23DF,0x1BBF,0x23DF,0x23DF,0x23DF,0x23DF,0x23BF,
0x23DF,0x23FF,0x2C1F,0x2C1F,0x241F,0x2BFF,0x2C3F,0x1B17,0x0928,0x00A3,0x00A3,0x6202,0xB161,0xCCE3,0xA101,0xC322,
0xCBE3,0xA081,0xC483,0xC3E2,0xA840,0xC343,0xC523,0xA040,0xCC03,0xC3E3,0xA840,0xC4C3,0xB282,0xB101,0xD543,0xB222,
0xA861,0xCD03,0xCBA3,0xB041,0xC423,0xBC02,0x5064,0x0066,0x324E,0x4AD0,0x00A8,0x00EA,0x00E9,0x00E9,0x00C9,0x00C9,
0x00E9,0x00C9,0x00C9,0x00E9,0x00E9,0x00E9,0x00E9,0x00C8,0x00C8,0x00E9,0x00C9,0x7BAE,0xFED4,0xF652,0xFED6,0x630C,
0x00A8,0x00E9,0x00E8,0x00C8,0xD635,0x6B4C,0x0088,0x012A,0x00A8,0xA4EF,0xFEF3,0xEE71,0xF691,0xFF12,0xCDD1,0x00E9,
0x0109,0x0068,0x5B2E,0xF738,0x1169,0x0068,0x630C,0xDE13,0x08C7,0x00C9,0x00C9,0x00C8,0x00C8,0x00C8,0x00C8,0x00C8,
0x00C9,0x0086,0xB510,0xFF35,0xFED4,0xFEF3,0xBD32,0x10E8,0x00E8,0x00E9,0x0047,0x8C50,0xCDD3,0x00A8,0x0088,0xBD72,
0xA48F,0x0046,0x0909,0x0067,0x736D,0xCDD2,0x0066,0x00E9,0x00A9,0x3A4B,0xF6D6,0x2167,0x00A8,0x00E8,0x00C8,0x00E9,
0x00C9,0x0928,0xDE14,0xFEF4,0xF692,0xFEB4,0x6B4D,0x00A8,0x0109,0x00EA,0x0087,0xB510,0xFEB1,0xF670,0xFED1,0xCD91,
0x08C7,0x00EA,0x00A8,0x7C11,0xFF15,0xF692,0xFEF3,0xB531,0x1108,0x00C9,0x00E9,0x00C9,0x00C9,0x00E9,0x00E9,0x00E9,
0x00C8,0x00C9,0x00E9,0x00E9,0x00E9,0x0087,0x52F0,0x1989,0x0043,0xAD65,0xC2E2,0xB041,0xD523,0xBC02,0x9800,0xBB42,
0xD603,0xB181,0xB061,0xD4E3,0xBC43,0xA000,0xB1E2,0xD603,0xB9A2,0xA921,0xCDC3,0xB141,0xA901,0xCDE4,0xC302,0xB021,
0xC3C2,0xC503,0x98C1,0x5921,0x0082,0x00A4,0x00C4,0x0949,0x1AD6,0x243F,0x23DE,0x23DF,0x23DF,0x1BBE,0x1BBF,0x23DF,
0x23DF,0x23BF,0x1BBF,0x1BBE,0x1BBF,0x1BBF,0x1BBF,0x23DF,0x23FF,0x23DF,0x23FF,0x1BDF,0x1BDF,0x23BF,0x23BF,0x1BBF,
0x23BF,0x23DF,0x23DF,0x23DF,0x23DF,0x1BDF,0x1BDF,0x1BDF,0x23DE,0x23DE,0x23DF,0x23DF,0x23DF,0x23DF,0x23DF,0x23DF,
0x23FF,0x23FF,0x23FF,0x2BFF,0x2C1F,0x23FF,0x23FF,0x243F,0x2BFD,0x08E6,0x0021,0x0022,0x08A2,0x0861,0x0800,0x1061,
0x0820,0x0861,0x10C1,0x0841,0x0841,0x08C2,0x0840,0x0800,0x10C2,0x0821,0x0841,0x0881,0x0800,0x0861,0x10A1,0x0800,
0x0840,0x10E2,0x0841,0x0821,0x08A2,0x0041,0x0863,0x0023,0x320C,0x4AD0,0x00A9,0x00EA,0x00E9,0x00E9,0x00E9,0x00C9,
0x00C9,0x00C9,0x00E9,0x00E9,0x00E9,0x00E8,0x00C8,0x00C8,0x00E8,0x00A7,0x320A,0xFED4,0x8389,0x3164,0x9C0C,0xFE94,
0x1949,0x00C8,0x00E9,0x00A7,0xD5F3,0x6B2C,0x0088,0x010A,0x00C8,0x31A6,0x49E4,0xBCCD,0xCD6F,0x49E5,0x39E6,0x00E9,
0x010A,0x0089,0x630D,0xE653,0x08C8,0x0067,0x5289,0xDDD0,0x00C7,0x00E9,0x00C9,0x00C8,0x00C8,0x00C8,0x00C8,0x00C8,
0x00E8,0x0086,0xBD0F,0xAC6C,0x3164,0x5A46,0xFED3,0x83EF,0x0067,0x0909,0x0047,0x8C2F,0xCD91,0x00A8,0x0067,0xB531,
0xA46E,0x0046,0x0109,0x0066,0x736D,0xD5B2,0x0087,0x00E9,0x0088,0x3A2A,0xF673,0x2168,0x00A9,0x00E9,0x00C8,0x00C8,
0x00C8,0x08E6,0xDE12,0x838A,0x3984,0x8BAA,0xFED4,0x31C9,0x00A8,0x00E9,0x0087,0xC52F,0xAC4A,0x3984,0x49C5,0x3984,
0x00A7,0x00E9,0x0067,0x83EE,0xD5AE,0x41C5,0x6287,0xFEB2,0x7B6C,0x0067,0x00E9,0x00C9,0x00C9,0x00E9,0x00E9,0x00E9,
0x00E9,0x00C9,0x00C9,0x00E9,0x00E9,0x00A7,0x52EF,0x1988,0x0023,0x08C4,0x0821,0x0841,0x10E2,0x0040,0x0800,0x08C2,
0x0882,0x0821,0x0882,0x10E2,0x0821,0x0800,0x0860,0x08A2,0x0841,0x1082,0x0861,0x0800,0x0861,0x08A1,0x0841,0x1041,
0x08A1,0x0061,0x1041,0x0022,0x0062,0x0040,0x096B,0x2C3F,0x23FF,0x23DF,0x23FF,0x2BFF,0x23DF,0x1BDF,0x1BBF,0x1BBF,
0x23DF,0x23DF,0x1BBF,0x1BBF,0x1BBF,0x23DF,0x23DF,0x23FF,0x23FF,0x23FF,0x1BDF,0x23DF,0x23DF,0x23DF,0x23BF,0x1BBF,
0x23BF,0x23DF,0x23DF,0x23DF,0x1BDE,0x23BE,0x343E,0x2BFE,0x1BBF,0x1BDF,0x23DF,0x23DF,0x23DF,0x23DF,0x23DF,0x23DF,
0x23DF,0x2C1F,0x23FF,0x2BFF,0x2C1F,0x2C1F,0x241F,0x2C1F,0x341F,0x2BBA,0x0907,0x0000,0x0020,0x0082,0x0062,0x0021,
0x0021,0x0023,0x0063,0x0022,0x0022,0x0062,0x0003,0x0022,0x0083,0x0022,0x0002,0x0043,0x0042,0x0001,0x0043,0x0083,
0x0023,0x0024,0x0084,0x0084,0x0002,0x0002,0x0083,0x0003,0x29EB,0x4ACF,0x0088,0x00E9,0x00E9,0x00C9,0x00E9,0x00E9,
0x00E9,0x00C9,0x00C9,0x00E9,0x00C8,0x00C8,0x00C8,0x00C8,0x00C8,0x0087,0x3208,0xEDEE,0x10E4,0x0067,0x08C4,0x49E5,
0x08E8,0x00C9,0x00C8,0x00A7,0xD5D2,0x6B0C,0x0067,0x00E8,0x00C8,0x0086,0x0003,0x940B,0xB4AD,0x0003,0x00A7,0x00C9,
0x00E9,0x0088,0x4A48,0xFE90,0x5ACA,0x0087,0xBCEF,0xCD6F,0x00A6,0x00C9,0x00E9,0x00C9,0x00C8,0x00C8,0x00C8,0x00C8,
0x00E8,0x0087,0xBD2E,0x9BEB,0x1083,0x39C7,0xEE51,0x83AB,0x0068,0x0909,0x0048,0x8C2E,0xCD70,0x00A8,0x0067,0xB510,
0xA44D,0x0046,0x0109,0x0067,0x736C,0xD5D2,0x00A8,0x00E9,0x0087,0x3A09,0xEE51,0x2167,0x00A8,0x00E8,0x00C8,0x00C8,
0x00A8,0x08A6,0xE5F1,0x4A29,0x0004,0x1106,0xEE31,0x4208,0x0088,0x00E8,0x0066,0xC52F,0x93EA,0x10A5,0x2126,0x0084,
0x00A7,0x00E9,0x0047,0x8BCB,0xB50E,0x0003,0x0002,0xCD6E,0x93EC,0x0047,0x00E9,0x00C9,0x00E9,0x00E9,0x00E9,0x00C9,
0x00E9,0x00C9,0x00E9,0x00E9,0x00E9,0x00A8,0x52EF,0x198A,0x0044,0x0044,0x0043,0x0062,0x0002,0x0022,0x0063,0x0024,
0x00A4,0x0085,0x0044,0x0024,0x0022,0x0041,0x0002,0x0023,0x0085,0x0002,0x0001,0x0042,0x0002,0x0022,0x00C4,0x0064,
0x0022,0x0083,0x00A4,0x0040,0x0000,0x11CD,0x23DD,0x241F,0x23DF,0x23DF,0x23DF,0x23FF,0x23DF,0x23DF,0x23DF,0x23DF,
0x23DF,0x23DF,0x23DF,0x23DF,0x23DF,0x23DF,0x23DF,0x2BFF,0x1BFF,0x2BFE,0x3C1D,0x2BFE,0x1BBF,0x1BDF,0x23BF,0x1BBF,
0x23DF,0x23DF,0x23DE,0x1BBF,0x2BFE,0xB65C,0xE6FB,0x9D7A,0x5C9D,0x2BFE,0x23DF,0x23DF,0x23DF,0x23DF,0x23DF,0x23DF,
0x23DF,0x2BFF,0x23FF,0x23FF,0x2C1F,0x2BFF,0x23FF,0x2BFF,0x2C1F,0x2C3F,0x23FE,0x1251,0x00A4,0x00E4,0x0041,0x5203,
0x8921,0x9B43,0xA162,0xA261,0xA3C3,0x8821,0x9B22,0xB4C3,0x98C2,0x9921,0xB543,0xA343,0x9001,0x9AA2,0xB4E4,0x9162,
0x8081,0xACA3,0xB3C4,0x9022,0x92A2,0xB463,0x50C2,0x0003,0x29EB,0x4ACF,0x0088,0x00E9,0x00E9,0x00C9,0x00C9,0x00E9,
0x00E9,0x00E9,0x00E9,0x00C8,0x00E8,0x00C8,0x00C8,0x00C8,0x00E8,0x0088,0x3208,0xEE0E,0x2147,0x00E9,0x00E9,0x0046,
0x00C8,0x00C8,0x00C9,0x00A7,0xD5D1,0x732B,0x0067,0x00E8,0x00C8,0x0109,0x00A9,0xA44C,0xBCED,0x0087,0x010A,0x00E9,
0x00C9,0x00C9,0x0065,0x8347,0xF62F,0xC52E,0xEE2F,0x3985,0x00A7,0x00E9,0x00E9,0x00E9,0x00E9,0x00C8,0x00C8,0x00C8,
0x00E8,0x00C7,0xB4CD,0xFE8F,0xF62E,0xFEB0,0xC4CC,0x0064,0x00C8,0x00E9,0x0068,0x8C4F,0xCD6F,0x00A7,0x0067,0xB4EE,
0xA42C,0x0046,0x0109,0x0067,0x734B,0xD590,0x00A7,0x00E9,0x0088,0x3A09,0xF671,0x2146,0x0087,0x00C8,0x00C8,0x00C8,
0x00A8,0x08A5,0xE5F0,0x5A8A,0x0088,0x21AA,0xEE50,0x41E7,0x0088,0x00E8,0x0086,0xBCCE,0xFEB0,0xFE4F,0xFE8F,0x4A6A,
0x0088,0x0109,0x0067,0x83AB,0xE5EF,0x62EA,0x7B8D,0xFE8F,0x6AEA,0x0068,0x00E8,0x00C9,0x00C8,0x00C8,0x00E8,0x00C9,
0x00E9,0x00E9,0x00E9,0x00E9,0x00E9,0x00A8,0x4AEF,0x1969,0x0084,0x9CE7,0x91E2,0x8021,0xA423,0x9AE3,0x7882,0xACE4,
0xAA84,0x9902,0xA303,0xA282,0x9B23,0x8000,0xA342,0xB524,0x9082,0x9242,0xAC43,0x8861,0x9A02,0xB4A3,0x8882,0x9A42,
0x83E3,0x0062,0x00E4,0x0083,0x1A72,0x2C3F,0x23FF,0x23DF,0x23FF,0x23DF,0x23DF,0x23DF,0x23DF,0x23DF,0x23DF,0x23DF,
0x23DF,0x23DF,0x23DF,0x23DE,0x23DF,0x23DF,0x23DF,0x1BDF,0x443D,0xC69C,0xDEBB,0x955A,0x545D,0x23DE,0x23BF,0x1B9F,
0x23BE,0x23BF,0x23DE,0x23DE,0x7D5C,0xFFDC,0xE6DA,0xCE39,0xC619,0x5C9B,0x23DF,0x23DF,0x1BDF,0x23DF,0x2BFF,0x23FF,
0x23DF,0x2BFF,0x2BFF,0x2BFF,0x2C1F,0x23FF,0x23FF,0x2C1F,0x2BFF,0x2BFF,0x2BFF,0x349F,0x11ED,0x0061,0x0062,0x1881,
0x58E1,0x6A63,0x58A2,0x7242,0x6201,0x6001,0x6B02,0x6B02,0x5821,0x6921,0x7B82,0x6162,0x6000,0x6A41,0x6AC2,0x5060,
0x5080,0x7342,0x61C1,0x5000,0x6A62,0x6AA2,0x2821,0x0002,0x29EB,0x4ACF,0x0088,0x00E9,0x00C9,0x00C9,0x00C9,0x00E9,
0x00C9,0x00C9,0x00C9,0x00C8,0x00C8,0x00C8,0x00C8,0x00C8,0x00E8,0x0088,0x3A07,0xE546,0x1106,0x00A7,0x00A7,0x2189,
0x08E9,0x00C8,0x00C8,0x00C8,0xD54C,0x6A66,0x0067,0x00E8,0x00C8,0x00E8,0x0067,0x9C09,0xBCA9,0x0067,0x00E9,0x00E8,
0x00C9,0x00C9,0x00E8,0x0002,0x9386,0xFE4B,0x3983,0x0045,0x0109,0x00C9,0x00C8,0x00C8,0x00C8,0x00C8,0x00C8,0x00C8,
0x00C8,0x00A7,0xB4AA,0xBC26,0x5203,0x72A5,0xE5AC,0x5ACA,0x00A8,0x00E9,0x0089,0x8C0B,0xC4AA,0x0066,0x0068,0xAC6A,
0xA3E8,0x0087,0x0909,0x0067,0x734A,0xCCE9,0x0086,0x00E8,0x00A8,0x3A29,0xF5EC,0x2926,0x0087,0x00C7,0x00C7,0x00C8,
0x00C8,0x08E6,0xE56B,0x5247,0x0068,0x1948,0xEDCB,0x41E6,0x0089,0x00E8,0x00A7,0xBCCA,0xBC26,0x5A03,0x6223,0x1927,
0x00C9,0x00E9,0x0088,0x83AB,0xFE2E,0xE5AC,0xFE6B,0x9386,0x0884,0x00E9,0x00C8,0x00C9,0x00C8,0x00C8,0x00E8,0x00C8,
0x00C9,0x00E9,0x00E9,0x00E9,0x00E9,0x00A7,0x52CF,0x1948,0x0083,0x6304,0x60A0,0x6061,0x7383,0x5981,0x58A1,0x7363,
0x60E2,0x6142,0x51A1,0x61A1,0x5181,0x5042,0x72E3,0x6AC1,0x5000,0x6A01,0x72C2,0x5041,0x6A22,0x72C3,0x5861,0x6A22,
0x39E1,0x0042,0x0081,0x0908,0x2C3F,0x23FF,0x23FF,0x23FF,0x23FF,0x2BFF,0x23FF,0x23DF,0x23DF,0x23DF,0x23DF,0x23DF,
0x23DF,0x2BFF,0x23DF,0x23DF,0x23DF,0x23DF,0x23DF,0x4C5D,0xC67B,0xFFBB,0xD658,0xC619,0xADDA,0x3BFD,0x1BBF,0x1BBF,
0x23BF,0x1B9F,0x137D,0x7D3C,0xDEBA,0xCE5A,0xD699,0xF71A,0xC65A,0xA57A,0x33FE,0x23FE,0x4C5D,0x23DF,0x2BFF,0x2BFF,
0x2BFF,0x2BFF,0x2C1F,0x2C1F,0x2C1F,0x2C1F,0x2C1F,0x2C1F,0x2C1F,0x2BFF,0x2BFE,0x345F,0x2AF6,0x0020,0x0020,0x0021,
0x0021,0x0044,0x00A4,0x0002,0x0001,0x0021,0x0024,0x0024,0x0022,0x0001,0x0004,0x0024,0x0062,0x0022,0x0003,0x0001,
0x0001,0x0003,0x0003,0x0021,0x0002,0x0004,0x0064,0x0023,0x29EB,0x52F0,0x0088,0x00E9,0x00C9,0x00C9,0x00C9,0x00C9,
0x00C9,0x00C9,0x00E9,0x00C9,0x00C9,0x00E9,0x00C8,0x00C8,0x00E8,0x00A8,0x3A07,0xFDA2,0x4A46,0x0066,0x5AA6,0xF566,
0x2167,0x00A9,0x00E9,0x00C8,0xD509,0x6A65,0x0067,0x00C8,0x00C8,0x00E8,0x0087,0x9C07,0xBC65,0x0067,0x00E9,0x00C8,
0x00C8,0x00C8,0x00E8,0x0067,0x5A64,0xECC3,0x08A3,0x00E9,0x00E9,0x00C9,0x00C8,0x00C8,0x00C8,0x00C8,0x00C8,0x00C8,
0x00E8,0x0087,0xB466,0x82A2,0x0001,0x10A3,0xEDA9,0xB469,0x00A8,0x0909,0x0088,0x8B86,0xED44,0x1906,0x00C8,0xD507,
0xABE5,0x0087,0x00E8,0x0067,0x7347,0xCC83,0x0084,0x00C8,0x0088,0x39E7,0xED45,0x3185,0x00C8,0x08E7,0x00C7,0x00C8,
0x00C8,0x0907,0xDD47,0x5A65,0x0087,0x4226,0xFDC3,0x41C5,0x0089,0x00E8,0x0087,0xC4A6,0x82C1,0x0001,0x0001,0x00A7,
0x00EA,0x00E8,0x0047,0x8BC8,0xB445,0x30E1,0xF5A4,0x5A25,0x0069,0x00E9,0x00C8,0x00C9,0x00C8,0x00C8,0x00E8,0x00C8,
0x00C8,0x00C9,0x00E8,0x00C8,0x00E8,0x00A7,0x52F0,0x1989,0x0023,0x0005,0x0002,0x0021,0x0004,0x0023,0x0042,0x0003,
0x0022,0x0042,0x0001,0x0000,0x0022,0x0085,0x0024,0x0002,0x0000,0x0001,0x0023,0x0063,0x0003,0x0045,0x00C5,0x0042,
0x0022,0x0041,0x0041,0x22F6,0x343F,0x2C1F,0x23FF,0x2BFF,0x2BFF,0x2BFF,0x2BFF,0x23FF,0x23FF,0x23FF,0x23FF,0x23DF,
0x23FF,0x23FF,0x23DF,0x23DF,0x1B9E,0x1BDE,0x23BD,0xA5FB,0xDE78,0xC619,0xCE5A,0xEF1B,0xBDF9,0x74DC,0x1B9E,0x1B9E,
0x239E,0x8D7C,0xC63B,0xD69C,0xF75B,0xD69A,0xDEBA,0xD65A,0xCE7A,0xBDF9,0x8D5A,0xB63C,0xE6DC,0x6CDC,0x2BFE,0x2BFE,
0x23FF,0x2C1F,0x341F,0x2C1F,0x2C1F,0x2C1F,0x2C1F,0x2C1F,0x2C1F,0x2BFF,0x2BFF,0x2C1F,0x343F,0x2B37,0x19AB,0x0000,
0x0062,0x00A4,0x0884,0x1922,0x2101,0x2041,0x1863,0x2144,0x2103,0x2063,0x20C4,0x2164,0x2084,0x1883,0x2144,0x20E3,
0x1862,0x2103,0x20E2,0x1800,0x18E2,0x2984,0x10E6,0x0024,0x320C,0x4AEF,0x0088,0x00E9,0x00E9,0x00C9,0x00C9,0x00C8,
0x00C8,0x00E8,0x00E9,0x00E9,0x00E9,0x00E9,0x00E9,0x00E9,0x00C9,0x00C9,0x10E6,0xABA2,0xF563,0xCCC4,0xFD43,0x9301,
0x00A7,0x00E9,0x00E9,0x00C7,0xD4E5,0x7284,0x0067,0x00E8,0x00C8,0x00E8,0x0089,0xA406,0xC443,0x0087,0x00E8,0x00C8,
0x00C8,0x00C8,0x00E8,0x0068,0x7306,0xF503,0x1106,0x00C9,0x00E8,0x00C8,0x00C8,0x00C8,0x00C8,0x00C8,0x00C8,0x00C8,
0x00C8,0x00A7,0xB424,0xFD63,0xD505,0xF565,0xE524,0x4184,0x00C9,0x00E8,0x00A8,0x2924,0xCC81,0xE545,0xDD44,0xED02,
0x4983,0x00C8,0x00E9,0x0088,0x7B25,0xDCC2,0x0086,0x00C8,0x00A8,0x39A5,0xFD82,0xE565,0xD526,0xE584,0x6286,0x0088,
0x00E9,0x1128,0xED46,0xED63,0xD505,0xF563,0xA361,0x10C6,0x00E9,0x00C9,0x00A8,0xC4A6,0xFD82,0xD504,0xE525,0xBCA5,
0x08E8,0x00C8,0x0067,0x8B44,0xBC04,0x0025,0x72C3,0xFDE6,0x5249,0x00A9,0x00E9,0x00E9,0x00C8,0x00C8,0x00C8,0x00C8,
0x00E8,0x00C8,0x00C8,0x00C8,0x00E8,0x00A7,0x5310,0x21AA,0x0044,0x1985,0x2124,0x1062,0x1903,0x20E5,0x1864,0x1903,
0x20E3,0x2042,0x18C4,0x2103,0x2083,0x2104,0x2944,0x2083,0x18A1,0x2122,0x2083,0x20E3,0x2984,0x00E4,0x0084,0x0883,
0x0020,0x08A5,0x2338,0x2C5F,0x2C1F,0x2C1F,0x2C1F,0x2C1F,0x2C1F,0x2BFF,0x2C1F,0x2C1F,0x2BFF,0x23FF,0x23FF,0x23FF,
0x23DF,0x2BDE,0x1BDF,0x1BBE,0x853C,0xD69B,0x9D9B,0xCE7B,0xEEFB,0xC639,0xCE39,0xBDF9,0xC619,0xA599,0x7D1B,0xB63C,
0xA5BA,0xDEBA,0xB5D9,0xBE19,0xC5F9,0xE6BA,0xCE59,0xA599,0xB5D9,0xCE59,0xCE5A,0xEEFA,0xD699,0xBE1B,0x959B,0x95BC,
0x54BD,0x4C9E,0x343E,0x2C1F,0x2C1F,0x2C1F,0x2C1F,0x2C1F,0x2C1F,0x2C1F,0x2C1F,0x33FF,0x2BFE,0x2C3F,0x3C5F,0x2291,
0x0062,0x00C4,0x0001,0x52C2,0xCD63,0xB041,0xB9C1,0xDE62,0xC222,0xC041,0xD523,0xD4A2,0xC020,0xCB42,0xD603,0xB901,
0xB161,0xD582,0xB9C1,0xB081,0xDD82,0xDB81,0x7884,0x0064,0x31EB,0x42AE,0x0088,0x00E9,0x00C9,0x00E9,0x00E8,0x00C8,
0x00C9,0x00E9,0x00C9,0x00C9,0x00C8,0x00E9,0x00E9,0x00E9,0x00C8,0x00E8,0x00A7,0x1083,0x59C1,0x6A00,0x61C0,0x0062,
0x00C7,0x00E8,0x00E9,0x00C7,0x51C2,0x2924,0x00C9,0x00C8,0x00C8,0x00C8,0x00C8,0x39A3,0x4981,0x00A8,0x00E9,0x00C8,
0x00C8,0x00C9,0x00E8,0x00A7,0x3165,0x6241,0x08E7,0x00C9,0x00E9,0x00C8,0x00C8,0x00C8,0x00C8,0x00C8,0x00C8,0x00C8,
0x00E8,0x00A6,0x49A3,0x7A60,0x7240,0x7220,0x28C1,0x0045,0x00C8,0x00C8,0x00E9,0x0066,0x28C1,0x7A61,0x7A61,0x38E0,
0x0065,0x00E8,0x00E9,0x00C9,0x3164,0x59E2,0x00A7,0x00C8,0x00C9,0x1905,0x7221,0x7240,0x6A00,0x7240,0x3143,0x00A9,
0x00E9,0x0108,0x6223,0x7241,0x6A20,0x59E1,0x0042,0x00A8,0x00E9,0x00E9,0x00C8,0x5204,0x7A61,0x6A41,0x7220,0x61E1,
0x00C7,0x00C9,0x00C8,0x3963,0x49A2,0x0109,0x00A6,0x6A22,0x41C4,0x00C9,0x00E9,0x00E9,0x00C8,0x00C8,0x00C8,0x00C8,
0x00C8,0x00E9,0x00E8,0x00E9,0x00E9,0x0087,0x4ACF,0x198A,0x0063,0xBDC5,0xCAC1,0xB0A1,0xCD22,0xC181,0xB901,0xD563,
0xBA21,0xA861,0xCCC2,0xBAE2,0xB041,0xD583,0xC322,0xB021,0xC4E2,0xB2E2,0xA001,0xCCA2,0x73C2,0x0021,0x0084,0x0041,
0x1129,0x33FB,0x2C3F,0x33FF,0x2C1F,0x2C1F,0x2C1F,0x343F,0x2C3F,0x2C1F,0x2C1F,0x2C1F,0x2BFF,0x2BFF,0x2BFF,0x23FF,
0x547D,0xBE7C,0x6CDC,0x959C,0xFF5A,0xEEF8,0xDEBA,0xDE9A,0xBDD9,0xD65A,0xB5B8,0xA579,0xA559,0xBDF9,0xD69A,0xD699,
0x955A,0x8D1A,0x84FA,0x8D1A,0x8D1A,0xA5BA,0x953A,0x84FA,0x953A,0xB5FA,0x955A,0x8D19,0x957A,0x8D3A,0x957A,0x957B,
0x9DBC,0x857D,0x753D,0x5CDD,0x2C1F,0x2C3F,0x2C1F,0x2C1F,0x343F,0x343F,0x343F,0x2C1F,0x2C1F,0x2C1E,0x343F,0x447F,
0x11AC,0x0041,0x0021,0x0041,0x2103,0x2043,0x2922,0x2982,0x2822,0x2882,0x21C3,0x20A2,0x2821,0x29A3,0x2163,0x2021,
0x20E2,0x2142,0x2000,0x28E2,0x3204,0x28A3,0x2022,0x0021,0x29CA,0x6B71,0x08E9,0x00E9,0x00C9,0x00C8,0x00C8,0x00C8,
0x00C8,0x00C8,0x00C9,0x00C8,0x00C8,0x00C9,0x00C8,0x00C8,0x00C9,0x00C9,0x00C9,0x00A7,0x0024,0x0024,0x0044,0x0086,
0x00C7,0x00C9,0x00C9,0x00A8,0x0024,0x00A7,0x00E9,0x00C8,0x00C8,0x00C8,0x00C8,0x0065,0x0045,0x00E9,0x00C8,0x00C8,
0x00C8,0x00C8,0x00C8,0x00C8,0x00A6,0x0044,0x00C8,0x00C8,0x00E9,0x00E9,0x00C8,0x00C8,0x00C8,0x00C8,0x00C8,0x00C9,
0x00C8,0x00A6,0x0023,0x0024,0x0045,0x0023,0x0065,0x00A7,0x00C8,0x00C9,0x00C8,0x00C7,0x0085,0x0045,0x0044,0x0044,
0x00C7,0x00C9,0x00C9,0x00E9,0x0065,0x0023,0x00E9,0x00C8,0x00E8,0x00C8,0x0045,0x0003,0x0003,0x0004,0x0066,0x00C8,
0x00C8,0x00C8,0x0024,0x0024,0x0004,0x0004,0x00C7,0x00C8,0x00C8,0x00E9,0x00E9,0x0065,0x0044,0x0045,0x0024,0x0023,
0x00A7,0x00A8,0x00E9,0x0087,0x0044,0x00C9,0x00E9,0x0024,0x0045,0x00E9,0x00E9,0x00E9,0x00C9,0x00C8,0x00C8,0x00C8,
0x00C8,0x00E9,0x00E9,0x00E9,0x00C9,0x08E8,0x5B30,0x1948,0x0042,0x29A4,0x2883,0x30C2,0x2942,0x2001,0x20E1,0x2963,
0x2001,0x1860,0x2162,0x2021,0x2061,0x2183,0x1841,0x2061,0x2183,0x1841,0x2020,0x2122,0x00A2,0x0062,0x0020,0x08E7,
0x341C,0x2C7F,0x341E,0x341F,0x2C1F,0x343F,0x343F,0x343F,0x343F,0x2C1F,0x2C1F,0x2C1F,0x2C1F,0x2BFF,0x4CBD,0x64FD,
0x8D7C,0xA5BA,0xADBB,0x9D7A,0x955A,0x9D7A,0x957A,0x955A,0x7CF9,0x955A,0x8D1A,0x8D1A,0x8519,0x9D7A,0x9D7A,0x9D7A,
0x3C3E,0x343F,0x341F,0x341E,0x3C3E,0x3C3F,0x341E,0x341E,0x341F,0x3C3E,0x33FE,0x341F,0x343E,0x343E,0x341E,0x2C1F,
0x341E,0x2C3F,0x343F,0x343F,0x343F,0x343F,0x343F,0x343F,0x3C5F,0x343F,0x343F,0x343F,0x343F,0x343F,0x343E,0x3C5F,
0x3CBF,0x1A0D,0x0000,0x0041,0x0042,0x0062,0x0042,0x0021,0x0042,0x0042,0x0022,0x0042,0x0042,0x0022,0x0042,0x0062,
0x0042,0x0001,0x0000,0x0042,0x0042,0x0022,0x0020,0x0001,0x08C6,0x6351,0x73B2,0x114A,0x0108,0x08E8,0x08E8,0x08E9,
0x08E8,0x08E9,0x0908,0x08E9,0x08E9,0x08E9,0x08E8,0x08E8,0x08E9,0x08E8,0x00C7,0x0908,0x0909,0x092A,0x0909,0x00C7,
0x00E8,0x0909,0x08E8,0x00C7,0x0108,0x0129,0x0109,0x00E9,0x08E9,0x08C7,0x00A6,0x00E8,0x0109,0x090A,0x08E8,0x00A7,
0x00C7,0x00C7,0x00E8,0x00E8,0x0109,0x010A,0x00E8,0x00C7,0x00E8,0x0909,0x0909,0x0909,0x0909,0x08E8,0x08E7,0x0908,
0x0909,0x0909,0x0908,0x092A,0x092A,0x08E8,0x08C7,0x08A7,0x08E8,0x0909,0x08E9,0x08C7,0x0908,0x092A,0x0909,0x0909,
0x08E8,0x00C8,0x00C8,0x00C7,0x00E8,0x0108,0x00E9,0x00E8,0x00C7,0x00E8,0x0929,0x0929,0x0909,0x092A,0x0909,0x00E7,
0x08C7,0x08E8,0x0909,0x0929,0x092A,0x08E9,0x00C8,0x00C7,0x00E8,0x090A,0x0909,0x0909,0x0909,0x092A,0x092A,0x08E8,
0x08A7,0x08C7,0x0909,0x092A,0x0909,0x08E8,0x0909,0x092A,0x00E8,0x00E8,0x00E9,0x00E8,0x08E8,0x00E8,0x00E8,0x00E9,
0x0909,0x00E8,0x08E8,0x00E8,0x196A,0x73F3,0x426D,0x0064,0x0021,0x0022,0x0063,0x0063,0x0001,0x0021,0x0042,0x0022,
0x0041,0x0041,0x0001,0x0001,0x0021,0x0022,0x0021,0x0042,0x0022,0x0041,0x0041,0x0041,0x0062,0x0020,0x1149,0x343D,
0x345F,0x343F,0x343F,0x343F,0x341F,0x343F,0x343F,0x343F,0x343F,0x341F,0x343F,0x343F,0x343F,0x343F,0x343F,0x343E,
0x2C1F,0x2BFF,0x341E,0x2C1E,0x341E,0x341E,0x341E,0x341E,0x33FE,0x3C1E,0x3C3E,0x341E,0x343E,0x33FE,0x33FE,0x341E,
0x2C3F,0x343F,0x345F,0x343F,0x343F,0x1B9F,0x2BFF,0x343F,0x341F,0x2C1F,0x2BFF,0x2C1F,0x2C3F,0x343F,0x343F,0x343E,
0x343F,0x343F,0x343F,0x345F,0x345F,0x343F,0x343F,0x3C5F,0x3C5F,0x343F,0x343F,0x343F,0x345F,0x3C5F,0x2BDF,0x2C1F,
0x3C7F,0x447F,0x116A,0x0000,0x0022,0x0021,0x0021,0x0021,0x0021,0x0021,0x0021,0x0021,0x0021,0x0021,0x0021,0x0021,
0x0021,0x0021,0x0021,0x0021,0x0021,0x0021,0x0022,0x0001,0x0001,0x0086,0x6371,0x52CF,0x4ACF,0x5310,0x4AAE,0x4ACF,
0x5310,0x52EF,0x4ACF,0x4AAE,0x52EF,0x5B31,0x4ACF,0x4AAE,0x5310,0x52F0,0x4AAF,0x52CF,0x52CF,0x5310,0x4ACF,0x4AAE,
0x4AF0,0x52EF,0x52CE,0x52CF,0x5B31,0x5B51,0x5331,0x5B51,0x4ACE,0x4A8D,0x52EF,0x5331,0x5B31,0x5310,0x52CD,0x5AEF,
0x52CE,0x52EE,0x5331,0x5B10,0x5B30,0x5B72,0x5331,0x5B30,0x4AAD,0x4AAE,0x4ACF,0x52EF,0x5B52,0x5331,0x52EF,0x4AAD,
0x530F,0x52F0,0x4AD0,0x4ACE,0x4AAD,0x4AAF,0x4ACF,0x4AAE,0x4ACE,0x4ACF,0x4ACF,0x4AAE,0x4ACF,0x52F0,0x4AEF,0x5310,
0x52EF,0x5310,0x52EF,0x52EF,0x5B51,0x5B31,0x5B31,0x5310,0x52CE,0x5330,0x5311,0x5B31,0x5310,0x52F0,0x4AAF,0x426C,
0x426D,0x4AAE,0x4ACF,0x4AAD,0x530F,0x4ACF,0x52F0,0x5331,0x4AD0,0x52F0,0x5B30,0x5310,0x4ACF,0x530F,0x5310,0x4ACF,
0x428E,0x42AF,0x4ACF,0x52EF,0x4AF0,0x5310,0x5310,0x4AAE,0x428E,0x5B31,0x52F0,0x52EF,0x52EF,0x5310,0x5331,0x5330,
0x4ACE,0x4ACE,0x4ACF,0x4ACF,0x4AF0,0x4ACE,0x0065,0x0001,0x0000,0x0021,0x0021,0x0021,0x0021,0x0021,0x0021,0x0021,
0x0021,0x0001,0x0001,0x0021,0x0001,0x0021,0x0021,0x0001,0x0001,0x0021,0x0021,0x0022,0x0000,0x08E7,0x1BBD,0x343F,
0x343F,0x3C7F,0x343F,0x343F,0x3C5F,0x345F,0x343F,0x343F,0x343F,0x343F,0x3C5F,0x343F,0x343F,0x343F,0x343F,0x343F,
0x343F,0x2C1F,0x343F,0x343F,0x2C1F,0x341F,0x2C1F,0x2C1F,0x2C1F,0x341F,0x2C1F,0x2C1F,0x2BFF,0x2C1F,0x2BFF,0x2BFF,
0x345F,0x3C5F,0x3C5F,0x3C5F,0x2C1F,0x0B5F,0x23BF,0x3C3F,0x341F,0x2BFF,0x341F,0x343F,0x345F,0x341F,0x2C1F,0x345F,
0x343F,0x343F,0x343F,0x345F,0x3C7F,0x345F,0x343F,0x3C5F,0x3C5F,0x3C5F,0x3C5F,0x3C5F,0x3C5F,0x343F,0x1B7F,0x23BF,
0x445F,0x3C5F,0x2BBD,0x1B39,0x235B,0x33BB,0x2B9A,0x237A,0x33BA,0x2BBA,0x2B7A,0x2B9A,0x2B7A,0x2BBA,0x2B9A,0x2B7A,
0x2B9A,0x131A,0x131A,0x131A,0x12FA,0x12DA,0x0AFB,0x0A96,0x0043,0x0000,0x0044,0x0084,0x00A6,0x00C7,0x00A5,0x0064,
0x0064,0x0085,0x00A6,0x0084,0x00A5,0x08E6,0x00C7,0x00A5,0x00A6,0x08C7,0x00A6,0x0064,0x0063,0x00A5,0x00A6,0x00A6,
0x00A6,0x0064,0x0063,0x08A5,0x08C7,0x08C7,0x08C7,0x08C7,0x0085,0x0084,0x08C6,0x08E7,0x08C7,0x08A5,0x0084,0x08C6,
0x08A6,0x0885,0x08C6,0x08C5,0x08C5,0x08E7,0x08E7,0x08C6,0x0064,0x0085,0x0084,0x00A5,0x08C7,0x00C7,0x00A5,0x0084,
0x00A4,0x00A6,0x00A6,0x0084,0x0063,0x00A6,0x08A7,0x00A6,0x0085,0x0085,0x0085,0x00A5,0x00C6,0x00A5,0x0085,0x00A6,
0x00C6,0x08C6,0x0884,0x08A5,0x08E6,0x08C6,0x08C6,0x08A6,0x08A6,0x08C6,0x00C6,0x00C6,0x0084,0x00A5,0x0085,0x0063,
0x0063,0x0085,0x0085,0x0063,0x0084,0x00A6,0x08C7,0x08E8,0x08A5,0x0084,0x08A5,0x08A5,0x0084,0x0063,0x00A5,0x00A6,
0x00A6,0x0085,0x0085,0x00A6,0x00A6,0x00A7,0x00A6,0x0084,0x00A5,0x08C6,0x08A5,0x0084,0x0085,0x08C6,0x00C6,0x08A6,
0x0084,0x08A6,0x08C6,0x00C6,0x0085,0x0044,0x0000,0x0084,0x0AD8,0x0ABA,0x12FA,0x1AFA,0x12FB,0x12FB,0x1AFA,0x12FA,
0x0ABA,0x0A9A,0x0A99,0x0ADA,0x0ADB,0x12DA,0x12DA,0x0ABA,0x0AB9,0x1AF9,0x1B3A,0x1B1A,0x1B1A,0x237D,0x1BDF,0x23DE,
0x343F,0x3C5F,0x2BDF,0x2C1F,0x3C7F,0x3C5F,0x3C5F,0x2BFF,0x343F,0x3C3F,0x3C5F,0x3C3E,0x3C3F,0x343F,0x343F,0x3C3F,
0x3C5F,0x341F,0x341F,0x345F,0x3C3F,0x343F,0x343F,0x343F,0x343F,0x341F,0x343F,0x343F,0x343F,0x343F,0x343F,0x343F,
0x343F,0x341F,0x345F,0x2C1F,0x23DF,0x0B5F,0x1B7E,0x33FE,0x2BFF,0x137E,0x2BFF,0x343F,0x2BFF,0x23BE,0x137E,0x2C1F,
0x3C5F,0x3C5F,0x2BDF,0x23DF,0x3C7F,0x345F,0x3C5F,0x3C5F,0x3C7F,0x3C5F,0x3C5F,0x3C7F,0x3C7F,0x2BDF,0x135F,0x137E,
0x3C1E,0x341F,0x23FF,0x23FF,0x2C1F,0x3C7F,0x343F,0x23FF,0x343F,0x2C3F,0x23FF,0x345F,0x2BFF,0x345F,0x343F,0x343F,
0x343F,0x23BF,0x23DF,0x1BDF,0x23BF,0x1BDF,0x1BDF,0x1BBF,0x12B7,0x0022,0x0000,0x0000,0x0000,0x0000,0x0000,0x0000,
0x0000,0x0000,0x0000,0x0000,0x0000,0x0000,0x0000,0x0000,0x0000,0x0000,0x0000,0x0000,0x0000,0x0000,0x0000,0x0000,
0x0000,0x0000,0x0000,0x0000,0x0000,0x0000,0x0000,0x0000,0x0000,0x0000,0x0000,0x0000,0x0000,0x0000,0x0000,0x0000,
0x0000,0x0000,0x0000,0x0000,0x0000,0x0000,0x0000,0x0000,0x0000,0x0000,0x0000,0x0000,0x0000,0x0000,0x0000,0x0000,
0x0000,0x0000,0x0000,0x0000,0x0000,0x0000,0x0000,0x0000,0x0000,0x0000,0x0000,0x0000,0x0000,0x0000,0x0000,0x0000,
0x0000,0x0000,0x0000,0x0000,0x0000,0x0000,0x0000,0x0000,0x0000,0x0000,0x0000,0x0000,0x0000,0x0000,0x0000,0x0000,
0x0000,0x0000,0x0000,0x0000,0x0000,0x0000,0x0000,0x0000,0x0000,0x0000,0x0000,0x0000,0x0000,0x0000,0x0000,0x0000,
0x0000,0x0000,0x0000,0x0000,0x0000,0x0000,0x0000,0x0000,0x0000,0x0000,0x0000,0x0000,0x0000,0x0000,0x0000,0x0000,
0x0000,0x0000,0x0000,0x0000,0x0000,0x0000,0x0021,0x12B8,0x241F,0x0B7F,0x13BF,0x1BBF,0x1BBF,0x1BBF,0x1BBF,0x1BBF,
0x137F,0x135F,0x135F,0x139F,0x139F,0x1B9F,0x1B9F,0x1B5F,0x1B7F,0x23BF,0x1BDF,0x1BBF,0x1BDF,0x2BDF,0x2BBE,0x1BDF,
0x2C1F,0x343F,0x23BF,0x2BFF,0x3C5F,0x3C5F,0x341F,0x23DF,0x341F,0x341F,0x343F,0x3C5E,0x3C3E,0x343F,0x3C3F,0x3C3F,
0x3C5F,0x3C5F,0x341F,0x341F,0x3C5F,0x3C5F,0x3C5F,0x3C5F,0x343F,0x343F,0x345F,0x3C5F,0x345F,0x3C5F,0x345F,0x345F,
0x1B7F,0x1B5F,0x23DF,0x1B9F,0x139F,0x135F,0x1B7E,0x239F,0x1B9F,0x0B5F,0x1B9F,0x23DF,0x1B7F,0x1B7E,0x0B3F,0x239E,
0x447F,0x343F,0x139F,0x0B5F,0x341F,0x3C5F,0x3C7F,0x343F,0x343F,0x3C5F,0x3C5F,0x3C5F,0x2BDE,0x239E,0x0B3F,0x1B5F,
0x2B9F,0x23DF,0x2BFF,0x2BBF,0x23BE,0x2BFF,0x2BFF,0x23DF,0x23DF,0x23BF,0x23BF,0x2BFF,0x23BF,0x2BDF,0x23BE,0x23BF,
0x2BFF,0x2BDF,0x23DF,0x23DF,0x2BBE,0x2BDF,0x2BBE,0x237E,0x1B9F,0x0A99,0x0A34,0x1255,0x0A35,0x0A15,0x01F5,0x01D5,
0x01D4,0x01D5,0x0A15,0x0A15,0x01F5,0x01F5,0x0A15,0x1254,0x1A95,0x1A95,0x1A95,0x1255,0x1295,0x1A95,0x1A75,0x1A95,
0x1A95,0x2295,0x1A95,0x22D5,0x2AD5,0x2AF5,0x1A95,0x1A74,0x1A95,0x1A95,0x1275,0x0A35,0x0215,0x0A15,0x1276,0x1A95,
0x0A54,0x1214,0x22B5,0x2AD5,0x22D5,0x1AB5,0x1AB5,0x2AF5,0x2AF5,0x3335,0x3335,0x2B15,0x2AF5,0x2AF4,0x2B15,0x2AF5,
0x22D5,0x22B4,0x22B4,0x22B4,0x22B5,0x22D5,0x22B5,0x22B4,0x2B15,0x2B15,0x22D5,0x22D4,0x22D5,0x22D5,0x2AF5,0x22B4,
0x22B4,0x1A95,0x1A95,0x1295,0x1A74,0x22B5,0x2AF5,0x2AF5,0x1AB5,0x22B5,0x22B5,0x1AB4,0x1274,0x1275,0x1275,0x0A35,
0x0236,0x0215,0x0A35,0x1254,0x1275,0x1296,0x1275,0x1275,0x1275,0x0A55,0x1A94,0x22D5,0x2B15,0x22B5,0x1274,0x1A94,
0x22F5,0x2AF4,0x2AD4,0x22D4,0x22D4,0x22F4,0x2AD5,0x1A54,0x0A14,0x0A15,0x09F4,0x01D4,0x01F5,0x0215,0x0A14,0x1A94,
0x22D5,0x22F5,0x22D5,0x22B4,0x1A95,0x1254,0x0A78,0x0B5F,0x2B9E,0x1BBF,0x23BF,0x23BF,0x2BDE,0x2BBE,0x2BDE,0x23DF,
0x23BF,0x1B7F,0x237F,0x1B9F,0x239E,0x23BE,0x23BF,0x239E,0x23BE,0x23DF,0x2BBF,0x23DE,0x2BDF,0x2BDF,0x23DF,0x23DF,
0x2BFF,0x2BFF,0x2BBF,0x2BBE,0x2BFF,0x2BFF,0x2BDF,0x23BF,0x23DF,0x23BF,0x23DF,0x3C3F,0x445F,0x3C7F,0x2BFF,0x341F,
0x341F,0x3C3F,0x2BFF,0x2BDF,0x2BFF,0x2C1F,0x3C5F,0x3C5F,0x3C7F,0x343F,0x3C5F,0x345F,0x345F,0x347F,0x449F,0x5C99,
0x1B5E,0x135F,0x137F,0x1B7F,0x0B5F,0x133E,0x0B3E,0x137F,0x1B7F,0x1B5D,0x2B5A,0x233A,0x0B3F,0x137F,0x133F,0x1B7E,
0x341F,0x23DF,0x1B7E,0x133E,0x23BF,0x2C1F,0x3C7F,0x341F,0x23BF,0x3C3F,0x33FE,0x2BBE,0x135F,0x135F,0x0B3F,0x135E,
0x137F,0x1BBF,0x2BDF,0x2BBF,0x239E,0x23DF,0x2BFF,0x2BDF,0x23DF,0x23DF,0x23BF,0x23DF,0x239E,0x23BF,0x1BBF,0x239F,
0x2BDE,0x2BDF,0x2BDF,0x33FF,0x2BDF,0x2BDF,0x23BF,0x1B9F,0x1B9F,0x1BDF,0x23FF,0x2BDF,0x139F,0x0B7F,0x0B1F,0x02FF,
0x0B1F,0x0B5F,0x137F,0x0B7F,0x033F,0x033F,0x0B5F,0x1BBF,0x2C1F,0x2C1F,0x2C1F,0x23FF,0x2C1F,0x23DF,0x139F,0x23FF,
0x2C1F,0x2C3F,0x1BBF,0x13BF,0x2C3F,0x2C1F,0x13BF,0x23BF,0x2BFF,0x241F,0x23DF,0x0B5F,0x033F,0x137F,0x23BF,0x23BF,
0x139F,0x137F,0x2C1F,0x343F,0x23DF,0x23FF,0x23DF,0x2C3F,0x2C3F,0x44BF,0x44BF,0x347F,0x3CBF,0x3C9F,0x3C9F,0x44BF,
0x3C9F,0x345F,0x345F,0x345F,0x343F,0x343F,0x2C1F,0x2C1F,0x2C3F,0x345F,0x2C1F,0x343F,0x347F,0x347F,0x2C3F,0x23FF,
0x2C1F,0x2C1F,0x2C1F,0x137F,0x0B5F,0x1BBF,0x345F,0x2C1F,0x23FF,0x2C1F,0x2C1F,0x2C1F,0x23FF,0x23FF,0x23FF,0x0B7F,
0x037F,0x0B5F,0x1BBF,0x1BBF,0x1BFF,0x1BDF,0x1BDF,0x139F,0x139F,0x035F,0x0B9F,0x241F,0x3C7F,0x2C3F,0x23DF,0x23FF,
0x2C3F,0x3C7F,0x3C7F,0x2C3F,0x2C3F,0x347F,0x345F,0x1BBF,0x1BBF,0x1B9F,0x137F,0x0B7F,0x033F,0x031F,0x0B5F,0x23FF,
0x347F,0x343F,0x2C3F,0x343F,0x2C1F,0x2BFF,0x1B9F,0x033F,0x135F,0x2BBF,0x23DF,0x2BDF,0x2BDF,0x2BFF,0x2BFF,0x2BFF,
0x239E,0x1B9F,0x1BBF,0x1B9F,0x1B9F,0x23BF,0x2BDF,0x23DF,0x2BFF,0x2BDF,0x2BFE,0x2BFF,0x2C1F,0x2C1F,0x23DF,0x23DF,
0x23BF,0x23BF,0x2BBE,0x1B9E,0x1B7F,0x23BF,0x23BE,0x23BE,0x1B9E,0x1B7E,0x239F,0x2BFF,0x341F,0x3C5F,0x23DF,0x23DF,
0x137F,0x1BBE,0x2BDE,0x2BDF,0x23DF,0x1BBE,0x23DF,0x1BBF,0x2BFF,0x1B9E,0x2C1F,0x3C7F,0x4C7C,0x6435,0x83AB,0x82E5,
0x231C,0x1B7F,0x0B3F,0x0B1F,0x031F,0x0B1E,0x0AFE,0x0B3F,0x1B7D,0x4355,0x3AD0,0x2A91,0x12DC,0x135F,0x0B3E,0x0B3F,
0x1B9F,0x1B9F,0x133E,0x0AFE,0x1B7F,0x1BBF,0x2BFF,0x2BDF,0x23BF,0x2BFF,0x23BF,0x133E,0x033F,0x033F,0x02DF,0x031F,
0x0B7F,0x1B9F,0x1B9F,0x1BBF,0x239F,0x23BF,0x2BDF,0x2BDF,0x23BF,0x239F,0x1B9F,0x237E,0x1B7E,0x139F,0x1B9F,0x1B9F,
0x239E,0x239F,0x23DF,0x33DF,0x2BFF,0x23DF,0x23BF,0x2BDF,0x2BDF,0x23DF,0x2BBE,0x2B9E,0x137F,0x135E,0x0B1E,0x02FF,
0x131E,0x1B7E,0x1B9F,0x1B5E,0x0B1E,0x0B3F,0x135F,0x1B9F,0x2BFF,0x2BFF,0x2BFF,0x2BFF,0x23DF,0x137F,0x0B3E,0x1B7F,
0x1B7F,0x1BBF,0x137F,0x135D,0x4396,0x3B77,0x135E,0x139F,0x1BBF,0x137F,0x135E,0x133E,0x133E,0x133E,0x135F,0x135E,
0x133E,0x135F,0x23BE,0x23DF,0x1B7F,0x1B9F,0x23BF,0x23DF,0x2BDE,0x341E,0x2C1E,0x23BF,0x2C1F,0x2BFF,0x2BDE,0x343F,
0x3C3F,0x3C3E,0x343F,0x341F,0x2BDF,0x1B9F,0x23BF,0x23BF,0x23DF,0x23DF,0x23BE,0x2BDE,0x2BFF,0x23DF,0x23DF,0x23BF,
0x23DE,0x2BFF,0x239F,0x0AFE,0x02DF,0x0B3E,0x239E,0x23DF,0x23DF,0x23DF,0x2BDF,0x2BDF,0x2BBF,0x23BF,0x23BF,0x0B5F,
0x0B3F,0x1B5E,0x23BE,0x23BF,0x1B9F,0x0B3E,0x0B5F,0x0B3F,0x02FF,0x02FF,0x031F,0x135F,0x1B9F,0x23BF,0x2BDF,0x23DF,
0x23BE,0x2BFE,0x343F,0x2BFE,0x23DF,0x2BFF,0x23BF,0x1BBF,0x1BBF,0x239E,0x23BF,0x1BBF,0x137F,0x02FE,0x133E,0x23BF,
0x2BFF,0x2BDF,0x23DE,0x23DE,0x2BDF,0x23BF,0x1B9E,0x033F,0x02FE,0x237E,0x2BDE,0x2BDE,0x2BDF,0x2BFF,0x2BFF,0x2BDF,
0x1B7E,0x1B7F,0x1B7F,0x1B7F,0x1B9F,0x2BBF,0x2BDF,0x2BFF,0x2BFF,0x33FF,0x2BFF,0x2BFF,0x2BFF,0x2BFF,0x23DF,0x239F,
0x239F,0x1B9F,0x1B7F,0x0B5F,0x135F,0x139F,0x1B5E,0x133E,0x0B5F,0x1B5F,0x339E,0x2BDE,0x23FF,0x2BDF,0x239F,0x235E,
0x031F,0x033F,0x1B3C,0x1B7E,0x1B9F,0x0B3E,0x0B1E,0x0B3E,0x135E,0x0B3F,0x0B5F,0x6C0F,0xA3E5,0x7AE4,0x6243,0x6A65,
0x4B53,0x3B55,0x02FE,0x02DF,0x02FE,0x02FE,0x02DE,0x02FF,0x135D,0x3AF2,0x2A90,0x226F,0x12B8,0x033F,0x02FE,0x031E,
0x0B5F,0x0B5F,0x0ADE,0x02FF,0x133E,0x235D,0x1B7F,0x135F,0x0B3F,0x23BF,0x137F,0x02FE,0x02FF,0x02BF,0x0ADB,0x0AFD,
0x033F,0x0B3E,0x0B3F,0x0B7F,0x1B5F,0x1B7E,0x239F,0x23BF,0x1B9E,0x135F,0x0B5F,0x135F,0x135F,0x1B7F,0x239F,0x1B9F,
0x235E,0x135E,0x1B9F,0x2BDF,0x2BFF,0x2BBF,0x23BF,0x2BBF,0x2BDF,0x23BF,0x239F,0x1B7E,0x1B7F,0x237E,0x1B7F,0x135F,
0x237E,0x23BF,0x23BF,0x1B9F,0x135F,0x0B3E,0x135F,0x239F,0x2BDF,0x2C1F,0x2C1F,0x2BFF,0x1BBF,0x0B5F,0x031F,0x0B7F,
0x135E,0x3398,0x4B51,0x5AE9,0x5A44,0x5244,0x5AEA,0x5352,0x3378,0x135D,0x0B7F,0x137F,0x133E,0x0B1E,0x0B1F,0x031F,
0x0B1F,0x1B3E,0x1B7F,0x1B9F,0x1B9F,0x23BF,0x2BFF,0x2BFF,0x2BFF,0x23BF,0x23DF,0x23DF,0x23BF,0x2BFF,0x2BFF,0x23DF,
0x2BDF,0x343F,0x2C1F,0x23BF,0x23BF,0x1B7F,0x239E,0x23BF,0x23DF,0x23DF,0x23BF,0x1BBF,0x1B9F,0x23BF,0x23DF,0x2BDF,
0x2BFF,0x23DF,0x135E,0x02DE,0x02BE,0x0ADD,0x1B5F,0x23DF,0x23DF,0x23DF,0x23DF,0x2BDF,0x2BBF,0x2BDF,0x23BF,0x137F,
0x1B5F,0x239F,0x23BF,0x23DF,0x1B9F,0x031F,0x031F,0x0B1E,0x02FE,0x02FE,0x0B1F,0x0B3E,0x0B5E,0x1B9F,0x2BDF,0x2BDF,
0x23BF,0x23BF,0x2BFF,0x2BFF,0x23DF,0x23BF,0x1B7F,0x1B9F,0x1BBF,0x23BF,0x2BDF,0x23BF,0x135F,0x0B3F,0x1B7F,0x23BF,
0x2BDF,0x23DF,0x23DF,0x1B9F,0x23BE,0x1B9F,0x0B7F,0x031F,0x0AFE,0x135E,0x23DF,0x2BFF,0x23DF,0x2BDF,0x23DF,0x1B9F,
0x035F,0x0B3F,0x135F,0x1B9F,0x2BBF,0x2BDF,0x2BDF,0x2BDF,0x2BDF,0x2BDF,0x2BFF,0x23BF,0x23BF,0x239E,0x1B7E,0x0B5F,
0x135F,0x137F,0x133E,0x031E,0x031F,0x035F,0x233A,0x2AD5,0x1B3B,0x2B5A,0x23BF,0x1BBF,0x1BBF,0x137F,0x1B9F,0x133E,
0x02DE,0x02DE,0x02DD,0x02DC,0x131E,0x0AFD,0x02DC,0x02FD,0x0B1D,0x031E,0x033F,0x6328,0x8B01,0x8B63,0x9344,0x9384,
0x3ACE,0x32B0,0x0ADC,0x02BD,0x02DE,0x02BD,0x029D,0x02DE,0x0AFD,0x3AF2,0x2A70,0x2A70,0x1298,0x031F,0x02DE,0x02BD,
0x031F,0x031F,0x32F5,0x0B1C,0x1B3D,0x233A,0x0B5F,0x0B1F,0x02FF,0x0B1F,0x02FF,0x02BC,0x02BB,0x12DB,0x3314,0x22F7,
0x031E,0x02DD,0x02DD,0x02FE,0x0AFE,0x0B1F,0x0B3F,0x0B7F,0x133E,0x031F,0x031F,0x033F,0x135F,0x1B7E,0x1B7F,0x135F,
0x0B1F,0x0AFE,0x1B5E,0x239F,0x23BF,0x239F,0x239F,0x1B7F,0x237E,0x1B5E,0x0B5F,0x135E,0x1B7F,0x239F,0x23BF,0x23BF,
0x23BF,0x2BBE,0x23BF,0x23BF,0x0B5F,0x131C,0x033F,0x1B7E,0x2BDE,0x2BFF,0x23FF,0x1B9F,0x137F,0x033F,0x237B,0x4394,
0x4249,0x3163,0x49C3,0x6264,0x4A26,0x39E5,0x5A65,0x5A44,0x5265,0x5B0B,0x5393,0x337A,0x12FC,0x02FF,0x02DF,0x02BE,
0x02FE,0x02FF,0x0B3E,0x1B7F,0x239E,0x23BE,0x23DF,0x2BFF,0x2BBF,0x1B9F,0x23BF,0x23BE,0x23BF,0x2BDF,0x2BDF,0x23BF,
0x23DF,0x1B9F,0x0B3F,0x0B3E,0x239F,0x1B7F,0x1B5E,0x1B7F,0x1B9F,0x1B7F,0x1B7F,0x135F,0x133F,0x135F,0x1B9F,0x2BBE,
0x239E,0x135F,0x031F,0x02DE,0x02BD,0x02BE,0x0B3F,0x139F,0x2B9E,0x239E,0x239D,0x1BBF,0x137F,0x139F,0x137F,0x0B3F,
0x0B3F,0x1B7F,0x23BF,0x23BF,0x1B9F,0x031F,0x02FF,0x02FE,0x02DF,0x02DE,0x02DD,0x02FE,0x031F,0x0B5F,0x1B7F,0x1B9F,
0x1B9F,0x1BBF,0x1B9E,0x1B9E,0x13BF,0x1B7F,0x1B3B,0x137F,0x237E,0x1B9F,0x1BBF,0x239F,0x1B5F,0x1B5E,0x239F,0x239E,
0x1B9F,0x1B7E,0x137F,0x0B5F,0x133E,0x0B1D,0x02FF,0x02FE,0x02FE,0x0B5F,0x1BBF,0x2BDE,0x23BF,0x1BBE,0x1B7E,0x0B3F,
0x02FF,0x031F,0x033F,0x1BBF,0x2BDF,0x23DF,0x23DF,0x23BE,0x1B9F,0x1B9F,0x237E,0x1B7F,0x137F,0x1B5E,0x0B1E,0x02FF,
0x02FF,0x033F,0x031F,0x02DC,0x12FC,0x2B39,0x3AF0,0x3A8E,0x42CF,0x4B0F,0x3B35,0x3379,0x235C,0x031E,0x0B5F,0x02FF,
0x02BE,0x02BE,0x02BC,0x0AB9,0x0ADC,0x02DD,0x0A9B,0x029A,0x02BC,0x02DE,0x02FF,0x52E9,0x3184,0x5243,0x72C2,0x7B02,
0x328E,0x2A70,0x0AB8,0x1298,0x029D,0x1278,0x0A96,0x02BB,0x12B8,0x32D2,0x3290,0x2A6F,0x0A96,0x02BD,0x02DC,0x0AFC,
0x2319,0x3B33,0x4B0D,0x4AF0,0x42F0,0x42F1,0x22F7,0x02DF,0x02DF,0x02DF,0x02BF,0x2B18,0x3B32,0x4332,0x4B10,0x42F0,
0x22D7,0x0AB8,0x029A,0x12BB,0x1AD9,0x02FF,0x131B,0x2B18,0x634F,0x5311,0x2B18,0x1B1A,0x0B3E,0x0B1F,0x033F,0x033F,
0x02DE,0x02BE,0x0B3F,0x135E,0x133E,0x135F,0x135F,0x0B3E,0x0B1E,0x133E,0x133E,0x1B7E,0x1B9F,0x239F,0x23BF,0x23BF,
0x23DF,0x23BF,0x239E,0x135F,0x0B3F,0x12FB,0x02FE,0x131E,0x139F,0x13BF,0x13BF,0x2319,0x2A71,0x326D,0x4A26,0x5A25,
0x3962,0x3984,0x5226,0x6AC7,0x62C7,0x41E5,0x2984,0x31A5,0x39E5,0x5266,0x5265,0x4A68,0x428C,0x4B11,0x3315,0x029B,
0x02BF,0x02DF,0x02FF,0x0B3F,0x1B7F,0x239F,0x23BF,0x239F,0x1B7E,0x137F,0x237F,0x239F,0x23BF,0x23BF,0x239F,0x239F,
0x239F,0x0B5F,0x02DD,0x02DE,0x0B5F,0x135F,0x0B3F,0x131D,0x2319,0x033F,0x0B1F,0x031F,0x02FF,0x033F,0x0B5F,0x1B9F,
0x137F,0x031F,0x02DD,0x02DD,0x02BD,0x02BE,0x02FF,0x133C,0x3B35,0x4314,0x3B14,0x2B17,0x1B3A,0x0B3D,0x02FE,0x02BF,
0x02DE,0x135E,0x1B7F,0x1B7F,0x137F,0x02FF,0x02DF,0x02FD,0x1AFA,0x32F6,0x02DB,0x02DD,0x02DE,0x02FE,0x031F,0x0B3F,
0x1B7E,0x137F,0x135E,0x1AD8,0x135D,0x3357,0x3B13,0x1B7D,0x133F,0x133F,0x137F,0x239E,0x237F,0x1B5D,0x137E,0x1B7E,
0x0B3E,0x0B1D,0x0B1E,0x031F,0x031D,0x2274,0x0A78,0x02DC,0x02FD,0x0B5E,0x139F,0x2B7B,0x1B5D,0x0B5E,0x1B19,0x0AFC,
0x0ADB,0x031E,0x0B5F,0x1BBF,0x2BDF,0x23BE,0x1BBF,0x1B5E,0x0B3F,0x0B3F,0x131D,0x131D,0x133F,0x133E,0x0B1E,0x02BF,
0x02BE,0x22D7,0x22F8,0x0ABC,0x4ACC,0x630B,0x5B0C,0x4ACF,0x4AEF,0x4AEE,0x42CF,0x42D0,0x32D2,0x12DB,0x02FE,0x02BC,
0x029D,0x0AB9,0x0AB7,0x1296,0x029B,0x02BD,0x0A99,0x0278,0x029B,0x0ADA,0x02BE,0x52CA,0x2144,0x4204,0x41E4,0x31A5,
0x326D,0x2A8F,0x1A94,0x1296,0x0A98,0x226F,0x0A56,0x0299,0x12B5,0x2292,0x2A6F,0x224F,0x1253,0x0A7A,0x0A79,0x1B3A,
0x5391,0x5B0D,0x4AED,0x4ACB,0x3A8B,0x3A6C,0x2A92,0x02DF,0x0ADB,0x1298,0x0A9D,0x32F5,0x4332,0x4312,0x42F0,0x328F,
0x1276,0x0A99,0x029B,0x32B2,0x52ED,0x5353,0x5ACA,0x62A8,0x9387,0x8306,0x7B47,0x5AA8,0x5AEB,0x3AF5,0x02DF,0x02FF,
0x029C,0x02BD,0x0B3E,0x0B1F,0x02DE,0x0AFD,0x0AFD,0x02DD,0x02DD,0x0B1E,0x137E,0x1B7F,0x1B9F,0x1B9F,0x137F,0x139F,
0x1B7F,0x1B7E,0x1B5E,0x031F,0x02FE,0x12DD,0x02DF,0x033F,0x1B9E,0x3B57,0x52CE,0x4227,0x3983,0x5202,0x6266,0x62A7,
0x4A46,0x62A7,0x5A67,0x4206,0x41E4,0x39A4,0x2944,0x31A5,0x4A25,0x5245,0x31C6,0x31C6,0x4A04,0x6A83,0x5A66,0x0A99,
0x02BF,0x02BE,0x12DB,0x031F,0x0B7F,0x137F,0x137F,0x135F,0x031F,0x135E,0x1B7F,0x1B9F,0x1B7F,0x1B7E,0x135F,0x135F,
0x1B5E,0x0B3F,0x02BE,0x02BC,0x02FE,0x1B1B,0x2B16,0x2AB2,0x3ACF,0x2AF5,0x1AD9,0x0AFC,0x02FE,0x031F,0x031E,0x0B1E,
0x031F,0x02FE,0x02DD,0x02DD,0x02DD,0x02DE,0x3338,0x4B30,0x4AAE,0x42CF,0x42F0,0x4B11,0x4311,0x32F3,0x1AB6,0x029C,
0x0ABB,0x0B1E,0x0B1E,0x0B1D,0x133D,0x0AFD,0x2B59,0x3B12,0x42F0,0x4AEE,0x1AB6,0x12B9,0x0ADB,0x02BE,0x02DF,0x0AFE,
0x1B1E,0x133E,0x2339,0x3AD1,0x3AD1,0x52EE,0x42AE,0x42B0,0x1AFB,0x0AFE,0x0B3F,0x1B7F,0x1BBF,0x0B1E,0x0B1F,0x137F,
0x033F,0x02DE,0x02DE,0x02DE,0x0ADB,0x1A52,0x0A36,0x1AD5,0x1AF8,0x031E,0x133D,0x32F4,0x22D5,0x12DB,0x1AD6,0x1AD6,
0x22D4,0x0B3D,0x0B7F,0x1BBF,0x239E,0x2338,0x031F,0x02FF,0x0AFD,0x02DE,0x0ADC,0x02DD,0x0ADC,0x02FF,0x0AFD,0x02DE,
0x12B7,0x6244,0x8B06,0x6B0A,0x6A66,0x6AA7,0x6AA7,0x52ED,0x3AF1,0x3AAF,0x2AB1,0x2AB1,0x2A90,0x0ABA,0x02BD,0x0A9A,
0x029A,0x1295,0x1256,0x1274,0x0A97,0x029C,0x1297,0x0278,0x0A78,0x12B8,0x0ADB,0x6B08,0x6AA2,0x62A3,0x4225,0x2164,
0x2A6D,0x226E,0x324E,0x2271,0x2272,0x322D,0x0A54,0x0259,0x0A74,0x1A72,0x2A50,0x224F,0x2A4E,0x1256,0x0A34,0x2293,
0x4B30,0x4AED,0x52CC,0x3A8C,0x2A2C,0x324C,0x2271,0x029A,0x22B3,0x222E,0x1A11,0x32B0,0x3B13,0x4311,0x42CF,0x328E,
0x0276,0x4B11,0x9389,0x8349,0x8388,0x9C2C,0x8B69,0x7B27,0x8B8A,0x836A,0x7B28,0x5A65,0x6A65,0x5ACB,0x0AFB,0x0AFD,
0x1A97,0x029E,0x02FF,0x02DE,0x02DB,0x02DC,0x02BC,0x02BD,0x02BD,0x02FE,0x0B5F,0x137F,0x137F,0x0B5F,0x02DD,0x02DE,
0x0B1D,0x133D,0x0B1E,0x02DE,0x02BE,0x1B1B,0x3358,0x3AF0,0x4A69,0x39A4,0x41C4,0x6286,0x4A46,0x6265,0x5A25,0x4A06,
0x6AC7,0x62A6,0x39C5,0x2964,0x2964,0x31A4,0x39C4,0x3183,0x5225,0x5225,0x62C5,0x6285,0x5204,0x5A43,0x4205,0x0A9B,
0x02DF,0x0ADB,0x3AB0,0x2B15,0x1B39,0x12FB,0x02FF,0x0B1D,0x0B1D,0x133E,0x135E,0x135F,0x133F,0x12FE,0x02FF,0x0AFD,
0x0AFD,0x02DF,0x0AFC,0x1AD6,0x32D3,0x5310,0x3AF1,0x42F0,0x4AEF,0x3A8D,0x326D,0x2A91,0x0ABB,0x02FF,0x02DC,0x029B,
0x02DD,0x02BC,0x02DE,0x02DF,0x02DC,0x02DE,0x2B15,0x4AF0,0x42CE,0x3A6D,0x3AB0,0x5351,0x3AD2,0x2292,0x1A92,0x027A,
0x02BC,0x02DE,0x02FE,0x0AFC,0x02DE,0x1B17,0x5351,0x5331,0x4B10,0x32AE,0x42AE,0x4AAF,0x2AB4,0x02BD,0x029E,0x02DE,
0x0AFD,0x4313,0x4ACE,0x4ACE,0x42AE,0x42AE,0x3A6E,0x3A6C,0x3292,0x12B9,0x02BB,0x033F,0x1B5E,0x1AB5,0x1A30,0x3AF3,
0x1AF9,0x12FD,0x02FD,0x0279,0x0A35,0x2A92,0x32B0,0x3AD0,0x42F0,0x22D6,0x3315,0x3AD1,0x2A90,0x1A95,0x1A95,0x2273,
0x32B2,0x1B1B,0x033F,0x137E,0x2B37,0x2AD3,0x0ABD,0x12F9,0x12B8,0x02BC,0x02BD,0x02BD,0x1298,0x02DD,0x0AFD,0x0A9A,
0x2AF4,0x7A83,0x72A3,0x7A83,0x6A65,0x5A65,0x4A26,0x424A,0x42AC,0x328E,0x2A90,0x2A90,0x2290,0x1A98,0x22D6,0x1A71,
0x0258,0x0A75,0x0A54,0x1253,0x0A75,0x02BD,0x0A52,0x1296,0x1AF7,0x2A92,0x29EB,0x72C2,0x9B60,0x9B60,0x82E3,0x72A2,
0x224F,0x1A51,0x324D,0x1A51,0x2270,0x2A2E,0x0235,0x0257,0x1252,0x2290,0x3A8F,0x3209,0x4A89,0x4ACE,0x3A8E,0x3A8F,
0x532F,0x4B0D,0x52CC,0x3A6B,0x2A2C,0x2A2B,0x222D,0x1274,0x32AF,0x326F,0x2A2D,0x328E,0x3AB1,0x32B0,0x2AAF,0x328F,
0x0A75,0x4310,0x8346,0x9BC8,0xA387,0x93A7,0x8B45,0x7243,0x7B06,0x72C6,0x62A7,0x5247,0x5247,0x5A46,0x5AAC,0x4AAD,
0x2A4F,0x129A,0x12DC,0x02BD,0x02DB,0x0ABB,0x029A,0x029C,0x029E,0x02BE,0x0AFD,0x131B,0x031F,0x02DD,0x027B,0x029A,
0x0A9A,0x02DE,0x02FE,0x02BE,0x029D,0x738F,0xA384,0x72C4,0x5A45,0x4206,0x5247,0x6285,0x49C4,0x49E4,0x3983,0x3984,
0x6AA7,0x5A86,0x31A4,0x1145,0x1145,0x41C4,0x62A5,0x5265,0x4A05,0x49E3,0x5A43,0x49E3,0x41E4,0x4A05,0x4206,0x22D6,
0x2AF6,0x3AF2,0x4B0F,0x4ACD,0x3A8E,0x324E,0x1A94,0x22D6,0x0B1B,0x031F,0x02FE,0x02FD,0x02FE,0x02BE,0x0ADC,0x02DD,
0x0AFD,0x3B56,0x4313,0x3AF0,0x3AB0,0x2272,0x3AD1,0x4B30,0x4AD0,0x2A4F,0x2A4E,0x1A4F,0x0ABA,0x12B9,0x1A55,0x2294,
0x2251,0x029C,0x02DE,0x02DD,0x12B8,0x0ABC,0x22D5,0x32B1,0x42CF,0x428E,0x328F,0x3290,0x2AB1,0x2A90,0x2292,0x1294,
0x0ABA,0x02BF,0x0ADC,0x1AD9,0x1AFA,0x4312,0x4B30,0x5351,0x42F0,0x3A8F,0x3AAE,0x328F,0x2272,0x02DD,0x02DE,0x02BF,
0x12DB,0x3AAF,0x42AF,0x4ACF,0x3AAE,0x326E,0x3A8E,0x2A2D,0x322D,0x2273,0x0A77,0x1AD8,0x4AAD,0x4206,0x41C5,0x5A46,
0x39E6,0x3A09,0x320D,0x2A4F,0x2292,0x52EE,0x42D1,0x32D1,0x328D,0x1A72,0x22D4,0x2A92,0x2271,0x1274,0x1274,0x2A91,
0x3AAF,0x32F2,0x3313,0x4312,0x430F,0x3AD0,0x32B1,0x2A92,0x1275,0x0A78,0x027D,0x02BE,0x1A76,0x22B4,0x42B0,0x428E,
0x52CC,0x8282,0x41C5,0x4A47,0x7284,0x6224,0x4206,0x41E6,0x39C6,0x322C,0x2A6F,0x326F,0x2A6E,0x2A6F,0x326E,0x1A0F,
0x0A16,0x0A33,0x1252,0x09F2,0x0A14,0x2318,0x2A2D,0x3A6C,0x424A,0x2944,0x2923,0x41A3,0x49E2,0x7B01,0x6AA2,0x9B41,
0x1251,0x1251,0x2A2D,0x2251,0x2A6E,0x2270,0x2A92,0x2A71,0x324C,0x31E8,0x39C5,0x3164,0x41C6,0x41E5,0x4A27,0x736B,
0x738D,0x5AEB,0x5ACB,0x328D,0x19ED,0x220B,0x2A49,0x2A8E,0x3A8D,0x3AAF,0x3AAE,0x3A6D,0x3A8E,0x326D,0x1230,0x3290,
0x0A76,0x32F1,0x6329,0x8B8A,0x7B28,0x5267,0x7AC5,0x6A43,0x5A23,0x5A24,0x62A7,0x6A86,0x5247,0x4A69,0x62A8,0x6AA7,
0x5A47,0x6246,0x3A6D,0x02BE,0x02BD,0x0ABB,0x0A99,0x029C,0x0ABB,0x22B6,0x32D2,0x3AB0,0x22B7,0x0A98,0x0278,0x0A77,
0x0278,0x029B,0x02BD,0x02BE,0x029D,0x6B4B,0xA383,0xABE5,0xA3C5,0x9B86,0x8327,0x6286,0x5A86,0x5286,0x41E6,0x39C5,
0x4A05,0x5246,0x39E5,0x3A06,0x5244,0x5244,0x62A4,0x5A63,0x5223,0x4A03,0x3A06,0x39E4,0x39E5,0x1987,0x39E6,0x3A6E,
0x42EE,0x532F,0x530F,0x326E,0x2A4E,0x222D,0x224F,0x1A94,0x12D9,0x0A9B,0x029E,0x0259,0x0A78,0x02BB,0x0ABC,0x02DE,
0x12FB,0x3B12,0x4B11,0x5B30,0x5331,0x2A91,0x2AB0,0x2272,0x3AAF,0x222E,0x220E,0x2A4E,0x326F,0x320B,0x424C,0x426C,
0x2A2B,0x22D5,0x3292,0x42AC,0x320C,0x1275,0x2AB1,0x2A8F,0x42EF,0x5AED,0x42CF,0x3AB0,0x42CF,0x3AAE,0x326E,0x326F,
0x0AB9,0x02BE,0x1AB5,0x3AF1,0x534F,0x3AF1,0x3AF1,0x42F1,0x4AEF,0x2AB0,0x2A8F,0x328F,0x2A91,0x02BC,0x02DE,0x029E,
0x0ADB,0x32D0,0x3AAF,0x3A8F,0x3A8E,0x2A2D,0x3A8E,0x322C,0x422A,0x4A6B,0x3A09,0x2965,0x41E6,0x5247,0x5267,0x4A47,
0x2965,0x2943,0x2123,0x3184,0x4A27,0x4206,0x4249,0x52ED,0x424A,0x1A30,0x1A73,0x2292,0x1A51,0x0A12,0x2292,0x42CE,
0x3AAF,0x328F,0x328E,0x3AD1,0x3AD1,0x32B0,0x2291,0x2272,0x1A51,0x1A53,0x1A76,0x3270,0x4A29,0x49E5,0x51E4,0x82C5,
0x82E4,0x5A46,0x4227,0x5227,0x8B05,0x7AA5,0x41C5,0x31A5,0x2985,0x322C,0x328E,0x2A6E,0x222E,0x222D,0x220D,0x21ED,
0x0A12,0x1230,0x0A12,0x3B14,0x4B10,0x29C7,0x10C3,0x2145,0x3A27,0x4227,0x4A46,0x39E7,0x29C6,0x2965,0x2984,0x6263,
0x2251,0x224F,0x324C,0x224E,0x222D,0x42AD,0x9BEA,0x8348,0x5A87,0x4207,0x52A9,0x5268,0x4227,0x6B2A,0x5268,0x6AC7,
0x5AA8,0x5A88,0x5A87,0x424A,0x19ED,0x222B,0x2A26,0x2A4C,0x3A8E,0x3290,0x326F,0x222F,0x2230,0x324D,0x224F,0x3A6B,
0x3AD0,0x5B70,0x9387,0xA408,0x6AC7,0x5A67,0x9B84,0x9303,0x6A64,0x5225,0x62A8,0x6B09,0x7B2A,0x72E7,0x6AA7,0x6AA6,
0x5A46,0x3A07,0x320A,0x027B,0x027C,0x029A,0x029D,0x0A9B,0x32D1,0x42AD,0x4AAC,0x42AC,0x428C,0x324E,0x324F,0x1273,
0x0276,0x1255,0x027B,0x029B,0x027D,0x6B2C,0x6284,0x8368,0x9385,0x9365,0x9B85,0x9345,0xAC05,0xAC06,0x9BC6,0x7B26,
0x5A65,0x5A85,0x62A4,0x5A63,0x5223,0x49E3,0x4A03,0x4A23,0x3A26,0x41E5,0x19C9,0x29C5,0x39E6,0x21C7,0x4205,0x3A6D,
0x42AD,0x3ACE,0x42CE,0x326E,0x2A6E,0x2A4E,0x2A4F,0x1253,0x0A55,0x3337,0x5C18,0x6BF1,0x3AF4,0x12BB,0x02BE,0x027E,
0x0ABB,0x32D2,0x32B1,0x32D2,0x3AD2,0x2AB1,0x3A8F,0x42AF,0x328F,0x220F,0x4AEE,0x6B6D,0x31C7,0x2987,0x2A09,0x320B,
0x3A8A,0x3AA8,0x4248,0x5285,0x5204,0x4A26,0x634C,0x5B4E,0x530E,0x734B,0x634E,0x634F,0x4AAD,0x2A4E,0x2A6F,0x328F,
0x22B4,0x2274,0x2A71,0x22F3,0x3AF0,0x430F,0x42F0,0x3AD1,0x4B0F,0x32AF,0x328E,0x2A6F,0x2A70,0x0ABA,0x02BC,0x3AB2,
0x32B2,0x32D0,0x3ACF,0x3ACF,0x328E,0x324C,0x5AAA,0x4A07,0x31A6,0x3186,0x3186,0x3186,0x39E6,0x4207,0x5247,0x4A27,
0x2965,0x2125,0x1106,0x1966,0x41E6,0x41C4,0x5204,0x5A04,0x4A07,0x224F,0x1A51,0x1A71,0x1252,0x1231,0x3270,0x5AED,
0x4AEE,0x2A6F,0x2A4F,0x32D0,0x3ACF,0x2A90,0x2A70,0x2271,0x3A6E,0x72E8,0x6A65,0x5204,0x6267,0x6287,0x5247,0x7B29,
0x5A67,0x6AA7,0x7B07,0x5A88,0x6AC8,0x6AE7,0x39A5,0x3186,0x2985,0x2A0A,0x2A4F,0x224D,0x220C,0x2A0C,0x2A0A,0x29E9,
0x1A0E,0x1A30,0x1233,0x5BB3,0x73F1,0x6BB0,0x5B2E,0x636F,0x4A89,0x4208,0x3A29,0x31E8,0x39E8,0x3208,0x3A28,0x39E6,
0x3A8C,0x4A8A,0x424A,0x3A6D,0x222D,0x4AAC,0x8326,0x7328,0x9387,0x8B89,0x93AA,0x838A,0x7BAB,0x838B,0x5AA8,0x5225,
0x4206,0x39E7,0x41E5,0x3209,0x324B,0x4249,0x29E6,0x2A4D,0x222F,0x2A70,0x3AAF,0x3A8C,0x3A8D,0x3A2A,0x3A08,0x3A08,
0x5248,0x8BCC,0x8BAB,0x6B09,0x4A48,0x7B47,0x8B25,0x9324,0x9324,0x8306,0x7B08,0x72E7,0x6AA6,0x5246,0x4A46,0x4269,
0x4A47,0x222B,0x3209,0x0237,0x1256,0x1275,0x027C,0x1278,0x428E,0x3A8D,0x428D,0x326D,0x2A2E,0x322C,0x2A0B,0x1A31,
0x0A35,0x1234,0x0238,0x2230,0x027B,0x6B2B,0x1964,0x3A88,0x4A45,0x3226,0x6AE5,0x5AA5,0x9BA5,0xB426,0xBC66,0xB405,
0x7B04,0x4A23,0x5A43,0x4A24,0x4A04,0x4205,0x29E7,0x39E5,0x11C8,0x39A4,0x21C8,0x39E6,0x4A24,0x5224,0x4A04,0x424A,
0x4249,0x2A2B,0x3A8D,0x324C,0x220E,0x222F,0x4312,0x63F3,0x8452,0x944E,0x6266,0x6265,0x9C4D,0xAD14,0x8497,0x4BDA,
0x2B39,0x3A8F,0x326D,0x42AE,0x3A8F,0x3290,0x222E,0x2A2E,0x21EF,0x32AC,0x42E7,0x6B8D,0x4A69,0x31E7,0x3229,0x3249,
0x3AA8,0x1A08,0x3267,0x29E4,0x4A24,0x3A05,0x4268,0x6309,0x7BAB,0x72E8,0x42AE,0x3AD0,0x326E,0x1A51,0x2A6F,0x3A6D,
0x3A6C,0x2A2C,0x2A4D,0x3AF0,0x42D0,0x32D1,0x3ACF,0x42D0,0x4B0F,0x326E,0x2A6E,0x2A6F,0x3A8D,0x1A93,0x0AB8,0x4A2A,
0x528A,0x4ACD,0x52AD,0x4ACE,0x3AAF,0x4A69,0x8283,0x7A84,0x6A44,0x6265,0x4206,0x39E7,0x3A07,0x31C7,0x31C6,0x4207,
0x2164,0x1903,0x3164,0x41E5,0x5A44,0x59E3,0x41A4,0x3963,0x3A08,0x2A6F,0x1A2F,0x0A33,0x1A73,0x530C,0x5B4D,0x6B4E,
0x532F,0x328E,0x3A6D,0x3A8E,0x3AAE,0x2250,0x224F,0x2A8F,0x9326,0x9303,0x7A42,0x7A84,0x9368,0x9368,0x7308,0x6AEA,
0x4A48,0x82E6,0x8B47,0x5A66,0x4A26,0x4A05,0x31A6,0x2166,0x2964,0x29E9,0x220C,0x220C,0x2A29,0x2A2A,0x2A0B,0x322A,
0x2A0C,0x222D,0x1A2F,0x5330,0x1A0C,0x5BD1,0x5B2F,0x63B1,0x73D1,0x7412,0x6BD1,0x4ACB,0x3A09,0x4249,0x31C6,0x1924,
0x3A6A,0x4248,0x322A,0x3A6C,0x222C,0x52CC,0x5A85,0x1208,0x6285,0x3207,0x7B49,0x7B49,0x93CA,0x8389,0x4A26,0x39A4,
0x2165,0x21A6,0x41A5,0x29C8,0x21C7,0x49E3,0x5204,0x4228,0x4ACF,0x4ACE,0x31C8,0x31E7,0x4A48,0x4208,0x4A8A,0x52AB,
0x734C,0x5A88,0x4A89,0x3A07,0x5289,0x5AA9,0x5289,0x6B09,0x9366,0x8368,0x72A5,0x4A47,0x4A68,0x2A2A,0x4207,0x3A29,
0x5247,0x5A47,0x4A49,0x2291,0x324E,0x222F,0x1234,0x0A58,0x3AAE,0x3A8D,0x428D,0x324D,0x322D,0x322B,0x220C,0x1A0F,
0x0A54,0x1A11,0x222F,0x3A07,0x0A55,0x630A,0x2984,0x3A87,0x3206,0x09C8,0x5265,0x21E6,0x52C6,0x5AC6,0x7B05,0x8B25,
0x72A3,0x41E4,0x3A05,0x31E5,0x29E7,0x39E5,0x19C7,0x39E4,0x21A5,0x41E4,0x4A04,0x5223,0x5223,0x4204,0x41E4,0x3A2A,
0x31EA,0x21EC,0x220C,0x324D,0x4B52,0x8473,0xA4D0,0x7349,0x4A05,0x2943,0x0861,0x0881,0x4183,0x6286,0x7B07,0xA44C,
0x9C6F,0x9C90,0x8410,0x6B6F,0x426B,0x426C,0x3A2B,0x3A4C,0x42AB,0x42E7,0x21E5,0x3226,0x5AC9,0x39E7,0x29E7,0x3288,
0x2246,0x19E7,0x4AA7,0x31E5,0x4A26,0x5AA8,0x5288,0x62A8,0x5246,0x4A05,0x3208,0x3A8E,0x326F,0x2A70,0x2A2E,0x3A4D,
0x324B,0x2A0C,0x2A2C,0x42EF,0x4AEE,0x4AED,0x42AE,0x3AAF,0x42CF,0x326E,0x3A8D,0x326E,0x2A6D,0x2A6C,0x1A71,0x5A69,
0x5A68,0x62C9,0x52AB,0x52AA,0x4AAC,0x4A68,0x6A03,0x7AA2,0x7A42,0x82A2,0x8AC3,0x7AA4,0x72A5,0x6AA6,0x49E6,0x49E5,
0x5204,0x5203,0x5A04,0x51C3,0x41A3,0x4183,0x3184,0x3164,0x4229,0x1A50,0x0211,0x0239,0x1253,0x220C,0x3AEC,0x530C,
0x428B,0x4AAA,0x428B,0x2A8F,0x32AF,0x1A2F,0x1232,0x2271,0x72A6,0x72C6,0x6223,0x7AA3,0x8AC2,0x82C3,0x82A3,0x7AA5,
0x7B07,0x6266,0x5224,0x49E4,0x39A5,0x39A6,0x39C5,0x3185,0x3164,0x29E9,0x2A2B,0x220B,0x2A28,0x2A29,0x220B,0x2A09,
0x324B,0x3A8E,0x328F,0x5331,0x01AC,0x53B2,0x19A9,0x326C,0x3A4B,0x42CD,0x8453,0x7C32,0x7C52,0x73D1,0x426B,0x29E9,
0x2A27,0x3A68,0x2A2C,0x224C,0x220C,0x632B,0x6285,0x19C7,0x5A45,0x0106,0x5AE7,0x2A07,0x42AA,0x8388,0x39E5,0x49E4,
0x3164,0x1945,0x2964,0x2985,0x39A5,0x3984,0x39C4,0x49C3,0x52CA,0x5AEB,0x52A9,0x6B6C,0x8C0F,0x6B2A,0x5AEB,0x424A,
0x5B0C,0x39E8,0x52CA,0x73AE,0x7BCE,0x5AEA,0x4A48,0x39E7,0x7B06,0x8B67,0x72C6,0x3A49,0x4A47,0x3A07,0x49E5,0x51E5,
0x5225,0x4A27,0x4229,0x328E,0x428C,0x1A0D,0x1A10,0x42CE,0x52EC,0x4ACC,0x4ACD,0x4AAB,0x3A4C,0x322B,0x220D,0x2A0D,
0x222F,0x322C,0x3A2A,0x3209,0x09F2,0x630B,0x8303,0x7B25,0x5285,0x3289,0x5AA5,0x2268,0x4266,0x2A06,0x29E6,0x5AA5,
0x8304,0x29A4,0x21C7,0x29A5,0x21A6,0x39C3,0x29C5,0x41E3,0x4A03,0x5203,0x4205,0x39E4,0x3A05,0x21E8,0x2984,0x198A,
0x3A4C,0x5B6F,0x8C71,0x942E,0x8BED,0x62A8,0x41C5,0x2122,0x18A1,0x10C2,0x0903,0x00A3,0x10E3,0x2943,0x3164,0x51E6,
0x41A3,0x5A66,0x7B08,0x8BCB,0x9C6D,0x944F,0x736D,0x7B8C,0x62E7,0x29C4,0x1165,0x29C6,0x4249,0x3A08,0x3A28,0x3A47,
0x3A27,0x31E6,0x39C4,0x49E5,0x72A7,0x62A7,0x6B09,0x72E8,0x39C5,0x4A06,0x49C4,0x5AA8,0x4A6A,0x2A2C,0x222E,0x324D,
0x322B,0x2A0A,0x324A,0x3AAF,0x3AAE,0x326D,0x3AAD,0x42AF,0x42CD,0x2A4D,0x324D,0x2A6E,0x326B,0x2248,0x328D,0x5A8A,
0x4AAC,0x5A87,0x4A48,0x5A67,0x5A69,0x6246,0x5203,0x4A05,0x61E2,0x7262,0x8AA1,0x8281,0x8AA2,0x92C2,0x8283,0x6203,
0x6223,0x51E3,0x41C3,0x41A3,0x31A6,0x3185,0x2986,0x3185,0x4229,0x2AAD,0x1A2D,0x1254,0x42D0,0x4ACB,0x224B,0x222B,
0x098A,0x3A29,0x5268,0x528A,0x52CB,0x2250,0x0214,0x29EC,0x4A68,0x5AC9,0x5246,0x6AE8,0x7243,0x7263,0x6A43,0x7284,
0x7AA3,0x4A05,0x41E5,0x41C6,0x31A5,0x2985,0x31C6,0x31A5,0x2964,0x21A8,0x19E9,0x19EB,0x2207,0x2A49,0x2A0A,0x42AB,
0x636F,0x52CE,0x52CC,0x8C32,0x530E,0x6BF1,0x220B,0x3AEE,0x21CA,0x2A4D,0x42CD,0x328D,0x73D2,0x5B71,0x534F,0x1127,
0x3205,0x4226,0x320A,0x220B,0x21EB,0x5A88,0x6286,0x5AA8,0x62A6,0x31E7,0x62E6,0x1985,0x21E8,0x7307,0x2924,0x3983,
0x3164,0x31A5,0x3164,0x3984,0x4183,0x39C5,0x49C4,0x49C4,0x4A89,0x2965,0x41C6,0x5248,0x6B4C,0x6B6D,0x7C10,0x7BF0,
0x6B6E,0x4248,0x3A07,0x52AA,0x4A68,0x4A27,0x4207,0x4206,0x8B66,0xB427,0x8306,0x4A47,0x5A66,0x5A46,0x4A06,0x41E7,
0x4206,0x29E8,0x3A08,0x2A4D,0x3A6C,0x220D,0x11EF,0x52C9,0x6B08,0x6309,0x5B09,0x52CB,0x2A4C,0x29EB,0x21ED,0x2A0B,
0x320B,0x3A2B,0x3A4B,0x3208,0x222F,0x7329,0x72C2,0x8304,0x8324,0x9385,0x8B65,0x6B46,0x5266,0x3226,0x21C5,0x5AC6,
0x7B03,0x2984,0x1986,0x31A4,0x39C4,0x41C3,0x49E3,0x41C3,0x31C4,0x41E4,0x2209,0x1986,0x31A4,0x3A48,0x52A7,0x6B6E,
0x9CB0,0x8BED,0x6AE8,0x39A3,0x2902,0x2923,0x2122,0x20E2,0x1102,0x0A09,0x0987,0x00C3,0x0924,0x2123,0x18A1,0x2123,
0x2123,0x2103,0x0860,0x18A1,0x41C4,0x6286,0x6286,0x9C2B,0x93EC,0x62C9,0x5268,0x52A9,0x52EB,0x6B0A,0x93EA,0x62A8,
0x4206,0x39E6,0x5246,0x72A6,0x8B69,0x4A66,0x5287,0x62C8,0x4A27,0x5266,0x5226,0x41E5,0x31A4,0x21EC,0x1A0D,0x3A6B,
0x3AAD,0x532E,0x4B0D,0x5B2E,0x4A8A,0x426B,0x4A8C,0x428E,0x42CD,0x2A4D,0x324C,0x326D,0x2A29,0x2226,0x326A,0x5AAA,
0x428C,0x4A89,0x2A6D,0x3A08,0x322B,0x6A64,0x49E4,0x21E9,0x39A4,0x39E5,0x5A23,0x6223,0x7A63,0x8282,0x8A82,0x51C3,
0x41C4,0x41A3,0x29A6,0x3185,0x19A7,0x2186,0x2986,0x2985,0x31C7,0x42C8,0x2A05,0x4228,0x5AA8,0x630A,0x632A,0x52AA,
0x3A49,0x3A08,0x31A6,0x3A07,0x5288,0x326D,0x0213,0x31A8,0x6286,0x6AC7,0x5A87,0x5AA7,0x5204,0x5225,0x4A25,0x6AA6,
0x7283,0x31C6,0x29A5,0x3186,0x41E5,0x39A5,0x3165,0x2964,0x2123,0x2986,0x1167,0x11AA,0x326A,0x532E,0x5B2E,0x4269,
0x31A7,0x10C3,0x1081,0x3984,0x5AA8,0x5AEB,0x5B2D,0x94D3,0x5B6F,0x5350,0x3AAD,0x1A2B,0x42EE,0x222D,0x5BB1,0x0947,
0x49E5,0x5247,0x5227,0x4228,0x4228,0x59E3,0x6A84,0x72E6,0x49E5,0x5AA7,0x72E7,0x5226,0x5AA8,0x6AE6,0x51E3,0x49C2,
0x4182,0x49C4,0x3163,0x3984,0x3962,0x39A3,0x41A3,0x49C4,0x630B,0x5268,0x5AA9,0x5AA9,0x5288,0x4207,0x4A48,0x5289,
0x4A69,0x2945,0x2965,0x39C6,0x31E7,0x4207,0x21E9,0x4227,0x8B66,0x9BC7,0x7AC5,0x4A27,0x5247,0x3A49,0x4206,0x4227,
0x4A27,0x4206,0x39E7,0x322C,0x3A68,0x2A2A,0x19CE,0x2A6E,0x3A8C,0x4AA9,0x4AA9,0x3A4A,0x324D,0x3A6D,0x324D,0x21EC,
0x11AB,0x29E9,0x42A9,0x42A6,0x4264,0x7B23,0x21C6,0x3A46,0x41C3,0x5284,0x9385,0x9344,0x9363,0x9B44,0x6AA4,0x8365,
0x7B24,0x31A3,0x39A4,0x41A3,0x41C2,0x39A3,0x2985,0x31E4,0x1166,0x2983,0x21EA,0x4268,0x7B27,0x93EC,0x7B49,0x6286,
0x49E4,0x3142,0x3163,0x2103,0x18E2,0x10A1,0x0861,0x20C1,0x1986,0x2A69,0x1144,0x08C3,0x08E4,0x0061,0x0840,0x18C2,
0x1902,0x1902,0x2103,0x3164,0x39A4,0x2943,0x18A1,0x5205,0x5225,0x41E5,0x3164,0x3A47,0x428A,0x62C9,0x93EA,0x9BCA,
0x93A9,0x8BA9,0x8BCA,0x7B29,0x7B69,0x7328,0x6AC8,0x5A87,0x39A5,0x2123,0x2965,0x39C5,0x3143,0x21CC,0x42CF,0x52ED,
0x5B50,0x3A6B,0x3A4A,0x636F,0x52ED,0x6B6E,0x738E,0x5A47,0x3A6B,0x220B,0x29C8,0x2A0B,0x2A4A,0x2A46,0x3227,0x6287,
0x5A68,0x5A67,0x4A48,0x4208,0x2A0A,0x72A4,0x51E3,0x29C7,0x39E6,0x31E7,0x4227,0x4227,0x4206,0x5A86,0x8282,0x49C3,
0x29C7,0x2985,0x2166,0x2965,0x29A6,0x39C5,0x41C4,0x41A4,0x4A25,0x3A84,0x19C5,0x31C5,0x2A09,0x1A0A,0x2A4B,0x4289,
0x52AA,0x4A48,0x4228,0x3A07,0x39E7,0x324C,0x224F,0x5247,0x7AA5,0x82E5,0x8AE4,0x82C3,0x6A84,0x6244,0x4A06,0x62A7,
0x6A63,0x2965,0x2964,0x3164,0x49E5,0x5206,0x39A4,0x39A4,0x2102,0x3164,0x4A6A,0x4AAC,0x4269,0x39C7,0x2964,0x18C3,
0x10A2,0x20E3,0x18C2,0x1881,0x20A1,0x0840,0x2102,0x5A88,0x7B6B,0x83EE,0x6B6E,0x6BB0,0x6370,0x5351,0x84B5,0x1147,
0x5266,0x6AE8,0x5AA8,0x5225,0x51E3,0x41A2,0x6A85,0x3A05,0x41A3,0x6A42,0x6223,0x51C3,0x5A45,0x6245,0x6222,0x3122,
0x3962,0x49A2,0x3962,0x31A5,0x3184,0x2964,0x1965,0x39A5,0x4206,0x39C6,0x4A69,0x4A68,0x5ACA,0x62CA,0x5227,0x39C6,
0x5288,0x29A5,0x21A6,0x21C7,0x19A7,0x3A08,0x3209,0x4A48,0x72C5,0x7B49,0x6286,0x31E7,0x4A27,0x4227,0x4206,0x4A26,
0x4A06,0x3A08,0x39E7,0x426A,0x3266,0x3246,0x3228,0x2A2B,0x324C,0x326C,0x324D,0x4AED,0x426B,0x6BB0,0x84D6,0x5BB2,
0x42CD,0x5288,0x3203,0x19C3,0x11A3,0x6AC4,0x29E5,0x3227,0x2122,0x11A6,0x52A5,0x2A26,0x7325,0x7B24,0x9B85,0xA3E5,
0x7AC3,0x3183,0x3163,0x3183,0x29A4,0x2984,0x1165,0x4204,0x4269,0x7349,0x736A,0x62E7,0x4184,0x3962,0x20E1,0x20E1,
0x2922,0x2923,0x2922,0x10A1,0x0861,0x18E2,0x3163,0x20C1,0x1145,0x19A6,0x00C3,0x00A2,0x1104,0x0861,0x0840,0x3984,
0x5246,0x5287,0x5A87,0x62A8,0x7B4A,0x5A88,0x4A26,0x41A4,0x10A1,0x10A1,0x1903,0x3A65,0x3A66,0x4A66,0x4244,0x8388,
0x93E9,0x93C9,0x93CA,0x8348,0x8B69,0x5A87,0x39C6,0x3184,0x2124,0x2123,0x3164,0x52A9,0x5ACA,0x530E,0x3A4A,0x08A3,
0x08A4,0x08A2,0x10A2,0x10A2,0x0882,0x2186,0x4A8C,0x634E,0x5B91,0x4B0E,0x3209,0x2A08,0x32C6,0x21E4,0x3206,0x4A26,
0x3A09,0x5A67,0x6AE9,0x5A67,0x4AAA,0x72C5,0x7262,0x6245,0x5A45,0x5246,0x5246,0x4A27,0x31C7,0x4A46,0x82A1,0x49C3,
0x2186,0x3184,0x3164,0x3983,0x41C4,0x51E4,0x41C4,0x39A5,0x3204,0x2A45,0x19E5,0x21E5,0x4A89,0x424A,0x220B,0x2A2A,
0x3A49,0x5248,0x29C8,0x2187,0x29A7,0x4267,0x3A06,0x41E3,0x6A85,0x7AE6,0x6223,0x6264,0x7AA4,0x7A83,0x7284,0x8B05,
0x7283,0x39A3,0x3983,0x2964,0x39C5,0x39A4,0x3164,0x5247,0x5289,0x5289,0x5289,0x2123,0x1081,0x10C1,0x18C3,0x3163,
0x5287,0x31A5,0x2943,0x3164,0x5226,0x2943,0x39A4,0x3164,0x1060,0x18A1,0x2943,0x5227,0x7B8C,0x9470,0x9492,0x5B0C,
0x5247,0x5A45,0x5205,0x39C5,0x4A46,0x51E3,0x6AA5,0x21E7,0x5A24,0x5A24,0x5224,0x51C2,0x41A2,0x3941,0x3961,0x2921,
0x3983,0x39A4,0x3962,0x1967,0x1946,0x2943,0x1924,0x39A4,0x4A48,0x5269,0x52A9,0x3A06,0x2944,0x5268,0x39C6,0x6B4C,
0x630B,0x21C8,0x21E7,0x31C6,0x29C7,0x4249,0x4A69,0x5247,0x82E5,0x8B67,0x72C5,0x41E5,0x5226,0x4A27,0x39A6,0x4227,
0x5206,0x49E6,0x4A26,0x4AC6,0x3A85,0x21C3,0x2183,0x3A07,0x73AE,0x5B4E,0x426C,0x31E8,0x1105,0x3A49,0x6C33,0x7454,
0x7C94,0x8CD5,0x7410,0x4ACB,0x21A5,0x5A64,0x31A3,0x5245,0x39C5,0x3288,0x52A5,0x11C6,0x3A66,0x32A7,0x4287,0x6B07,
0x6A83,0x1923,0x1125,0x2185,0x21A7,0x39A4,0x426B,0x62CD,0x838D,0x9C0B,0x938A,0x6266,0x3984,0x3163,0x20E2,0x0861,
0x0020,0x10A1,0x3142,0x2103,0x2964,0x39C5,0x41A4,0x2902,0x3184,0x39C5,0x18E3,0x10A2,0x18C2,0x3144,0x6B09,0x5A46,
0x49C6,0x5A88,0x62E8,0x62C8,0x39C5,0x18C2,0x2103,0x2923,0x1903,0x2103,0x2923,0x6327,0x6B47,0x41E4,0x2944,0x41C4,
0x5A86,0x8BA9,0x93EA,0x8327,0x7B29,0x41E5,0x39A3,0x49C3,0x3184,0x4A68,0x6B6D,0x4ACB,0x29A7,0x1904,0x0041,0x0861,
0x4A07,0x2964,0x18E3,0x18E2,0x18C2,0x2124,0x18E3,0x10C3,0x29C8,0x42AC,0x4AEC,0x532E,0x5BAD,0x42E8,0x4285,0x5A86,
0x4249,0x5A88,0x5AA8,0x4206,0x3229,0x6AC5,0x6202,0x5204,0x6A62,0x7A62,0x7A83,0x7283,0x5226,0x6265,0x92E1,0x51E4,
0x39A5,0x41A4,0x49A4,0x49A3,0x3184,0x3185,0x29C7,0x2985,0x4225,0x2A46,0x21E5,0x2A66,0x5B28,0x4A6A,0x31E8,0x3A07,
0x39C6,0x39E8,0x1988,0x2187,0x29C8,0x4286,0x2A24,0x3A24,0x5245,0x6A86,0x4A05,0x5246,0x5A45,0x6AA5,0x6AA5,0x82E5,
0x7284,0x39E5,0x2985,0x2144,0x39E6,0x4A47,0x4207,0x3A07,0x2965,0x18C2,0x18E3,0x18E2,0x2123,0x39C5,0x41A5,0x4A05,
0x6286,0x4A26,0x5AA8,0x6AE8,0x5A87,0x4A27,0x4A27,0x3184,0x18E2,0x10C2,0x1080,0x1081,0x20A1,0x3983,0x5266,0x62A8,
0x7308,0x52A7,0x4A68,0x5246,0x5A45,0x49C3,0x51E4,0x5AA6,0x5203,0x31A4,0x3184,0x2924,0x3184,0x7A81,0x6222,0x3122,
0x2165,0x2165,0x3163,0x1924,0x1964,0x39A3,0x41A4,0x41C3,0x52E9,0x7B8C,0x6B29,0x3A25,0x4A48,0x5AA9,0x4227,0x6B4C,
0x5ACA,0x31E7,0x31E7,0x31E8,0x29E7,0x4A89,0x3207,0x5205,0x82E5,0xA3C7,0x7AC5,0x39E6,0x5226,0x4A06,0x41C5,0x4A26,
0x4A26,0x39E7,0x3205,0x3A84,0x2A25,0x3A47,0x3A28,0x3A4A,0x3A4A,0x1946,0x1125,0x2166,0x29A7,0x4A47,0x3185,0x39E7,
0x52CC,0x6BD2,0x7C73,0x8CF5,0x8C94,0x9492,0x52CC,0x5246,0x41C4,0x31E5,0x5A64,0x31C4,0x3A25,0x3A45,0x2A07,0x4A66,
0x6A83,0x2143,0x1166,0x31A4,0x31C5,0x39C3,0x6395,0x8CBA,0x7417,0x7394,0x7330,0x6AEB,0x834A,0x9BCB,0x8349,0x5A46,
0x39C6,0x3185,0x41C5,0x3984,0x39C5,0x41C5,0x2943,0x1081,0x10A2,0x18C1,0x0841,0x1082,0x18C2,0x41E5,0x5225,0x5A46,
0x7329,0x4A05,0x18A2,0x20E2,0x2923,0x18E2,0x2903,0x2143,0x18E2,0x2123,0x1902,0x3A04,0x5266,0x39A5,0x39C5,0x4206,
0x3A06,0x3A25,0x4AA7,0x7B48,0x9389,0x41C4,0x41E5,0x6B2B,0x52AA,0x3A08,0x21A7,0x00A3,0x0082,0x10C3,0x10C3,0x2923,
0x4A47,0x31A5,0x3185,0x4206,0x39C6,0x2965,0x10C2,0x0861,0x08A2,0x10C4,0x10C3,0x1905,0x3209,0x4AEC,0x5B6E,0x632C,
0x4A6A,0x5AC9,0x62E9,0x4A47,0x42AA,0x6284,0x49C4,0x29C7,0x4A05,0x4247,0x6264,0x6A63,0x7A62,0x7A83,0x8AC3,0x51E3,
0x41A4,0x49A3,0x3185,0x2985,0x1966,0x2964,0x31A6,0x31A5,0x3A25,0x3285,0x19A4,0x2A66,0x3246,0x31E8,0x2966,0x3185,
0x41E6,0x39E6,0x21A7,0x1986,0x2A06,0x4AE6,0x2203,0x4263,0x6A85,0x72A5,0x5225,0x5225,0x5266,0x6AC6,0x5A66,0x6286,
0x6243,0x29A5,0x2165,0x41E6,0xA490,0x7BCD,0x31C7,0x0882,0x0000,0x0881,0x2944,0x39C6,0x3A07,0x4A27,0x49E5,0x18E2,
0x3163,0x4A05,0x5A67,0x7329,0x62C8,0x2123,0x20E2,0x0881,0x1081,0x2964,0x39A4,0x3184,0x3143,0x2902,0x18E2,0x10A1,
0x82A1,0x82A1,0x82E4,0x5204,0x6244,0x5A66,0x4228,0x4A06,0x31A5,0x31C5,0x49E4,0x2944,0x39E5,0x9B21,0x7261,0x3122,
0x1104,0x2123,0x3163,0x3184,0x41A4,0x41C4,0x3983,0x39A3,0x29E3,0x4226,0x52A6,0x3224,0x630A,0x6B0A,0x31A6,0x39E7,
0x4A68,0x21A7,0x29A7,0x29A7,0x21E7,0x3A07,0x2985,0x49E5,0x6243,0x8325,0x7285,0x3985,0x4A06,0x3A07,0x3A07,0x3A28,
0x4A07,0x41E6,0x5267,0x740C,0x4AA9,0x18E3,0x0041,0x0062,0x10E4,0x2165,0x39E6,0x52A9,0x31E8,0x632B,0x2986,0x2103,
0x3144,0x5226,0x31A6,0x3A4B,0x5B6F,0x7474,0x84D6,0x8CD5,0x8474,0x634E,0x5289,0x31A5,0x4A04,0x5224,0x39E5,0x6AE5,
0x72C4,0x31A4,0x31C5,0x41C3,0x39A3,0x3183,0x6C15,0x52D6,0x9CF9,0x8CB9,0x8459,0x6BB8,0x7C15,0x8414,0x83D2,0x732C,
0x72E9,0x8BAA,0x8BC9,0x6AE8,0x4A05,0x4A46,0x3185,0x18E2,0x2964,0x39A4,0x2902,0x39C4,0x41E4,0x4A05,0x6287,0x6AA7,
0x8369,0x3123,0x0861,0x2122,0x2943,0x10C2,0x0840,0x0082,0x08C2,0x2944,0x2123,0x3A25,0x6B08,0x62A7,0x4205,0x7B49,
0x7B28,0x5A66,0x39E5,0x4A05,0x7B29,0x8430,0x5B4E,0x2166,0x0000,0x0000,0x0861,0x18E2,0x2103,0x41E6,0x5268,0x41E5,
0x4206,0x2924,0x10A2,0x2964,0x2104,0x10C3,0x0861,0x10C3,0x2944,0x18C2,0x0020,0x0000,0x0020,0x1904,0x4AAC,0x3AAC,
0x21C9,0x5289,0x52C8,0x4286,0x3A87,0x5A64,0x41C4,0x21A7,0x4206,0x2A08,0x4225,0x4A47,0x4205,0x5A65,0x7A62,0x39A3,
0x2965,0x3184,0x2986,0x2965,0x2965,0x3164,0x31A5,0x39C5,0x4245,0x19E5,0x00E3,0x29C5,0x29A4,0x4A05,0x4A04,0x4A26,
0x62A8,0x4206,0x31E6,0x29A5,0x3A25,0x4AA5,0x19A3,0x4A84,0x6A84,0x72A4,0x72A4,0x7284,0x82E5,0x82E5,0x6244,0x7284,
0x6223,0x3184,0x3164,0x5248,0xACF2,0x83AD,0x944F,0x7BCE,0x5AAA,0x528A,0x4227,0x2944,0x2124,0x2144,0x2144,0x18E3,
0x4A06,0x5267,0x5246,0x5A87,0x5A67,0x18E3,0x1081,0x0861,0x10A1,0x2944,0x3185,0x3185,0x3142,0x1060,0x18C2,0x39C5,
0x31E5,0x3A07,0x41E4,0x2963,0x6A84,0x9324,0x7AE6,0x5225,0x5A25,0x4A27,0x41E7,0x3984,0x3983,0x7261,0x7241,0x2922,
0x2943,0x3962,0x3162,0x31A5,0x39A3,0x31C6,0x2186,0x49A3,0x3A23,0x4206,0x4245,0x21C3,0x4226,0x5AA9,0x31A5,0x3A07,
0x5AA8,0x39A6,0x2165,0x2965,0x4248,0x31C6,0x2986,0x2944,0x4A06,0x5247,0x5224,0x2185,0x29A5,0x3A07,0x29C5,0x39E6,
0x5A26,0x5225,0x6328,0x8C70,0x738E,0x634D,0x52CB,0x3A08,0x39E7,0x0082,0x31A5,0x5AEA,0x3A29,0x5B0B,0x2966,0x1924,
0x5B0B,0x6AE9,0x3144,0x41E6,0x41C5,0x3209,0x320A,0x3A8D,0x63F2,0x7C74,0x7C74,0x7C53,0x634F,0x6B6D,0x62A8,0x93A6,
0x7304,0x41C3,0x39C4,0x39C4,0x2185,0x2943,0x6BF4,0x31B5,0x5AD5,0x3193,0x4235,0x2972,0x6B76,0x6B78,0x7C19,0x8459,
0x73B6,0x7372,0x7B4E,0x72CA,0x8BAB,0x940B,0x8BAA,0x6AE8,0x5A86,0x3984,0x1040,0x18E2,0x0881,0x3164,0x6AA7,0x7308,
0x8BAA,0x3963,0x0861,0x1081,0x00A3,0x0082,0x0061,0x08E4,0x08E3,0x18E2,0x18C2,0x29A3,0x6307,0x7B49,0x7308,0x8B89,
0x8349,0x93A9,0x6B27,0x31E3,0x6B2A,0x73D0,0x636F,0x6C12,0x5B2E,0x31C7,0x2145,0x2103,0x0020,0x39C6,0x4A27,0x4A46,
0x4A26,0x3184,0x2103,0x31A5,0x2145,0x10E3,0x10C3,0x18E3,0x18A1,0x0840,0x0882,0x2145,0x31C7,0x3229,0x21C9,0x08E6,
0x0926,0x4227,0x3A07,0x3A24,0x4A86,0x5A85,0x39C4,0x29E7,0x4A46,0x4A26,0x41C5,0x4226,0x3A07,0x5246,0x7242,0x3984,
0x2166,0x3184,0x3165,0x3164,0x2965,0x2944,0x2165,0x41E5,0x5245,0x3205,0x4A47,0x5288,0x6B0A,0x6AC8,0x4A47,0x4207,
0x62C9,0x3185,0x2965,0x2123,0x4206,0x39C5,0x2164,0x6308,0x5245,0x41E3,0x4A44,0x5A65,0x8AE5,0x7AA4,0x51E3,0x82C4,
0x6A23,0x3184,0x2943,0x39C5,0x93CB,0x8BAD,0x8C0F,0xA4D1,0xACD2,0xA4F3,0x9CB2,0x7BCF,0x52AA,0x39E7,0x2945,0x2124,
0x41E5,0x4A26,0x4A25,0x5A46,0x4A05,0x2103,0x2923,0x2964,0x2964,0x10A2,0x0020,0x0882,0x2104,0x2965,0x52AA,0x52CA,
0x19C7,0x09A9,0x2986,0x1945,0x41E5,0x5245,0x41E5,0x41A3,0x82A2,0x7AA4,0x49E4,0x41A3,0x3163,0x4961,0x59C1,0x3142,
0x3183,0x3163,0x3142,0x1146,0x2985,0x2985,0x1945,0x3963,0x3203,0x4A67,0x5AE9,0x4A67,0x4A46,0x5268,0x41C5,0x3205,
0x4285,0x62C7,0x5A46,0x5AA8,0x6B2A,0x4227,0x31A6,0x3185,0x5226,0x62A8,0x5A24,0x1985,0x2165,0x4A06,0x4245,0x3A05,
0x5285,0x4AE3,0x6389,0x94B1,0x8430,0x8C50,0xA555,0x8CD5,0x73F2,0x52ED,0x530D,0x4ACC,0x3A2A,0x31C7,0x1904,0x31E7,
0x634C,0x4A89,0x1924,0x5A88,0x6AC8,0x29A6,0x29E8,0x29A7,0x29A7,0x29A7,0x31C8,0x63B0,0x5B90,0x5BB1,0x3A4B,0x8326,
0x72C4,0x3984,0x19A7,0x29A5,0x1146,0x2943,0x6BF4,0x4A75,0x1052,0x3154,0x4235,0x4235,0x8477,0x18D1,0x4213,0x4A55,
0x4A75,0xBDFC,0x8C9A,0x6B78,0x6B54,0x73B2,0x7B70,0x6AEA,0x7B29,0x7B08,0x6287,0x5226,0x3985,0x39A4,0x41C3,0x4162,
0x49A3,0x2902,0x18E3,0x0881,0x0083,0x08A2,0x0061,0x10E3,0x2103,0x18A2,0x18E3,0x4205,0x5AA7,0x4226,0x3985,0x4A47,
0x7B68,0xA429,0x83A8,0x52C4,0x838B,0x73D0,0x636F,0x63F2,0x5BD2,0x6C13,0x8CD5,0x7412,0x426B,0x31E9,0x18E4,0x1081,
0x2103,0x2965,0x3164,0x41E6,0x1903,0x0040,0x0040,0x1082,0x2124,0x31C7,0x3208,0x29C7,0x08E5,0x0106,0x0947,0x1147,
0x1167,0x39E6,0x3A06,0x4265,0x4AC7,0x5264,0x6A84,0x6265,0x6246,0x41E5,0x3185,0x4A46,0x62A7,0x5A66,0x6202,0x3983,
0x3164,0x3184,0x2964,0x2964,0x2944,0x2144,0x39C5,0x4A46,0x4A26,0x39C5,0x6AE8,0x5247,0x6B2B,0x630B,0x5A89,0x736B,
0x732A,0x5288,0x5268,0x4206,0x4A47,0x4206,0x4A47,0x5A88,0x4A46,0x4A24,0x4204,0x62A6,0x7264,0x5A44,0x2963,0x6243,
0x6243,0x2965,0x2144,0x41A3,0x9321,0x72A1,0x72C5,0x8B8B,0xA491,0xA4D2,0xACF3,0x9CD2,0xA4D3,0x8C51,0x7BEF,0x6B4C,
0x4207,0x2103,0x1081,0x2922,0x20E1,0x3984,0x5AA7,0x2124,0x10C2,0x0860,0x10A2,0x39E7,0x4ACB,0x426A,0x29C8,0x2146,
0x4226,0x2209,0x31C6,0x2944,0x2965,0x1987,0x1966,0x3143,0x49E4,0x4A26,0x4182,0x2164,0x2144,0x41A2,0x59E1,0x2102,
0x1105,0x1903,0x3142,0x1124,0x1944,0x3963,0x2943,0x2942,0x4243,0x31C3,0x5287,0x5247,0x5267,0x3943,0x08C1,0x1202,
0x0181,0x0922,0x18C1,0x41E5,0x5226,0x2943,0x4206,0x3184,0x5AA5,0x7B25,0x5A84,0x3224,0x29C4,0x5286,0x4A84,0x1162,
0x3264,0x3AC2,0x5328,0x8C51,0x3A28,0x6B6D,0xAD55,0x8CD5,0x7C74,0x7433,0x8CD5,0x8CD5,0x7C53,0x636F,0x3A29,0x29C8,
0x1945,0x1904,0x2186,0x4A69,0x5289,0x10E3,0x2166,0x5267,0x39C6,0x3A08,0x29E9,0x3AAC,0x2A4B,0x1167,0x0906,0x8346,
0x6AA3,0x2144,0x1125,0x31A5,0x31A4,0x41C3,0x7C54,0x5AF7,0x3172,0x4A55,0x4A36,0x3194,0xBDF9,0x52B5,0x94DA,0x4A74,
0x41F4,0x6B77,0x2973,0x5AB6,0xC65B,0x94BA,0x845A,0x6356,0x7374,0x8C12,0x7B8E,0x838C,0x93EC,0x8BCB,0x7307,0x51E5,
0x3942,0x2943,0x18E2,0x18C2,0x2124,0x1103,0x0020,0x1061,0x2103,0x18C2,0x10A2,0x2944,0x3184,0x3185,0x41E6,0x6AA8,
0x6B46,0x7B86,0x8B88,0x6AC4,0x7308,0x5B2D,0x5B0D,0x6BD0,0x5B6F,0x6BD1,0x7433,0x7433,0x6C54,0x84F7,0x63B0,0x426B,
0x322A,0x21A8,0x1125,0x1925,0x1082,0x1904,0x3A08,0x4249,0x3209,0x1146,0x00C4,0x00C4,0x0105,0x0926,0x08E5,0x00E5,
0x1167,0x2983,0x31E3,0x2223,0x2A25,0x4205,0x3184,0x4A26,0x51E3,0x51E3,0x5225,0x5246,0x5246,0x41E5,0x5A04,0x39A3,
0x3165,0x3185,0x3184,0x39A5,0x4A06,0x2965,0x2986,0x39E6,0x39C5,0x4206,0x734A,0x41E6,0x39C5,0x5AA8,0x62C9,0x6B2B,
0x62CA,0x4206,0x62C9,0x6B2A,0x62E9,0x39C5,0x4206,0x49E6,0x31C5,0x2982,0x31A3,0x4A24,0x7284,0x5203,0x1102,0x41C3,
0x51E3,0x2964,0x2124,0x49E3,0xA3A1,0x6A40,0x8B01,0xA3A0,0x7281,0x6A64,0x7B09,0x8BAD,0xA492,0xB535,0xAD35,0xA4D3,
0x840F,0x83EF,0x734D,0x39C7,0x20E3,0x1061,0x18C2,0x10C2,0x2985,0x4A69,0x4269,0x3A49,0x2187,0x2187,0x2965,0x2124,
0x72C5,0x72A5,0x5A04,0x41A4,0x3984,0x41C4,0x41E5,0x3123,0x41C4,0x4A46,0x3962,0x2103,0x2923,0x51E3,0x59E2,0x18A2,
0x10A2,0x18C2,0x2922,0x2943,0x2122,0x3982,0x3962,0x3163,0x5A85,0x39A3,0x10A1,0x1081,0x2102,0x3983,0x1941,0x0162,
0x0921,0x10C1,0x20A1,0x41C5,0x49E5,0x2102,0x18E2,0x18C2,0x3222,0x3A42,0x2182,0x31E3,0x2963,0x4A44,0x31E3,0x08E1,
0x3223,0x2221,0x42A7,0x7BCE,0x0063,0x0927,0x8C93,0x4ACC,0x428C,0x636F,0x8474,0x8CF6,0x8CF6,0xA557,0xA536,0x8CB4,
0x530E,0x426A,0x3A4A,0x424A,0x31A7,0x29E9,0x3AAC,0x52EC,0x3A29,0x21C8,0x19A9,0x220B,0x220A,0x1146,0x1166,0x8386,
0x7B23,0x2963,0x2984,0x39C5,0x39C3,0x39C3,0x7454,0x8C5A,0xBDDA,0x7377,0x3193,0x5AD5,0xC61A,0x4255,0x94F9,0x4215,
0x3175,0x3195,0x7BB8,0x4A54,0xA558,0x5295,0x3193,0x8CB8,0x8C79,0xA51B,0xA53A,0x9498,0x8456,0x7BB1,0x83AE,0x838B,
0x8349,0x5225,0x10A1,0x2103,0x2124,0x08C3,0x0881,0x1081,0x18C2,0x1082,0x0882,0x0041,0x18E3,0x39A5,0x4A26,0x7308,
0x6325,0x52C4,0x4224,0x3162,0x5AA8,0x5B2C,0x0062,0x1988,0x29E9,0x530D,0x7C11,0x6BD1,0x5BD2,0x7454,0x7412,0x7C53,
0x9D78,0x8D37,0x5BD2,0x42CE,0x426B,0x320A,0x1967,0x00E5,0x00A4,0x00E5,0x0905,0x00E5,0x00A4,0x0083,0x0041,0x0083,
0x1146,0x39A3,0x3243,0x21E3,0x1143,0x39C4,0x2145,0x39E6,0x2123,0x10C3,0x3163,0x49C4,0x5A25,0x7285,0x7286,0x39E6,
0x3185,0x3184,0x2124,0x31E8,0x3A49,0x3A69,0x5288,0x5A87,0x5267,0x4A26,0x62A8,0x4A47,0x5288,0x632B,0x52EB,0x3208,
0x31C6,0x4207,0x4A47,0x41C5,0x3164,0x2964,0x29A6,0x39E6,0x4225,0x3203,0x41C4,0x4A04,0x6A64,0x2922,0x1942,0x5243,
0x51C4,0x2944,0x2104,0x41E2,0x9B60,0x2921,0x00C6,0x5A65,0x8B00,0x5A00,0x8B00,0x8B00,0x8B22,0x8B88,0xA470,0x9C71,
0x9C72,0xAD54,0xB554,0xAD14,0xA4D3,0x7BAE,0x5269,0x4A89,0x4AAB,0x3A29,0x1966,0x2166,0x2965,0x2963,0x2101,0x20E0,
0x49E4,0x41E5,0x6244,0x51E3,0x5204,0x6A44,0x39A4,0x3164,0x5A24,0x92E2,0x4161,0x2902,0x20E1,0x3942,0x51C1,0x20E1,
0x2123,0x2922,0x2922,0x3984,0x39A4,0x4183,0x2902,0x10A1,0x2102,0x2102,0x18E2,0x2944,0x39E5,0x41C5,0x2142,0x0962,
0x1902,0x10A1,0x1081,0x3184,0x41A5,0x18C2,0x10A1,0x10C2,0x2162,0x1921,0x10A1,0x2101,0x2123,0x4A06,0x3184,0x18E2,
0x42A3,0x3A62,0x6328,0x738D,0x0083,0x1169,0x8CB3,0x2986,0x0064,0x328D,0x4A69,0x52CC,0x636F,0x9CF5,0xB5D8,0xB5B8,
0x84B4,0x84D5,0x8494,0x8CB4,0x6390,0x322B,0x324B,0x21C9,0x0905,0x08E5,0x1147,0x21EA,0x0967,0x0083,0x0967,0x7B85,
0x7B62,0x2183,0x1903,0x1984,0x29E4,0x3A24,0x3209,0x32B1,0x6457,0x8CFB,0x7C79,0x4A55,0xAD3A,0x62F5,0x9CB8,0x4214,
0x39F6,0x5AD6,0x9499,0x6316,0x94B7,0x5AF6,0x31B4,0x7BB7,0x3194,0x7398,0x7BF6,0x9498,0x8418,0x8438,0x9499,0x7BF8,
0x6331,0x3963,0x10A2,0x18E2,0x0861,0x0041,0x0881,0x0861,0x10C2,0x2124,0x2965,0x3185,0x41E5,0x5A87,0x41C5,0x2964,
0x3203,0x4A64,0x39C4,0x08C0,0x4A88,0x73D0,0x00A4,0x0127,0x0083,0x00C4,0x1946,0x21A8,0x42CD,0x7433,0x94B4,0x8C94,
0x8C94,0x84B5,0x6413,0x5B91,0x00A4,0x00C4,0x00A4,0x00C4,0x00E5,0x00C4,0x00A3,0x0062,0x0062,0x0041,0x0000,0x0042,
0x0904,0x2982,0x19E2,0x19A3,0x1164,0x4A05,0x5A45,0x5204,0x2923,0x08E5,0x1966,0x49A4,0x2165,0x39A5,0x5A25,0x31A6,
0x1924,0x2124,0x1104,0x5AE8,0x62E8,0x52A9,0x4289,0x2A28,0x4289,0x6B2A,0x6B4B,0x52CA,0x3A69,0x3A49,0x428A,0x4A68,
0x4A26,0x4227,0x3A06,0x41E6,0x2164,0x31A5,0x2166,0x31A5,0x4224,0x3A43,0x4A25,0x5A65,0x6245,0x18C2,0x29C2,0x3A02,
0x41A3,0x2983,0x31A3,0x41E2,0x8B01,0x2921,0x0046,0x39C6,0x72C1,0x0063,0x2964,0xA3A1,0x8B41,0x9380,0x8B41,0x5A21,
0x72A5,0x9C4E,0xA513,0xAD14,0xA514,0x9CD3,0x9CD2,0x31C7,0x1946,0x2187,0x2145,0x1901,0x2121,0x2920,0x2101,0x0062,
0x2186,0x0947,0x2944,0x20E2,0x3162,0x5A03,0x3962,0x41C3,0x6A82,0x8AC2,0x4161,0x18E2,0x18C1,0x20E1,0x49A1,0x18E2,
0x1945,0x2923,0x2101,0x7307,0x8B67,0x6AA5,0x3983,0x18C1,0x2102,0x41E5,0x3185,0x41E6,0x41E6,0x3984,0x39C3,0x1902,
0x1081,0x2123,0x3164,0x3984,0x41C5,0x18C2,0x10A1,0x0061,0x10C1,0x1081,0x3964,0x5246,0x4206,0x2943,0x2943,0x31A2,
0x4A82,0x4AC1,0x5B47,0x6B8D,0x31C7,0x2A4C,0x8CD4,0x31C7,0x0927,0x53B3,0x31A6,0x18A0,0x08C4,0x7C73,0x632D,0x6BD1,
0x6BD1,0x8473,0x84B5,0x8CB5,0x638F,0x00A4,0x19C9,0x21EA,0x1126,0x00A4,0x08A4,0x1166,0x00C4,0x0083,0x0988,0x5B44,
0x5B02,0x1162,0x08E2,0x1963,0x6B6A,0x7B49,0x41A4,0x2903,0x31E6,0x3249,0x1A0C,0x4372,0x6C96,0x84DA,0xADBC,0x8CBA,
0x83F8,0x5AD5,0x4214,0x2912,0xAD99,0x52B5,0x39D4,0x7BF7,0x31B4,0x6B77,0x4A75,0x39B4,0x4A54,0x5AB4,0x62D6,0x83F9,
0x7416,0x41E6,0x18E2,0x18A2,0x0861,0x0861,0x18E3,0x2124,0x3184,0x4A47,0x5AA8,0x5268,0x39A5,0x2943,0x2103,0x18E2,
0x1982,0x5AA5,0x5A85,0x41C3,0x6B0A,0x7C32,0x32AD,0x1A4C,0x00E5,0x00C4,0x00E5,0x0062,0x00C5,0x1168,0x322A,0x5B4F,
0x73F1,0x7412,0x8474,0x6390,0x00A4,0x0905,0x0083,0x0062,0x0062,0x0062,0x0041,0x0041,0x0862,0x0862,0x08C2,0x0904,
0x08E4,0x3A63,0x3B03,0x3A04,0x3185,0x41E5,0x41E4,0x4A04,0x2144,0x1147,0x21A7,0x49A4,0x1125,0x39C5,0x6A43,0x39A4,
0x1925,0x2124,0x2943,0x62C8,0x4289,0x630A,0x62C8,0x4248,0x4249,0x3A49,0x3228,0x3A28,0x4A68,0x4A89,0x52A9,0x21A6,
0x2964,0x4A47,0x21E8,0x31C7,0x2144,0x31A4,0x4A27,0x41C6,0x31C3,0x4AA4,0x41C4,0x3164,0x41A4,0x2963,0x29C3,0x1121,
0x2942,0x3A83,0x3262,0x2981,0x82C0,0x3962,0x00E8,0x31E7,0x6A81,0x0023,0x08A7,0x8B63,0x3163,0x10E7,0x6AC2,0x82C0,
0x7A60,0xA3A0,0xA382,0x72E4,0x6266,0x7B4C,0x9C92,0x31A7,0x1903,0x1902,0x18C0,0x18E0,0x0882,0x10C1,0x18E2,0x0023,
0x4227,0x4206,0x4142,0x2124,0x41A3,0x7A82,0x4981,0x39E2,0x6A82,0x92C2,0x3920,0x18E2,0x18E2,0x2921,0x4161,0x10C2,
0x2165,0x2944,0x18E2,0x7B07,0x9386,0x9386,0x9346,0x8B26,0x7B06,0x6AC5,0x41C4,0x3164,0x20E3,0x1080,0x3142,0x20E2,
0x18E2,0x31A5,0x41C4,0x20E2,0x18E3,0x10A1,0x2943,0x3184,0x39A4,0x2942,0x2964,0x39A4,0x39C5,0x3143,0x3182,0x5B21,
0x52C2,0x29C0,0x4265,0x6B8E,0x7BEE,0x83CE,0x5AA9,0x2985,0x428B,0x73AF,0x4206,0x2902,0x10E4,0x6BF1,0x2188,0x00C6,
0x4B0E,0x4B0D,0x532E,0x7413,0x4AEE,0x0126,0x1188,0x0926,0x0967,0x00C4,0x08C4,0x1945,0x0041,0x0063,0x09C8,0x4B04,
0x4AC2,0x29C3,0x3184,0x39E5,0x7B6A,0x7B29,0x72E8,0x836A,0x93CB,0x7B49,0x41A3,0x39C4,0x4A47,0x21C7,0x1A6D,0x5416,
0x6CB8,0x7D19,0x6398,0x7BD8,0xD6BB,0x5254,0x41F5,0x39D5,0x1092,0x4215,0x52B6,0x1093,0x4A75,0x3175,0x3174,0xC63C,
0x63B4,0x41C5,0x2923,0x20E2,0x18E2,0x3163,0x4A05,0x5A88,0x5A88,0x3184,0x20E2,0x10A2,0x18C2,0x2103,0x2923,0x2123,
0x1942,0x1962,0x62A6,0x5244,0x6349,0x8CD4,0x8C73,0x6390,0x4B0E,0x326B,0x21C9,0x00E5,0x00E6,0x00A5,0x00C5,0x0107,
0x08E5,0x19CA,0x7C74,0x63B0,0x0063,0x0083,0x0020,0x0020,0x0041,0x0061,0x0062,0x08A3,0x1925,0x0905,0x0105,0x08E6,
0x0905,0x5307,0x32E4,0x1982,0x1902,0x5203,0x6263,0x6223,0x2923,0x0968,0x1966,0x49A3,0x1965,0x4A05,0x8AC3,0x41E4,
0x2124,0x2923,0x3184,0x5AC8,0x0987,0x3AAA,0x3A27,0x3227,0x62E9,0x5AC8,0x4206,0x3228,0x4A68,0x19C8,0x2A28,0x1146,
0x1903,0x39E7,0x08E4,0x3184,0x39C5,0x4A06,0x4A46,0x3985,0x2982,0x3A24,0x39A4,0x2123,0x3142,0x2142,0x21A1,0x2122,
0x2942,0x2202,0x2A42,0x4241,0x9340,0x8AE1,0x8323,0x72C3,0x6241,0x0883,0x0908,0x9363,0x3121,0x0025,0x5A63,0x5A41,
0x00C7,0x62C6,0x9B41,0x59C0,0x59E0,0x82C0,0x8323,0x3181,0x20E0,0x1080,0x1080,0x10A1,0x0023,0x10A1,0x18E1,0x0022,
0x41E4,0x4A05,0x4142,0x2901,0x3142,0x6222,0x41A1,0x21E0,0x4A41,0x8AA1,0x3921,0x08C3,0x10C3,0x2922,0x3962,0x2123,
0x2145,0x2943,0x2123,0x7AE7,0x72E6,0x72A4,0x8B25,0x8B45,0x93A6,0x9BC8,0x9387,0x7B26,0x5224,0x3143,0x20E2,0x3184,
0x1903,0x2964,0x5226,0x41E6,0x39A4,0x3184,0x41C5,0x3184,0x2102,0x2103,0x3184,0x39C4,0x1904,0x10C3,0x39C3,0x5320,
0x4280,0x29C0,0x21E4,0x21E9,0x4A89,0x3185,0x0020,0x00C3,0x2A07,0x3A68,0x19C7,0x08C3,0x10E4,0x42AB,0x1967,0x0108,
0x5BF1,0x3A6B,0x0105,0x6413,0x5370,0x0927,0x00A4,0x08E5,0x11A9,0x00A4,0x0882,0x1904,0x08A3,0x1126,0x1168,0x52A6,
0x4A44,0x3183,0x3962,0x4245,0x7B49,0x7B29,0x7309,0x8349,0x8B8A,0x7B6A,0x8369,0x9C0B,0x9C2B,0x6AC6,0x41C3,0x5A86,
0x4227,0x0967,0x228D,0x53D4,0x6CB8,0x747A,0x73B9,0x7BB8,0x7B76,0x5254,0x39D3,0x3174,0x39D4,0x2114,0x41F5,0xD6DD,
0x6394,0x3184,0x18C2,0x1903,0x31A5,0x41E5,0x3184,0x2964,0x18E2,0x10A1,0x0881,0x18C2,0x2102,0x2943,0x3164,0x2924,
0x1903,0x4205,0x72E7,0x3A84,0x42C7,0x73D0,0x4AAB,0x5B0D,0x6B8F,0x6BAF,0x7C11,0x5B6F,0x324B,0x1168,0x0127,0x0168,
0x0085,0x00E6,0x6C75,0x6390,0x0042,0x0021,0x0020,0x0041,0x08A2,0x0904,0x0926,0x0926,0x0926,0x00E5,0x0062,0x0041,
0x0925,0x52CB,0x5AE9,0x3A06,0x29A4,0x4263,0x4282,0x31A2,0x3184,0x2986,0x2184,0x51E4,0x7286,0x7A84,0x7282,0x2A03,
0x1963,0x2943,0x2984,0x5287,0x0127,0x3A69,0x29E6,0x19C7,0x2A29,0x3A69,0x31C5,0x0967,0x3248,0x0967,0x31C6,0x3984,
0x2124,0x31A5,0x1103,0x31A5,0x3185,0x3185,0x20E3,0x3164,0x31C3,0x2182,0x2984,0x31E4,0x31A1,0x31C1,0x3242,0x3A21,
0x4261,0x3261,0x3A62,0x62A3,0xA3A0,0x72A0,0x9B80,0x9340,0x7280,0x7AC1,0x72C3,0x9382,0x3121,0x0005,0x62C4,0x6241,
0x0087,0x29C7,0x6A81,0x0041,0x0883,0x6A82,0xA3A1,0x3180,0x0881,0x0001,0x0860,0x18E1,0x0063,0x10A1,0x18E1,0x10A2,
0x59C0,0x51A2,0x3942,0x18C1,0x20C1,0x6202,0x4A61,0x11C0,0x18E0,0x7241,0x4161,0x18E3,0x2103,0x20E2,0x2102,0x3164,
0x2124,0x2944,0x2922,0x7AE5,0x49E3,0x0000,0x5A23,0x6A64,0x6265,0x9388,0x8326,0x8B46,0x9BA7,0xA3E9,0x8B47,0x72C6,
0x41A4,0x3122,0x62A5,0x39A3,0x3144,0x2123,0x2102,0x2102,0x18E2,0x2123,0x10A2,0x2164,0x00C5,0x10C4,0x39E3,0x4B20,
0x4AC3,0x39C3,0x1964,0x0927,0x1965,0x31C7,0x2943,0x2985,0x29C7,0x3229,0x21E9,0x1966,0x1903,0x1924,0x0062,0x0106,
0x6C74,0x3A4A,0x0126,0x7474,0x6BF2,0x0926,0x0041,0x08C4,0x11CA,0x00C5,0x10E4,0x1946,0x1987,0x1988,0x0905,0x31C6,
0x5AA7,0x51E4,0x3942,0x39A3,0x7329,0x8BAA,0x6AC7,0x5A67,0x7B49,0x7B29,0x7B4A,0x8BAA,0x8B8A,0x838A,0x838A,0x8BAA,
0x8348,0x51E4,0x3983,0x39A4,0x2186,0x11EA,0x4392,0x64D7,0x9DDB,0x8CFA,0x7397,0x83B6,0x39B2,0x4A54,0x5255,0x94FB,
0x6415,0x2123,0x10A2,0x18E3,0x2103,0x18A2,0x10A1,0x18C2,0x20E2,0x2902,0x2101,0x2122,0x2102,0x2123,0x2124,0x2124,
0x1923,0x31C3,0x6265,0x5265,0x636A,0x5AEC,0x0000,0x08A3,0x2146,0x3A4A,0x73D0,0x8431,0x5B4E,0x5B4F,0x63D2,0x4B71,
0x220B,0x01A9,0x6C75,0x5B4F,0x0001,0x0062,0x00A3,0x08E4,0x08E5,0x0105,0x0126,0x00C4,0x0083,0x0042,0x0020,0x0041,
0x1146,0x5288,0x6B09,0x5AEA,0x5B09,0x5AA7,0x52E6,0x3A84,0x4AA5,0x6AE8,0x6A86,0x5243,0x4263,0x4A23,0x4A82,0x1A02,
0x09A2,0x11A3,0x2204,0x5266,0x3228,0x4AA9,0x21E7,0x1A68,0x2A28,0x29E8,0x31A6,0x0947,0x3A28,0x1125,0x31C6,0x4A26,
0x4226,0x2964,0x1923,0x31C5,0x2964,0x31A4,0x31C6,0x2983,0x39C4,0x2983,0x52C9,0x6B69,0x2981,0x1921,0x3A62,0x4B02,
0x5AE3,0x39A3,0x2943,0x5A83,0xA3A0,0x3162,0x10C4,0x41E2,0x6A60,0x7AC1,0xB421,0x9B60,0x6260,0x5A02,0x8B42,0x6AA2,
0x00A7,0x18C4,0x6A61,0x0842,0x0045,0x5224,0x9B80,0x2940,0x0061,0x0022,0x1081,0x1902,0x08C4,0x2102,0x2100,0x2101,
0x5A01,0x4982,0x3942,0x18C1,0x2922,0x4203,0x2A80,0x09A0,0x08A0,0x61C0,0x30C0,0x3142,0x4183,0x3142,0x2942,0x2103,
0x08C4,0x10C3,0x20C1,0x7AC4,0x51E3,0x0000,0x5A64,0x41C3,0x08A2,0x5224,0x20C1,0x72A5,0x8366,0x9C08,0x9387,0x9366,
0xAC29,0xA408,0x6244,0x18E2,0x2984,0x2964,0x2102,0x0882,0x0841,0x1903,0x0082,0x2144,0x0905,0x10C4,0x4224,0x4AC2,
0x4A66,0x41E6,0x31E7,0x1966,0x0904,0x19E8,0x29A6,0x3185,0x2186,0x4A47,0x4207,0x1904,0x10A2,0x10C2,0x0040,0x1902,
0x5B29,0x2145,0x00E6,0x84F6,0x6BF2,0x08C4,0x0020,0x1105,0x19C9,0x19A8,0x1987,0x1167,0x0927,0x08C4,0x0905,0x2164,
0x41C4,0x49C4,0x4A46,0x4A47,0x730A,0x93EB,0x5A87,0x0000,0x49E6,0x8BAA,0x6AE8,0x7309,0x838A,0x7B49,0x836A,0x7B49,
0x72E8,0x7308,0x7B49,0x8349,0x72E8,0x4183,0x3964,0x3A27,0x19A7,0x32EE,0x43B4,0x6478,0x74B9,0x8CD9,0x94BA,0x8419,
0x5C15,0x08A3,0x0881,0x1081,0x18C1,0x2902,0x3163,0x2922,0x2943,0x2942,0x2103,0x2104,0x2123,0x2123,0x2143,0x2144,
0x39E4,0x4243,0x39E1,0x31C0,0x4267,0x5AAC,0x0000,0x0021,0x0022,0x00A4,0x11AA,0x2A2B,0x3A2A,0x4AAC,0x8494,0xA557,
0x94B4,0x6BD2,0x7CB6,0x5B4F,0x0083,0x0906,0x08E5,0x00E5,0x00A4,0x0083,0x0083,0x0042,0x0000,0x0021,0x0082,0x08C4,
0x0905,0x41C4,0x6286,0x62EA,0x6B0B,0x5A66,0x6AC9,0x62E9,0x62C9,0x6B09,0x6AC8,0x5286,0x3AA4,0x2223,0x32A3,0x2242,
0x1A03,0x11C3,0x0901,0x5267,0x62C8,0x6AE8,0x4A87,0x4AE9,0x2A08,0x29C6,0x3A06,0x29E8,0x4A48,0x41E6,0x3185,0x3164,
0x39A5,0x1924,0x2162,0x4205,0x3185,0x3A27,0x31C6,0x3184,0x3982,0x31A4,0x4A68,0x6309,0x39E5,0x29A2,0x42A3,0x3A83,
0x2962,0x2102,0x1942,0x31E1,0x8B20,0x2941,0x0003,0x2122,0x6241,0x0884,0x3184,0x7AC1,0x6200,0x8B20,0xABC0,0xABA1,
0x7AE3,0x49E2,0x6A41,0x10A3,0x0046,0x4A25,0x9360,0x2100,0x0041,0x0042,0x18C1,0x2100,0x2942,0x2921,0x18C1,0x0882,
0x20C0,0x4160,0x4162,0x3142,0x3963,0x49C2,0x2200,0x00E0,0x0840,0x6A03,0x49E6,0x49E5,0x49C3,0x20E1,0x20E1,0x1081,
0x0083,0x08C4,0x20E2,0x7AC4,0x51E3,0x0000,0x5AC6,0x4A04,0x1104,0x5A44,0x0000,0x5A24,0x4A04,0x21A7,0x39E6,0x5204,
0x8BA8,0x9BC7,0x49C2,0x10A1,0x10E3,0x08A3,0x2123,0x00A3,0x0082,0x1924,0x00C3,0x2144,0x2165,0x2964,0x2983,0x29A2,
0x5266,0x6AE8,0x6B09,0x62E9,0x630A,0x4ACA,0x21C7,0x10E4,0x00C4,0x1924,0x2166,0x0882,0x0021,0x2164,0x4207,0x31C6,
0x2903,0x1926,0x5370,0x84B5,0x5B70,0x00C4,0x1125,0x1967,0x1967,0x1987,0x0906,0x1188,0x00C5,0x0062,0x0946,0x3A46,
0x4A05,0x2102,0x29C4,0x4226,0x7B6B,0x8BAA,0x5246,0x0000,0x41C6,0x9C2C,0x5247,0x0020,0x2924,0x836A,0x838A,0x7329,
0x7B29,0x7B49,0x8389,0x7B49,0x7B28,0x8B89,0x93EB,0x838A,0x6266,0x5244,0x10A1,0x1925,0x2A8B,0x3B50,0x4BB3,0x6CB9,
0x3B73,0x0924,0x10C1,0x18A0,0x3162,0x39C3,0x3984,0x2103,0x18E3,0x2123,0x2944,0x2964,0x2144,0x18E3,0x2943,0x2124,
0x4224,0x5A63,0x5243,0x3A21,0x3A48,0x634E,0x2125,0x1126,0x0127,0x0127,0x018A,0x0128,0x00A4,0x08A3,0x21CA,0x5B70,
0x7411,0x7433,0x7CB5,0x5B4F,0x0083,0x00E5,0x00A4,0x0062,0x0041,0x0041,0x0041,0x0041,0x0062,0x08A3,0x0905,0x0947,
0x08C4,0x41C4,0x62C8,0x6B2A,0x5B08,0x3222,0x29A3,0x62E9,0x732A,0x51A4,0x5A87,0x5ACA,0x52C8,0x21E2,0x19E2,0x32A3,
0x19E3,0x0142,0x00E2,0x39C6,0x10E4,0x3A07,0x5AA8,0x62C8,0x62A8,0x41E5,0x4A06,0x52A9,0x5268,0x2A07,0x39E7,0x2124,
0x2964,0x31A6,0x41E4,0x3962,0x18C2,0x2186,0x3A27,0x5A86,0x39A4,0x2103,0x2123,0x2923,0x2964,0x4A66,0x4225,0x3A24,
0x2121,0x3262,0x19C0,0x31A0,0x9321,0x3121,0x0002,0x2902,0x6A81,0x0043,0x0045,0x6A82,0x2101,0x18E4,0x7B02,0x9320,
0x7AA0,0x7AA0,0x82C0,0x8301,0x5A43,0x6A82,0x9360,0x2920,0x0880,0x20E1,0x2100,0x20E1,0x10C2,0x10A1,0x10C1,0x0021,
0x10C0,0x49C1,0x5180,0x4981,0x3101,0x3941,0x2182,0x29C6,0x4A69,0x41C5,0x5B0C,0x738E,0x736D,0x630B,0x5226,0x1904,
0x00A4,0x10E3,0x28E1,0x7AE5,0x72A5,0x3164,0x6B06,0x41A3,0x1145,0x5A64,0x0041,0x6286,0x5224,0x00C5,0x0925,0x18E2,
0x10E3,0x39A4,0x5203,0x10C2,0x0082,0x0062,0x2964,0x0105,0x08A3,0x2144,0x2985,0x3164,0x3184,0x2944,0x2983,0x42C2,
0x6327,0x5AC9,0x734A,0x734A,0x7B6A,0x7B4A,0x6B2A,0x62C9,0x4248,0x2125,0x08A3,0x18E4,0x2165,0x5268,0x39C6,0x1904,
0x10C2,0x1905,0x7433,0x7433,0x2A2B,0x08E5,0x1126,0x0905,0x0926,0x0083,0x00C4,0x1189,0x00C4,0x0062,0x0105,0x29E4,
0x4243,0x2961,0x29A2,0x62E9,0x93EC,0x8B8A,0x49E5,0x0000,0x41E6,0x9C4C,0x5A67,0x0000,0x0862,0x8BCB,0x9C2C,0x5A46,
0x20E2,0x49E5,0x6AE8,0x836A,0x7B49,0x8369,0x83AA,0x836A,0x7308,0x7329,0x7309,0x72E7,0x7B27,0x6AE6,0x39C4,0x1103,
0x21A6,0x1902,0x2101,0x20E2,0x2923,0x2923,0x2104,0x2104,0x2103,0x2124,0x2944,0x2165,0x00A4,0x0882,0x2944,0x2944,
0x3A04,0x4A82,0x5AC3,0x4203,0x4A48,0x5B6E,0x6B6E,0x7BD0,0x63B0,0x432F,0x1A6E,0x09AA,0x00A4,0x0022,0x00A5,0x018A,
0x0906,0x1168,0x6413,0x532F,0x0041,0x0062,0x0041,0x0021,0x0041,0x0882,0x08C3,0x08E5,0x0906,0x08E5,0x08E4,0x08C4,
0x1145,0x4204,0x21A1,0x3225,0x4A88,0x29C3,0x2163,0x5AA9,0x5A87,0x28E0,0x4183,0x6AE9,0x3A85,0x2222,0x21A2,0x1981,
0x1181,0x09A2,0x00E2,0x1903,0x00A3,0x29C6,0x21E7,0x2228,0x4268,0x3185,0x39C5,0x2A08,0x31E7,0x0147,0x39E7,0x5289,
0x4269,0x1904,0x10A2,0x3102,0x2923,0x1925,0x31A5,0x5267,0x3184,0x18E3,0x0881,0x18C2,0x2123,0x2944,0x39A5,0x4A06,
0x31C3,0x19E1,0x0921,0x2961,0xA381,0x7AC0,0x49C2,0x5202,0x72C1,0x0043,0x0064,0x72C2,0x2902,0x0026,0x6283,0x51E0,
0x0862,0x41A2,0x8300,0x8B21,0x9340,0x8B00,0x8300,0x2100,0x18C0,0x18E0,0x18E0,0x18C1,0x0022,0x0881,0x10A1,0x0001,
0x0060,0x0000,0x3900,0x59E3,0x5246,0x5267,0x29A5,0x31C6,0x3184,0x2922,0x5289,0x4A48,0x4A8A,0x5B0D,0x4A89,0x5B2E,
0x530E,0x424A,0x49E4,0x8B87,0x9365,0x8B45,0x8B67,0x6AA5,0x5AC7,0x72C5,0x1965,0x62E8,0x41C3,0x0062,0x31A5,0x39A3,
0x0022,0x2122,0x72C4,0x2923,0x0062,0x0041,0x2964,0x1944,0x2984,0x3183,0x39A4,0x3163,0x1903,0x10A2,0x1902,0x3280,
0x6348,0x1988,0x3A28,0x4268,0x6B09,0x62C8,0x6B0A,0x7B6B,0x734B,0x6AE9,0x5AC9,0x2965,0x10E4,0x31A5,0x2985,0x1924,
0x1903,0x0862,0x1167,0x63D1,0x42AD,0x00C5,0x0083,0x0883,0x1167,0x0062,0x00A4,0x0967,0x00C4,0x08A3,0x00A3,0x1901,
0x42A2,0x39E1,0x2182,0x2A04,0x7349,0x93EB,0x5246,0x0000,0x41C6,0xA44C,0x5A46,0x0000,0x0862,0x8389,0x9C2B,0x5226,
0x0000,0x0001,0x0041,0x18A1,0x6AC8,0x8BCB,0x7329,0x7B69,0x7329,0x7308,0x838A,0x8BCB,0x8BCB,0x93EB,0x93CA,0x72C6,
0x3142,0x2902,0x2944,0x2104,0x1903,0x1902,0x2123,0x2103,0x1903,0x0042,0x18C2,0x2145,0x0042,0x1061,0x2123,0x2103,
0x4226,0x5AE5,0x4AE3,0x2981,0x3186,0x4AEC,0x4249,0x6BB0,0x8C93,0x84B5,0x53B1,0x6390,0x3A4B,0x1947,0x0968,0x01CC,
0x0085,0x0043,0x63F2,0x6390,0x0042,0x0042,0x0021,0x0882,0x08E4,0x08E5,0x0905,0x0906,0x08E5,0x00A3,0x0041,0x0042,
0x1987,0x5305,0x3261,0x19E2,0x19A4,0x2923,0x41E6,0x41E6,0x3183,0x28E2,0x3963,0x4224,0x1A02,0x11A1,0x21E2,0x2162,
0x0942,0x0142,0x00E3,0x00A2,0x00A4,0x3248,0x21A6,0x1186,0x3228,0x5288,0x2985,0x0905,0x29A6,0x1946,0x39E5,0x49C4,
0x5206,0x5247,0x4A68,0x5247,0x39C5,0x2986,0x2103,0x3184,0x2123,0x18E3,0x18E3,0x39C6,0x62E9,0x41E5,0x3164,0x2902,
0x31A2,0x29E2,0x10C1,0x3161,0x9B60,0x7260,0x82C0,0x9B40,0x9340,0x5A42,0x3983,0x7B01,0x2922,0x0026,0x4A23,0x49A0,
0x0002,0x1925,0x7AC1,0x18C2,0x2122,0x6281,0x7AA0,0x18A0,0x1082,0x0041,0x0881,0x18C1,0x0021,0x0880,0x18A1,0x0861,
0x1102,0x4207,0x5A88,0x4A48,0x29A6,0x1904,0x18E3,0x2965,0x62A9,0x6286,0x4A48,0x4228,0x4229,0x39E7,0x2124,0x3A49,
0x4AAB,0x52CB,0x5AEB,0x7BAE,0x7B6B,0x7B68,0x7B46,0x7AE5,0x8B87,0x9BC7,0x8BA8,0x8305,0x49C3,0x3122,0x3982,0x2102,
0x1081,0x2901,0x5A23,0x2943,0x10C3,0x2123,0x3163,0x39A4,0x3983,0x2923,0x10C2,0x1923,0x00C3,0x0882,0x29A2,0x19E0,
0x52C8,0x1987,0x2164,0x1965,0x39E6,0x0906,0x4A89,0x62EA,0x6B2B,0x6B0A,0x6B4B,0x2145,0x1924,0x31C6,0x2966,0x0062,
0x1924,0x10E4,0x00A5,0x7433,0x6C12,0x00E5,0x0021,0x08A3,0x19C9,0x0084,0x00C4,0x1147,0x10C3,0x08A3,0x08A2,0x3142,
0x4262,0x4A43,0x21E3,0x0162,0x5AC8,0x9C0C,0x5A87,0x0000,0x41E6,0xA44C,0x5A87,0x0000,0x1082,0x838A,0x9C2B,0x5A87,
0x0020,0x00A5,0x00C5,0x0001,0x4A26,0x9C2C,0x6AC8,0x20E2,0x41C5,0x72E8,0x836A,0x940B,0x940B,0x836A,0x8B8A,0x7B6B,
0x18E2,0x1904,0x2965,0x3165,0x2103,0x10A2,0x0840,0x1061,0x2144,0x0022,0x10C3,0x2103,0x0021,0x10A2,0x2124,0x1903,
0x4A27,0x7369,0x52C7,0x3A64,0x4AC9,0x4ACD,0x0042,0x09CA,0x2A4C,0x42CE,0x42EE,0x6B8F,0x73B0,0x6BD1,0x63D2,0x5BD3,
0x29C9,0x00C5,0x5BF3,0x63D1,0x00A4,0x00C4,0x08C5,0x0905,0x0926,0x00C5,0x0083,0x0062,0x0041,0x0062,0x0062,0x0062,
0x0947,0x42A3,0x42C0,0x4281,0x3A63,0x3982,0x3143,0x2123,0x2902,0x3142,0x3A65,0x2A03,0x0921,0x0962,0x11C2,0x0922,
0x00A2,0x00E3,0x00E2,0x3185,0x31E6,0x4A87,0x1944,0x19A5,0x4A87,0x6B29,0x3185,0x0063,0x2964,0x3A23,0x4A25,0x51A1,
0x5140,0x59A1,0x6203,0x7286,0x6AC9,0x738D,0x5289,0x31A6,0x2964,0x3A07,0x5268,0x39A4,0x41A3,0x3941,0x3101,0x2901,
0x3142,0x2963,0x10C2,0x3141,0x8AE0,0x20C0,0x18E3,0x62A2,0x82E0,0x7260,0x82E0,0x8B00,0x7B01,0x49E3,0x5A22,0x3960,
0x0003,0x18E4,0x7280,0x0862,0x0004,0x49E2,0x72A0,0x18C0,0x0041,0x0022,0x10A1,0x18A0,0x0021,0x1080,0x20E0,0x18E1,
0x51E3,0x8329,0x7B6B,0x734C,0x4A69,0x5AEB,0x738D,0x5A67,0x6AE9,0x4A49,0x31A7,0x4A6A,0x3A4A,0x4228,0x10A2,0x2986,
0x3209,0x31E7,0x39C7,0x52CC,0x5AEB,0x5248,0x5225,0x3142,0x3163,0x8326,0x8346,0x8B04,0x49E3,0x41C4,0x5225,0x41C4,
0x3163,0x18E1,0x39A4,0x3183,0x3984,0x39A4,0x2943,0x10E3,0x08C3,0x18E3,0x0062,0x1903,0x08E5,0x08A2,0x31E3,0x1981,
0x4A68,0x39C6,0x39C5,0x2944,0x3185,0x0148,0x52A9,0x39C5,0x31E6,0x19C8,0x6B4C,0x31C7,0x08E5,0x0904,0x1105,0x0042,
0x2165,0x1125,0x0967,0x7432,0x5B2F,0x00A4,0x0000,0x08A3,0x1188,0x08E5,0x0947,0x1147,0x0062,0x0000,0x18C2,0x3921,
0x3181,0x39C2,0x1142,0x0121,0x5AE8,0x8BAB,0x4A26,0x0002,0x4A28,0xA42C,0x5246,0x0000,0x10A3,0x8BCB,0x93EB,0x6287,
0x0041,0x00A4,0x00A5,0x0022,0x4A06,0x940C,0x6AE9,0x0000,0x0020,0x838A,0x7329,0x39A4,0x62A8,0x7328,0x838A,0x7309,
0x2103,0x2124,0x2124,0x10C3,0x0881,0x10C2,0x0000,0x0881,0x1944,0x0042,0x18C2,0x18C3,0x0000,0x18E3,0x2945,0x1903,
0x4205,0x6B08,0x52C7,0x2A25,0x3AAA,0x4AEE,0x0042,0x01AA,0x00C6,0x0064,0x00A4,0x1967,0x3A6C,0x5B50,0x7433,0x94F5,
0x7411,0x4B0E,0x84B6,0x6BF2,0x00C5,0x0926,0x08E5,0x00A4,0x0083,0x0042,0x0021,0x0000,0x0020,0x00A3,0x08E5,0x0905,
0x0106,0x3204,0x4A42,0x5244,0x62A6,0x4162,0x31A4,0x39E4,0x39E2,0x31C1,0x3AA3,0x4AA4,0x1100,0x00C1,0x00E2,0x00C2,
0x08A2,0x08C1,0x21E2,0x4A85,0x4244,0x31A3,0x4247,0x4AE7,0x31E4,0x39C6,0x2944,0x08C3,0x29A3,0x29E1,0x39A3,0x4981,
0x3122,0x59C2,0x7220,0x71E0,0x61A0,0x59E3,0x49E5,0x5247,0x39C6,0x20E2,0x3143,0x3101,0x3941,0x4161,0x3163,0x2102,
0x2902,0x18C2,0x1101,0x2941,0x7AA0,0x20E0,0x0004,0x2964,0x6AC2,0x41C6,0x6AC5,0x8B43,0x8B20,0x8B20,0x7280,0x7281,
0x5A44,0x41C3,0x6241,0x0062,0x0003,0x39A2,0x7AC0,0x2120,0x0061,0x0042,0x10A1,0x18A0,0x0061,0x1081,0x18C1,0x08A2,
0x69E0,0x69A0,0x5980,0x7A84,0x6245,0x732A,0x9430,0x7BAE,0x73AE,0x6B4D,0x6B2C,0x5AEA,0x4208,0x4A8B,0x3A29,0x424A,
0x632D,0x736D,0x5247,0x3143,0x3962,0x3900,0x51C2,0x2963,0x0927,0x5A66,0x08E3,0x5A85,0x41A2,0x2123,0x4205,0x39A3,
0x2964,0x2964,0x4A04,0x3163,0x2124,0x10E2,0x2123,0x0083,0x0062,0x1923,0x00A3,0x1923,0x1124,0x1903,0x3183,0x1102,
0x39A5,0x39A4,0x1081,0x10A1,0x1903,0x0105,0x52A9,0x31A5,0x1965,0x3A69,0x736B,0x2986,0x00C4,0x08A3,0x10E4,0x00A4,
0x21A6,0x08C4,0x0967,0x7C52,0x5B2E,0x00A3,0x0021,0x08E5,0x1165,0x0904,0x08C6,0x1124,0x2141,0x20C1,0x20C0,0x4121,
0x3120,0x3120,0x08A0,0x0941,0x6B49,0x8B8B,0x4A06,0x0002,0x4A28,0x9C2C,0x4A26,0x0002,0x08C5,0x7B6A,0x8BCA,0x6287,
0x0862,0x00E6,0x0041,0x0000,0x4A27,0x9C2C,0x7329,0x0020,0x0861,0x838A,0x734A,0x0020,0x0000,0x62A8,0x93EB,0x7329,
0x2124,0x2144,0x18E3,0x0001,0x0881,0x18E3,0x0001,0x10A2,0x2124,0x0001,0x1082,0x10A2,0x10A2,0x2124,0x2124,0x2124,
0x3184,0x4224,0x21C5,0x0964,0x2A69,0x63B1,0x326B,0x224C,0x0906,0x00C5,0x0063,0x00A5,0x0149,0x0169,0x1168,0x3A2A,
0x4AAC,0x4B0E,0x84D5,0x6BF2,0x00C5,0x08C4,0x0062,0x0020,0x0000,0x0020,0x0041,0x0041,0x0883,0x08E5,0x0926,0x0948,
0x00E5,0x29A4,0x5226,0x4A07,0x5246,0x2142,0x1981,0x3AC1,0x32E0,0x3AE1,0x3AC3,0x4241,0x3220,0x2102,0x1922,0x00A0,
0x1982,0x2A22,0x19C1,0x19C1,0x2A41,0x1961,0x31A3,0x5266,0x4206,0x1925,0x2964,0x31E4,0x39E3,0x2143,0x2103,0x4181,
0x00A6,0x31C6,0x51E2,0x39C4,0x61E1,0x4120,0x4920,0x7A21,0x4961,0x20C0,0x3941,0x3101,0x2102,0x2102,0x2165,0x1903,
0x2942,0x2122,0x19A2,0x3200,0x7260,0x18C1,0x2167,0x5ACA,0x7349,0x39E6,0x7B8C,0xA48D,0x8BCC,0x6AA7,0x6A63,0x7AA0,
0x82E0,0x7AA0,0x7260,0x5221,0x2922,0x5202,0x8B21,0x3160,0x0880,0x10C1,0x18C0,0x1081,0x0022,0x0860,0x10A0,0x08C2,
0x7201,0x8A80,0x61C0,0x7200,0x61A0,0x61C0,0x6201,0x6A86,0x7B4A,0x940F,0x83EE,0x6B4C,0x632D,0x6B6E,0x5B0C,0x52A9,
0x49E5,0x51E3,0x4140,0x3100,0x3920,0x20A0,0x51A2,0x41A3,0x1187,0x5AA6,0x0083,0x5245,0x41A3,0x0041,0x10E3,0x2103,
0x08C4,0x1944,0x4A24,0x2943,0x00C3,0x0061,0x2103,0x0082,0x0041,0x1903,0x1104,0x2943,0x31A5,0x3184,0x2983,0x2163,
0x5226,0x2923,0x0881,0x3184,0x31A5,0x29A5,0x5AC9,0x1924,0x0925,0x634B,0x7B8B,0x1124,0x0082,0x10C3,0x10E4,0x00C3,
0x1963,0x0082,0x0107,0x5B0D,0x5B0E,0x00E5,0x08A3,0x00C4,0x0962,0x00C2,0x0021,0x0902,0x28E0,0x4161,0x3921,0x30C0,
0x2081,0x1880,0x1080,0x00A0,0x62C8,0x9C2C,0x5246,0x0000,0x4207,0xAC8D,0x5267,0x0023,0x08E7,0x7B2A,0x8BAB,0x5A67,
0x0021,0x0084,0x0021,0x0000,0x5247,0x9C4C,0x6AE8,0x0040,0x1082,0x8BCB,0x7308,0x0881,0x0000,0x6287,0x940C,0x838A,
0x2124,0x2144,0x1903,0x0000,0x10A2,0x1904,0x0001,0x18E3,0x2944,0x0861,0x10A2,0x10A1,0x2964,0x2964,0x2103,0x2944,
0x2144,0x18E2,0x19A5,0x09A5,0x328A,0x7C74,0x7433,0x6BB0,0x5B6F,0x42EE,0x1987,0x0967,0x018A,0x0149,0x0084,0x0021,
0x00C4,0x0948,0x6C34,0x6370,0x0062,0x0041,0x0021,0x0000,0x0000,0x0041,0x08A3,0x0905,0x0926,0x0905,0x0905,0x08E5,
0x0105,0x1983,0x2963,0x18E1,0x2A47,0x12E9,0x0942,0x5325,0x42C2,0x2A81,0x3220,0x4200,0x2A60,0x21E2,0x21A1,0x1901,
0x1120,0x0941,0x0901,0x1161,0x1A02,0x1161,0x1181,0x29A2,0x3162,0x2964,0x29A5,0x29C5,0x2143,0x18C1,0x18E2,0x41A1,
0x0085,0x1967,0x3163,0x0928,0x4183,0x18E3,0x3984,0x92A1,0x6A00,0x3983,0x2944,0x20E1,0x0062,0x10A2,0x1903,0x2103,
0x31C4,0x3A21,0x1100,0x29C1,0x8B64,0x5AA8,0x5B0B,0x4227,0x2965,0x2103,0x5A88,0x9C4E,0xACD0,0x9C2E,0x838A,0x836A,
0x6AE7,0x6A63,0x7281,0x6A20,0x6A40,0x7A80,0x8B40,0x41A0,0x20E0,0x10A0,0x1080,0x1080,0x10A1,0x10A0,0x10A1,0x0062,
0x61C0,0x7A00,0x20E2,0x49C3,0x7A40,0x8A80,0x79E0,0x71C0,0x69E0,0x69E2,0x49A4,0x6AC9,0x7BCD,0x39A5,0x2922,0x2901,
0x3100,0x4160,0x4160,0x3122,0x10E3,0x10A1,0x51C2,0x41E3,0x1986,0x4A04,0x0000,0x6244,0x5245,0x0083,0x2164,0x39C3,
0x00A4,0x31A5,0x6285,0x2983,0x0083,0x0020,0x18C2,0x0082,0x10A2,0x2103,0x3184,0x3184,0x2163,0x2123,0x2123,0x21E2,
0x4A46,0x2923,0x2123,0x41E5,0x5247,0x5267,0x4A06,0x4206,0x1187,0x0988,0x630A,0x1104,0x08A3,0x1904,0x08C3,0x0080,
0x00A0,0x1904,0x29A8,0x4AAB,0x4ACD,0x0945,0x1182,0x0942,0x0121,0x0060,0x0880,0x1941,0x3161,0x2080,0x3141,0x4161,
0x1060,0x0840,0x10A0,0x0060,0x62A7,0xA44C,0x62A7,0x0000,0x41C5,0xAC8D,0x62A8,0x0001,0x10C5,0x836A,0x93CB,0x6287,
0x0022,0x0084,0x0062,0x0022,0x4A06,0x940B,0x6B09,0x0021,0x10A3,0x8BEC,0x7308,0x0861,0x0000,0x6287,0x940B,0x838B,
0x2124,0x2964,0x1903,0x0000,0x10A2,0x2104,0x0882,0x2124,0x2103,0x2123,0x18C2,0x10A1,0x2104,0x20E3,0x2944,0x2964,
0x2104,0x0841,0x1144,0x09E6,0x32AA,0x5B90,0x428C,0x5B6F,0x6BF1,0x7453,0x73B0,0x6B8F,0x4B50,0x2A8E,0x0906,0x0043,
0x0107,0x0149,0x6414,0x5B2E,0x0021,0x0062,0x0041,0x0042,0x08A3,0x08E5,0x0905,0x0905,0x00E5,0x00A3,0x0041,0x0021,
0x08C4,0x4A67,0x5226,0x3A06,0x232B,0x0B2B,0x0104,0x2184,0x52A7,0x52A6,0x4A43,0x4221,0x2200,0x2241,0x21C2,0x2142,
0x1120,0x19A1,0x21E1,0x1181,0x00C1,0x0080,0x0901,0x1121,0x6AE4,0x39C5,0x00E5,0x0042,0x2122,0x2122,0x2161,0x51E0,
0x4982,0x3185,0x2923,0x00C7,0x3143,0x00C6,0x19A8,0x8261,0x59C0,0x3184,0x1125,0x20C1,0x1081,0x10A1,0x20E2,0x1080,
0x3182,0x7323,0x5AC7,0x5288,0x4A27,0x31A6,0x2985,0x2144,0x1924,0x10A2,0x2123,0x732A,0x942D,0x9C0C,0x93CB,0x9C2D,
0x9C2D,0x9C4D,0x940B,0x6AC8,0x5224,0x6A61,0x7AE0,0x3960,0x18C0,0x0020,0x0020,0x18C1,0x10E2,0x10A1,0x10A1,0x0041,
0x5140,0x61C0,0x0064,0x1127,0x59E2,0x4206,0x6A21,0x61C1,0x7A21,0x61A0,0x5960,0x71E0,0x8AA2,0x3900,0x3100,0x3920,
0x2921,0x2123,0x2922,0x2943,0x00C5,0x10C2,0x5A23,0x8326,0x7B47,0x5224,0x18E2,0x6AE6,0x5265,0x10E4,0x4205,0x5203,
0x00E4,0x4225,0x7324,0x2943,0x0083,0x1082,0x20E2,0x2123,0x3183,0x2923,0x18E3,0x2143,0x08C4,0x08A3,0x1902,0x1181,
0x4205,0x5227,0x3984,0x3184,0x39C5,0x2103,0x20E2,0x6B0A,0x4A68,0x1945,0x5AEA,0x08C3,0x0062,0x08C3,0x1902,0x1922,
0x1103,0x2125,0x39E7,0x62EA,0x4A69,0x0943,0x0160,0x0161,0x0100,0x08A0,0x2101,0x10A0,0x3121,0x2921,0x2102,0x3121,
0x1880,0x18A0,0x10C0,0x0880,0x62C8,0x9C0C,0x5A87,0x0000,0x41E5,0x9C0B,0x5246,0x0001,0x08A3,0x8BAA,0xA44C,0x62A7,
0x0042,0x00A5,0x0085,0x0065,0x4207,0x8BCA,0x62E8,0x0001,0x0883,0x9C0C,0x7B69,0x0860,0x0000,0x6AE9,0x9C4D,0x838B,
0x2124,0x2965,0x2103,0x0000,0x10A2,0x2924,0x2964,0x2103,0x10A2,0x2124,0x18E3,0x10A1,0x0000,0x0860,0x2944,0x2944,
0x18E3,0x10A3,0x08A2,0x08E1,0x4AC9,0x4AED,0x0042,0x0947,0x1988,0x42AC,0x636F,0x73B0,0x7412,0x6C13,0x5B4E,0x428C,
0x32AE,0x124D,0x6435,0x532E,0x0001,0x00A3,0x08E4,0x0906,0x08E6,0x00E5,0x00C4,0x0083,0x0062,0x0021,0x0000,0x0021,
0x00E3,0x3183,0x49C4,0x43AC,0x138B,0x1309,0x0104,0x00A2,0x1922,0x41E5,0x5AC9,0x6329,0x4AC6,0x3A43,0x19A0,0x2221,
0x3AE1,0x2A40,0x2A20,0x1980,0x0040,0x20E3,0x4A25,0x2964,0x4182,0x49C4,0x4A67,0x2123,0x3984,0x4223,0x3A21,0x5200,
0x61C1,0x69C0,0x51A1,0x3962,0x49A1,0x1126,0x2187,0x8AA1,0x5981,0x2102,0x10C2,0x18A0,0x18C1,0x0840,0x1081,0x41C5,
0x62E9,0x7308,0x4207,0x1903,0x18E3,0x2144,0x2144,0x10C3,0x0882,0x10C3,0x2165,0x2985,0x2964,0x41E6,0x62C8,0x93CC,
0x9C2D,0x9C4D,0x940C,0x9C2E,0x9C50,0x942D,0x93C8,0x5205,0x1081,0x0000,0x0000,0x0840,0x0082,0x10A2,0x10A0,0x0000,
0x4920,0x5980,0x0085,0x1127,0x3942,0x19A7,0x41C4,0x0904,0x5181,0x3942,0x61E1,0x8A40,0x7220,0x3120,0x2103,0x2901,
0x2102,0x00C5,0x2902,0x2143,0x00A4,0x18C2,0x5A65,0x6A84,0x8326,0x7B06,0x7306,0x9386,0x6AC7,0x4225,0x39A4,0x3163,
0x59A2,0x8A21,0x7282,0x3942,0x3161,0x2962,0x2102,0x18E3,0x2103,0x2143,0x08E2,0x1903,0x08A4,0x0862,0x2162,0x11A1,
0x39C4,0x5226,0x4A26,0x2123,0x08A1,0x10C2,0x2944,0x52A9,0x734B,0x732A,0x6AE9,0x39C6,0x1925,0x1924,0x29A5,0x39E7,
0x4A27,0x2985,0x2965,0x39E6,0x4207,0x1963,0x0920,0x1920,0x20E1,0x1881,0x28A0,0x1860,0x2080,0x18A0,0x18A1,0x2900,
0x1080,0x1081,0x0040,0x0040,0x734A,0xAC8E,0x5A67,0x0000,0x4A06,0x9C2C,0x5246,0x0000,0x0882,0x7B69,0xA44C,0x6287,
0x0000,0x0020,0x0042,0x0043,0x4A07,0x8BCA,0x62A8,0x0001,0x08A4,0x93CB,0x836A,0x0841,0x0001,0x6AE9,0xA46D,0x83AB,
0x2944,0x2944,0x2123,0x18C2,0x18C2,0x18E3,0x2964,0x18E3,0x0881,0x0021,0x0861,0x18E3,0x0021,0x1081,0x2123,0x2123,
0x10C2,0x0882,0x08A3,0x2124,0x632C,0x4ACD,0x0042,0x0127,0x0083,0x0084,0x0906,0x19A9,0x324B,0x534F,0x6390,0x73B0,
0x8C93,0x8C94,0x84B6,0x5B4F,0x0042,0x00C4,0x0905,0x00E5,0x0083,0x0082,0x0041,0x0020,0x0021,0x0021,0x0062,0x08A3,
0x0104,0x2180,0x2266,0x1BAC,0x23ED,0x1B2A,0x0082,0x0061,0x0040,0x08C2,0x29C6,0x4A68,0x4A47,0x4A88,0x4268,0x4284,
0x52C2,0x2A20,0x21A0,0x4244,0x4205,0x2943,0x18E2,0x2963,0x49A2,0x2902,0x39A4,0x39A4,0x41C5,0x5245,0x4222,0x49C1,
0x08A3,0x2944,0x5160,0x5161,0x69C0,0x7241,0x6A22,0x9AC0,0x59A0,0x18A0,0x0020,0x0020,0x20C2,0x41E6,0x5ACA,0x630A,
0x39C6,0x1904,0x1903,0x1903,0x10E3,0x1903,0x1924,0x1944,0x2165,0x29E6,0x3A47,0x31E6,0x2164,0x2144,0x2124,0x3185,
0x4A27,0x62A7,0x8BAA,0x9C2D,0xA48F,0x9C6E,0x8BAB,0x8BEC,0x83CC,0x62A8,0x3165,0x1081,0x0062,0x0880,0x10A0,0x0020,
0x5141,0x6180,0x4983,0x3984,0x3141,0x1967,0x41A3,0x00E5,0x4142,0x00A6,0x1127,0x82A2,0x69E0,0x2102,0x00C5,0x18E1,
0x18E2,0x00C5,0x2901,0x2922,0x1903,0x18C2,0x51E4,0x2962,0x1124,0x5A44,0x4A25,0x8B87,0x6AE7,0x41E5,0x4A04,0x2921,
0x5100,0x7920,0x7960,0x81A0,0x69A1,0x4141,0x2921,0x1942,0x1902,0x41A1,0x3101,0x2102,0x10E2,0x18C2,0x1921,0x00E0,
0x2123,0x2943,0x39A5,0x1903,0x0881,0x3184,0x2944,0x1081,0x2124,0x41E6,0x6AC8,0x62E9,0x62A8,0x6AEA,0x62EA,0x5AA8,
0x5266,0x31A6,0x41E6,0x4206,0x5A67,0x39A3,0x1080,0x1060,0x28C0,0x3920,0x4161,0x3940,0x3101,0x1880,0x1880,0x1880,
0x1040,0x20C0,0x3100,0x1880,0x6AE8,0xAC6D,0x5A88,0x0000,0x41A5,0xA42C,0x6287,0x0000,0x10A2,0x8BCB,0xA46D,0x62A8,
0x0000,0x0020,0x0062,0x0022,0x4A06,0x9C2C,0x6AC8,0x0000,0x10C4,0x8BAB,0x7B29,0x0882,0x0044,0x5AA8,0x9C2D,0x8BCC,
0x2944,0x2124,0x2923,0x2944,0x2103,0x18E3,0x10A2,0x1082,0x10C2,0x0000,0x0861,0x1904,0x0042,0x18C2,0x2924,0x18E3,
0x2965,0x52CB,0x52EC,0x62EA,0x630A,0x4B0E,0x29C8,0x21C9,0x00C5,0x00A4,0x0107,0x0169,0x00A5,0x0106,0x11A9,0x2A0B,
0x52EC,0x73F1,0x7474,0x5B6F,0x0041,0x0082,0x0041,0x0042,0x0042,0x0041,0x0062,0x0041,0x0062,0x00C4,0x00E5,0x00C4,
0x00A3,0x22E5,0x1BAC,0x1B2A,0x0B8C,0x0AEA,0x0061,0x0061,0x0081,0x0103,0x0944,0x2163,0x1141,0x1184,0x3A27,0x3A25,
0x4225,0x6309,0x4206,0x2103,0x1081,0x20E2,0x39C6,0x5A87,0x6265,0x18C2,0x1903,0x2124,0x2102,0x28C1,0x2903,0x5225,
0x1126,0x1125,0x3121,0x00E4,0x4962,0x51A1,0x8260,0x9A80,0x4980,0x0820,0x18E3,0x4207,0x5AA9,0x5AA9,0x31A5,0x2144,
0x2965,0x1944,0x1103,0x10C3,0x1924,0x29C6,0x3227,0x3206,0x3247,0x2A06,0x29C5,0x3206,0x29C5,0x29C5,0x29E6,0x29E6,
0x21C5,0x2185,0x31A5,0x39A5,0x62C8,0x8BCC,0x93EC,0x940C,0x93ED,0x9C2D,0xA46E,0x7B8B,0x630A,0x5246,0x2901,0x0000,
0x4940,0x69A0,0x7200,0x8200,0x61A1,0x59C2,0x49A2,0x2145,0x4162,0x0086,0x00E8,0x7A62,0x71E0,0x18E2,0x00A5,0x18C1,
0x20E1,0x10C3,0x2901,0x3101,0x3121,0x20E2,0x49E5,0x3142,0x0905,0x4A25,0x00E5,0x6AE8,0x5A45,0x3984,0x6285,0x5225,
0x5101,0x60E0,0x58C0,0x68E0,0x6100,0x60E0,0x7981,0x79E1,0x5121,0x3901,0x28C1,0x28C0,0x2101,0x28C1,0x20E0,0x0880,
0x21A2,0x2142,0x41C5,0x3164,0x18C2,0x2123,0x41E6,0x2964,0x0061,0x08A3,0x5AC8,0x1924,0x3A07,0x5AA8,0x6B0A,0x62C9,
0x5AA8,0x41C4,0x2922,0x2902,0x20E0,0x20A0,0x28C0,0x3920,0x4980,0x59E0,0x4960,0x6200,0x4140,0x28C0,0x20A0,0x20C0,
0x3100,0x3120,0x4961,0x1860,0x6AC8,0x9C2C,0x62A8,0x0000,0x41A5,0xA42C,0x62A8,0x0000,0x0882,0x838A,0xA44C,0x62C8,
0x0000,0x0042,0x08E6,0x00E6,0x4A06,0x9C2C,0x7329,0x0000,0x0882,0x9C0C,0x836A,0x0862,0x0044,0x6B0A,0xA44D,0x8BCC,
0x2144,0x2103,0x2123,0x10A2,0x1081,0x18E3,0x0021,0x1082,0x18E2,0x0000,0x10A2,0x1903,0x0021,0x18E3,0x2944,0x10C2,
0x4207,0x7BF0,0x6B8F,0x630C,0x4228,0x63B1,0x6390,0x5B4E,0x4ACD,0x42CD,0x2A8D,0x0A2D,0x00C7,0x00A5,0x0127,0x0127,
0x0083,0x08A4,0x5370,0x530E,0x0042,0x0020,0x0000,0x0041,0x0082,0x0082,0x00C4,0x00E5,0x00E5,0x00C4,0x00A3,0x0861,
0x0861,0x0247,0x0B2B,0x132A,0x0B8C,0x0AC9,0x00C2,0x00A2,0x00C3,0x00A3,0x1123,0x1963,0x0121,0x0921,0x1141,0x1141,
0x2982,0x6A44,0x6266,0x5A88,0x62EA,0x630A,0x6B2B,0x41C5,0x3122,0x1081,0x2103,0x4206,0x4A27,0x3984,0x2923,0x3943,
0x2985,0x29C7,0x2923,0x00A7,0x3943,0x00E6,0x2945,0x8AA0,0x5A04,0x5247,0x5AC9,0x39C5,0x1903,0x2124,0x2124,0x18E3,
0x10E3,0x1923,0x1924,0x29A6,0x3207,0x3247,0x3227,0x3207,0x31E6,0x29A5,0x6B8D,0x638C,0x3206,0x3226,0x3A07,0x3A07,
0x3A27,0x3206,0x29A6,0x2145,0x2165,0x31A5,0x4206,0x62A8,0x732A,0x838C,0x940D,0x732A,0x5AC9,0x8BEE,0x5289,0x00A0,
0x5140,0x61A1,0x18E2,0x39A3,0x69A1,0x69E0,0x71C0,0x7A00,0x59A0,0x2944,0x2966,0x8282,0x61C0,0x18E1,0x10E4,0x20E2,
0x2900,0x3121,0x3121,0x2922,0x10E3,0x18C2,0x41A3,0x20E0,0x10E3,0x5A86,0x0104,0x62C7,0x49C3,0x10A2,0x3184,0x3143,
0x5920,0x6900,0x6143,0x5901,0x60C0,0x60E0,0x68C0,0x68E0,0x60E0,0x6101,0x7161,0x6121,0x4901,0x3100,0x2901,0x18A0,
0x0920,0x08E1,0x3984,0x3164,0x10C2,0x0041,0x2924,0x2963,0x0061,0x08C4,0x62EA,0x00A4,0x3208,0x2166,0x1167,0x5AEA,
0x4A26,0x2080,0x20A0,0x30E0,0x4980,0x51C0,0x6A20,0x51A0,0x3100,0x59E0,0x5180,0x49A0,0x38E0,0x3921,0x3920,0x3121,
0x28C1,0x0820,0x2080,0x2060,0x6AA7,0x93CA,0x5246,0x0000,0x49E6,0xA44C,0x5A87,0x0000,0x0883,0x83AB,0xA44C,0x6287,
0x0000,0x0063,0x0107,0x0043,0x4A06,0x93EB,0x6AE8,0x0820,0x0862,0x940B,0x8BCA,0x0841,0x0000,0x734A,0xAC8E,0x836A,
0x2123,0x2144,0x18E3,0x0000,0x1081,0x18E3,0x0001,0x1081,0x18E2,0x0000,0x18A2,0x2123,0x18E3,0x1903,0x2123,0x2924,
0x4A48,0x7B8C,0x736C,0x634C,0x52AB,0x52ED,0x3A4B,0x52EC,0x6370,0x7413,0x6BD1,0x63D1,0x3AAE,0x19AA,0x0989,0x0128,
0x0062,0x0022,0x5350,0x4B0E,0x0063,0x0062,0x0042,0x0883,0x08E4,0x0905,0x00E5,0x00E5,0x00C4,0x0062,0x0000,0x28C1,
0x7B45,0x41C3,0x1902,0x0145,0x0165,0x0145,0x00C3,0x0000,0x1102,0x3183,0x3162,0x2102,0x1942,0x19C2,0x0921,0x0924,
0x2962,0x5980,0x4100,0x4961,0x6265,0x6A87,0x83EE,0x7BAD,0x4A68,0x39C6,0x4A47,0x39A4,0x49C3,0x3921,0x28C0,0x2900,
0x7241,0x7A42,0x4162,0x1946,0x4164,0x0065,0x10E6,0x9C0B,0x7309,0x2144,0x08A2,0x10C3,0x2124,0x1903,0x10A2,0x08C3,
0x1944,0x3207,0x3A07,0x3A28,0x3A48,0x3A47,0x3A28,0x4248,0x6B8D,0x8430,0x94D2,0x6BAD,0x3206,0x31E6,0x8410,0x736D,
0x4248,0x3A67,0x3206,0x39E7,0x31C6,0x2165,0x2165,0x2165,0x1904,0x2944,0x62C9,0x6B2A,0x4A48,0x3185,0x2183,0x1A01,
0x61A0,0x6180,0x0024,0x08C5,0x3921,0x2144,0x51C1,0x59C1,0x5960,0x71E0,0x7A20,0x7A20,0x59A0,0x28E1,0x2900,0x30E0,
0x18E1,0x1104,0x2902,0x2144,0x00A4,0x18C2,0x2942,0x2902,0x29A4,0x4225,0x0946,0x5AA7,0x3962,0x0062,0x0903,0x10A1,
0x4900,0x60E0,0x938D,0x69A5,0x8206,0x9B4B,0x6122,0x58C1,0x4860,0x5880,0x68E0,0x7920,0x7961,0x6121,0x2080,0x1080,
0x08E1,0x08E1,0x2102,0x18E2,0x08C2,0x08A2,0x2102,0x1920,0x00C1,0x1987,0x5AC9,0x18E4,0x4A27,0x18C2,0x0127,0x5B6E,
0x5A87,0x38E0,0x30C0,0x4100,0x3920,0x28E0,0x3100,0x3100,0x30E0,0x4140,0x30E0,0x3100,0x20C0,0x20A0,0x20C0,0x1880,
0x1860,0x1880,0x20A0,0x1040,0x6AE8,0x93EB,0x41E5,0x0001,0x4207,0xA48D,0x5A87,0x0000,0x10A4,0x8BCC,0xA42C,0x5A87,
0x0000,0x0063,0x00C5,0x0001,0x5227,0x9C2C,0x7309,0x0000,0x0861,0x93EB,0x838A,0x0861,0x0000,0x7309,0xA46D,0x836A,
0x2123,0x2124,0x18E4,0x0042,0x18E3,0x2124,0x0000,0x18A2,0x2103,0x10A2,0x2103,0x2103,0x2944,0x18C2,0x18E2,0x2144,
0x4249,0x6B6D,0x6287,0x5A87,0x5AC9,0x4AAB,0x0000,0x08E5,0x2A2C,0x42CD,0x5B4F,0x7C32,0x6BB0,0x5B4F,0x5B6F,0x42EE,
0x1947,0x08A5,0x5BB2,0x532F,0x00A4,0x00E5,0x08E5,0x00E4,0x00C4,0x00C5,0x00A3,0x0062,0x0062,0x0041,0x0020,0x0820,
0x59E1,0x7AE3,0x8345,0x7284,0x49C3,0x29A3,0x29A3,0x49C2,0x41A2,0x20E0,0x1080,0x10A1,0x29A3,0x1A62,0x0142,0x08E4,
0x31A4,0x5160,0x4961,0x5960,0x61A0,0x61C0,0x4162,0x5205,0x6AC8,0x5267,0x20E2,0x20C0,0x28E0,0x28E0,0x3121,0x4161,
0x3962,0x4981,0x69E1,0x6A00,0x61C1,0x3123,0x2146,0x83CC,0x83AB,0x7B4B,0x62C9,0x39C6,0x10C2,0x08A3,0x1924,0x29C7,
0x31C7,0x31C7,0x3207,0x3207,0x3A47,0x3A68,0x39E8,0x6B6E,0x73EF,0x29A6,0x2185,0x6B8E,0x94D3,0x8C92,0x8430,0x52AB,
0x4A89,0x3A67,0x31E5,0x31C6,0x29A6,0x2185,0x2165,0x29A6,0x4228,0x4A48,0x5268,0x4207,0x2124,0x2124,0x29C5,0x19A3,
0x61A0,0x5140,0x0043,0x08C5,0x2902,0x1146,0x3983,0x0925,0x3942,0x3122,0x51A1,0x69E0,0x4960,0x20E0,0x18C2,0x20C1,
0x18C2,0x00A5,0x2102,0x1924,0x00C5,0x18E2,0x18E2,0x4A44,0x6AE7,0x7326,0x6B06,0x6AA5,0x3122,0x00A2,0x29A4,0x2922,
0x38C0,0x50E1,0x82EA,0x69C5,0x8288,0x7A26,0x8A88,0x930A,0x9B8D,0x7183,0x60E0,0x58C0,0x58A0,0x58A0,0x2820,0x18C2,
0x31C6,0x39E6,0x2984,0x08C1,0x29E6,0x52E9,0x31E4,0x29C2,0x1984,0x21C7,0x83AC,0x72E8,0x3963,0x20C1,0x21C8,0x636D,
0x6AE8,0x5180,0x5980,0x59A0,0x4120,0x20A0,0x0820,0x1040,0x30E1,0x3101,0x2080,0x1060,0x1060,0x0840,0x18A0,0x20A0,
0x20C0,0x18A0,0x0840,0x0000,0x6AE8,0x9C2C,0x4A26,0x0001,0x4208,0x9C4C,0x5A67,0x0001,0x0883,0x838B,0x9C2C,0x5A87,
0x0000,0x0063,0x0083,0x0000,0x5247,0xA46D,0x7B29,0x0000,0x1061,0x9C0B,0x7308,0x0861,0x0000,0x6288,0x9C2C,0x8BCB,
0x2123,0x2124,0x18E3,0x0041,0x2124,0x2964,0x0861,0x18E3,0x18E2,0x2964,0x2944,0x20E3,0x18C2,0x1082,0x2123,0x18C2,
0x31C6,0x6B2A,0x4A25,0x2943,0x3A29,0x52AC,0x0001,0x00E6,0x00E7,0x00A5,0x1168,0x2A6D,0x3AAD,0x4ACD,0x6B90,0x6BD0,
0x532F,0x42EF,0x6C34,0x534F,0x00A4,0x0105,0x00E5,0x00C4,0x0083,0x0041,0x0021,0x0020,0x0020,0x0062,0x0083,0x08A2,
0x5203,0x4980,0x51C0,0x49A1,0x7283,0x93A6,0x5A43,0x3961,0x1880,0x18A0,0x2901,0x3A04,0x3204,0x19A1,0x0922,0x0924,
0x2122,0x4120,0x10C1,0x5A45,0x6A02,0x61C1,0x5960,0x4940,0x61A0,0x4961,0x18A0,0x28E0,0x28E0,0x1902,0x10E4,0x4181,
0x10E3,0x10E4,0x3942,0x3963,0x61A0,0x69C0,0x6A22,0x93AA,0x93EC,0x9C2D,0xA48F,0x9C4E,0x8BED,0x6B4C,0x52AA,0x4268,
0x29C6,0x29E6,0x3A28,0x31E6,0x31E6,0x3247,0x3A27,0x3A08,0x29A6,0x31A6,0x3A08,0x7C10,0x8430,0x3A28,0x3207,0x4268,
0x4248,0x29E6,0x29A6,0x2986,0x2186,0x29C6,0x39C6,0x5268,0x62EA,0x4207,0x2944,0x2985,0x2965,0x2965,0x3185,0x5268,
0x61A0,0x71E0,0x4142,0x3963,0x4141,0x21A6,0x3963,0x08E5,0x4142,0x0085,0x08C5,0x6A01,0x4960,0x10C1,0x0084,0x18C1,
0x10C2,0x0084,0x2101,0x2122,0x18E2,0x2102,0x10C2,0x1902,0x41E4,0x62A5,0x8346,0x72C5,0x2901,0x2102,0x3183,0x2142,
0x3080,0x69A5,0x9BAD,0x7A68,0x8247,0x7A89,0x92E9,0x71C4,0x936C,0x61A5,0x936D,0x7A26,0x50A0,0x60E0,0x3060,0x20C2,
0x39A6,0x3985,0x4A06,0x41C5,0x6B2B,0x7BAC,0x29A3,0x2143,0x632B,0x4A68,0x5A88,0x6B29,0x5246,0x3143,0x4A46,0x6AC8,
0x6A85,0x7200,0x59A0,0x20A0,0x4120,0x4960,0x4140,0x4140,0x4940,0x4121,0x2080,0x1880,0x20A0,0x1880,0x18C0,0x20C0,
0x18A0,0x1081,0x0041,0x0820,0x62A7,0xA46D,0x62C8,0x0000,0x49E6,0xA46D,0x5247,0x0022,0x08A4,0x836A,0x9BEB,0x5A87,
0x0000,0x0063,0x0062,0x0000,0x5A67,0xAC8D,0x7309,0x0020,0x1081,0x93CA,0x72E8,0x0860,0x0000,0x6288,0x9C2C,0x8C0C,
0x2124,0x2124,0x18E3,0x0862,0x2124,0x2964,0x2944,0x18C2,0x10A1,0x2123,0x2123,0x1903,0x0000,0x0861,0x2124,0x18C2,
0x3144,0x3984,0x2943,0x10A2,0x39E8,0x5B4F,0x2188,0x0926,0x0063,0x0127,0x0149,0x016A,0x0127,0x0927,0x21C9,0x426B,
0x4AED,0x5B90,0x7454,0x5B4F,0x0062,0x00A3,0x0042,0x0062,0x0041,0x0021,0x0020,0x0000,0x0000,0x08A3,0x00E5,0x0905,
0x7B27,0x7AA0,0x8B01,0x59C0,0x6A20,0x6A60,0x3120,0x2921,0x28E0,0x2900,0x3161,0x3202,0x21C0,0x2101,0x1981,0x11C1,
0x1920,0x4141,0x0083,0x5267,0x3982,0x3142,0x30E0,0x3962,0x7A20,0x5980,0x20E1,0x1903,0x20E1,0x08E3,0x08C3,0x2921,
0x2140,0x3183,0x2123,0x0108,0x4183,0x2144,0x39A4,0x8BCB,0x93CC,0x93CB,0x9C2D,0x940D,0x942E,0x9C6E,0x9C2E,0x942E,
0x7B8B,0x4226,0x2965,0x2985,0x31C6,0x3206,0x3246,0x3246,0x3226,0x31E6,0x4248,0x5B2B,0x2185,0x1964,0x3227,0x3226,
0x29C5,0x29A5,0x2966,0x2985,0x4207,0x5AC9,0x5247,0x2964,0x2124,0x2944,0x3185,0x39A5,0x2965,0x2165,0x39C5,0x6A84,
0x5160,0x61A0,0x3901,0x59A0,0x69A0,0x61C1,0x4141,0x1924,0x5181,0x0085,0x00C5,0x6A22,0x5160,0x10A1,0x0084,0x18C1,
0x18C1,0x10C3,0x20E1,0x28E1,0x28E1,0x1902,0x08C3,0x10A1,0x4224,0x2123,0x2143,0x4204,0x1901,0x0861,0x1121,0x0921,
0x38C0,0x92E9,0x8AEA,0x8AEA,0x8289,0x82AA,0x6984,0x6983,0x7A68,0x6984,0x7A89,0x71E6,0x6142,0x60C0,0x3880,0x28C1,
0x18C2,0x0860,0x10A1,0x41C5,0x41C5,0x732A,0x7329,0x5268,0x734C,0x62E9,0x5289,0x4AAA,0x5AC9,0x18C2,0x18E3,0x5A67,
0x6266,0x8240,0x51A1,0x0000,0x1880,0x1860,0x20A0,0x4960,0x5960,0x5160,0x20A0,0x20A0,0x1880,0x1880,0x18C1,0x18C1,
0x18A0,0x0861,0x0020,0x1060,0x7B49,0xA46D,0x62C8,0x0000,0x41C6,0xA48C,0x6287,0x0001,0x10C3,0x83AA,0x93EB,0x62A8,
0x0022,0x0085,0x0084,0x0002,0x5247,0xAC8D,0x7B4A,0x0000,0x1082,0x93EB,0x7B29,0x0840,0x0000,0x6AC8,0x9C2B,0x838A,
0x2944,0x2124,0x2924,0x2944,0x2103,0x2124,0x2964,0x18E3,0x18C3,0x0020,0x10A2,0x2124,0x0001,0x0861,0x2103,0x2123,
0x18E3,0x10C1,0x4A04,0x3184,0x4A89,0x6BD1,0x63B1,0x4AEE,0x324C,0x226D,0x1169,0x0085,0x0128,0x00C6,0x0084,0x0083,
0x00A4,0x19EA,0x53B2,0x4AAC,0x0020,0x0020,0x0000,0x0041,0x0021,0x0041,0x0042,0x08A3,0x08C4,0x00A3,0x00A4,0x08E4,
0x9BE9,0x9364,0x3961,0x3100,0x8B01,0x7AC1,0x3960,0x2901,0x1880,0x41C2,0x41E3,0x52E8,0x4A85,0x2962,0x3A02,0x4223,
0x49E3,0x5160,0x29E7,0x5204,0x2923,0x49C4,0x20C1,0x00A5,0x8262,0x69E0,0x20C1,0x0083,0x20C1,0x1124,0x08A2,0x1880,
0x2100,0x2960,0x2140,0x21A2,0x4182,0x00A5,0x31A6,0x9C2D,0x93EC,0x83AC,0x6BAB,0x842E,0x944E,0x9C2D,0x940D,0x940D,
0xA48F,0x9C2D,0x7B8C,0x630A,0x52A9,0x3A07,0x29C5,0x29C5,0x29C5,0x29E5,0x29E6,0x29E5,0x31E5,0x2144,0x2985,0x2985,
0x2124,0x2965,0x4A67,0x52A9,0x4A27,0x2944,0x2123,0x2144,0x2964,0x2964,0x2144,0x1903,0x2965,0x2965,0x3184,0x6224,
0x5140,0x5160,0x0063,0x1125,0x5161,0x59A0,0x4940,0x4140,0x5181,0x2944,0x1925,0x7222,0x5180,0x10C1,0x10C3,0x20E1,
0x20C0,0x20C1,0x20E1,0x18C2,0x0882,0x10A2,0x08C2,0x08C1,0x5B06,0x2983,0x00A1,0x3204,0x2163,0x0061,0x2181,0x31C1,
0x71A0,0x81C3,0x60A0,0x8247,0x9B6D,0x6122,0x4840,0x6163,0x8AA9,0x58A0,0x9B6D,0x71C5,0x60C0,0x7100,0x4081,0x1040,
0x10A1,0x0861,0x0861,0x18C2,0x18C2,0x18C2,0x4A05,0x7B29,0x7B6B,0x732A,0x6B2C,0x2145,0x41E5,0x2144,0x1104,0x4A69,
0x72E8,0x69C0,0x4140,0x0000,0x28C0,0x18C1,0x0041,0x1880,0x1860,0x3100,0x18A0,0x0860,0x0061,0x1880,0x20C0,0x18A0,
0x1880,0x1081,0x1060,0x20C1,0x7B6A,0xA46D,0x62C8,0x0000,0x49E6,0x9C2B,0x6287,0x0000,0x1082,0x8BAB,0xA44D,0x62E9,
0x0043,0x00A7,0x00A5,0x0045,0x4A27,0xA46C,0x734B,0x0001,0x0882,0x8BAB,0x836A,0x0861,0x0000,0x7308,0xAC6D,0x8BCB,
0x2964,0x2123,0x2944,0x2944,0x18E2,0x1903,0x0861,0x1081,0x1903,0x0000,0x1081,0x1904,0x0000,0x1081,0x2123,0x2144,
0x2144,0x2944,0x39C5,0x4226,0x634C,0x63B0,0x530E,0x5B71,0x5350,0x4B2F,0x52ED,0x3A4B,0x220B,0x1168,0x0083,0x00C5,
0x00E7,0x0149,0x3B30,0x31E9,0x0000,0x0021,0x0062,0x0021,0x0862,0x08C4,0x00E5,0x0105,0x00E5,0x0062,0x0021,0x0841,
0xA428,0x7AA2,0x0861,0x0883,0x6201,0x8302,0x3940,0x10A2,0x1081,0x3961,0x41E2,0x4226,0x5288,0x39E4,0x3183,0x5268,
0x5A26,0x7200,0x7283,0x5181,0x3123,0x59E4,0x2902,0x0148,0x8282,0x69C0,0x18A1,0x0041,0x1880,0x1923,0x2124,0x1060,
0x2944,0x5266,0x39C2,0x29C0,0x3960,0x3901,0x6202,0x93ED,0x940E,0x842D,0x12C6,0x0A45,0x3226,0x52A7,0x83CC,0x9C4E,
0x9C4E,0x9C2D,0x9C2E,0x9C6F,0x9C6F,0x940D,0x732A,0x4A28,0x2986,0x2144,0x2165,0x31E7,0x4206,0x2104,0x2124,0x2965,
0x4A48,0x5288,0x4206,0x3185,0x2144,0x2124,0x2964,0x3185,0x2144,0x10C3,0x0062,0x0082,0x2144,0x2965,0x2166,0x31C6,
0x5140,0x61A0,0x10E5,0x1947,0x3141,0x10E4,0x3141,0x3941,0x4940,0x7A20,0x61E1,0x71E0,0x59C1,0x20C0,0x3101,0x28E0,
0x18C2,0x10C3,0x10C2,0x10A2,0x0042,0x0881,0x08E1,0x1161,0x4265,0x4A45,0x31A4,0x62E7,0x5A85,0x3163,0x20E1,0x1061,
0x6141,0x8160,0x7920,0x60E0,0x6122,0x58E1,0x50A0,0x6963,0x8288,0x71A4,0x71E5,0x930A,0x7122,0x8181,0x4081,0x0000,
0x0881,0x2923,0x3184,0x18C2,0x10C2,0x0020,0x0840,0x2922,0x3143,0x5267,0x62C8,0x5247,0x4206,0x31A6,0x4A68,0x5A66,
0x6A44,0x69C0,0x4120,0x0840,0x30E0,0x1902,0x08C3,0x20A1,0x0061,0x28E0,0x28C0,0x0861,0x0062,0x1080,0x18A0,0x10A1,
0x18A0,0x1080,0x10A0,0x0860,0x6B09,0xAC8D,0x62A8,0x0000,0x49E6,0x9C2B,0x6287,0x0000,0x1082,0x7B29,0xA44C,0x62C8,
0x0000,0x0021,0x0042,0x0045,0x5AA9,0xACAD,0x7329,0x0022,0x10A4,0x8BAA,0x7B49,0x0861,0x0043,0x6AE8,0xA44D,0x8BCB,
0x2944,0x2123,0x2123,0x0861,0x1081,0x1903,0x0001,0x10A2,0x18E3,0x0001,0x10A2,0x18E3,0x0021,0x18E3,0x2944,0x2123,
0x39C5,0x4A26,0x3183,0x5A66,0x736C,0x636F,0x00A3,0x2188,0x3A2B,0x42AC,0x52ED,0x5B50,0x5370,0x4AEF,0x2A0A,0x19C9,
0x0969,0x0129,0x4392,0x3A4B,0x0000,0x0021,0x00A4,0x00C4,0x00E5,0x00C5,0x00C4,0x00A3,0x0062,0x0041,0x0000,0x1061,
0x9BC6,0x6A40,0x3921,0x31C6,0x59E2,0xA3E5,0x3962,0x10C3,0x2942,0x3100,0x3941,0x39C5,0x3A04,0x1980,0x10E1,0x4A49,
0x5A66,0x8AC2,0x7A83,0x59A0,0x2923,0x4161,0x41A3,0x21E9,0x69E1,0x5160,0x18E2,0x10A2,0x20A1,0x2922,0x3143,0x18A0,
0x39C6,0x6B0B,0x5AC9,0x3A45,0x2141,0x4982,0x4162,0x940E,0x9C6F,0x8C4E,0x1286,0x09C4,0x0142,0x01C3,0x1266,0x3308,
0x5B4A,0x83ED,0xA46F,0xA46F,0x9C6E,0x940D,0x8BCC,0x8C0E,0x8C2F,0x738C,0x5248,0x41C5,0x4206,0x3184,0x5AE9,0x4A47,
0x39E6,0x2945,0x2124,0x2965,0x3185,0x2965,0x2144,0x10C4,0x0062,0x0062,0x0062,0x0882,0x2965,0x3185,0x2145,0x39E6,
0x4940,0x7A00,0x6223,0x41C5,0x41A2,0x2964,0x2943,0x2102,0x4960,0x59E2,0x2923,0x69E0,0x61E1,0x20C1,0x18E3,0x18E1,
0x18C1,0x10A2,0x10A2,0x1080,0x0061,0x0040,0x0040,0x1121,0x4245,0x4A25,0x39A4,0x5225,0x3162,0x10A1,0x18A2,0x2921,
0x20C0,0x38C0,0x48E1,0x50E0,0x50A0,0x58C0,0x68E0,0x6921,0x6142,0x6983,0x8B0A,0x934C,0x71C5,0x8180,0x40C1,0x1041,
0x08A2,0x2923,0x39A5,0x0861,0x0061,0x0041,0x0881,0x18E1,0x1080,0x2922,0x49C4,0x62A7,0x41C5,0x4A26,0x93A9,0x7B05,
0x6A42,0x38E0,0x3100,0x4160,0x4941,0x20C0,0x28E1,0x1061,0x0881,0x5161,0x3100,0x1081,0x0861,0x1060,0x1060,0x0861,
0x0840,0x10A1,0x3141,0x3921,0x6B08,0x9C2C,0x6288,0x0000,0x4A06,0xACAE,0x62A7,0x0000,0x0862,0x836A,0xA42C,0x62A7,
0x0000,0x0040,0x0062,0x0021,0x5A67,0xAC8D,0x6AE9,0x0000,0x10A3,0x93EB,0x7B49,0x0883,0x0085,0x6AE9,0x9C2D,0x83AB,
0x2124,0x2144,0x18E3,0x0000,0x1081,0x18E3,0x0022,0x18E3,0x1924,0x0021,0x18E2,0x18C2,0x2103,0x2944,0x2124,0x2103,
0x4A26,0x6AE8,0x41C5,0x2123,0x31C7,0x5B2F,0x0083,0x0042,0x0043,0x08E5,0x1926,0x424A,0x4B0F,0x4B50,0x42EE,0x5B2E,
0x6390,0x3AEF,0x53B2,0x42CE,0x0062,0x00A4,0x00A4,0x00C4,0x00A3,0x0062,0x0042,0x0021,0x0062,0x00A4,0x0062,0x0000,
0x8303,0x59E0,0x1020,0x4120,0x9322,0xA448,0x41A2,0x1081,0x1080,0x28E1,0x3982,0x52A6,0x29E1,0x0900,0x0060,0x31A5,
0x62C7,0x6201,0x1924,0x4182,0x20E2,0x3121,0x71E1,0x7A21,0x7200,0x4160,0x2101,0x2922,0x2922,0x2902,0x2922,0x20E1,
0x4A26,0x6B2B,0x4A67,0x21E1,0x0921,0x4A6A,0x52AA,0x942E,0x9C4E,0x8C2D,0x1204,0x3A87,0x2A46,0x2B08,0x12A7,0x0224,
0x0224,0x09E4,0x3A67,0x6B6B,0x8C0E,0x9C4E,0x9C0D,0x940D,0x942E,0x9C6F,0x9C6F,0x9C2E,0x6AC9,0x5268,0x4206,0x2124,
0x2124,0x2985,0x3185,0x2964,0x1903,0x10A2,0x2165,0x0082,0x0062,0x0083,0x0042,0x0882,0x2965,0x2985,0x3185,0x5A85,
0x61C1,0x7A40,0x3920,0x3920,0x61E1,0x51E2,0x1081,0x10E2,0x69E1,0x3143,0x00A6,0x7201,0x61E0,0x2102,0x0883,0x18C1,
0x2901,0x1903,0x0061,0x0860,0x10A2,0x18C2,0x39A4,0x5245,0x3963,0x20E2,0x18C1,0x4182,0x51E4,0x3984,0x6265,0x51E3,
0x20E1,0x18A1,0x18A0,0x1060,0x1860,0x3060,0x6121,0x7160,0x7160,0x60E0,0x6984,0x61A6,0x69C6,0x7982,0x4060,0x1082,
0x0881,0x18A1,0x2123,0x0061,0x0000,0x0020,0x18E2,0x5245,0x6286,0x4A25,0x2102,0x18E2,0x2944,0x5A86,0x9BC8,0x9BE8,
0x93C8,0x6265,0x3942,0x4161,0x3920,0x30C0,0x3900,0x3920,0x5160,0x61A0,0x3900,0x18C1,0x18A1,0x0840,0x0020,0x0840,
0x10C1,0x31A3,0x62A4,0x5203,0x6AE8,0x8BCB,0x5246,0x0000,0x4207,0xAC8D,0x62C8,0x0000,0x1082,0x8BAB,0x9C2C,0x62A7,
0x0020,0x0001,0x00A4,0x0043,0x4A06,0x9C0B,0x6AE8,0x0000,0x0861,0x9C0C,0x83AA,0x0882,0x0064,0x732A,0xA44D,0x7B6A,
0x2104,0x2944,0x2103,0x0021,0x10A2,0x18C3,0x0000,0x18E3,0x2964,0x2124,0x18C3,0x0860,0x2124,0x2944,0x2124,0x2124,
0x2923,0x18E2,0x0861,0x0041,0x08A3,0x2187,0x0062,0x0063,0x08C4,0x08E5,0x0022,0x08E6,0x1189,0x1988,0x29E9,0x52CD,
0x6BD1,0x5371,0x4331,0x42EE,0x00C4,0x00C4,0x0083,0x0041,0x0000,0x0000,0x0021,0x0083,0x00A4,0x0023,0x0083,0x4A27,
0x9323,0x49A0,0x18A0,0x4960,0x8282,0xAC48,0x3961,0x0880,0x1060,0x20C1,0x3182,0x19A0,0x0940,0x08A0,0x00C0,0x0942,
0x29C3,0x59E1,0x0106,0x3143,0x30E0,0x4140,0x3921,0x4982,0x61A0,0x4940,0x18C1,0x28E1,0x2943,0x2922,0x20E2,0x20E2,
0x2942,0x4265,0x3203,0x11A0,0x0120,0x3A06,0x736D,0x93ED,0x8BAC,0x7B8B,0x19A3,0x32C8,0x2B08,0x438B,0x642D,0x2AA7,
0x1286,0x1205,0x01A3,0x0142,0x11E4,0x32C7,0x5B6B,0x8C2E,0x9C90,0x9C6F,0x942D,0x942E,0x62C9,0x1903,0x2964,0x31A5,
0x3185,0x2944,0x2944,0x10E4,0x0021,0x0861,0x2144,0x0041,0x0041,0x0062,0x0022,0x0882,0x2965,0x2965,0x3144,0x5203,
0x39A4,0x5205,0x5204,0x59C2,0x5A02,0x18C2,0x0041,0x3142,0x71E0,0x61C1,0x4182,0x61C1,0x49A0,0x20E1,0x18C2,0x10A0,
0x1062,0x0082,0x10C1,0x39E5,0x5267,0x4A05,0x3162,0x5A86,0x5267,0x3142,0x41C4,0x41C3,0x20E1,0x1081,0x49E5,0x4A05,
0x41E5,0x5225,0x3142,0x2101,0x3182,0x39A3,0x3122,0x30E0,0x40E0,0x40C0,0x48A0,0x58A0,0x60A0,0x60C0,0x3880,0x0862,
0x0042,0x0021,0x0041,0x08A1,0x2963,0x4A05,0x4A25,0x3163,0x3143,0x2943,0x2103,0x2943,0x2943,0x8348,0xAC4A,0x93C8,
0x8B47,0x8B88,0x9388,0x8B88,0x8306,0x3941,0x0840,0x1880,0x3920,0x5180,0x30E0,0x0020,0x10A1,0x2101,0x41A3,0x41C4,
0x5225,0x41C4,0x18C1,0x1081,0x730A,0x9C0C,0x4A06,0x0001,0x4228,0xAC6C,0x5A87,0x0001,0x08A3,0x836A,0x9C2C,0x6286,
0x0020,0x0020,0x0041,0x0043,0x4A26,0x93CB,0x7309,0x0020,0x0862,0x93EB,0x83AA,0x0881,0x0000,0x730A,0xA44D,0x7B29,
0x18E3,0x2944,0x2104,0x0001,0x18C2,0x2103,0x10A2,0x2124,0x2123,0x3185,0x18E3,0x1081,0x0861,0x10A2,0x2944,0x2924,
0x18A2,0x0020,0x0882,0x1904,0x1945,0x0061,0x2123,0x2124,0x1080,0x2123,0x2964,0x2145,0x00E5,0x0063,0x0021,0x08C4,
0x1946,0x29A8,0x3AAE,0x3ACE,0x00A4,0x00A3,0x0041,0x0000,0x0020,0x0062,0x0000,0x0001,0x08C4,0x632C,0xA4AE,0x9C07,
0x6A61,0x51A0,0x7261,0x82E1,0x82E2,0xA407,0x3141,0x18A0,0x20C1,0x18A0,0x3141,0x1961,0x0080,0x00C0,0x0120,0x00A0,
0x1100,0x4961,0x3186,0x41A3,0x20E2,0x4182,0x18E1,0x0041,0x61C0,0x4960,0x18C1,0x2102,0x2922,0x2102,0x08C2,0x18C1,
0x29A2,0x21C0,0x1140,0x11C0,0x0180,0x0962,0x6B6C,0x9C2E,0x93EC,0x734A,0x11A3,0x3B09,0x3B29,0x3B4A,0x642D,0x538B,
0x2266,0x3AC8,0x19E5,0x536A,0x1225,0x0225,0x0225,0x0A45,0x32A8,0x7BAC,0x940E,0x942E,0x5AA9,0x2144,0x31C6,0x29A6,
0x10C3,0x0021,0x1903,0x10E4,0x0001,0x0862,0x2124,0x0041,0x0063,0x0063,0x0000,0x0882,0x2144,0x2965,0x2125,0x2964,
0x31C7,0x39E8,0x5A26,0x3122,0x3A06,0x31A6,0x10C3,0x3142,0x4141,0x2961,0x4981,0x59E1,0x1940,0x0860,0x18C2,0x2923,
0x3163,0x5245,0x5225,0x5206,0x3963,0x1881,0x0861,0x5205,0x5A86,0x5225,0x7308,0x6AA7,0x41A4,0x39C5,0x3163,0x18A2,
0x51E4,0x5A86,0x3163,0x3142,0x3142,0x5A67,0x62A6,0x49E3,0x3961,0x20C1,0x1880,0x30C0,0x48A0,0x60C0,0x3060,0x0000,
0x0861,0x2144,0x31A5,0x4A26,0x5225,0x3163,0x2922,0x2923,0x2964,0x2943,0x2923,0x20E1,0x3121,0x59E2,0x6A84,0x7B06,
0x9388,0xA3C8,0x9BA8,0x8B46,0x9BC8,0x8B88,0x72E6,0x6AA6,0x6223,0x61E2,0x4161,0x3142,0x49E4,0x6AC6,0x6285,0x3163,
0x2122,0x2102,0x18C2,0x10A1,0x62E7,0xA44D,0x5A67,0x0000,0x4A27,0xB4AE,0x5267,0x0002,0x08C5,0x7B29,0x93EB,0x5A66,
0x0001,0x0083,0x0021,0x0043,0x4A47,0x9C0B,0x7329,0x0020,0x10C4,0x93EC,0x8369,0x1082,0x0022,0x6AE9,0x9C2C,0x838A,
0x2103,0x2964,0x2124,0x10A3,0x18C3,0x10A1,0x2964,0x2964,0x18E3,0x18C2,0x1081,0x10C2,0x0000,0x1081,0x2103,0x2124,
0x10A2,0x0040,0x10C3,0x2165,0x2966,0x1905,0x39A5,0x41A5,0x4206,0x41C6,0x3144,0x1081,0x0061,0x0041,0x0862,0x08E4,
0x0041,0x0000,0x324B,0x326D,0x0083,0x0042,0x0041,0x0082,0x0022,0x0000,0x1082,0x6AE9,0xC591,0xACCD,0x49A3,0x8B03,
0xA384,0x7AC2,0x2901,0x28E0,0x5A20,0x8B23,0x2901,0x0020,0x1080,0x2921,0x4182,0x2921,0x10A1,0x1101,0x0900,0x00A1,
0x1101,0x4161,0x29E3,0x29A1,0x1923,0x49A3,0x20E2,0x08A3,0x61C1,0x4960,0x10C1,0x10E3,0x20E2,0x1903,0x08C3,0x18A1,
0x18E1,0x1100,0x08C0,0x0960,0x0981,0x00E0,0x29A4,0x940D,0x9C0D,0x83CC,0x09C3,0x3309,0x5BEC,0x22C8,0x4B8A,0x640D,
0x1A46,0x32A7,0x4B2A,0x4308,0x3B49,0x2B08,0x3B6A,0x0A46,0x01C4,0x5B09,0x9C6F,0x9C4F,0x62EA,0x2944,0x3A07,0x29A6,
0x0062,0x0021,0x18E3,0x10A3,0x0000,0x0861,0x2964,0x0021,0x0063,0x08C4,0x18E3,0x2944,0x2144,0x2965,0x1946,0x31E6,
0x3985,0x3A27,0x2944,0x0020,0x18C2,0x39C6,0x4A48,0x39A5,0x39A3,0x21E6,0x08C3,0x4A22,0x1980,0x20C2,0x5225,0x41C5,
0x3983,0x2922,0x18A1,0x10C1,0x18C1,0x18E2,0x3942,0x49E3,0x3143,0x3983,0x5A65,0x5226,0x18C2,0x2102,0x18C2,0x18C1,
0x4982,0x49C4,0x62A6,0x62A7,0x41E5,0x3183,0x2102,0x2122,0x6263,0x3901,0x3163,0x2943,0x18C1,0x2880,0x28A0,0x39A3,
0x5A65,0x5245,0x39A4,0x2122,0x2102,0x2943,0x3183,0x3163,0x2943,0x20C1,0x20C0,0x30E0,0x4960,0x6A63,0x49E3,0x3962,
0x49C2,0x6A85,0x9386,0xAC08,0xAC29,0xA408,0x9BA7,0x93A7,0xA409,0x9BC7,0x8B66,0x7307,0x41A3,0x2122,0x2923,0x3984,
0x3983,0x2943,0x18C1,0x0020,0x5247,0xACAE,0x6AC9,0x0000,0x4207,0xB48D,0x5A67,0x0000,0x10A4,0x836A,0x940B,0x5A66,
0x0023,0x00C8,0x0084,0x0022,0x49E6,0x9C2C,0x7309,0x0021,0x1105,0x9C0C,0x7308,0x1061,0x0000,0x62A8,0x9C0C,0x8BAB,
0x2123,0x2103,0x2124,0x3185,0x18E2,0x10A2,0x2124,0x2103,0x18C3,0x0000,0x1081,0x1904,0x0022,0x1082,0x2103,0x2103,
0x18E3,0x0040,0x0861,0x0000,0x1904,0x29A6,0x2984,0x3984,0x5AA7,0x2964,0x10C2,0x0881,0x0041,0x0020,0x10A1,0x10C3,
0x0021,0x0840,0x4B0D,0x2A6D,0x0083,0x0041,0x0000,0x0000,0x1924,0x7BED,0xD613,0x93C9,0x28E2,0x20C0,0x20C0,0x7281,
0x8B01,0x9363,0x82E3,0x6283,0x51E2,0x6202,0x20E1,0x3142,0x41C1,0x2901,0x3141,0x20E1,0x00C2,0x1103,0x10E2,0x10E2,
0x1921,0x18E1,0x0020,0x18C0,0x4A03,0x61E1,0x2080,0x3161,0x7201,0x4120,0x10A1,0x08C3,0x10A1,0x18E2,0x10E2,0x18A1,
0x18A1,0x1120,0x1140,0x00A0,0x00A0,0x0080,0x1943,0x8C0D,0x9BED,0x8C4E,0x1327,0x0285,0x0264,0x0A85,0x1A66,0x4B4A,
0x2266,0x3B09,0x3B0A,0x01E4,0x4349,0x438B,0x644D,0x3B49,0x09E4,0x52E8,0x944E,0x9C4F,0x62EA,0x2144,0x39C6,0x2965,
0x0041,0x0020,0x2103,0x10C3,0x0000,0x0861,0x2944,0x0861,0x18E3,0x2965,0x3185,0x3185,0x2144,0x2965,0x2186,0x4A67,
0x4208,0x4A49,0x6AA8,0x2902,0x2944,0x39C6,0x31A5,0x2103,0x5289,0x5B0B,0x18E3,0x4A62,0x3A02,0x93A9,0x8B68,0x49C4,
0x10A1,0x0040,0x0860,0x18E2,0x39A4,0x41A3,0x10A0,0x39A4,0x49E5,0x49E5,0x5225,0x41C4,0x10A1,0x18E2,0x2102,0x18E2,
0x1081,0x10C1,0x62A5,0x8327,0x39A3,0x0840,0x0861,0x1081,0x18A1,0x20E2,0x62A6,0x72E6,0x6AC6,0x5A64,0x5224,0x41C3,
0x2122,0x2103,0x2963,0x3163,0x3143,0x3142,0x2922,0x20C1,0x28C0,0x28C0,0x28C0,0x3100,0x30E0,0x5A65,0x5A45,0x2943,
0x3163,0x3142,0x51E3,0x6244,0x7AE5,0xA3E8,0xA3E8,0x9BC7,0x9BC8,0x9BE8,0x3963,0x10A1,0x18C2,0x2123,0x3183,0x3163,
0x2923,0x18E2,0x10C2,0x0021,0x62A8,0xACAE,0x6AE9,0x0000,0x4227,0xA42B,0x5226,0x0000,0x0861,0x8369,0x9C2B,0x5A66,
0x0001,0x00A5,0x0063,0x0002,0x4A06,0x9C0B,0x6AE9,0x0022,0x10E5,0x93EB,0x7B49,0x0860,0x0000,0x6AC8,0xA46D,0x8BCC,
0x2124,0x18E2,0x2123,0x2124,0x18C2,0x18E3,0x0041,0x0881,0x18E3,0x0001,0x1061,0x10E3,0x0084,0x18C3,0x2103,0x18A2,
0x3A29,0x5B4F,0x4249,0x1924,0x10C2,0x1903,0x18C2,0x39A5,0x5247,0x2944,0x0881,0x0061,0x0041,0x0861,0x20E2,0x1924,
0x2165,0x4206,0x3209,0x0906,0x0001,0x0000,0x2944,0x944F,0xC5B3,0x9C4C,0x6285,0x20E0,0x0840,0x18A0,0x2921,0x9BE5,
0x9322,0x6A20,0x59C0,0x6221,0x7282,0x8305,0x3161,0x3100,0x3140,0x2900,0x3981,0x2922,0x0061,0x00C2,0x0061,0x0060,
0x1081,0x18C1,0x2102,0x2902,0x1901,0x39A1,0x5A02,0x29C0,0x49C0,0x3920,0x0880,0x18C1,0x1060,0x10A1,0x08A1,0x18C1,
0x29C2,0x2220,0x1A20,0x0980,0x0060,0x10C2,0x4266,0x944E,0x93EC,0x8C4E,0x1327,0x12E6,0x1AC6,0x1285,0x0182,0x0162,
0x0A25,0x12A6,0x2B28,0x436A,0x538B,0x32C8,0x53AB,0x53AB,0x0204,0x5B29,0x942E,0x9C90,0x6B2B,0x2124,0x3185,0x2965,
0x0062,0x0021,0x2124,0x10A3,0x0001,0x18E3,0x2144,0x2944,0x2964,0x2944,0x2945,0x18E3,0x2124,0x2165,0x31C6,0x6266,
0x3A29,0x3A08,0x5A87,0x20E2,0x31C7,0x634C,0x6B6C,0x39E7,0x31A6,0x2986,0x2163,0x31E1,0x2982,0x8B87,0x8B66,0xAC28,
0xA3E7,0x7B06,0x6285,0x5A66,0x5225,0x3964,0x2122,0x39C4,0x4A05,0x4A05,0x5225,0x41E4,0x18C2,0x18E2,0x20E2,0x18C2,
0x0861,0x1903,0x41E5,0x6AA6,0x3163,0x0861,0x0861,0x0000,0x0840,0x5204,0x8B87,0x72E6,0x5225,0x3983,0x2102,0x2102,
0x2963,0x3163,0x3163,0x2922,0x28E1,0x20C0,0x28C0,0x28C0,0x30E0,0x20A0,0x28C0,0x28E0,0x3121,0x5AC7,0x4A04,0x0083,
0x0945,0x62C5,0x4A04,0x4A25,0x3142,0x4161,0x72A4,0x9386,0x9B87,0x9BE8,0x3163,0x2122,0x3163,0x2922,0x2102,0x18E2,
0x18E2,0x18C2,0x0083,0x00A2,0x6B09,0x9C2C,0x62E9,0x0002,0x4A69,0x9C0B,0x5226,0x0000,0x0862,0x836A,0xA44D,0x5A67,
0x0000,0x0083,0x0083,0x0001,0x5268,0xAC8E,0x6AE9,0x0001,0x10C4,0x8BAB,0x7329,0x0020,0x0000,0x62A8,0x9C4D,0x83CB,
0x2124,0x18E2,0x10A1,0x0020,0x0881,0x1944,0x0063,0x0882,0x1082,0x0000,0x0881,0x1904,0x08C4,0x2104,0x2103,0x18A2,
0x3A29,0x5B91,0x5B70,0x6BD1,0x532E,0x31E8,0x18C3,0x0861,0x18C1,0x1081,0x0861,0x18E2,0x1904,0x2145,0x4A47,0x4227,
0x29A8,0x1147,0x00A5,0x0022,0x39A6,0x944E,0xCDF2,0x9C2B,0x5204,0x20E0,0x2921,0x3982,0x18C1,0x0081,0x0985,0xAC69,
0x9B64,0x6A41,0x3921,0x6241,0x6200,0x59E1,0x3941,0x3120,0x18A0,0x3141,0x49C2,0x3163,0x00A2,0x00E3,0x00A2,0x0860,
0x18C2,0x18C2,0x18C2,0x20E2,0x1902,0x41C3,0x6243,0x0940,0x10C0,0x20C0,0x0880,0x10A0,0x0881,0x08A0,0x0040,0x2141,
0x32C1,0x2260,0x1A40,0x0960,0x0080,0x2103,0x41E5,0x944E,0x9C4F,0x8C90,0x0A65,0x22A6,0x53AB,0x1A45,0x2205,0x0983,
0x09E4,0x0A04,0x0A44,0x3B69,0x1AC7,0x2267,0x32A7,0x6C4E,0x0285,0x63CB,0x9C2E,0x9471,0x632D,0x2124,0x31A6,0x2165,
0x0042,0x0021,0x2104,0x2103,0x2965,0x31A5,0x2944,0x3185,0x2144,0x08A2,0x0062,0x0062,0x2945,0x2965,0x2964,0x4A05,
0x4AAA,0x3A28,0x4249,0x4249,0x2986,0x31E7,0x3A08,0x2986,0x1924,0x2165,0x1902,0x0060,0x3983,0xAC29,0x9BA8,0x9BA6,
0xA3A5,0x9BA6,0xA3E7,0xB428,0xA429,0x8368,0x49E4,0x18A1,0x2102,0x41C4,0x4A25,0x4A05,0x18E2,0x10C1,0x0861,0x0840,
0x18C2,0x3185,0x2124,0x18C2,0x3983,0x3163,0x3183,0x39C3,0x6285,0x6264,0x2943,0x2123,0x2923,0x2963,0x3183,0x3183,
0x3142,0x28E1,0x20C0,0x28C0,0x30E0,0x28E0,0x28C0,0x28E0,0x2102,0x0061,0x20C0,0x20C0,0x2941,0x5AE7,0x49E4,0x00A4,
0x1186,0x8367,0x2164,0x0166,0x31C5,0x5A44,0x5A24,0x6264,0x4162,0x6285,0x3963,0x2102,0x2923,0x2122,0x10C3,0x0042,
0x1081,0x10E3,0x00C3,0x2182,0x7B69,0x93EB,0x5A88,0x0000,0x4A07,0xA44D,0x5267,0x0000,0x0882,0x8BAB,0xACAE,0x62A8,
0x0000,0x00A5,0x00E6,0x0001,0x5A88,0xA48D,0x6AE9,0x0000,0x1081,0x8BAA,0x7308,0x0041,0x0043,0x62C9,0x93EC,0x736A,
0x2124,0x2103,0x1081,0x0000,0x18E3,0x2165,0x0062,0x0882,0x0881,0x0020,0x10C2,0x18E3,0x2964,0x2924,0x2103,0x18E3,
0x3A29,0x5B91,0x5B70,0x5371,0x4B51,0x4B30,0x5B91,0x52EE,0x2987,0x1904,0x2145,0x39E7,0x52AB,0x4AEC,0x31E9,0x0883,
0x0042,0x00A5,0x21C9,0x840D,0xB4EE,0x6AC6,0x4182,0x3140,0x3962,0x20C1,0x1081,0x0923,0x0207,0x0227,0x0AC9,0xAC89,
0xA3C6,0x6A82,0x0000,0x51E1,0xA3E5,0x93A5,0x5224,0x4181,0x0800,0x20E0,0x49C2,0x2963,0x00A2,0x00A2,0x1964,0x4A05,
0x20E2,0x0020,0x0000,0x0860,0x20E2,0x20E2,0x3984,0x2122,0x2942,0x18C1,0x0040,0x0860,0x10E1,0x2162,0x2983,0x19A1,
0x11E0,0x2AA1,0x11C0,0x0140,0x0900,0x0000,0x18A1,0x8C4F,0x9450,0x8C70,0x0A05,0x11C4,0x3246,0x09C3,0x5309,0x32A7,
0x1A66,0x0A25,0x1265,0x1265,0x0244,0x09C4,0x0163,0x2AC8,0x0286,0x63AB,0x9C2E,0x940E,0x62CA,0x2144,0x31A5,0x2145,
0x0082,0x18E3,0x2144,0x2964,0x31A5,0x3185,0x2964,0x10E3,0x0062,0x0021,0x0022,0x0862,0x2965,0x3185,0x18E3,0x18C1,
0x5B2D,0x1946,0x2987,0x39A5,0x10E3,0x1925,0x29A7,0x1987,0x00A3,0x2125,0x2103,0x18A2,0x28E2,0x7222,0x9324,0x9325,
0x9385,0xA3C6,0xA3C7,0x9BA7,0x9BA7,0xA3C7,0xABE5,0x9386,0x6AE7,0x41C4,0x2923,0x3143,0x18E2,0x2102,0x1081,0x2923,
0x4206,0x4205,0x3185,0x3163,0x7306,0x7B47,0x5A86,0x49E4,0x3163,0x2123,0x2943,0x3163,0x2943,0x2922,0x3122,0x28E1,
0x28C0,0x20A0,0x20A0,0x20A0,0x20C0,0x20A0,0x28E0,0x28E0,0x18E3,0x0062,0x20C0,0x18A1,0x10C1,0x4266,0x41A3,0x00E3,
0x09A6,0x8367,0x2183,0x0146,0x2A06,0x7326,0x10E3,0x1965,0x41C4,0x5204,0x3163,0x1924,0x08C3,0x2103,0x08A3,0x0042,
0x10C2,0x1923,0x0942,0x2961,0x8B89,0xB4CE,0x5A67,0x0000,0x41C5,0xACAE,0x62A8,0x0001,0x08A4,0x8BEC,0xA44D,0x5A87,
0x0020,0x0043,0x00C5,0x0002,0x5267,0xA48D,0x732A,0x0000,0x0841,0x8BAB,0x838A,0x0062,0x0064,0x6B2B,0x8BEC,0x6B2A,
0x1903,0x2944,0x18E3,0x0042,0x1104,0x1924,0x0021,0x0882,0x18C2,0x2124,0x18E3,0x0861,0x1903,0x2103,0x2103,0x2944,
0x1904,0x118A,0x326C,0x3AAD,0x32AE,0x3ACF,0x4310,0x5B91,0x5370,0x5B70,0x42AC,0x322A,0x29EA,0x0107,0x0085,0x0083,
0x0063,0x8C2C,0xAD0F,0x5246,0x1880,0x1880,0x20E1,0x2922,0x18E1,0x00E3,0x0124,0x01E6,0x0B8C,0x03AC,0x0B0A,0x8BC7,
0x9BC6,0x72A2,0x1040,0x5A02,0xB469,0xA429,0x5223,0x4181,0x18C1,0x20C0,0x3120,0x18E2,0x0082,0x00A2,0x1902,0x49E4,
0x2942,0x3184,0x3164,0x3164,0x41C4,0x2102,0x10A1,0x10C1,0x2183,0x2183,0x1902,0x2122,0x39E4,0x2183,0x1121,0x19E1,
0x0920,0x0100,0x1181,0x0940,0x00A0,0x0080,0x29A4,0x9C90,0x8C0E,0x83ED,0x09E4,0x11E4,0x3226,0x09A3,0x63EC,0x32E8,
0x3309,0x1A86,0x1AC7,0x1AC7,0x2AE8,0x01C3,0x0162,0x01A3,0x0285,0x6B89,0x9C4E,0x942E,0x5AA9,0x2144,0x3185,0x2964,
0x2965,0x31A5,0x2985,0x2944,0x18E3,0x10A2,0x2965,0x0082,0x0041,0x0063,0x0041,0x0862,0x2965,0x2985,0x18E3,0x20C2,
0x4249,0x08A3,0x2144,0x2964,0x1945,0x08C4,0x1925,0x1126,0x00A4,0x1925,0x31C6,0x31E4,0x2940,0x71E0,0x5980,0x4920,
0x59A1,0x8AE3,0xA3C8,0xB449,0x9BC7,0x9366,0xA383,0xB3E5,0xB429,0xA408,0x8368,0x72E7,0x5245,0x4A05,0x3984,0x49E5,
0x49E5,0x5A66,0x7328,0x7328,0x4A05,0x2922,0x2102,0x2923,0x2943,0x3184,0x2943,0x2901,0x20E1,0x28C0,0x28C0,0x30C0,
0x30E0,0x28E0,0x28C0,0x18E1,0x08A4,0x1080,0x30E0,0x30E0,0x10A1,0x0841,0x28C0,0x1880,0x08A1,0x3A06,0x72E6,0x5A85,
0x4204,0x3983,0x1902,0x08C2,0x10C2,0x2922,0x0882,0x0061,0x3123,0x3143,0x18C2,0x0882,0x0061,0x1061,0x0861,0x0862,
0x1081,0x10A1,0x08A1,0x0820,0x3184,0x5226,0x2902,0x0020,0x20C2,0x49E5,0x3143,0x0841,0x10A3,0x3964,0x4184,0x2902,
0x0820,0x0841,0x10A3,0x0841,0x20C1,0x41C5,0x3985,0x0820,0x0841,0x3984,0x3984,0x1061,0x0841,0x3185,0x41A4,0x2943,
0x0881,0x18C2,0x10A2,0x0862,0x0861,0x1081,0x0841,0x0861,0x1081,0x18C2,0x1061,0x1061,0x1081,0x0861,0x10A2,0x18A2,
0x1061,0x0083,0x0863,0x0841,0x10C3,0x1925,0x1905,0x2146,0x10E4,0x1926,0x2146,0x0882,0x0062,0x0883,0x0862,0x0842,
0x1082,0x5223,0x49C3,0x18A1,0x0020,0x1081,0x10A1,0x0840,0x0081,0x0924,0x0964,0x0903,0x0985,0x1226,0x11A5,0x2901,
0x3921,0x28E0,0x18A1,0x3121,0x49C3,0x49C3,0x28E1,0x20A0,0x1880,0x1880,0x1060,0x0861,0x08A2,0x08C3,0x08A1,0x20E1,
0x2922,0x41A3,0x6266,0x2943,0x0860,0x0861,0x1081,0x0880,0x0081,0x0081,0x10C1,0x39A4,0x4A25,0x0900,0x00E0,0x11C0,
0x19C0,0x0880,0x0080,0x00A0,0x08C1,0x0080,0x2183,0x9490,0x8C2F,0x7BAC,0x09E4,0x0A24,0x1225,0x0A45,0x4B4A,0x2AE8,
0x336A,0x2266,0x1A87,0x3308,0x32A7,0x0A05,0x3B08,0x2AA6,0x0A44,0x6BAA,0x9C4E,0x944F,0x5ACA,0x2165,0x3185,0x3165,
0x39A6,0x2944,0x2944,0x10E4,0x0000,0x0861,0x2944,0x0041,0x0041,0x0042,0x0001,0x0042,0x2145,0x2965,0x1904,0x18E2,
0x5288,0x10A2,0x0905,0x1145,0x2186,0x0083,0x18E4,0x0083,0x0083,0x1924,0x1984,0x2261,0x29A0,0x7A20,0x5960,0x69A0,
0x79C0,0x79C0,0x69C1,0x7243,0x7264,0x9347,0xBC06,0xBC46,0xAC07,0x9365,0x9345,0xAC28,0xBC48,0x9BE8,0x7B27,0x7307,
0x6AE7,0x4A05,0x3984,0x2943,0x2923,0x3143,0x3164,0x3163,0x2902,0x2901,0x28E0,0x20A0,0x20C0,0x30E0,0x30E0,0x2901,
0x18A2,0x20C0,0x30E0,0x20E1,0x0883,0x18C1,0x3100,0x28E0,0x18A1,0x1880,0x28A0,0x18A0,0x10A0,0x31A3,0x6AC5,0x7B06,
0x3142,0x2146,0x634E,0x5AEE,0x52CC,0x52CE,0x52EC,0x52AC,0x52CC,0x52ED,0x4ACD,0x4AAC,0x52ED,0x4ACD,0x52CC,0x5B0D,
0x530E,0x52CC,0x528B,0x5AAB,0x4A6A,0x426A,0x4ACC,0x52ED,0x4ACD,0x4AAC,0x4ACD,0x5AED,0x5B2E,0x52EC,0x4ACD,0x52ED,
0x52CC,0x5B0E,0x636F,0x634F,0x52CD,0x52ED,0x52AC,0x528B,0x634E,0x52ED,0x52ED,0x5B0D,0x5B0D,0x4AAC,0x426B,0x4AAC,
0x52ED,0x52AC,0x630E,0x5B2E,0x4AAC,0x4AAC,0x52ED,0x52ED,0x4AAC,0x52CC,0x5B0D,0x52CC,0x52AC,0x52ED,0x632D,0x5B4F,
0x5B2E,0x52ED,0x52CC,0x52CC,0x4AAB,0x52AB,0x5B0D,0x5B2E,0x52EE,0x4AAD,0x5AED,0x52CC,0x52CD,0x530E,0x5B2F,0x5ACC,
0x5B4D,0x52EC,0x4AAC,0x4AAC,0x4AAB,0x5B0D,0x5B2E,0x52ED,0x4A8C,0x52CC,0x5B0D,0x5B4F,0x5B0E,0x5ACB,0x62CC,0x634F,
0x52ED,0x4ACD,0x5B2E,0x5B4F,0x5B2E,0x52ED,0x5AED,0x532E,0x52ED,0x5B2E,0x636F,0x5B0C,0x5AED,0x52CC,0x1926,0x0000,
0x2902,0x4A05,0x5225,0x18E1,0x0841,0x0861,0x0060,0x0020,0x0881,0x39A3,0x6286,0x2943,0x1080,0x08E0,0x0920,0x0920,
0x0920,0x1141,0x0080,0x00C0,0x0080,0x0060,0x1122,0x8C0E,0x8C0E,0x8BED,0x18E2,0x0102,0x0205,0x0AC7,0x0245,0x12C6,
0x2B48,0x3B29,0x2286,0x09A4,0x2A46,0x01E4,0x3B49,0x22C7,0x01C3,0x5B4A,0x946F,0x944F,0x62EA,0x2965,0x3185,0x2965,
0x1904,0x0062,0x2124,0x10C3,0x0000,0x0861,0x2144,0x0042,0x0084,0x0063,0x0842,0x18C3,0x2124,0x2924,0x2184,0x2A21,
0x4A69,0x08A3,0x00A4,0x0905,0x29A6,0x00A5,0x18E4,0x0883,0x1104,0x29C7,0x21C3,0x1200,0x2140,0x7A00,0x4120,0x30E0,
0x8241,0x9240,0x71C0,0x6160,0x4900,0x5160,0x8282,0x9B65,0x9BA7,0xA3E8,0xA3C7,0x9BA6,0xA342,0xB3E5,0xAC08,0x41C4,
0x2122,0x2102,0x2923,0x3163,0x3163,0x3143,0x2901,0x20C0,0x20A0,0x20A0,0x28C0,0x28E0,0x20C0,0x28E0,0x30E0,0x2165,
0x08A4,0x28C0,0x28E0,0x20C0,0x0061,0x20C1,0x3100,0x28C0,0x28E0,0x20C0,0x20A0,0x20A0,0x2100,0x4A64,0x6264,0x18A1,
0x31C8,0x5BD4,0x2A6E,0x326E,0x2A4D,0x328E,0x326D,0x326D,0x3A8E,0x3A4C,0x2A4C,0x2A2D,0x2A6D,0x226E,0x2A2C,0x2A2C,
0x224D,0x222C,0x2A4C,0x324C,0x322B,0x322C,0x2A6D,0x324B,0x324B,0x328E,0x2A4D,0x2A6E,0x328E,0x3A4B,0x324D,0x326D,
0x2A4D,0x2A6D,0x328E,0x328E,0x322C,0x322B,0x324C,0x2A2C,0x2A6D,0x2A4D,0x326D,0x322C,0x2A4D,0x2A6E,0x326D,0x322B,
0x326C,0x328E,0x328E,0x326D,0x2A4D,0x222C,0x2A4C,0x2A6E,0x2A4D,0x2A0B,0x326C,0x2A4C,0x2A0C,0x328E,0x326D,0x328F,
0x328F,0x2A6E,0x2A2B,0x324D,0x2A6E,0x324D,0x326E,0x2A8E,0x2A6E,0x2AAF,0x324C,0x320A,0x2A2C,0x2A4D,0x2A6E,0x324C,
0x324C,0x322B,0x324C,0x2A6E,0x326E,0x2A2C,0x2A2C,0x2A6E,0x2A4D,0x2A2C,0x2A6E,0x2AB0,0x326D,0x2A4B,0x2A6D,0x2A8F,
0x2A6D,0x324B,0x328E,0x2A8E,0x2AAF,0x32AE,0x324C,0x328D,0x32AF,0x2AD0,0x32D0,0x328D,0x3A6D,0x2A2D,0x3B11,0x1168,
0x0020,0x2102,0x39A3,0x18C1,0x0040,0x0860,0x1101,0x31A3,0x5246,0x49E4,0x3163,0x18C1,0x1081,0x08A0,0x08E0,0x08E0,
0x08E1,0x00C0,0x0080,0x0080,0x0080,0x0040,0x1922,0x942E,0x940D,0x942E,0x2104,0x0022,0x00A4,0x0105,0x2227,0x09E4,
0x0244,0x1AE7,0x0A24,0x0983,0x4AC8,0x1266,0x3308,0x12A7,0x01C3,0x5B2A,0x944F,0x9470,0x62EA,0x2965,0x39E7,0x29A7,
0x0083,0x00A3,0x2964,0x1081,0x0000,0x0861,0x2944,0x0041,0x08C4,0x1925,0x2965,0x3165,0x2123,0x2104,0x2183,0x2A60,
0x62EB,0x1104,0x00A4,0x0905,0x29A7,0x0906,0x2145,0x1925,0x1104,0x2186,0x21E2,0x0180,0x2120,0x8201,0x4100,0x0042,
0x49A3,0x8200,0x7200,0x7A41,0x8240,0x71C0,0x69A0,0x61A0,0x5180,0x6A43,0x9345,0xA3C8,0x9B65,0x9B86,0x93A7,0x2942,
0x3143,0x3163,0x2943,0x2102,0x20E1,0x28C0,0x28C0,0x28C0,0x28C0,0x28C0,0x28E0,0x18E4,0x0841,0x28C0,0x30E0,0x1903,
0x0883,0x28C0,0x28C0,0x20A0,0x18A1,0x28E1,0x30E0,0x28C0,0x28C0,0x28A0,0x20A0,0x20C0,0x2941,0x52E6,0x49A3,0x2126,
0x5392,0x2AD0,0x00E6,0x0042,0x0042,0x0083,0x0062,0x0063,0x0063,0x0042,0x0041,0x0062,0x0062,0x0062,0x0041,0x0041,
0x0042,0x0062,0x0062,0x0062,0x0062,0x0041,0x0042,0x0041,0x0040,0x0062,0x0041,0x0062,0x0062,0x0041,0x0861,0x0862,
0x0862,0x0041,0x0062,0x0083,0x0021,0x0840,0x0861,0x0042,0x0042,0x0042,0x0041,0x0041,0x0041,0x0062,0x0042,0x0041,
0x0061,0x0083,0x0062,0x0041,0x0062,0x0062,0x0041,0x0041,0x0062,0x0041,0x0041,0x0062,0x0041,0x0062,0x0062,0x0062,
0x0062,0x0062,0x0041,0x0021,0x0063,0x0862,0x0041,0x0062,0x0062,0x0083,0x0062,0x0041,0x0041,0x0062,0x0062,0x0841,
0x0841,0x0021,0x0041,0x0062,0x0062,0x0042,0x0041,0x0062,0x0041,0x0021,0x0042,0x0063,0x0041,0x0041,0x0062,0x0042,
0x0042,0x0841,0x0021,0x0042,0x0042,0x0062,0x0041,0x0041,0x0062,0x0063,0x0083,0x0063,0x0062,0x00A4,0x3AF1,0x4B93,
0x08C5,0x10A2,0x2963,0x3163,0x4A05,0x4A05,0x5245,0x41A4,0x2102,0x18C1,0x18C1,0x2102,0x2922,0x3162,0x1941,0x0080,
0x0040,0x0000,0x0060,0x0040,0x0000,0x0000,0x3A03,0x9C90,0x9C6F,0x940D,0x2103,0x0064,0x094B,0x0108,0x6B4C,0x3144,
0x0040,0x0102,0x01A4,0x09C4,0x1A66,0x0245,0x2B29,0x1286,0x0183,0x5B2A,0x9C4F,0x9C90,0x6B0B,0x2964,0x39E7,0x2986,
0x0082,0x0082,0x2964,0x10A2,0x0000,0x0862,0x2124,0x2103,0x3185,0x31A5,0x3185,0x2103,0x18E3,0x2124,0x29A5,0x3206,
0x6B6D,0x2165,0x1126,0x2166,0x2166,0x1904,0x1904,0x08C3,0x0063,0x1105,0x3203,0x0920,0x20E0,0x8200,0x4920,0x2187,
0x7B4A,0x71C0,0x4940,0x0882,0x6A03,0x8220,0x71C0,0x8241,0x7A00,0x71C0,0x61A0,0x69E1,0x6A23,0x7AA5,0x9BA8,0x41C4,
0x2922,0x28E1,0x28C0,0x20A0,0x20C0,0x28C0,0x30E0,0x20C0,0x28C0,0x28C0,0x20E1,0x08E5,0x1081,0x28C0,0x28E0,0x10A1,
0x0861,0x28A0,0x20C0,0x28C0,0x28E0,0x20A0,0x28C0,0x3100,0x2900,0x18A0,0x20A0,0x20C0,0x18E1,0x3A64,0x3142,0x4A6B,
0x222D,0x00E6,0x0001,0x1082,0x10E5,0x0064,0x0064,0x0064,0x0064,0x0084,0x0084,0x0064,0x0063,0x0064,0x0064,0x0063,
0x0084,0x0084,0x0084,0x0084,0x0064,0x0064,0x0063,0x0063,0x0084,0x0064,0x0063,0x0063,0x0084,0x0084,0x0064,0x0063,
0x0063,0x0064,0x0064,0x0063,0x0063,0x0064,0x0064,0x0084,0x0084,0x0064,0x0063,0x0063,0x0063,0x0063,0x0084,0x0084,
0x0063,0x0063,0x0063,0x0064,0x0064,0x0063,0x0083,0x0063,0x0063,0x0063,0x0063,0x0063,0x0063,0x0063,0x0063,0x0064,
0x0063,0x0063,0x0063,0x0064,0x0064,0x0063,0x0063,0x0083,0x0063,0x0064,0x0064,0x0063,0x0063,0x0063,0x0063,0x0063,
0x0063,0x0063,0x0063,0x0064,0x0064,0x0063,0x0063,0x0063,0x0084,0x0083,0x0063,0x0063,0x0084,0x0084,0x0063,0x0063,
0x0084,0x0084,0x0063,0x0063,0x0064,0x0064,0x0064,0x0064,0x0063,0x0063,0x0042,0x10A3,0x10A4,0x0001,0x00C5,0x2A4C,
0x220C,0x10C3,0x5A65,0x6AC6,0x5A85,0x3183,0x18E1,0x18C1,0x2121,0x2942,0x2922,0x2921,0x3121,0x31E0,0x2A41,0x0920,
0x0060,0x0840,0x0840,0x0060,0x0040,0x0080,0x3223,0xA4D1,0x9C90,0x8BEC,0x18E3,0x00E8,0x09AD,0x08E8,0x7BAD,0x39C5,
0x0001,0x0885,0x0063,0x08C3,0x2A26,0x09E5,0x0A46,0x0225,0x01C4,0x634A,0x9C4E,0x9C6F,0x630A,0x2944,0x31C6,0x2145,
0x0042,0x0041,0x2965,0x10A2,0x0882,0x2104,0x18E3,0x3184,0x31A5,0x2144,0x10C3,0x0062,0x1903,0x2124,0x2145,0x4A69,
0x634D,0x2145,0x2986,0x1904,0x10A3,0x0041,0x10E4,0x00A4,0x0063,0x1104,0x18E2,0x1080,0x20A0,0x8220,0x5180,0x0042,
0x5A04,0x8220,0x4940,0x21EA,0x7B07,0x9240,0x4120,0x20C1,0x7201,0x7A00,0x71E0,0x8200,0x5940,0x5980,0x8AA2,0x3920,
0x28C0,0x28A0,0x28E0,0x28C0,0x28C0,0x28E0,0x1904,0x08A3,0x20C0,0x28C0,0x20C1,0x0063,0x1880,0x30C0,0x28C0,0x20C1,
0x28E1,0x28C0,0x20C0,0x28C0,0x28C0,0x20C0,0x20C0,0x28E0,0x2124,0x0862,0x28C0,0x28C0,0x18E1,0x4263,0x3122,0x3A2A,
0x222C,0x0063,0x10A3,0x632C,0x5ACB,0x2146,0x00C6,0x00E7,0x00C6,0x00C6,0x00C6,0x00C6,0x00C6,0x00C6,0x00C6,0x00C6,
0x00C6,0x00E7,0x00C6,0x00C6,0x00C6,0x00C6,0x00C6,0x00C6,0x00C6,0x00A6,0x00C6,0x00C6,0x00C6,0x00C6,0x00C7,0x00C6,
0x00C6,0x00C6,0x00C6,0x00C6,0x00C6,0x00C6,0x00C6,0x00C6,0x00C6,0x00C6,0x00C6,0x00C6,0x00C6,0x00C6,0x00C6,0x00C6,
0x00C6,0x00C6,0x00C6,0x00C6,0x00C6,0x00C6,0x00C6,0x00C6,0x00C6,0x00A6,0x00A6,0x00C6,0x00C6,0x00C6,0x00C6,0x00C6,
0x00C6,0x00C6,0x00C6,0x00C6,0x00C6,0x00C6,0x00C6,0x00C6,0x00C6,0x00E6,0x00C6,0x00C6,0x00C6,0x00C6,0x00C6,0x00C6,
0x00C6,0x00C6,0x00C6,0x00C6,0x00C6,0x00C6,0x00C6,0x00C6,0x00C6,0x00C6,0x00C6,0x00C6,0x00C7,0x00C7,0x00C6,0x00C6,
0x00C6,0x00C6,0x00C6,0x00C6,0x00C7,0x00C6,0x00C6,0x00C7,0x00E6,0x00C6,0x10E6,0x736D,0x5ACA,0x10C3,0x0882,0x324B,
0x11CB,0x10A2,0x5224,0x41A3,0x2102,0x20E1,0x20E1,0x2922,0x3962,0x3962,0x3141,0x2900,0x2920,0x3221,0x21E0,0x21E0,
0x2201,0x2160,0x18A0,0x1160,0x1120,0x0921,0x3A86,0x9470,0x8C0E,0x8BED,0x3185,0x0129,0x0086,0x0002,0x7BAD,0x4206,
0x00A5,0x096B,0x00A6,0x18E4,0x838C,0x2124,0x0062,0x08C2,0x0143,0x638B,0xA46F,0x9C6F,0x62E9,0x2123,0x31A6,0x2986,
0x0021,0x0041,0x2944,0x2964,0x31A5,0x2965,0x1903,0x2104,0x10C3,0x0083,0x0083,0x0082,0x2124,0x1903,0x2144,0x62E9,
0x4A8A,0x10C3,0x0083,0x0082,0x10A2,0x0042,0x1104,0x08C4,0x10E4,0x1924,0x08C1,0x0040,0x28A0,0x9240,0x71E0,0x2901,
0x61C1,0x9240,0x5160,0x1106,0x7AC5,0x9260,0x4900,0x1988,0x7A64,0x81E0,0x4960,0x4941,0x8241,0x8220,0x71E0,0x28C0,
0x28C0,0x20C1,0x18A1,0x20A0,0x28C0,0x28C0,0x1105,0x08A3,0x28E0,0x28E0,0x20A0,0x0861,0x1880,0x28E0,0x28A0,0x28C0,
0x28C0,0x20C0,0x28C0,0x28C0,0x18C1,0x1880,0x28C0,0x28C0,0x10E3,0x0862,0x28E0,0x28A0,0x18C0,0x31C2,0x28E2,0x3A4B,
0x2A4D,0x0083,0x1905,0x5268,0x5A69,0x31A7,0x00A6,0x00C7,0x00C6,0x00C6,0x00C6,0x00C6,0x00C6,0x00C6,0x00C6,0x00C6,
0x00C6,0x00C6,0x00C6,0x00A6,0x00C6,0x00C6,0x00A6,0x00A6,0x00A6,0x00A6,0x00A6,0x00A6,0x00A6,0x00A6,0x00A6,0x00A6,
0x00C6,0x00C6,0x00C6,0x00C6,0x00C6,0x00C6,0x00C6,0x00C6,0x00C6,0x00C6,0x00A6,0x00A6,0x00A6,0x00A6,0x00A6,0x00A6,
0x00C6,0x00A6,0x00A6,0x00A6,0x00A6,0x00A6,0x00A6,0x00A6,0x00A6,0x00A6,0x00A6,0x00A6,0x00A6,0x00A6,0x00C6,0x00A6,
0x00A6,0x00C6,0x00C6,0x00C6,0x00C6,0x00C6,0x00C6,0x00C6,0x00C6,0x00C6,0x00C6,0x00C6,0x00C6,0x00C6,0x00C6,0x00C6,
0x00C6,0x00C6,0x00C6,0x00C6,0x00C6,0x00C6,0x00A6,0x00A6,0x00C6,0x00A6,0x00C6,0x00A6,0x00A6,0x00A6,0x00A6,0x00C6,
0x00C6,0x00C6,0x00C6,0x00C6,0x00C6,0x00C6,0x00C6,0x00C6,0x00C6,0x00A5,0x2146,0x62EB,0x5289,0x1925,0x10A3,0x428D,
0x19CB,0x0021,0x1080,0x20E1,0x2922,0x3163,0x3142,0x2921,0x2900,0x20C0,0x2900,0x2921,0x18E0,0x2160,0x2120,0x19C0,
0x2220,0x3A21,0x18C0,0x1922,0x29E7,0x1104,0x2123,0x83CD,0x7B6B,0x8BCC,0x9C71,0x7C11,0x3A0A,0x18C5,0x8C0E,0x4A47,
0x0085,0x0929,0x0063,0x1926,0x942E,0x2986,0x0043,0x00A6,0x0064,0x738C,0xA4B1,0x9C91,0x62EB,0x2144,0x31C6,0x2985,
0x10C2,0x2104,0x2965,0x2965,0x2964,0x1903,0x1924,0x0041,0x0041,0x0083,0x0062,0x0041,0x2103,0x2103,0x2943,0x2963,
0x5B0C,0x18E4,0x0062,0x00C3,0x1121,0x08A2,0x2144,0x1945,0x1104,0x1942,0x1160,0x0020,0x20C0,0x8240,0x69A0,0x69C1,
0x8220,0x8240,0x5180,0x0841,0x61C1,0x8A60,0x38C0,0x3A4A,0x8B06,0x81E0,0x4100,0x0064,0x6263,0x9A80,0x71E0,0x28E0,
0x28C0,0x1904,0x0083,0x20A0,0x28E0,0x28C0,0x08A2,0x0062,0x28E0,0x28C0,0x20C0,0x20E1,0x20A0,0x20A0,0x28C0,0x28E0,
0x28C0,0x28C0,0x28E0,0x2101,0x08C4,0x10A1,0x28E0,0x28E0,0x1081,0x0840,0x28C0,0x20A0,0x20E0,0x1961,0x1060,0x52AC,
0x328E,0x0083,0x0085,0x1946,0x2987,0x00A5,0x00C7,0x00C7,0x00C6,0x00C6,0x00C6,0x00C6,0x00C6,0x00C6,0x00C6,0x00C6,
0x00C6,0x00C6,0x00C6,0x00A6,0x00A6,0x00A6,0x00A6,0x00A6,0x00A6,0x00C6,0x00A6,0x00A6,0x00A6,0x00A6,0x00A6,0x00A6,
0x00C6,0x00C6,0x00C6,0x00C6,0x00C6,0x00C6,0x00C6,0x00C6,0x00C6,0x00C6,0x00C6,0x00C6,0x00A6,0x00C6,0x00C6,0x00A6,
0x00A6,0x00C6,0x00A6,0x00A6,0x00A6,0x00A6,0x00A6,0x00A6,0x00A6,0x00C6,0x00A6,0x00C6,0x00C6,0x00C6,0x00C6,0x00C6,
0x00A6,0x00C6,0x00C6,0x00C6,0x00C6,0x00C6,0x00C6,0x00C6,0x00C6,0x00C6,0x00C6,0x00C6,0x00C6,0x00C6,0x00C6,0x00C6,
0x00C6,0x00C6,0x00C6,0x00C6,0x00C6,0x00C6,0x00A6,0x00A6,0x00C6,0x00C6,0x00C6,0x00A6,0x00A6,0x00A6,0x00A6,0x00C6,
0x00C6,0x00C6,0x00C6,0x00C6,0x00C6,0x00C6,0x00C6,0x00C6,0x00C6,0x00C6,0x00A4,0x2967,0x2966,0x0043,0x10C3,0x530F,
0x19CB,0x0021,0x20C1,0x3982,0x3982,0x3141,0x3120,0x20C0,0x10C1,0x0020,0x20C1,0x2942,0x2961,0x29E0,0x1160,0x3242,
0x4263,0x3940,0x1840,0x08C2,0x08E4,0x0062,0x2124,0x9C90,0x942D,0x940D,0xACB0,0xACAF,0x940D,0x8C0E,0xA4B0,0x5AA9,
0x1127,0x00C7,0x0002,0x2126,0xA46F,0x2985,0x00E6,0x094A,0x0108,0x6B8D,0x9C4E,0x9C91,0x5B0B,0x2944,0x3185,0x2144,
0x2964,0x2964,0x2965,0x2124,0x0062,0x0041,0x2124,0x0041,0x0041,0x0062,0x0021,0x0041,0x2104,0x2124,0x1102,0x1120,
0x630C,0x10C3,0x00A3,0x1123,0x1140,0x0881,0x2924,0x2944,0x08E2,0x1160,0x0920,0x0040,0x2921,0x7200,0x6180,0x6980,
0x79E0,0x9280,0x79E0,0x6A02,0x71E1,0x79E0,0x38C0,0x0882,0x7A62,0x9280,0x4100,0x324B,0x8B69,0x8A00,0x7201,0x28C0,
0x28A0,0x18C3,0x0082,0x28C0,0x28E0,0x28C0,0x1081,0x10A1,0x28E0,0x28C0,0x28C0,0x28C0,0x1860,0x20A0,0x28E0,0x20E1,
0x1081,0x20C0,0x30E0,0x20C1,0x0883,0x20A1,0x30E0,0x28C0,0x1080,0x1081,0x28C0,0x20A0,0x2900,0x1961,0x1081,0x5B0E,
0x328D,0x0063,0x00A5,0x00C7,0x0086,0x00C6,0x00C6,0x00A6,0x00C6,0x00C6,0x00C6,0x00C6,0x00C6,0x00C6,0x00C6,0x00C6,
0x00C6,0x00C6,0x00C6,0x00C6,0x00C6,0x00C6,0x00C6,0x00C6,0x00A6,0x00A6,0x00A6,0x00A6,0x00C6,0x00C6,0x00A6,0x00A6,
0x00C6,0x00C6,0x00C6,0x00C6,0x00C6,0x00A6,0x00A6,0x00C6,0x00C6,0x00C6,0x00A6,0x00C6,0x00C6,0x00C6,0x00C6,0x00C6,
0x00A6,0x00C6,0x00C6,0x00A6,0x00A6,0x00C6,0x00C6,0x00C6,0x00A6,0x00C6,0x00C6,0x00A6,0x00A6,0x00C6,0x00C6,0x00C6,
0x00A6,0x00C6,0x00C6,0x00C6,0x00C6,0x00C6,0x00C6,0x00C6,0x00C6,0x00C6,0x00C6,0x00C6,0x00C6,0x00C6,0x00C6,0x00C6,
0x00C6,0x00C6,0x00C6,0x00A6,0x00A6,0x00A6,0x00C6,0x00A6,0x00A6,0x00C6,0x00C6,0x00C6,0x00C6,0x00A6,0x00A6,0x00C6,
0x00C6,0x00C6,0x00C6,0x00C6,0x00C6,0x00C6,0x00C6,0x00C6,0x00C6,0x00A6,0x00C7,0x0086,0x00A5,0x00A6,0x18E4,0x5B70,
0x19AA,0x0041,0x2901,0x3121,0x2921,0x18C0,0x18C0,0x2102,0x0041,0x0040,0x2101,0x3142,0x3162,0x29E1,0x4264,0x6308,
0x5286,0x20E0,0x0882,0x0926,0x0106,0x00C4,0x1904,0x9C91,0xA4B0,0x9C4F,0x5248,0x6B2A,0x8BAC,0xACB0,0xA4B0,0xA46F,
0x9450,0x5AEC,0x2988,0x320A,0xA48F,0x2965,0x00C7,0x0908,0x00C7,0x634D,0xA46E,0xA46E,0x5A88,0x2123,0x2964,0x2964,
0x2124,0x10A2,0x2124,0x1105,0x0042,0x0882,0x2103,0x0020,0x0000,0x0021,0x0041,0x10A2,0x1904,0x08C3,0x10E4,0x29C5,
0x4A69,0x0062,0x00A3,0x1943,0x1923,0x0882,0x10E2,0x10E2,0x00C1,0x0920,0x00E0,0x0060,0x20C0,0x7A20,0x5960,0x69C1,
0x9281,0x9280,0x6180,0x48E0,0x5960,0x7A00,0x69C1,0x7263,0x8241,0x8A40,0x4100,0x0064,0x6224,0x8A20,0x71E0,0x28A0,
0x28A0,0x1081,0x0861,0x30C0,0x28C0,0x28C0,0x28C0,0x28E0,0x28C0,0x28E0,0x30E0,0x30E0,0x20A0,0x20C0,0x28C0,0x1924,
0x0083,0x20A0,0x28E0,0x20C0,0x0041,0x20C0,0x28C0,0x2080,0x20A0,0x1880,0x1880,0x28C0,0x2100,0x1140,0x0861,0x52CC,
0x2A2B,0x0062,0x00A5,0x00E7,0x00C6,0x00C6,0x00C6,0x00A6,0x00A6,0x00C6,0x00C6,0x00C6,0x00C6,0x00C6,0x00C6,0x00C6,
0x00C6,0x00C6,0x00C6,0x00C6,0x00C6,0x00C6,0x00C6,0x00C6,0x00A6,0x00A6,0x00A6,0x00A6,0x00A6,0x00A6,0x00A6,0x00A6,
0x00C6,0x00A6,0x00C6,0x00A6,0x00C6,0x00A6,0x00A6,0x00A6,0x00A6,0x00A6,0x00A6,0x00C6,0x00A6,0x00C6,0x00C6,0x00C6,
0x00A6,0x00C6,0x00C6,0x00A6,0x00A6,0x00A6,0x00C6,0x00C6,0x00A6,0x00A6,0x00A6,0x00C6,0x00C6,0x00C6,0x00C6,0x00C6,
0x00C6,0x00C6,0x00C6,0x00C6,0x00C6,0x00C6,0x00C6,0x00C6,0x00C6,0x00C6,0x00C6,0x00C6,0x00C6,0x00C6,0x00C6,0x00C6,
0x00C6,0x00A6,0x00C6,0x00C6,0x00A6,0x00C6,0x00C6,0x00C6,0x00C6,0x00C6,0x00C6,0x00C6,0x00C6,0x00C6,0x00C6,0x00C6,
0x00C6,0x00A6,0x00A6,0x00C6,0x00C6,0x00A6,0x00C6,0x00A6,0x00A6,0x00C6,0x00C6,0x00C7,0x00E6,0x00A6,0x18E4,0x52CE,
0x1969,0x0000,0x18A0,0x20E0,0x08A2,0x0041,0x18C1,0x2943,0x0083,0x0881,0x3142,0x3142,0x2922,0x52A7,0x4A06,0x1921,
0x1180,0x08E0,0x0882,0x1188,0x0967,0x0061,0x1082,0x8C0E,0x9CB1,0x944E,0x1081,0x0000,0x10A2,0x4A27,0x8BED,0x940D,
0xA46E,0x9C0D,0xA4B1,0x9491,0xA48F,0x4A27,0x0928,0x00C7,0x0066,0x634E,0xA48F,0xA4B0,0x62C9,0x2124,0x2985,0x2965,
0x0061,0x0000,0x1904,0x10C3,0x0001,0x0861,0x1903,0x0020,0x0020,0x0020,0x0882,0x1945,0x21A6,0x3A08,0x4248,0x29A6,
0x4227,0x0881,0x08C3,0x10E4,0x21A3,0x19A1,0x1161,0x00A1,0x08A1,0x0040,0x0020,0x0040,0x20C0,0x8240,0x5160,0x0042,
0x51C3,0x7A00,0x69A0,0x71A1,0x79E0,0x8A40,0x79C0,0x71C0,0x69A0,0x8220,0x5180,0x18C2,0x61E1,0x9240,0x7200,0x20C0,
0x28A0,0x18A0,0x18C1,0x28C0,0x28C0,0x28C0,0x28C0,0x20A0,0x20C0,0x28E0,0x28E0,0x10C2,0x0840,0x20C0,0x28C0,0x10C3,
0x0862,0x28C0,0x28E0,0x20A0,0x20A1,0x28E0,0x28C0,0x20A0,0x20A0,0x1880,0x1880,0x20C0,0x20C0,0x10C0,0x0841,0x4A8B,
0x2A0B,0x0063,0x00A5,0x00C6,0x00A6,0x00C6,0x00C6,0x00A6,0x00A6,0x00C6,0x00C6,0x00C6,0x00A6,0x00A6,0x00A6,0x00C6,
0x00C6,0x00C6,0x00C6,0x00C6,0x00C6,0x00C6,0x00C6,0x00A6,0x00A6,0x00A6,0x00A6,0x00C6,0x00C6,0x00A6,0x00A6,0x00A6,
0x00C6,0x00A6,0x00A6,0x00A6,0x00A6,0x00A6,0x00A6,0x00A6,0x00A6,0x00A6,0x00A6,0x00C6,0x00C6,0x00C6,0x00C6,0x00C6,
0x00C6,0x00C6,0x00C6,0x00A6,0x00A6,0x00A6,0x00A6,0x00A6,0x00C6,0x00C6,0x00C6,0x00C6,0x00C6,0x00C6,0x00C6,0x00C6,
0x00C6,0x00C6,0x00C6,0x00C6,0x00C6,0x00C6,0x00C6,0x00C6,0x00C6,0x00C6,0x00C6,0x00C6,0x00C6,0x00C6,0x00C6,0x00C6,
0x00A6,0x00C6,0x00C6,0x00C6,0x00C6,0x00C6,0x00C6,0x00C6,0x00C6,0x00C6,0x00C6,0x00C6,0x00C6,0x00C6,0x00C6,0x00C6,
0x00C6,0x00C6,0x00C6,0x00C6,0x00C6,0x00C6,0x00C6,0x00C6,0x00C6,0x00C6,0x00C6,0x00C6,0x00C6,0x00A6,0x10C3,0x426C,
0x198A,0x0000,0x1060,0x2101,0x0082,0x0041,0x20E1,0x2943,0x0083,0x0861,0x2922,0x2922,0x20C1,0x3183,0x3163,0x1941,
0x0940,0x0880,0x18A0,0x08C1,0x08C2,0x0040,0x18C2,0x942F,0x9C90,0x942E,0x18E2,0x0063,0x0108,0x0043,0x738B,0x4A06,
0x41E6,0x734B,0xACD1,0xBD73,0xA46F,0xA48E,0x840E,0x530D,0x21CA,0x6BAF,0xA4B0,0xA490,0x62EA,0x2123,0x2985,0x2166,
0x0063,0x0062,0x1903,0x0861,0x0000,0x0841,0x18C3,0x0881,0x08A2,0x00A2,0x1945,0x3A28,0x4A89,0x3A47,0x1103,0x0060,
0x5268,0x10C2,0x0883,0x1102,0x2201,0x2241,0x09A0,0x00C0,0x00C0,0x00A1,0x0861,0x0860,0x20E0,0x8240,0x6180,0x1967,
0x7309,0x6180,0x4960,0x20C2,0x6A01,0x8A20,0x69C0,0x71C0,0x5960,0x8241,0x79E0,0x7A41,0x8241,0x8A20,0x7A00,0x28C0,
0x20A0,0x28E0,0x28C0,0x20A0,0x28C0,0x28C0,0x28C0,0x20A0,0x20A0,0x28C0,0x20E1,0x00C5,0x0861,0x20A0,0x28C0,0x1081,
0x0861,0x28C0,0x28C0,0x28C0,0x28C0,0x20A0,0x20A0,0x28C0,0x20C0,0x1061,0x20C0,0x20C0,0x20C0,0x1100,0x1080,0x4A6B,
0x324D,0x0083,0x00A5,0x00C6,0x00A6,0x00A6,0x00A6,0x00A6,0x00A6,0x00C6,0x00C6,0x00C6,0x00C6,0x00A6,0x00A6,0x00A6,
0x00C6,0x00C6,0x00A6,0x00C6,0x00C6,0x00C6,0x00C6,0x00C6,0x00C6,0x00C6,0x00C6,0x00C6,0x00C6,0x00A6,0x00A6,0x00A6,
0x00A6,0x00A6,0x00A6,0x00C6,0x00A6,0x00A6,0x00A6,0x00C6,0x00C6,0x00A6,0x00A6,0x00A6,0x00C6,0x00C6,0x00C6,0x00C6,
0x00C6,0x00C6,0x00C6,0x00A6,0x00A6,0x00A6,0x00A6,0x00A6,0x00C6,0x00C6,0x00C6,0x00A6,0x00A6,0x00C6,0x00C6,0x00C6,
0x00C6,0x00C6,0x00C6,0x00C6,0x00C6,0x00C6,0x00C6,0x00C6,0x00C6,0x00C6,0x00C6,0x00C6,0x00C6,0x00C6,0x00C6,0x00A6,
0x00A6,0x00C6,0x00C6,0x00C6,0x00C6,0x00C6,0x00C6,0x00C6,0x00C6,0x00C6,0x00C6,0x00C6,0x00C6,0x00C6,0x00C6,0x00C6,
0x00C6,0x00C6,0x00C6,0x00C6,0x00C6,0x00C6,0x00C6,0x00C6,0x00C6,0x00C6,0x00C6,0x00C6,0x00C6,0x00A6,0x10C3,0x428C,
0x19CB,0x0021,0x1060,0x2922,0x00A3,0x0041,0x28E1,0x2922,0x0061,0x18C1,0x2101,0x20E1,0x18C1,0x39C4,0x4A87,0x1982,
0x0900,0x2141,0x08C0,0x0901,0x10A1,0x0840,0x20E2,0x942E,0x9C6F,0x940E,0x2103,0x00C6,0x09CC,0x00E6,0x738C,0x31A5,
0x0000,0x0041,0x2945,0x736C,0xA46F,0xACAF,0xB4CF,0xACAF,0x9C4F,0x9C70,0xA4D1,0xA4D1,0x6B0A,0x2144,0x2986,0x1925,
0x0042,0x0062,0x1903,0x0861,0x0000,0x0061,0x08A2,0x1124,0x21C7,0x3A28,0x4269,0x29C6,0x0902,0x0081,0x0081,0x0081,
0x4A69,0x10E3,0x1104,0x1181,0x1160,0x0940,0x00E0,0x0100,0x0100,0x00A0,0x08E1,0x1903,0x3162,0x8220,0x5960,0x08A3,
0x6245,0x79E0,0x5160,0x1988,0x6266,0x79C0,0x4101,0x3901,0x69C0,0x8200,0x6180,0x5120,0x69A0,0x8240,0x7A20,0x28E0,
0x28C0,0x28C0,0x28C0,0x20C0,0x28C0,0x28C0,0x18E3,0x0862,0x20A0,0x28C0,0x20C1,0x0062,0x1060,0x28A0,0x20A0,0x20C0,
0x20C1,0x20A0,0x20C0,0x28C0,0x28C0,0x20A0,0x28C0,0x28E0,0x1904,0x0882,0x20C0,0x20A0,0x10E0,0x21A1,0x18A1,0x424A,
0x324D,0x0084,0x00A5,0x00C6,0x00C6,0x00A6,0x00A6,0x00A6,0x00A6,0x00C6,0x00C6,0x00C6,0x00A6,0x00A6,0x00A6,0x00A6,
0x00C6,0x00C6,0x00A6,0x00C6,0x00C6,0x00C6,0x00C6,0x00C6,0x00C6,0x00C6,0x00C6,0x00C6,0x00C6,0x00A6,0x00A6,0x00A6,
0x00A6,0x00C6,0x00A6,0x00A6,0x00A6,0x00A6,0x00A6,0x00E6,0x00C6,0x00C6,0x00C6,0x00C6,0x00C6,0x00C6,0x00C6,0x00C6,
0x00C6,0x00C6,0x00C6,0x00C6,0x00A6,0x00A6,0x00C6,0x00A6,0x00C6,0x00C6,0x00C6,0x00C6,0x00C6,0x00C6,0x00C6,0x00C6,
0x00C6,0x00C6,0x00C6,0x00C6,0x00C6,0x00C6,0x00C6,0x00C6,0x00C6,0x00C6,0x00C6,0x00C6,0x00C6,0x00C6,0x00C6,0x00C7,
0x00C6,0x00A6,0x00C6,0x00C6,0x00C6,0x00C6,0x00C6,0x00C6,0x00A6,0x00A6,0x00C6,0x00C6,0x00C6,0x00C6,0x00C6,0x00C6,
0x00C6,0x00C6,0x00C6,0x00C6,0x00C6,0x00C6,0x00C6,0x00C6,0x00C6,0x00A6,0x00C6,0x00A6,0x00C6,0x00A6,0x10C3,0x4ACE,
0x220C,0x0042,0x18A0,0x2942,0x0062,0x0021,0x20E1,0x28E1,0x2922,0x3162,0x20E1,0x2902,0x2922,0x4246,0x4A88,0x00A0,
0x0920,0x01C0,0x00A0,0x0040,0x0840,0x08A0,0x31C3,0x944E,0x942E,0x944E,0x2144,0x00C6,0x0108,0x0084,0x6B2B,0x39A5,
0x0000,0x00E6,0x00A7,0x1905,0xA48F,0x5248,0x62A9,0x8BED,0xA46E,0x9C2D,0x942E,0xA4D2,0x6B4D,0x2165,0x2985,0x2104,
0x0000,0x0041,0x10A2,0x0061,0x00A1,0x0904,0x21A6,0x3A49,0x4A89,0x29E6,0x1103,0x0061,0x0040,0x0060,0x0061,0x0081,
0x5ACA,0x10C5,0x1161,0x11A0,0x1160,0x1180,0x0920,0x0100,0x0080,0x00C0,0x08C1,0x4267,0x4A04,0x8220,0x5981,0x0000,
0x5161,0xA2C0,0x6160,0x29C8,0x7AE8,0x71C0,0x38E0,0x10E4,0x61E2,0x71C0,0x5140,0x5961,0x8220,0x8260,0x7A00,0x28E0,
0x28C0,0x28C0,0x20A0,0x20C0,0x28C0,0x28C0,0x1104,0x0083,0x28C0,0x28C0,0x20C0,0x0041,0x1080,0x20C0,0x20A0,0x20A0,
0x20A0,0x20A0,0x20A0,0x28C0,0x20A0,0x1080,0x28C0,0x28C0,0x10E3,0x0881,0x20C0,0x1880,0x08A0,0x1120,0x1060,0x4A8B,
0x324D,0x0084,0x00A5,0x00C6,0x00C6,0x00A6,0x00A6,0x00A6,0x00A6,0x00C6,0x00C6,0x00C6,0x00A6,0x00A6,0x00A6,0x00C6,
0x00C6,0x00A6,0x00A6,0x00C6,0x00A6,0x00C6,0x00C6,0x00C6,0x00C6,0x00C6,0x00A6,0x00A6,0x00A6,0x00C6,0x00C6,0x00A6,
0x00C6,0x00A5,0x00C6,0x00C6,0x00C6,0x00C6,0x00C6,0x00A6,0x00C6,0x00A6,0x00C6,0x00C6,0x00C6,0x00C6,0x00C6,0x00A6,
0x0085,0x00A5,0x00A6,0x08C6,0x00A6,0x00A6,0x00A5,0x00A5,0x00A6,0x00C6,0x00C6,0x00A6,0x00C6,0x00C6,0x00C6,0x00C6,
0x00C6,0x00C6,0x00C6,0x00C6,0x00C6,0x00C6,0x00C6,0x00C6,0x00C6,0x00C6,0x00C6,0x00C6,0x00C6,0x00C6,0x00C6,0x00C6,
0x00C6,0x00C6,0x00C6,0x00C6,0x00C6,0x00C6,0x00C6,0x00C6,0x00A6,0x00A6,0x00C6,0x00C6,0x00C6,0x00C6,0x00C6,0x00A6,
0x00A6,0x00A6,0x00C6,0x00C6,0x00C6,0x00C6,0x00C6,0x00C6,0x00C6,0x00A6,0x00A6,0x00A6,0x00C6,0x00A6,0x18C4,0x5B30,
0x19CB,0x0041,0x18A0,0x2102,0x0861,0x20E2,0x2901,0x2102,0x3963,0x3162,0x2101,0x2901,0x3162,0x4A67,0x52C9,0x21A2,
0x00C0,0x00A0,0x0040,0x0080,0x08E0,0x2182,0x636C,0x840F,0x8C0F,0x944E,0x3186,0x08E7,0x0023,0x0000,0x6B0A,0x39C5,
0x0043,0x098B,0x012A,0x2167,0x9C8F,0x2103,0x0000,0x1061,0x39A5,0x8BEC,0x9C2D,0x944F,0x5B0C,0x2145,0x3185,0x2144,
0x0021,0x0882,0x08C2,0x0903,0x1124,0x3248,0x4AEB,0x2A07,0x0902,0x0080,0x0060,0x0061,0x0060,0x0081,0x08A2,0x1903,
0x5ACB,0x10C3,0x19C0,0x2240,0x0940,0x1120,0x08A0,0x0060,0x08E0,0x00A0,0x0080,0x0941,0x31C0,0x8220,0x69C0,0x61A1,
0x7A00,0x9280,0x5160,0x0000,0x59A1,0x8220,0x40E0,0x4AAB,0x8306,0x79E0,0x3920,0x0021,0x61C1,0x8240,0x7A20,0x30E0,
0x28C0,0x18E3,0x0082,0x20A0,0x20C0,0x28A0,0x0882,0x0041,0x28C0,0x28C0,0x28C0,0x20C1,0x20C0,0x28A0,0x20A0,0x20C0,
0x20C0,0x20A0,0x20C0,0x2101,0x08E5,0x1080,0x28C0,0x28C0,0x1081,0x0840,0x20A0,0x1040,0x1060,0x1140,0x0880,0x5B0D,
0x32AE,0x0084,0x00A5,0x00C6,0x00C6,0x00A6,0x00A6,0x00A6,0x00A6,0x00C6,0x00C6,0x00C6,0x00A6,0x00A6,0x00A6,0x00C6,
0x00A6,0x08E6,0x1946,0x00C6,0x00A6,0x00C6,0x00C6,0x00C6,0x00C6,0x00C6,0x00A6,0x00A6,0x00C6,0x00C6,0x00C6,0x00A6,
0x00C6,0x00C5,0x00C6,0x00C6,0x00C6,0x00C6,0x00C5,0x1926,0x1106,0x00C6,0x00C6,0x00C6,0x00C6,0x00C6,0x00A6,0x0906,
0x2146,0x2166,0x1126,0x00A6,0x00C6,0x2166,0x1947,0x00C6,0x00C6,0x0065,0x0064,0x00C6,0x00C6,0x00C6,0x00C6,0x00C6,
0x00C6,0x00C6,0x00C6,0x00C6,0x00C6,0x00C6,0x00C6,0x00C6,0x00C6,0x00C6,0x00C6,0x00C6,0x00C6,0x00C6,0x00C6,0x00C6,
0x00C6,0x00C6,0x00C6,0x00C6,0x00C6,0x00C6,0x00C6,0x00C6,0x00A6,0x00A6,0x00C6,0x00C6,0x00C6,0x00C6,0x00C6,0x00A6,
0x00A6,0x00A6,0x00C6,0x00C6,0x00C6,0x00A6,0x00C6,0x00C6,0x00C6,0x00A6,0x00C6,0x00C6,0x00C6,0x00A5,0x10A3,0x4ACC,
0x19AA,0x0021,0x1880,0x20E1,0x2102,0x2942,0x18A1,0x18A1,0x2963,0x18C1,0x20E1,0x2921,0x3183,0x5247,0x3982,0x21E0,
0x19A1,0x0841,0x0020,0x2143,0x4226,0x5AAA,0x738F,0x7BD0,0x7BCF,0x8C0F,0x83EF,0x738E,0x31E9,0x08A4,0x736C,0x41E5,
0x0064,0x09AD,0x00C7,0x1905,0x942E,0x2923,0x0021,0x00E7,0x00A6,0x83AD,0xAC8F,0x9C90,0x52AA,0x1903,0x3164,0x2103,
0x08C2,0x1145,0x3228,0x4A6A,0x3A28,0x31E6,0x1123,0x0081,0x1081,0x0060,0x0080,0x00A1,0x08C2,0x1903,0x1924,0x2124,
0x5AAA,0x1141,0x1A20,0x1200,0x19E1,0x08C0,0x08C0,0x0920,0x0060,0x00A0,0x0040,0x00C0,0x2960,0x7A01,0x6160,0x5960,
0x71A0,0x8A20,0x61A0,0x4141,0x69C0,0x8220,0x3900,0x10C4,0x7A63,0x8A20,0x4100,0x21EA,0x72E8,0x8A00,0x7A01,0x3100,
0x28C0,0x10E3,0x0083,0x28A0,0x20C0,0x20C0,0x1061,0x0861,0x28E0,0x28C0,0x28C0,0x28C0,0x20A0,0x20A0,0x2080,0x18C1,
0x1081,0x20A0,0x28C0,0x20E1,0x08C4,0x1081,0x28A0,0x20A0,0x20A0,0x20C1,0x20A0,0x1040,0x18A1,0x1981,0x08A0,0x5B2E,
0x3AAF,0x0084,0x00A5,0x00C7,0x00C6,0x00A6,0x00A6,0x00A6,0x00A6,0x00C6,0x00C6,0x00C6,0x00A6,0x00A6,0x00A6,0x00C6,
0x0065,0x4A49,0xDDD2,0x1927,0x00A6,0x00C6,0x00A6,0x00C6,0x00C6,0x00C7,0x00C6,0x00C6,0x00C6,0x00C6,0x00C6,0x00C6,
0x00E6,0x00C6,0x00C6,0x00C6,0x00C6,0x00E7,0x00A5,0xB4EF,0x736B,0x0045,0x00C6,0x00C6,0x00C6,0x00A6,0x10E6,0x9C2D,
0xDDF2,0xDDF2,0xBD10,0x1946,0x0085,0xB510,0x8C0D,0x0065,0x00A6,0x5ACA,0x5ACB,0x0085,0x00C6,0x00E6,0x00C6,0x00A6,
0x00C6,0x00C6,0x00A6,0x00C6,0x00C6,0x00C6,0x00C6,0x00C6,0x00C6,0x00C6,0x00C6,0x00C6,0x00C6,0x00C6,0x00A6,0x00A6,
0x00A6,0x00C6,0x00C6,0x00C6,0x00C6,0x00C6,0x00C6,0x00A6,0x00A6,0x00A6,0x00A6,0x00C6,0x00C6,0x00C6,0x00A6,0x00C6,
0x00A6,0x00A6,0x00C6,0x00C6,0x00C6,0x00C6,0x00A6,0x00C6,0x00C6,0x00C6,0x00C6,0x00C6,0x00C6,0x00A5,0x10A3,0x530F,
0x21AA,0x0020,0x18A0,0x20C1,0x2902,0x2101,0x10A1,0x18A1,0x1166,0x08C3,0x20C1,0x2101,0x3121,0x41C2,0x2120,0x19A0,
0x21A1,0x0021,0x3185,0x4A68,0x52A9,0x3A46,0x4AA9,0x3A29,0x5B2E,0x5B2E,0x1105,0x29C8,0x4B0B,0x6B6D,0x940E,0x5289,
0x1127,0x014A,0x0023,0x18C3,0x940D,0x2944,0x00C8,0x09CD,0x018D,0x7BEF,0x9C0D,0x942E,0x5268,0x18E3,0x2924,0x08A2,
0x19A6,0x636D,0x73AE,0x4268,0x1103,0x0060,0x0080,0x0081,0x0881,0x0040,0x08C2,0x2144,0x2965,0x1904,0x08A2,0x0882,
0x4AC6,0x0980,0x0920,0x11A0,0x0980,0x1181,0x0900,0x0040,0x0060,0x00A0,0x0020,0x18E2,0x2900,0x7A00,0x69C0,0x79E0,
0x8A40,0x8A40,0x61A0,0x5940,0x5960,0x79E0,0x5161,0x3101,0x7201,0x9240,0x4900,0x2188,0x7AE8,0x8A20,0x7A00,0x28E0,
0x28C0,0x1081,0x0062,0x28A0,0x20C0,0x20C0,0x20C0,0x20C0,0x20C0,0x28C0,0x28E0,0x28C0,0x20A0,0x20A0,0x20A0,0x1904,
0x0083,0x20C0,0x28C0,0x20C0,0x0041,0x1080,0x20A0,0x1880,0x20C0,0x20C0,0x18A1,0x20E2,0x1922,0x0120,0x0880,0x5B0D,
0x3A6D,0x0042,0x00A5,0x00C7,0x00C6,0x00A6,0x00A6,0x00A6,0x00C6,0x00C6,0x00C6,0x00C6,0x00A6,0x00A6,0x00A6,0x00C6,
0x0065,0x4A8A,0xEE32,0x1927,0x00A6,0x00C6,0x00C6,0x00A6,0x00A5,0x0085,0x0085,0x00A6,0x00C6,0x00C6,0x00A6,0x00A6,
0x00A6,0x00A6,0x00C6,0x00C6,0x00A6,0x00A5,0x0065,0xBD50,0x7B8C,0x0065,0x00C6,0x00A6,0x00C6,0x0065,0x4A6A,0xEE12,
0x39E8,0x2167,0xD571,0x83CE,0x0024,0x1104,0x10C4,0x00A6,0x0044,0xACCF,0xBD0F,0x0024,0x00E6,0x00A6,0x0085,0x00E6,
0x00C6,0x0085,0x00C6,0x00C6,0x00A6,0x00C6,0x00C6,0x00C6,0x00C6,0x00A6,0x00C6,0x00A6,0x00A6,0x00A6,0x00A6,0x00A6,
0x00C6,0x00C6,0x00C6,0x00C6,0x00C6,0x00A6,0x00A6,0x00A6,0x00C6,0x00C6,0x00C6,0x00A6,0x00A6,0x00A6,0x00A6,0x00C6,
0x00C6,0x00C6,0x00C6,0x00C6,0x00C6,0x00C6,0x00C6,0x00C6,0x00C6,0x00C6,0x00C6,0x00C6,0x00C6,0x00A5,0x10C3,0x5B50,
0x19AB,0x0020,0x1080,0x18A1,0x1903,0x10C2,0x18A1,0x2101,0x1986,0x08C3,0x2101,0x2922,0x3161,0x2A20,0x2200,0x4285,
0x52A8,0x1081,0x39E7,0x5AEB,0x2964,0x00A0,0x2183,0x3A4B,0x21A9,0x0926,0x1183,0x0A84,0x0204,0x11E7,0x3A29,0x632C,
0x6B6E,0x52CC,0x2126,0x2925,0x9C4F,0x3144,0x00E9,0x098C,0x0109,0x632C,0x8BCB,0x9C2E,0x5A88,0x2124,0x2945,0x00A2,
0x00E3,0x230A,0x19E6,0x00A1,0x0081,0x00A1,0x00A1,0x0060,0x0881,0x1903,0x2965,0x2945,0x10C3,0x0041,0x0041,0x10E4,
0x1A02,0x09C1,0x00E0,0x08E0,0x08A0,0x10E0,0x0080,0x00A0,0x00A0,0x0020,0x0040,0x1120,0x3160,0x8A40,0x5180,0x1860,
0x69E1,0x8A20,0x69A0,0x6160,0x69A0,0x8200,0x69A0,0x7201,0x7A00,0x8A20,0x4120,0x0001,0x6223,0x9A80,0x7A20,0x28E0,
0x28C0,0x1081,0x1081,0x28C0,0x28A0,0x28C0,0x20A0,0x2080,0x20C0,0x28C0,0x28E0,0x18C2,0x0840,0x18A0,0x28C0,0x18C2,
0x0042,0x20C0,0x20C0,0x1880,0x1881,0x28C0,0x28E0,0x28C0,0x2902,0x2102,0x18E2,0x18E2,0x1902,0x00E0,0x0880,0x52CC,
0x324D,0x0063,0x00A5,0x00C6,0x00A6,0x00A6,0x00A6,0x00A6,0x00A6,0x00C6,0x00C6,0x00C6,0x00A6,0x00A6,0x00A6,0x00C6,
0x0065,0x4A69,0xE612,0x1126,0x00A6,0x00C6,0x00C6,0x00A6,0x734C,0xC530,0xBD10,0x83CD,0x00E7,0x00C6,0x83CC,0xBD30,
0xB4CF,0x29C7,0x00A6,0x00A5,0x6B2C,0xC550,0x5A89,0xB50F,0x838C,0x0045,0x00C6,0x00A6,0x00C6,0x0065,0x4A49,0xDDF2,
0x0907,0x0085,0x29E8,0x1926,0x5269,0xBD2F,0x5AA9,0x0024,0x5269,0xE632,0xD5B1,0xBD30,0x39C8,0x4A68,0x940D,0x0045,
0x5ACB,0x942E,0x00A5,0x00C6,0x00C6,0x00C6,0x00C6,0x00A6,0x00A6,0x00A6,0x00C6,0x00A6,0x00A6,0x00A6,0x00A6,0x00A6,
0x00A6,0x00C6,0x00C6,0x00C6,0x00C6,0x00A6,0x00C6,0x00A6,0x00C6,0x00C6,0x00C6,0x00A6,0x00A6,0x00C6,0x00C6,0x00C6,
0x00C6,0x00C6,0x00C6,0x00C6,0x00C6,0x00C6,0x00C6,0x00C6,0x00C6,0x00C6,0x00C6,0x00A6,0x00C6,0x00A5,0x10C3,0x4ACE,
0x21AB,0x0000,0x0860,0x18A1,0x1987,0x1987,0x18C0,0x2943,0x1987,0x08A2,0x2942,0x3142,0x3162,0x3A84,0x52C8,0x734C,
0x5AA9,0x20E2,0x1903,0x1903,0x0000,0x0880,0x31C4,0x7C10,0x638F,0x08E3,0x19E4,0x22C7,0x22E5,0x19E3,0x0963,0x0B08,
0x1207,0x3A08,0x5AEB,0x7B8C,0xA490,0x49E7,0x0908,0x0086,0x0002,0x62EA,0x93ED,0x9C6F,0x5AC9,0x2965,0x2145,0x08A2,
0x0102,0x01C4,0x00A1,0x0081,0x0060,0x00A1,0x0903,0x1944,0x2145,0x2124,0x10C2,0x0041,0x0041,0x0021,0x0882,0x2145,
0x2A08,0x0040,0x00C0,0x0920,0x0880,0x0020,0x00A0,0x0060,0x0060,0x0040,0x0040,0x1960,0x4200,0x8240,0x4940,0x00A4,
0x6266,0x8200,0x5961,0x5181,0x7A20,0x8200,0x79E0,0x69A0,0x6180,0x8A20,0x7A01,0x61E2,0x8241,0x9280,0x8220,0x30E0,
0x28C0,0x28C0,0x28C0,0x20A0,0x20A0,0x20C0,0x28C0,0x20A0,0x18A0,0x20C0,0x20E1,0x08E5,0x0840,0x20A0,0x20C0,0x1081,
0x0021,0x20A0,0x20C1,0x18C1,0x18A0,0x28E0,0x3141,0x2943,0x2943,0x10C2,0x0861,0x2923,0x1902,0x0060,0x0860,0x52ED,
0x328E,0x00A4,0x00A5,0x00C6,0x00A6,0x00A6,0x00A6,0x00A6,0x00A6,0x00C6,0x00C6,0x00C6,0x00C6,0x00C6,0x00A6,0x00C6,
0x0085,0x4269,0xE611,0x1126,0x00A6,0x08C6,0x0065,0x4249,0xE613,0x630B,0x5AA9,0xE5F2,0x5289,0x1968,0xA4AF,0x39C6,
0x93EC,0xCD71,0x00C6,0x29E8,0xDE12,0x62E9,0x730A,0xE632,0x736B,0x0045,0x00C6,0x00A6,0x00C6,0x0065,0x428B,0xE612,
0x1906,0x00A6,0x00C6,0x00A5,0x2167,0xDDF1,0x942E,0x0045,0x2166,0xBD2F,0xC50F,0x62CB,0x1105,0x734B,0xCD50,0x0004,
0x7B8C,0xD5B1,0x00A6,0x00C6,0x00C6,0x00C6,0x00C6,0x00A6,0x00A6,0x00A6,0x00A6,0x00A6,0x00A6,0x00A6,0x00A6,0x00A6,
0x00C6,0x00C6,0x00C6,0x00C6,0x00C6,0x00C6,0x00C6,0x00A6,0x00C6,0x00C6,0x00C6,0x00C6,0x00C6,0x00C6,0x00C6,0x00C6,
0x00C6,0x00C6,0x00C6,0x00C6,0x00C6,0x00C6,0x00C6,0x00C6,0x00C6,0x00C6,0x00C6,0x00A6,0x00C6,0x0085,0x10C3,0x428C,
0x1989,0x0000,0x0860,0x20E1,0x1126,0x08A3,0x18A0,0x2943,0x08E5,0x0040,0x2922,0x2922,0x2922,0x62C9,0x62CA,0x3A44,
0x2181,0x18E2,0x08A0,0x1962,0x31C5,0x29A3,0x4245,0x8411,0x6B8E,0x08A2,0x0820,0x0905,0x09C7,0x1A25,0x2A65,0x22C6,
0x0922,0x0184,0x0B8B,0x2B2B,0x5B6C,0x738D,0x5B2C,0x31E9,0x10C4,0x6B2B,0x9C4E,0xA48F,0x62EA,0x2965,0x2124,0x08A2,
0x00E2,0x01E5,0x00A1,0x0060,0x08A2,0x2124,0x2986,0x2985,0x1904,0x1082,0x0020,0x0020,0x0882,0x0062,0x10C4,0x2145,
0x2209,0x08C3,0x0000,0x00A0,0x0060,0x0020,0x0060,0x0020,0x0020,0x0040,0x08E0,0x29A0,0x39C0,0x8240,0x4920,0x08C5,
0x72A8,0x79E0,0x4960,0x0083,0x6202,0x8200,0x61A1,0x7A21,0x69A1,0x71E0,0x6180,0x69A0,0x7A20,0x8A60,0x7A20,0x30E0,
0x28C0,0x20A0,0x20A0,0x20A0,0x20A0,0x20A0,0x18C1,0x0861,0x1880,0x20C0,0x20C1,0x0083,0x1060,0x28A0,0x2080,0x1060,
0x1081,0x2902,0x2943,0x2923,0x2922,0x2963,0x2123,0x2103,0x1082,0x0000,0x10A1,0x2964,0x2143,0x0080,0x0840,0x52AC,
0x326D,0x00A4,0x00A5,0x00C6,0x00A6,0x00A6,0x00A6,0x00A6,0x00A6,0x00C6,0x00C6,0x00C6,0x00C6,0x00C6,0x00C6,0x00C6,
0x0085,0x4A6A,0xE611,0x1926,0x00C6,0x08E6,0x0065,0x4A48,0xD5D1,0x00C6,0x0065,0xCD71,0x5ACA,0x0064,0x52CA,0x630B,
0xA46D,0xDDD1,0x0107,0x31E9,0xD5B2,0x08E6,0x0044,0xCD30,0x7BAC,0x0065,0x00C6,0x00A6,0x00C6,0x0065,0x426A,0xDDF2,
0x1905,0x00C5,0x0085,0x00C7,0x0065,0xACD0,0x942E,0x00A6,0x0044,0x940D,0xAC8D,0x0003,0x0064,0x7B4C,0xE5F1,0x1968,
0xA48E,0xCD90,0x00A5,0x00C6,0x00C6,0x00A6,0x00A6,0x00A6,0x00A6,0x00A6,0x00A6,0x00A6,0x00A6,0x00C6,0x00C6,0x00C6,
0x00C6,0x00C6,0x00C6,0x00C6,0x00C6,0x00C6,0x00C6,0x00C6,0x00A6,0x00A6,0x00A6,0x00A6,0x00A6,0x00A6,0x00A6,0x00A6,
0x00A6,0x00A5,0x00C6,0x00C6,0x00C6,0x00C6,0x00C6,0x00C6,0x00C6,0x00C6,0x00C6,0x00C6,0x00C6,0x00A5,0x10A3,0x4AAC,
0x21CA,0x0041,0x1060,0x2102,0x00A3,0x0021,0x18A0,0x2922,0x18C2,0x2122,0x2922,0x2101,0x2922,0x5AC9,0x5AA9,0x29E3,
0x1101,0x18E1,0x31C5,0x5AC9,0x632A,0x52A8,0x52A8,0x6B8F,0x6B6E,0x10C3,0x0880,0x10E1,0x00A4,0x0021,0x0042,0x08C2,
0x1962,0x22E5,0x23A7,0x0AC7,0x0B28,0x1A87,0x1923,0x5289,0x5AEB,0x8C0E,0x9C4F,0x9C6F,0x62C9,0x2964,0x2124,0x08C3,
0x1124,0x1246,0x1123,0x2103,0x2144,0x2145,0x1904,0x0862,0x0021,0x0882,0x0841,0x0861,0x0882,0x0062,0x1104,0x1904,
0x0923,0x0922,0x08A0,0x0880,0x0880,0x0040,0x0020,0x0000,0x0880,0x1160,0x2201,0x2A61,0x41E0,0x8A61,0x5160,0x0000,
0x4141,0x9280,0x5960,0x29EA,0x7B08,0x71C0,0x20A0,0x0821,0x59A0,0x71C0,0x69A0,0x71C0,0x8220,0x9280,0x8240,0x30E0,
0x28C0,0x28C0,0x20A0,0x20A0,0x20C0,0x20A0,0x10E4,0x0083,0x20C0,0x20C0,0x20C0,0x0061,0x1060,0x1880,0x28E0,0x28E1,
0x2123,0x2942,0x3163,0x2923,0x2102,0x10A2,0x0840,0x20E2,0x0882,0x0000,0x18E2,0x2964,0x2143,0x0060,0x0860,0x4A69,
0x324C,0x0084,0x00A5,0x00C6,0x00C6,0x00A6,0x00C6,0x00A6,0x00A6,0x00C6,0x00C6,0x00C6,0x00C6,0x00C6,0x00C6,0x00C6,
0x0085,0x4A6A,0xE612,0x10E6,0x0065,0x00A5,0x0065,0x4A69,0xD5B1,0x08E6,0x00C5,0xD5D2,0x5289,0x31C7,0xDDF2,0x5A89,
0x9C2D,0xD5D2,0x00E6,0x31A7,0xCD71,0x1147,0x0065,0xC50F,0x838C,0x0065,0x00C6,0x00A6,0x00C6,0x0065,0x4228,0xDDB1,
0x0906,0x0064,0x528A,0x3A09,0x0066,0xB510,0x8BED,0x0045,0x0065,0x9C4D,0xA48E,0x0045,0x00E7,0x1967,0xCD91,0x5B2B,
0xC550,0x5ACA,0x00A6,0x00C6,0x00C6,0x00C6,0x00C6,0x00A6,0x00A6,0x00A6,0x00A6,0x00A6,0x00A6,0x00C6,0x00C6,0x00C6,
0x00C6,0x00A6,0x00C6,0x00C6,0x00C6,0x00C6,0x00C6,0x00C6,0x00A6,0x00A6,0x00A6,0x00A6,0x00A6,0x00A6,0x00A6,0x00A6,
0x00A6,0x00A5,0x00C6,0x00C6,0x00C6,0x00C6,0x00C6,0x00C6,0x00C6,0x00C6,0x00C6,0x00C6,0x00C6,0x00A5,0x18C3,0x4ACD,
0x21EB,0x0042,0x1080,0x2922,0x0062,0x0000,0x1080,0x2922,0x3142,0x3162,0x2921,0x2941,0x3983,0x736B,0x6B0B,0x5289,
0x5289,0x4226,0x4226,0x5ACA,0x6B4C,0x634B,0x52C9,0x6B8E,0x738E,0x2164,0x0920,0x0060,0x00A3,0x10E4,0x0062,0x0001,
0x0021,0x00A3,0x1123,0x2204,0x1A45,0x00C1,0x00A0,0x1124,0x18E4,0x734C,0x8C2F,0x8C0F,0x5A89,0x2123,0x2144,0x10E4,
0x3A29,0x8430,0x4227,0x2104,0x10A2,0x0861,0x0082,0x0062,0x0041,0x0882,0x0021,0x0882,0x0882,0x0062,0x10E3,0x0082,
0x1940,0x10E0,0x08C0,0x1140,0x19A0,0x1080,0x08A0,0x1100,0x1980,0x1160,0x1180,0x2200,0x3A00,0x8A40,0x61C1,0x4141,
0x69E1,0x9AA0,0x5980,0x0083,0x6A44,0x71C0,0x2880,0x1988,0x7284,0x81E0,0x5160,0x3101,0x7A00,0x8240,0x8240,0x30E0,
0x28C0,0x18C1,0x0861,0x18A0,0x20A0,0x20A0,0x08A2,0x0862,0x28E0,0x20C0,0x20A0,0x1880,0x28E1,0x49E4,0x41A4,0x2923,
0x2102,0x2923,0x2103,0x1902,0x0861,0x0000,0x0020,0x2102,0x1082,0x0000,0x18E2,0x2944,0x18E2,0x0060,0x10A1,0x5ACC,
0x326D,0x0083,0x00A5,0x00C6,0x00C6,0x00A6,0x00C6,0x00A6,0x00A6,0x00C6,0x00C6,0x00C6,0x00C6,0x00C6,0x00C6,0x00C6,
0x0085,0x4A69,0xEE52,0x3A08,0x2987,0x31A7,0x10C6,0x4269,0xE612,0x31A6,0x29A7,0xEE34,0x52AA,0x4A6A,0xDDB0,0x0883,
0x8BED,0xE5F2,0x00A4,0x31A7,0xDDB1,0x39E7,0x5AEA,0xEE53,0x7B6C,0x0065,0x00C6,0x00A6,0x00C6,0x0064,0x4229,0xE5F1,
0x3A07,0x2967,0xDDD1,0x7B8D,0x0885,0xC570,0xA44D,0x08A4,0x0043,0x9C6E,0xC52F,0x2167,0x1127,0x0065,0x942E,0xD5B1,
0xCD90,0x08E6,0x00A6,0x00C6,0x00A6,0x00C6,0x00A6,0x00A6,0x00A6,0x00A6,0x00A6,0x00C6,0x00C6,0x00C6,0x00C6,0x00C6,
0x00C6,0x00A6,0x00C6,0x00C6,0x00C6,0x00C6,0x00C6,0x00C6,0x00A6,0x00A6,0x00A6,0x00A6,0x00A6,0x00A6,0x00A6,0x00A6,
0x00A6,0x00C6,0x00A6,0x00C6,0x00C6,0x00C6,0x00C6,0x00A6,0x00C6,0x00C6,0x00C6,0x00C6,0x00C6,0x00A5,0x10C3,0x42AC,
0x19C9,0x0021,0x1880,0x2922,0x0861,0x18C2,0x20E1,0x2902,0x2922,0x2121,0x2921,0x3162,0x2942,0x5246,0x734B,0x52A9,
0x52AA,0x4226,0x3A26,0x62EA,0x5AC9,0x3243,0x1161,0x636E,0x73F0,0x2A63,0x0140,0x0040,0x0021,0x3A08,0x31C6,0x08C3,
0x0020,0x0001,0x0000,0x0021,0x0061,0x0040,0x0941,0x00A0,0x0020,0x31C7,0x5B0C,0x7BCF,0x4A49,0x10A2,0x10E4,0x08C4,
0x29C7,0x7BAE,0x29A6,0x0061,0x0020,0x0841,0x10E3,0x0081,0x0041,0x0862,0x0041,0x08A2,0x0883,0x0042,0x0882,0x0061,
0x19A1,0x1140,0x1120,0x19C0,0x19C0,0x20E0,0x10E1,0x0100,0x08C0,0x08A0,0x00E0,0x00A0,0x31C2,0x82A3,0x5960,0x6160,
0x79E0,0x8A60,0x61E1,0x18A0,0x5180,0x7A00,0x38A0,0x21C8,0x82C5,0x8A20,0x4920,0x00E6,0x5A25,0x8200,0x7A00,0x30E0,
0x20C0,0x10C3,0x0062,0x20A0,0x20C0,0x20C0,0x0862,0x0861,0x28E0,0x20A0,0x20A0,0x1880,0x20E1,0x5A65,0x2943,0x2123,
0x18A2,0x0840,0x0820,0x2102,0x0882,0x0021,0x1080,0x2942,0x10A2,0x0020,0x18C1,0x2102,0x0881,0x0060,0x10A1,0x632E,
0x3AAF,0x00A4,0x00A5,0x00C6,0x00A6,0x00C6,0x00A6,0x00C6,0x00A6,0x00C6,0x00C6,0x00C6,0x00A6,0x00C6,0x00A6,0x00C6,
0x0085,0x3A28,0xDDF1,0xCDB1,0xCD91,0xDDD2,0x62EA,0x0884,0x9C4E,0xD5B1,0xCD90,0xA4AF,0x1127,0x1106,0xA44D,0xC570,
0x736C,0xBD10,0x734A,0x0885,0x940D,0xDE12,0x734B,0xB4F0,0x738C,0x0045,0x00C6,0x00A6,0x00A5,0x00C5,0x08C5,0x8BCC,
0xDDF3,0xD5D1,0xACCF,0x10C5,0x630B,0xDDD1,0xD5B1,0x5269,0x0044,0x31C8,0xCDB1,0xCDD2,0x2987,0x0065,0x2986,0xEE51,
0x8C0D,0x08C6,0x00C6,0x00C6,0x00A6,0x00A6,0x00A6,0x00A6,0x00A6,0x00A6,0x00A6,0x00A6,0x00C6,0x00A6,0x00A6,0x00A6,
0x00A6,0x00A6,0x00C6,0x00C6,0x00C6,0x00C6,0x00C6,0x00A6,0x00A6,0x00A6,0x00A6,0x00A6,0x00A6,0x00C6,0x00A6,0x00A6,
0x00A6,0x00A6,0x00C6,0x00C6,0x00C6,0x00C6,0x00C6,0x00C6,0x00C6,0x00A6,0x00C6,0x00C6,0x00C6,0x0085,0x10C3,0x5B4F,
0x19CA,0x0000,0x1880,0x20C1,0x18C1,0x2902,0x2921,0x2101,0x10A1,0x0840,0x2901,0x3142,0x2942,0x18C1,0x18E2,0x2103,
0x5268,0x8C0E,0x6B4B,0x5289,0x5289,0x4AA8,0x19A4,0x11A6,0x1A27,0x0140,0x0120,0x0020,0x0000,0x3A45,0x32A4,0x0942,
0x0062,0x0021,0x0021,0x0000,0x21E3,0x11A1,0x0140,0x00C1,0x0880,0x08A3,0x1966,0x322A,0x2166,0x0061,0x08C3,0x10E4,
0x2186,0x2965,0x08A2,0x08A3,0x0082,0x0882,0x10C2,0x0020,0x0041,0x0861,0x0861,0x08C1,0x00A1,0x0060,0x10A2,0x18C2,
0x2240,0x2A80,0x2240,0x19C0,0x0920,0x18C0,0x0060,0x00C0,0x0080,0x00A0,0x0900,0x00A0,0x3183,0x9388,0x8B05,0x82A4,
0x7A42,0x8220,0x69A0,0x5981,0x5980,0x7A00,0x4120,0x1061,0x7A42,0x9280,0x4900,0x322B,0x7B28,0x79C0,0x71E0,0x30E0,
0x28C0,0x1081,0x0841,0x28C0,0x20C0,0x20C0,0x18A0,0x20E1,0x20C0,0x20A0,0x20A0,0x18C0,0x10A1,0x3142,0x18A1,0x0840,
0x0000,0x0000,0x1060,0x2923,0x08A2,0x0021,0x18A1,0x3163,0x18E3,0x18E3,0x18C2,0x10C2,0x18E3,0x1104,0x10A2,0x5B0E,
0x3AAF,0x00A4,0x0085,0x00C6,0x00A6,0x00A6,0x00A6,0x00A6,0x00A6,0x00C6,0x00C6,0x00C6,0x00A6,0x00A6,0x00A6,0x00C6,
0x00C6,0x08C6,0x1106,0x1126,0x1126,0x1106,0x08C5,0x00A5,0x08C5,0x1926,0x1125,0x00E5,0x00A5,0x00A5,0x08C5,0x1926,
0x00A6,0x1106,0x1906,0x0085,0x08E6,0x1926,0x0086,0x1126,0x0906,0x00A6,0x00A6,0x00A6,0x00A5,0x00A5,0x00A6,0x00E6,
0x1926,0x1926,0x0906,0x00A6,0x08E5,0x1105,0x1105,0x08C5,0x00C6,0x00A6,0x1106,0x1905,0x00C6,0x00C6,0x2166,0xEE32,
0x5ACA,0x0065,0x00C6,0x00A6,0x00A6,0x00A6,0x00A6,0x00A6,0x00A6,0x00A6,0x00C6,0x00C6,0x00A6,0x00A6,0x00A6,0x00A6,
0x00A6,0x00A6,0x00C6,0x00C6,0x00A6,0x00A6,0x00C6,0x00C6,0x00A6,0x00A6,0x00A6,0x00A6,0x00A6,0x00A6,0x00A6,0x00A6,
0x00A6,0x00C6,0x00C6,0x00C6,0x00C6,0x00C6,0x00C6,0x00C6,0x00A6,0x00A6,0x00A6,0x00C6,0x00C6,0x00A6,0x10A3,0x4AAD,
0x19CA,0x0040,0x1060,0x1081,0x2922,0x2922,0x2922,0x2922,0x0021,0x0020,0x20C1,0x3142,0x3163,0x2943,0x2102,0x0861,
0x1060,0x39A5,0x5268,0x6B4C,0x6B4C,0x6B4C,0x5ACA,0x3A67,0x1182,0x08A1,0x10C1,0x0901,0x0040,0x11E0,0x0A20,0x00E0,
0x0083,0x0001,0x0021,0x0020,0x31E2,0x0920,0x00A0,0x1161,0x0940,0x1945,0x5B0C,0x5B0C,0x1125,0x08A3,0x1104,0x0882,
0x2985,0x62EB,0x2985,0x10E4,0x0062,0x0861,0x10C3,0x0041,0x0041,0x0061,0x0061,0x00C0,0x1102,0x1923,0x0861,0x2124,
0x19A1,0x11C0,0x1A20,0x1160,0x08C0,0x1101,0x0900,0x0920,0x08E0,0x00C0,0x08C0,0x08E0,0x2982,0x8B88,0x8327,0x8B88,
0x93A7,0x8B06,0x61E3,0x4120,0x4100,0x71C0,0x8241,0x8282,0x8A61,0x8220,0x38E0,0x0023,0x5A03,0x8200,0x69C0,0x20C0,
0x28A0,0x0881,0x0861,0x28C0,0x20C0,0x20C0,0x20E0,0x20A0,0x20A0,0x20C1,0x20E2,0x2102,0x1081,0x20E0,0x1060,0x0000,
0x0000,0x0820,0x20C0,0x3164,0x08A2,0x0041,0x10A1,0x3163,0x2123,0x10C1,0x10C1,0x1943,0x2165,0x2986,0x10A2,0x4A8B,
0x328E,0x00A4,0x0085,0x00C6,0x00C6,0x00A6,0x00A6,0x00A6,0x00A6,0x00C6,0x00C6,0x00C6,0x00C6,0x00C6,0x00C6,0x00C6,
0x00C6,0x00A6,0x00A6,0x00A6,0x00A6,0x00A6,0x00A6,0x00C6,0x00A6,0x00A5,0x00A5,0x00A5,0x00A6,0x00C6,0x00C6,0x00A5,
0x00C6,0x00A6,0x00A6,0x00C6,0x00C6,0x0086,0x00C6,0x00C6,0x00A6,0x00A6,0x00C6,0x00C6,0x00C6,0x00A5,0x00A5,0x00A5,
0x00A5,0x00A5,0x00C6,0x00C6,0x0086,0x0085,0x0085,0x00A5,0x00A5,0x00C6,0x00A5,0x00A5,0x0085,0x4249,0xE612,0xDDF2,
0x2167,0x00A6,0x00C6,0x00C6,0x00A6,0x00A6,0x00A6,0x00A6,0x00A6,0x00C6,0x00A6,0x00C6,0x00A6,0x00A6,0x00A6,0x00A6,
0x00A6,0x00A6,0x00A6,0x00C6,0x00A6,0x00A6,0x00A6,0x00A6,0x00A6,0x00A6,0x00A6,0x00A6,0x00C6,0x00A6,0x00A6,0x00A6,
0x00C6,0x00C6,0x00C6,0x00C6,0x00C6,0x00C6,0x00C6,0x00C6,0x00A6,0x00A6,0x00A6,0x00C6,0x00C6,0x00A6,0x10A3,0x4AAC,
0x198A,0x0020,0x1080,0x18C0,0x18C2,0x0040,0x20E1,0x2943,0x0041,0x0020,0x20C1,0x3142,0x2922,0x20E2,0x18E2,0x10A1,
0x10C1,0x18E2,0x10A1,0x18C2,0x41E6,0x7B8C,0x83CD,0x62EA,0x4AA7,0x0860,0x0840,0x1962,0x1983,0x21C1,0x0120,0x0060,
0x0061,0x0001,0x0063,0x0082,0x3963,0x1840,0x1120,0x1A01,0x0100,0x1103,0x7B8C,0x9C90,0x4A27,0x10C3,0x10E3,0x0061,
0x2144,0x942E,0x4228,0x08C3,0x0042,0x0081,0x08A2,0x0041,0x08A2,0x08A2,0x08C3,0x1923,0x2103,0x2166,0x2986,0x4A69,
0x528A,0x31E5,0x19A2,0x1100,0x08C0,0x19C0,0x1A00,0x0980,0x08E0,0x2183,0x3A27,0x3A46,0x4A44,0xA3E9,0x6286,0x20E2,
0x5A45,0x7307,0x8307,0x8305,0x82E4,0x8AE3,0x8221,0x6960,0x71C0,0x7A20,0x5980,0x28C1,0x6A22,0x8A40,0x69C0,0x18A0,
0x20A0,0x20C0,0x20C1,0x28A0,0x28C0,0x20A0,0x1880,0x1881,0x20E2,0x2923,0x2123,0x2102,0x0861,0x3121,0x1060,0x0000,
0x0020,0x0820,0x28E1,0x3184,0x1903,0x10C2,0x0840,0x1902,0x2164,0x1122,0x1963,0x29E5,0x31A5,0x4A69,0x2124,0x39E9,
0x324D,0x0083,0x00A5,0x00C6,0x00C6,0x00C6,0x00C6,0x00C6,0x00A6,0x00C6,0x00A6,0x00A6,0x00C6,0x00C6,0x00C6,0x00A6,
0x00C6,0x00C6,0x00A6,0x00C6,0x00C6,0x00C6,0x00C6,0x00A6,0x00C6,0x00C6,0x00C6,0x00C5,0x00C6,0x00A6,0x00C6,0x00C6,
0x00C6,0x00C6,0x00C6,0x00A6,0x00C6,0x00C6,0x00C6,0x00A6,0x00A6,0x00C6,0x00C6,0x00C6,0x00C6,0x00A5,0x00A6,0x00A6,
0x00C6,0x00A6,0x00C6,0x00C6,0x00C6,0x00A5,0x00A5,0x00A6,0x00C6,0x00C5,0x00C6,0x00C6,0x00A5,0x1947,0x4A69,0x3A08,
0x00A5,0x00A6,0x00C6,0x00C6,0x00A6,0x00A6,0x00A6,0x00A6,0x00A6,0x00C6,0x00C6,0x00C6,0x00A6,0x00A6,0x00A6,0x00A6,
0x00A6,0x00A6,0x00A6,0x00C6,0x00A6,0x00C6,0x00A6,0x00A6,0x00C6,0x00C6,0x00A6,0x00A6,0x00A6,0x00A6,0x00A6,0x00A6,
0x00C6,0x00C6,0x00C6,0x00C6,0x00C6,0x00C6,0x00C6,0x00C6,0x00C6,0x00A6,0x00C6,0x00C6,0x00C6,0x0085,0x18E4,0x5B4F,
0x1169,0x0000,0x1880,0x2101,0x0083,0x0061,0x18C1,0x2102,0x0061,0x0860,0x2922,0x3142,0x20E1,0x0860,0x0080,0x0900,
0x08E0,0x10C1,0x18E3,0x18C2,0x10A1,0x20E2,0x41E5,0x5288,0x7BCD,0x4A48,0x2944,0x3A28,0x4AA8,0x2181,0x0080,0x0041,
0x08A1,0x1081,0x18E3,0x08A3,0x21A3,0x19E1,0x1A40,0x1200,0x00E0,0x00C1,0x6B2A,0xA4B0,0x4A47,0x10C3,0x10C3,0x0062,
0x2123,0x940D,0x3A27,0x10E4,0x0041,0x0081,0x0081,0x08C2,0x1104,0x10E3,0x1924,0x2944,0x2963,0x4A69,0x5AEB,0x630B,
0x62EB,0x5ACA,0x4A48,0x31C6,0x2162,0x21E1,0x21E1,0x42A5,0x52A9,0x62EB,0x5ACA,0x5AE9,0x72E5,0xA3E7,0x6265,0x0020,
0x0000,0x20E2,0x6265,0x6264,0x9BE8,0xAC49,0x9BA6,0x8B04,0x7A62,0x71E0,0x69A0,0x5980,0x69E0,0x8240,0x71E0,0x20A0,
0x20A0,0x20A0,0x1880,0x20A0,0x3901,0x3121,0x20E2,0x10C3,0x18E3,0x10C2,0x0861,0x2103,0x10A1,0x4181,0x1080,0x0020,
0x0021,0x0840,0x20C1,0x2943,0x1903,0x10E2,0x10A0,0x10E1,0x2164,0x31C6,0x3A27,0x5B0B,0x6B8C,0x52A9,0x18C2,0x4229,
0x324C,0x0083,0x00A5,0x00C6,0x00C6,0x00C6,0x00C6,0x00C6,0x00C6,0x00A6,0x00A6,0x00A6,0x00A6,0x00A6,0x00A6,0x00A6,
0x00A6,0x00A6,0x00C6,0x00A6,0x00A6,0x00C6,0x00A6,0x00A6,0x00C6,0x00A6,0x00A6,0x00A6,0x00A6,0x00C6,0x00A6,0x00A6,
0x00A6,0x00A6,0x00A6,0x00A6,0x00C6,0x00C6,0x00C6,0x00A6,0x00A6,0x00A6,0x00A6,0x00C6,0x00C6,0x00A6,0x00A6,0x00A6,
0x00A6,0x00A6,0x00A6,0x00A6,0x00C5,0x00A5,0x00A5,0x00A5,0x00C6,0x00A5,0x00A6,0x00A6,0x00C6,0x00A6,0x0065,0x0065,
0x00A6,0x00A6,0x00A6,0x00A6,0x00A6,0x00C6,0x00A6,0x00C6,0x00C6,0x00A6,0x00A6,0x00C6,0x00A6,0x00A6,0x00A6,0x00A6,
0x00A6,0x00A6,0x00A6,0x00C6,0x00A6,0x00C6,0x00C6,0x00A6,0x00C6,0x00C6,0x00C6,0x00A6,0x00C6,0x00C6,0x00C6,0x00C6,
0x00C6,0x00C6,0x00C6,0x00C6,0x00C6,0x00C6,0x00C6,0x00C6,0x00C6,0x00C6,0x00A6,0x00C6,0x00C6,0x00A6,0x10A3,0x4AED,
0x1989,0x0001,0x0860,0x2922,0x08E4,0x0041,0x1880,0x2102,0x0062,0x0840,0x3143,0x3142,0x2102,0x0860,0x00A0,0x00E0,
0x00C0,0x00C0,0x08C2,0x10C3,0x10E3,0x10C3,0x1082,0x10A1,0x3164,0x5A88,0x7BAC,0x7BAD,0x5AE9,0x2142,0x1922,0x1903,
0x39E6,0x4A47,0x5246,0x2922,0x1181,0x0140,0x0960,0x1160,0x0080,0x00C2,0x630A,0xA48F,0x4A47,0x10A2,0x10C4,0x0083,
0x1945,0x83EE,0x3A07,0x08C3,0x0062,0x0040,0x08A1,0x08C1,0x1945,0x3207,0x2184,0x2184,0x5AC9,0x6B2B,0x5269,0x2103,
0x7B8C,0x6B2B,0x630B,0x632B,0x5ACA,0x3205,0x1121,0x3A65,0x632B,0x6B4C,0x6B2A,0x6329,0x6243,0x9BC8,0x6A85,0x3122,
0x2921,0x3122,0x93C8,0x2902,0x20E2,0x5A45,0x72C6,0x9388,0xA3E7,0x8B06,0x7263,0x59A1,0x4900,0x61A0,0x7A00,0x3900,
0x20A0,0x1060,0x18C1,0x2902,0x3163,0x2122,0x18E3,0x2144,0x0881,0x0041,0x0861,0x2123,0x18A0,0x4161,0x1060,0x0000,
0x0021,0x0841,0x1880,0x10C1,0x1103,0x21A5,0x2182,0x1922,0x39E6,0x632C,0x83CE,0x6B2B,0x39C6,0x18C2,0x0860,0x4AAB,
0x2A6D,0x0084,0x00A5,0x00C6,0x00C6,0x00C6,0x00C6,0x00C6,0x00A6,0x00A6,0x00A6,0x00A6,0x00A6,0x00A6,0x00A6,0x00A6,
0x00A6,0x00A6,0x00A6,0x00A6,0x00A6,0x00C6,0x00A6,0x00A6,0x00A6,0x00A6,0x00A6,0x00A6,0x00A6,0x00A6,0x00A6,0x00C6,
0x00C6,0x00A6,0x00A6,0x00C6,0x00C6,0x00C6,0x00C6,0x00A6,0x00A6,0x00A6,0x00A6,0x00A6,0x00A5,0x00A6,0x00A6,0x00A6,
0x00A6,0x00A6,0x00A6,0x00A6,0x00A5,0x00C6,0x00C6,0x00A5,0x00A5,0x00A5,0x00A6,0x00A6,0x00A6,0x00C6,0x00C6,0x00C6,
0x00A6,0x00A6,0x00A6,0x00A6,0x00A6,0x00A6,0x00C6,0x00C6,0x00C6,0x00C6,0x00A6,0x00A6,0x00A6,0x00A6,0x00A6,0x00A6,
0x00A6,0x00A6,0x00A6,0x00A6,0x00C6,0x00A6,0x00C6,0x00C6,0x00C6,0x00C6,0x00C6,0x00C6,0x00C6,0x00C6,0x00C6,0x00C6,
0x00C6,0x00C6,0x00C6,0x00C6,0x00C6,0x00C6,0x00C6,0x00C6,0x00C6,0x00C6,0x00C6,0x00C6,0x00C6,0x00A5,0x10A3,0x428B,
0x19A9,0x0001,0x1080,0x3142,0x00A3,0x0021,0x18A1,0x18E1,0x0881,0x2102,0x2922,0x2943,0x2122,0x08A0,0x00A0,0x00C0,
0x00A0,0x00C0,0x00C0,0x10C2,0x08A2,0x0882,0x08A2,0x10A3,0x18C2,0x2102,0x3122,0x41C5,0x83AD,0x944F,0x8C0E,0x52A9,
0x39E5,0x5AE9,0x52E7,0x52E5,0x31E4,0x08A1,0x0080,0x0020,0x0020,0x08E4,0x52AA,0x7BAD,0x4206,0x10A2,0x10C4,0x00A3,
0x2187,0x630C,0x2145,0x08A2,0x08A2,0x10E3,0x2124,0x31C6,0x52C9,0x632B,0x5288,0x6B28,0x5AA6,0x2924,0x2923,0x7B4A,
0x5A88,0x7B8C,0x7BAC,0x73AC,0x6B2B,0x3206,0x0060,0x1923,0x4207,0x4248,0x630A,0x3A45,0x3A03,0x9BE9,0x6A85,0x20E2,
0x2903,0x5204,0xA428,0x49C3,0x0040,0x0001,0x0020,0x3962,0x8B66,0x9BC8,0x93A8,0x9387,0x7AA4,0x61E2,0x8AA1,0x5181,
0x28E1,0x20E2,0x2943,0x2943,0x18E2,0x0041,0x28E0,0x51E2,0x0840,0x0000,0x1081,0x2923,0x20C1,0x41C3,0x1060,0x0000,
0x0060,0x1103,0x18E2,0x08A0,0x0080,0x10E3,0x3A07,0x6B2B,0x736C,0x62EA,0x4A27,0x20E2,0x18C2,0x2944,0x1081,0x52ED,
0x2A8F,0x0083,0x00A5,0x00C7,0x00C6,0x00C6,0x00A6,0x00A6,0x00A6,0x00A6,0x00A6,0x00A6,0x00A6,0x00A6,0x00C6,0x00A6,
0x00C6,0x00A6,0x00C6,0x00A6,0x00A6,0x00A6,0x00C6,0x00C6,0x00A6,0x00A6,0x00A6,0x00A6,0x00A6,0x00A6,0x00A6,0x00A6,
0x00A6,0x00A6,0x00A6,0x00A6,0x00C6,0x00C6,0x00C6,0x00A6,0x00A6,0x00A6,0x00A6,0x00C6,0x00A6,0x00A6,0x00A6,0x00A6,
0x00C6,0x00A6,0x00A6,0x00A6,0x00C6,0x00C6,0x00C6,0x00A6,0x00A5,0x00C6,0x00A6,0x00A6,0x00A6,0x00A6,0x00C6,0x00C6,
0x00C6,0x00A6,0x00A6,0x00A6,0x00A6,0x00A6,0x00A6,0x00C6,0x00C6,0x00C6,0x00A6,0x00A6,0x00A6,0x00A6,0x00A6,0x00A6,
0x00A6,0x00A6,0x00C6,0x00C6,0x00A6,0x00A6,0x00C6,0x00C6,0x00C6,0x00C6,0x00C6,0x00C6,0x00C6,0x00C6,0x00C6,0x00C6,
0x00C6,0x00C6,0x00C6,0x00C6,0x00C6,0x00C6,0x00C6,0x00C6,0x00C6,0x00C6,0x00C6,0x00C6,0x00C6,0x00A5,0x10C3,0x424A,
0x1169,0x0021,0x18A0,0x2942,0x0062,0x0000,0x18A1,0x2902,0x3143,0x3162,0x2101,0x3163,0x2963,0x0080,0x0080,0x00C0,
0x00E0,0x00E0,0x0080,0x08A1,0x08A1,0x08A1,0x10C2,0x0882,0x08A2,0x1903,0x18E3,0x0840,0x18A1,0x41C5,0x6AE9,0x738D,
0x7BCD,0x8C0D,0x39E3,0x1961,0x7BAC,0x3A26,0x10A1,0x0840,0x08A2,0x0082,0x1945,0x4228,0x2945,0x0882,0x08A3,0x0081,
0x1103,0x4228,0x18C2,0x10A1,0x29A5,0x4267,0x52E9,0x632A,0x52A9,0x630A,0x62EB,0x41E5,0x28E1,0x7AE7,0xCD0D,0xDDB0,
0x10A1,0x20E2,0x39A5,0x6B0A,0x7BAC,0x5AEA,0x2165,0x39C7,0x4248,0x5289,0x630A,0x39E3,0x2181,0x6285,0x5A44,0x18A2,
0x20C4,0x3964,0x8B87,0x49C2,0x3141,0x2102,0x0021,0x20E2,0x8B67,0x49A2,0x41A3,0x6AC6,0x9388,0x9BC8,0x8B67,0x3122,
0x20E2,0x2103,0x10A2,0x18E2,0x0861,0x0000,0x2941,0x39C1,0x0020,0x0000,0x1081,0x2123,0x2102,0x3163,0x10A1,0x08A1,
0x10C1,0x1902,0x31E6,0x31C5,0x10C2,0x2165,0x4A69,0x738D,0x4A27,0x1081,0x10A1,0x2943,0x2944,0x2144,0x18C2,0x52ED,
0x2A6E,0x0063,0x0085,0x00C6,0x00C6,0x00A6,0x00A6,0x00A6,0x00A6,0x00A6,0x00C6,0x00C6,0x00A6,0x00A6,0x00C6,0x00C6,
0x00C6,0x00C6,0x00C6,0x00C6,0x00A6,0x00A6,0x00C6,0x00A6,0x00A6,0x00A6,0x00A6,0x00A6,0x00A6,0x00A6,0x00A6,0x00A6,
0x00C6,0x00C6,0x00A5,0x00A6,0x00A6,0x00A6,0x00A6,0x00C6,0x00C6,0x00C6,0x00C6,0x00C6,0x00C6,0x00A6,0x00A6,0x00A6,
0x00A6,0x00A5,0x00A5,0x00A6,0x00A6,0x00C6,0x00C6,0x00C6,0x00A5,0x00A5,0x00A6,0x00A6,0x00A6,0x00A6,0x00A6,0x00C6,
0x00C6,0x00A6,0x00A6,0x00A6,0x00A6,0x00C6,0x00C6,0x00C6,0x00C6,0x00C6,0x00C6,0x00C6,0x00C6,0x00C6,0x00C6,0x00C6,
0x00C6,0x00C6,0x00C6,0x00C6,0x00A6,0x00C6,0x00A6,0x00C6,0x00C6,0x00C6,0x00C6,0x00C6,0x00C6,0x00C6,0x00C6,0x00C6,
0x00C6,0x00C6,0x00C6,0x00C6,0x00C6,0x00C6,0x00C6,0x00C6,0x00C6,0x00C6,0x00C6,0x00C6,0x00C6,0x00A5,0x10C3,0x426A,
0x1989,0x0041,0x1880,0x2102,0x0881,0x2922,0x2922,0x2922,0x2942,0x2922,0x2101,0x2943,0x2943,0x08A0,0x0040,0x0060,
0x00C0,0x0080,0x0060,0x0081,0x0882,0x10A2,0x10E2,0x0882,0x0082,0x08A2,0x18E3,0x10C3,0x18E2,0x18C1,0x0881,0x18C2,
0x4207,0x734B,0x944E,0x83AC,0x630A,0x10A1,0x0000,0x1080,0x10E2,0x1924,0x08C2,0x10C1,0x1902,0x2963,0x3A06,0x29C3,
0x1980,0x2162,0x2964,0x18E1,0x4A89,0x4A87,0x4246,0x5AEA,0x734C,0x4A48,0x2103,0x6AC7,0xBCCD,0xD56E,0xCD0D,0xC4ED,
0x2145,0x1903,0x10A2,0x10A1,0x2943,0x62C9,0x8C0E,0x8BEE,0x734A,0x6AE8,0x732A,0x734A,0x5287,0x2983,0x2121,0x2101,
0x3122,0x5A05,0x9BE9,0x4182,0x2902,0x3984,0x2943,0x41C4,0xB44A,0x3963,0x0000,0x0000,0x72E7,0xA44A,0x8348,0x20E2,
0x2123,0x10A2,0x0000,0x10A2,0x0882,0x0020,0x1920,0x0941,0x0080,0x0841,0x10A1,0x10C2,0x10C1,0x1902,0x0860,0x3162,
0x2102,0x0860,0x2984,0x52A9,0x5B0B,0x4207,0x31A5,0x18E2,0x2103,0x2123,0x2944,0x2124,0x2144,0x2124,0x18E2,0x4A8B,
0x2A2B,0x0063,0x0085,0x00C6,0x00A6,0x00A6,0x00A6,0x00A6,0x00A6,0x00A6,0x00A6,0x00C6,0x00A6,0x00A6,0x00A6,0x00C6,
0x00C6,0x00C6,0x00C6,0x00C6,0x00C6,0x00C6,0x00C6,0x00A6,0x00A6,0x00A6,0x00A6,0x00A6,0x00A6,0x00A6,0x00A6,0x00A6,
0x00C6,0x00A6,0x00A6,0x00A6,0x00A6,0x00A6,0x00A6,0x00C6,0x00C6,0x00C6,0x00C6,0x00C6,0x00C6,0x00C6,0x00C6,0x00A6,
0x00A6,0x00A6,0x00C6,0x00C6,0x00A6,0x00A6,0x00A6,0x00A6,0x00A6,0x00A6,0x00A6,0x00A6,0x00A6,0x00C6,0x00A6,0x00C6,
0x00C6,0x00A6,0x00A6,0x00A6,0x00A6,0x00C6,0x00C6,0x00C6,0x00C6,0x00C6,0x00A6,0x00A6,0x00A6,0x00C6,0x00C6,0x00C6,
0x00C6,0x00C6,0x00C6,0x00C6,0x00C6,0x00C6,0x00A6,0x00C6,0x00C6,0x00C6,0x00C6,0x00C6,0x00C6,0x00C6,0x00C6,0x00C6,
0x00C6,0x00C6,0x00C6,0x00C6,0x00C6,0x00C6,0x00C6,0x00C6,0x00C6,0x00C6,0x00C6,0x00C6,0x00C6,0x00A5,0x10C3,0x4ACC,
0x19AA,0x0000,0x1880,0x20E1,0x20E1,0x3142,0x3142,0x2102,0x18A1,0x0820,0x20E1,0x2942,0x2102,0x0060,0x0080,0x0080,
0x0040,0x0080,0x0080,0x0060,0x0861,0x0882,0x0881,0x0882,0x1082,0x10E3,0x2143,0x2123,0x2123,0x18E2,0x2103,0x18E2,
0x1081,0x20E2,0x41C5,0x5A68,0x734C,0x73AC,0x5AC8,0x4A66,0x52E9,0x5B09,0x52A8,0x39E5,0x4A45,0x6B49,0x736B,0x6329,
0x52C7,0x6329,0x4226,0x10E1,0x2165,0x4228,0x6B4C,0x5AC9,0x2924,0x1881,0x93EA,0xE5D1,0xDD6E,0xC4EC,0xCD0D,0xCD0D,
0x1945,0x1924,0x2124,0x18E3,0x10A1,0x1080,0x2943,0x5AA9,0x7B6B,0x83ED,0x738C,0x734B,0x6B0A,0x632A,0x5AE8,0x4265,
0x1901,0x3142,0x7B07,0x3142,0x18E3,0x3147,0x2103,0x3162,0x8B88,0x2901,0x10A0,0x10A1,0x7307,0xAC6B,0x8B88,0x3163,
0x3163,0x1082,0x0000,0x18E2,0x10E3,0x0861,0x08A1,0x0060,0x10E2,0x1923,0x0881,0x08A1,0x1123,0x2163,0x3164,0x41C3,
0x20E2,0x31A6,0x4A68,0x4A68,0x3185,0x10A1,0x0881,0x2123,0x2944,0x2123,0x2123,0x2123,0x2144,0x2144,0x18E2,0x426A,
0x324D,0x0084,0x0085,0x00A6,0x00A6,0x00A6,0x00A6,0x00A6,0x00A6,0x00A6,0x00C6,0x00C6,0x00C6,0x00A6,0x00A6,0x00C6,
0x00C6,0x00C7,0x00E7,0x00C7,0x00C7,0x00E7,0x00C6,0x00C6,0x00C6,0x00C6,0x00A6,0x00A6,0x00A6,0x00A6,0x00A6,0x00A6,
0x00C6,0x00C6,0x00C6,0x00A6,0x00A6,0x00A6,0x00C6,0x00C6,0x00C6,0x00C6,0x00C6,0x00E7,0x00E7,0x00C6,0x00C6,0x00C6,
0x00C6,0x00C6,0x00C6,0x00C6,0x00C6,0x00A6,0x00A6,0x00A6,0x00A6,0x00A6,0x00A6,0x00A6,0x00A6,0x00A6,0x00C6,0x00C6,
0x00A6,0x00A6,0x00A6,0x00A6,0x00A6,0x00C6,0x00C6,0x00C6,0x00C6,0x00C6,0x00C6,0x00C6,0x00C6,0x00C6,0x00C6,0x00C6,
0x00C6,0x00C6,0x00C6,0x00C6,0x00C6,0x00C6,0x00C6,0x00C6,0x00C6,0x00A6,0x00A6,0x00C6,0x00C6,0x00C6,0x00C6,0x00C6,
0x00C6,0x00C6,0x00C6,0x00C6,0x00C6,0x00C6,0x00C6,0x00C6,0x00C6,0x00C6,0x00C6,0x00C6,0x00C6,0x00A5,0x10C3,0x5B4F,
0x19CB,0x0021,0x1880,0x18C1,0x2922,0x2922,0x2102,0x2102,0x0020,0x0020,0x2922,0x2922,0x20E2,0x0020,0x0080,0x00A0,
0x0080,0x0080,0x0060,0x0080,0x0881,0x0881,0x0862,0x08E0,0x08E1,0x1082,0x2943,0x3183,0x18E3,0x1081,0x2102,0x2103,
0x2103,0x2103,0x2963,0x1060,0x0000,0x39A5,0x7B6B,0x9C6E,0x736A,0x52A7,0x6B4B,0x738C,0x736C,0x632B,0x62E9,0x6AE8,
0x7B6C,0x736C,0x630A,0x5AEA,0x6B4B,0x5ACA,0x39E5,0x18E1,0x1081,0x39A4,0x93A9,0x9BEA,0xB48C,0xC4ED,0xD52D,0xB44B,
0x2124,0x2123,0x2103,0x1903,0x1903,0x1903,0x18E2,0x18A1,0x2102,0x5227,0x7BAD,0x8BEE,0x734C,0x630A,0x6B4B,0x632B,
0x5288,0x4205,0x2982,0x1921,0x39A2,0x51C5,0x20A2,0x20E2,0x8367,0x3962,0x39A3,0x49E4,0x8347,0x9BE9,0x8BA8,0x3984,
0x2963,0x1081,0x0000,0x18E2,0x1903,0x18E3,0x0861,0x0062,0x1102,0x3206,0x1901,0x10E1,0x4247,0x5ACA,0x5AC9,0x62C8,
0x738C,0x6B4B,0x31A5,0x0881,0x18C2,0x2123,0x2943,0x2144,0x2124,0x1902,0x2103,0x2124,0x2124,0x2123,0x18C2,0x426A,
0x328F,0x0084,0x0085,0x00C6,0x00A6,0x00A6,0x00A6,0x00A6,0x00A6,0x00C6,0x00C6,0x00C6,0x00C6,0x00C6,0x00C6,0x00C6,
0x00C6,0x00A6,0x0085,0x00E7,0x00E7,0x0086,0x00A5,0x00A6,0x00A5,0x00A6,0x00C6,0x00C6,0x00C6,0x00A6,0x00A6,0x00A6,
0x00C6,0x00C6,0x00A6,0x00A6,0x00A6,0x00A6,0x00A6,0x00C6,0x00C6,0x00C6,0x0065,0x0045,0x0065,0x00A5,0x00C6,0x00A5,
0x0045,0x00C6,0x00E7,0x00C6,0x00A6,0x00A6,0x00C6,0x00A6,0x00A6,0x00A6,0x00A6,0x00A6,0x00A6,0x00C6,0x00C6,0x00A6,
0x00A6,0x00A6,0x00A6,0x00A6,0x00A6,0x00A6,0x00C6,0x00C6,0x0085,0x0065,0x0045,0x0065,0x0045,0x00A5,0x00C6,0x00C6,
0x00C6,0x00C6,0x00C6,0x00C6,0x00A6,0x00C6,0x00C6,0x00C6,0x00A6,0x00C6,0x00A6,0x00C6,0x00C6,0x00C6,0x00A6,0x00A6,
0x00C6,0x00C6,0x00C6,0x00C6,0x00C6,0x00C6,0x00C6,0x00C6,0x00C6,0x00C6,0x00C6,0x00C6,0x00C6,0x00A5,0x10A3,0x428C,
0x19CB,0x0041,0x1060,0x1080,0x1902,0x0861,0x18A0,0x2922,0x0041,0x0020,0x20E1,0x2922,0x2902,0x0040,0x0060,0x0080,
0x0060,0x0040,0x0060,0x0081,0x08A1,0x0881,0x0881,0x11C1,0x09A1,0x10E3,0x18C2,0x2103,0x18E3,0x20E2,0x2122,0x1904,
0x2103,0x10A2,0x2123,0x5245,0x2943,0x10C2,0x18E2,0x3143,0x39A4,0x630A,0x8C2F,0x7BEE,0x6B2C,0x6B2C,0x630B,0x5AE9,
0x6B4B,0x6B2B,0x6B4C,0x630B,0x4207,0x18A1,0x10A1,0x2123,0x1903,0x2102,0x4101,0x6AA6,0x8368,0x93CA,0x9388,0x3963,
0x2144,0x2144,0x2124,0x2123,0x2103,0x1903,0x1903,0x2123,0x2102,0x18A1,0x20C2,0x41E6,0x7B8D,0x8BEE,0x736C,0x62EA,
0x5AC9,0x6B2B,0x736B,0x62C8,0x5AA7,0x4A04,0x20C1,0x3123,0xA42A,0x5204,0x2106,0x20A4,0x6265,0x9388,0x8BA8,0x3163,
0x2943,0x10A1,0x0861,0x20E2,0x20E3,0x18E2,0x0881,0x0904,0x1963,0x4A45,0x4A65,0x52A8,0x5AA9,0x6B2B,0x736C,0x5289,
0x3164,0x2102,0x18E2,0x1903,0x2103,0x2103,0x2123,0x1924,0x2123,0x2123,0x2924,0x2164,0x2144,0x2963,0x20C1,0x52CC,
0x32AF,0x0063,0x0085,0x00C6,0x00A6,0x00A6,0x00A6,0x00A6,0x00A6,0x00C6,0x00C6,0x00C6,0x00C6,0x00C6,0x00C6,0x00C6,
0x0085,0x31C8,0x942D,0x0907,0x0927,0x940D,0x3A09,0x0085,0x00C6,0x00C6,0x00C6,0x00C6,0x00C6,0x00C6,0x00C6,0x00A6,
0x00C6,0x00A6,0x00C6,0x00C6,0x00A6,0x00C6,0x00A6,0x00C6,0x00C6,0x00A4,0x7B8C,0xA48F,0x9C8E,0x3187,0x0044,0x31C8,
0xA4B0,0x1968,0x00A6,0x00C6,0x1946,0x0906,0x00C6,0x00A6,0x00C6,0x00C6,0x00A6,0x00C6,0x00C6,0x00C6,0x00C6,0x00C6,
0x00A6,0x00C6,0x00C6,0x00C6,0x00C6,0x00C6,0x00C6,0x0085,0x52AA,0x9C4D,0x9C4E,0x9C4D,0x9C6E,0x2988,0x0086,0x00E6,
0x00C6,0x00C6,0x00C6,0x00C6,0x00C6,0x00C6,0x00C6,0x00C6,0x00A6,0x00C6,0x00C6,0x00C6,0x00C6,0x00C6,0x00C6,0x00C6,
0x00C6,0x00C6,0x00C6,0x00C6,0x00C6,0x00C6,0x00C6,0x00C6,0x00C6,0x00C6,0x00C6,0x00C6,0x00C6,0x00A5,0x10A3,0x426B,
0x19AA,0x0041,0x1060,0x18A1,0x0041,0x0021,0x20E1,0x2942,0x0861,0x0040,0x20E1,0x2102,0x2101,0x08C0,0x0020,0x0020,
0x0000,0x0020,0x0060,0x10E2,0x08A2,0x0021,0x08E0,0x1A40,0x09A0,0x10C2,0x10C2,0x18E3,0x18E3,0x2103,0x10C1,0x18E3,
0x1903,0x2103,0x3164,0x49E4,0x39C5,0x1923,0x2123,0x1902,0x1081,0x18C1,0x3163,0x5268,0x7B8C,0x7BAD,0x734A,0x8369,
0x6B4B,0x6B4C,0x4207,0x1081,0x10A1,0x2103,0x2124,0x1903,0x4A48,0x9451,0x62AA,0x5226,0x72E7,0x8B88,0x8B89,0x41C4,
0x41C5,0x2144,0x2144,0x2143,0x2103,0x1904,0x1903,0x2103,0x2123,0x2124,0x2123,0x18E2,0x18C1,0x39C5,0x736C,0x83CC,
0x62E9,0x6B2A,0x7B8C,0x7B8C,0x7B6B,0x4A66,0x31C4,0x2982,0x62C4,0x39C2,0x3185,0x20C2,0x6286,0x9BC9,0x8B88,0x3143,
0x2923,0x2923,0x2122,0x10A1,0x08A1,0x2124,0x31C7,0x19A8,0x5AE8,0x39A1,0x4206,0x73AD,0x73AE,0x52A9,0x31A5,0x10A1,
0x1081,0x2103,0x2123,0x1923,0x1903,0x2104,0x1903,0x1903,0x1924,0x2124,0x3183,0x2123,0x2124,0x2123,0x1081,0x52CC,
0x3A8E,0x0063,0x00A5,0x00C6,0x00A6,0x00A6,0x00C6,0x00A6,0x00C6,0x00C6,0x00C6,0x00C6,0x00C6,0x00C6,0x00C6,0x00C6,
0x0065,0x4A69,0xFED3,0x5ACA,0x08E6,0xF693,0x6B0B,0x0065,0x00A6,0x0065,0x0065,0x0085,0x00C6,0x00A6,0x0086,0x00C6,
0x00E6,0x00C6,0x0065,0x0085,0x00A6,0x00C6,0x00C6,0x00C6,0x0065,0x7BAC,0xCD91,0x736B,0x9C4D,0xDDB1,0x1907,0x1948,
0x7BCD,0x1127,0x00A6,0x0084,0xD5D2,0x4229,0x0003,0x00A5,0x0085,0x00A6,0x00C7,0x0086,0x0086,0x00C6,0x00C6,0x00C6,
0x00C6,0x00A6,0x00C6,0x00C6,0x00C6,0x00C6,0x00E6,0x0064,0xA46E,0xD5B0,0x736C,0x7BAD,0x7B8C,0x2146,0x00A6,0x00A6,
0x0086,0x00A6,0x00C6,0x00C6,0x00C6,0x0085,0x0065,0x00A6,0x00C6,0x00A6,0x0065,0x00C6,0x00C6,0x0065,0x00A6,0x00C6,
0x00C6,0x00A6,0x00C6,0x00C6,0x00C6,0x00C6,0x00A6,0x00C6,0x00C6,0x00C6,0x00C6,0x00C6,0x00C6,0x00A5,0x10A3,0x52EE,
0x1169,0x0000,0x0840,0x20E1,0x0040,0x0040,0x20E1,0x2942,0x0061,0x0020,0x28C1,0x18E2,0x1922,0x0900,0x0080,0x0020,
0x0020,0x0040,0x0881,0x08C2,0x08A3,0x08E2,0x0940,0x0940,0x0120,0x08C1,0x10A2,0x18E2,0x2123,0x18E3,0x0841,0x18C2,
0x39E7,0x4207,0x2944,0x10A1,0x18E2,0x2103,0x2103,0x18C2,0x0860,0x5266,0x5A66,0x2901,0x20E2,0x39C6,0x41A3,0x49E2,
0x2923,0x18E3,0x1081,0x18E2,0x2123,0x1903,0x18E3,0x2964,0x5AEB,0x9492,0xBDD7,0xBD96,0xA4B1,0x6287,0x6AE7,0x39C4,
0x3164,0x2143,0x2123,0x2963,0x2124,0x2124,0x1923,0x1903,0x2123,0x2124,0x2124,0x2143,0x2943,0x18C1,0x1081,0x2902,
0x5A88,0x8C0E,0x944F,0x736B,0x62C8,0x62E9,0x6B4B,0x6B4A,0x4A85,0x39E2,0x31A2,0x2101,0x5A65,0x9C0A,0x8B88,0x2943,
0x2102,0x18E2,0x1922,0x1102,0x1921,0x39C4,0x52CA,0x0905,0x2164,0x2143,0x2985,0x52AA,0x2965,0x10A1,0x2103,0x2103,
0x1903,0x1903,0x2124,0x1924,0x1903,0x2103,0x1903,0x1903,0x2923,0x49E3,0x41C3,0x2123,0x2123,0x1903,0x1081,0x52CC,
0x328E,0x0083,0x00A5,0x00C6,0x00C6,0x00C6,0x00C6,0x00C6,0x00C6,0x00C6,0x00C6,0x00C6,0x00C6,0x00C6,0x00C6,0x00C6,
0x0085,0x4A49,0xF671,0xB4CE,0x29A8,0xE632,0x6B0B,0x0066,0x2167,0x5289,0x52CA,0x29A8,0x0065,0x1968,0x3A09,0x00C6,
0x0086,0x00C6,0x3A09,0x1946,0x00A5,0x00C6,0x00C6,0x00E6,0x0065,0xA4AF,0xA46E,0x0002,0x1906,0x9C6E,0x1988,0x3A6A,
0x4208,0x08E5,0x0085,0x4A49,0xEE52,0x83AC,0x39C7,0x0085,0x31E8,0x29E9,0x0086,0x31C8,0x31E8,0x00A6,0x00C6,0x00A6,
0x00C6,0x00E6,0x00E6,0x00C6,0x00C6,0x00C6,0x00E6,0x0065,0x9C6E,0x942D,0x0002,0x0024,0x0024,0x00A5,0x00A5,0x3A2A,
0x4AAA,0x31C8,0x0085,0x00A6,0x00A5,0x4228,0x528A,0x2187,0x0085,0x08E6,0x3A29,0x1127,0x00E7,0x4229,0x1127,0x00A6,
0x00C6,0x00A6,0x00C6,0x00C6,0x00C6,0x00C6,0x00C6,0x00C6,0x00C6,0x00C6,0x00C6,0x00C6,0x00C6,0x00A5,0x18C3,0x5B4F,
0x198A,0x0021,0x0840,0x2102,0x0041,0x0021,0x20E1,0x2902,0x0820,0x0881,0x18E1,0x1102,0x0901,0x00A0,0x08C0,0x10C0,
0x10C0,0x08E0,0x0880,0x0881,0x08A2,0x0901,0x11C0,0x0920,0x00C0,0x0020,0x18E3,0x18E3,0x18E2,0x2123,0x39A5,0x4A27,
0x4207,0x2944,0x0881,0x10C2,0x1903,0x10C2,0x1903,0x6B09,0x5247,0x20E3,0x39C5,0x732A,0x4A26,0x10A1,0x18E3,0x18C2,
0x10C2,0x18E3,0x1903,0x1903,0x1904,0x2104,0x10C3,0x2985,0x08C3,0x0000,0x39A6,0x8C30,0x39A6,0x0861,0x20E2,0x3143,
0x1904,0x2123,0x2103,0x3183,0x41C3,0x2943,0x2104,0x2123,0x2103,0x2124,0x2103,0x2124,0x2944,0x2943,0x18E3,0x18C2,
0x18A1,0x3143,0x62C9,0x7B6C,0x83CD,0x6B2A,0x736C,0x7BAD,0x7B8B,0x738B,0x62E8,0x4225,0x2962,0x39A2,0x5A64,0x1901,
0x10C2,0x2964,0x4248,0x5B0A,0x5287,0x5267,0x5B0B,0x4A8A,0x4A89,0x39E7,0x2123,0x0860,0x18E2,0x2103,0x2123,0x2124,
0x2124,0x2123,0x2124,0x1924,0x1903,0x1923,0x3163,0x41E3,0x41C2,0x3143,0x2102,0x2103,0x2103,0x18E3,0x1081,0x5B0D,
0x3AAE,0x0083,0x00A5,0x00C6,0x00C6,0x00C6,0x00C6,0x00C6,0x00C6,0x00C6,0x00C6,0x00C6,0x00C6,0x00C6,0x00C6,0x00C6,
0x0066,0x4A69,0xEE11,0xEE52,0x5ACB,0xDDD1,0x62EA,0x10C7,0xC530,0xC550,0xBD51,0xD591,0x2146,0x5AAA,0xDDD2,0x08C5,
0x5AEC,0x1127,0xC592,0x632B,0x0045,0x00C6,0x00C6,0x00C6,0x0065,0x9C4E,0xA46E,0x0085,0x08E6,0x0086,0x00C7,0xACAE,
0xF652,0x2187,0x0085,0x9C6F,0xEE53,0xC52F,0x940D,0x0064,0xACD0,0x8C2D,0x0002,0xA4AF,0xACF0,0x0065,0x00C6,0x00C6,
0x00A5,0x0065,0x0065,0x0065,0x00A6,0x00C6,0x00C7,0x0064,0x9C6F,0xBD31,0x39E7,0x4A69,0x3209,0x0086,0x62EB,0xE612,
0xB4EF,0xCD71,0x4208,0x0064,0x83CD,0xCD90,0xC50F,0xDE12,0x39E9,0x1127,0xE654,0x31C7,0x08C6,0xE633,0x4A49,0x0065,
0x00C6,0x00C6,0x00C6,0x00C6,0x00C6,0x00C6,0x00C6,0x00C6,0x00C6,0x00C6,0x00C6,0x00C6,0x00C6,0x00A5,0x10C3,0x532F,
0x19CB,0x0000,0x1060,0x2102,0x0061,0x0040,0x20E1,0x2101,0x10C1,0x1102,0x08E1,0x08C1,0x1102,0x08C0,0x0900,0x1940,
0x10E0,0x00A0,0x0040,0x0860,0x0080,0x0040,0x0100,0x0920,0x00C0,0x0040,0x2145,0x2965,0x10C2,0x10A2,0x39A4,0x3164,
0x18E3,0x1903,0x18C2,0x0860,0x3164,0x7329,0x39A5,0x2944,0x5AA8,0x6B4A,0x3185,0x2103,0x39A5,0x2963,0x2944,0x2943,
0x2103,0x1903,0x1903,0x1903,0x1903,0x18E3,0x2144,0x4249,0x00C5,0x0021,0x0000,0x3186,0x0020,0x1081,0x1040,0x1861,
0x1924,0x1903,0x1903,0x2103,0x2943,0x2143,0x2124,0x2144,0x2103,0x2124,0x1923,0x2103,0x2104,0x2104,0x2104,0x2124,
0x2103,0x2103,0x1060,0x1881,0x3984,0x6B0A,0x9470,0x942F,0x6B29,0x6B2A,0x732B,0x736C,0x630A,0x4A26,0x4202,0x39E2,
0x4A66,0x5AEA,0x6B6C,0x734C,0x6B2A,0x736C,0x630A,0x632A,0x31A5,0x1060,0x3143,0x6B0A,0x6B2B,0x18A2,0x10C2,0x1903,
0x1903,0x2124,0x2144,0x2123,0x2123,0x2943,0x41C2,0x2942,0x2104,0x1923,0x1903,0x20E3,0x2103,0x18E3,0x1082,0x4AAC,
0x324C,0x0083,0x00A5,0x00C6,0x00C6,0x00C6,0x00C6,0x00C6,0x00C6,0x00C6,0x00C6,0x00C6,0x00C6,0x00C6,0x00C6,0x00C6,
0x0065,0x4A69,0xDDF1,0x83CD,0xA4AE,0xEE11,0x5289,0x2986,0xEE53,0x1946,0x00C5,0xE611,0x528A,0x4A48,0xD590,0x10E5,
0xCDB2,0x21C8,0xBD10,0x62EB,0x0045,0x00C6,0x00C6,0x00C6,0x0044,0x9C2D,0xA46D,0x0086,0x00E7,0x08E7,0x0086,0x2966,
0xDDD1,0x2187,0x00A6,0x0927,0xDDD1,0x4207,0x0044,0x0086,0xACAF,0xA46E,0x0025,0xACAE,0xB4D0,0x0066,0x00C6,0x00A5,
0x2987,0x62EB,0x5AAA,0x5AAA,0x1126,0x00A6,0x00E7,0x0065,0x942D,0xE632,0xBD30,0xD5B1,0x83CE,0x0065,0x4229,0x52A9,
0x08A4,0xC50E,0x83EE,0x0064,0xD571,0xBD10,0x08E6,0x52CB,0x31E9,0x1147,0xEE12,0x3A08,0x1106,0xEE32,0x4A49,0x0065,
0x00C6,0x00C6,0x00C6,0x00C6,0x00C6,0x00C6,0x00C6,0x00C6,0x00A6,0x00C6,0x00C6,0x00C6,0x00C6,0x00A5,0x10A3,0x4ACD,
0x19CA,0x0000,0x1881,0x2922,0x1061,0x18E2,0x2122,0x1101,0x08C1,0x0080,0x08A1,0x08A1,0x08A1,0x08A1,0x00A0,0x10C0,
0x0880,0x0060,0x0040,0x0080,0x08E0,0x10C1,0x00A0,0x00A0,0x00C0,0x1122,0x1904,0x10E4,0x2146,0x3A07,0x41E6,0x18C1,
0x10C2,0x18E3,0x31A5,0x5247,0x2123,0x31A5,0x7309,0x7B4A,0x3184,0x2123,0x2944,0x31C6,0x2965,0x2143,0x1903,0x2143,
0x2123,0x1903,0x1903,0x1903,0x2104,0x10C2,0x738D,0xA577,0x6BB0,0x29EA,0x1967,0x31A6,0x18C2,0x20E2,0x0860,0x1081,
0x1924,0x1903,0x2103,0x2103,0x2124,0x2124,0x2124,0x2943,0x3183,0x2943,0x1903,0x2103,0x1923,0x2123,0x2103,0x1923,
0x1903,0x1903,0x10C2,0x10A2,0x18C2,0x2902,0x39A5,0x6AE9,0x734A,0x8C0E,0x6B4B,0x5ACA,0x6B4B,0x738C,0x6B2A,0x6B09,
0x734A,0x734B,0x630B,0x630B,0x732A,0x5267,0x2103,0x1081,0x20E2,0x5246,0x7B6B,0x4A47,0x2103,0x31A5,0x5AC9,0x2944,
0x18C2,0x2123,0x2943,0x3163,0x2123,0x2103,0x18E3,0x18E3,0x1903,0x2103,0x1903,0x1903,0x1902,0x2963,0x18A1,0x4A4A,
0x2A0B,0x0063,0x00A5,0x00C6,0x00C6,0x00C6,0x00C6,0x00C6,0x00C6,0x00C6,0x00A6,0x00A6,0x00C6,0x00C6,0x00C6,0x00C6,
0x0065,0x4A69,0xE5F2,0x4249,0xD5F0,0xFE72,0x5A89,0x2146,0xE632,0xCD91,0xCD92,0xE632,0x41E8,0x5269,0xD5B2,0x10E5,
0xB4EF,0x1946,0xB4EF,0x5ACA,0x0045,0x00C6,0x00C6,0x00C6,0x0045,0x940C,0x9C4D,0x0066,0x08E7,0x00A5,0x0065,0x31A7,
0xE611,0x29C9,0x0086,0x1106,0xD5B1,0x5269,0x0086,0x00A6,0x738C,0xC550,0x1946,0xD612,0x83AC,0x0085,0x08E7,0x0065,
0x52AA,0xDE12,0xCDB1,0xD5B1,0x29A7,0x0086,0x00E7,0x0065,0xA46E,0xA46E,0x0063,0x0927,0x0907,0x0085,0x4228,0xBD11,
0x942E,0xDDB1,0x7BAD,0x0045,0x29A7,0xB510,0xD5D2,0x630A,0x0085,0x1106,0xCD70,0x734A,0x4A48,0xEE53,0x31C8,0x0085,
0x00C6,0x00C6,0x00C6,0x00C6,0x00C6,0x00C6,0x00C6,0x00C6,0x00A6,0x00C6,0x00C6,0x00C6,0x00C6,0x00A5,0x10C3,0x428C,
0x198A,0x0000,0x1080,0x2922,0x1902,0x1942,0x0901,0x00E1,0x0060,0x0880,0x08C1,0x00E1,0x00C1,0x0060,0x0080,0x0880,
0x0080,0x0080,0x0080,0x1120,0x2941,0x18C1,0x08E1,0x0880,0x0900,0x1962,0x08A1,0x10C3,0x2166,0x630C,0x6B4C,0x5ACA,
0x5248,0x2943,0x2103,0x62C9,0x838B,0x5247,0x18C2,0x39C6,0x4A47,0x2144,0x31C6,0x7BAC,0x4207,0x1924,0x18E3,0x2123,
0x1903,0x18E3,0x1903,0x1903,0x1923,0x2103,0x39A6,0x3AAD,0x8CB5,0xA577,0x94D4,0x4A48,0x2103,0x20E2,0x0860,0x18C2,
0x2145,0x1924,0x1903,0x2123,0x2124,0x3164,0x3164,0x2123,0x2123,0x2144,0x2944,0x3183,0x2123,0x1924,0x1904,0x1903,
0x1903,0x1904,0x2124,0x1903,0x2123,0x2923,0x2102,0x18A1,0x20C1,0x5247,0x62EA,0x738C,0x83EE,0x736C,0x6B2B,0x6B0B,
0x6B2A,0x630B,0x62EB,0x4227,0x2103,0x10A1,0x1903,0x2944,0x2964,0x31A5,0x2144,0x2123,0x62E9,0x5A88,0x3144,0x18E2,
0x39A3,0x39A3,0x18E2,0x2103,0x1903,0x18E3,0x1903,0x1903,0x18E3,0x1903,0x1903,0x1903,0x1903,0x2103,0x18A2,0x4A6B,
0x2A4D,0x0083,0x00A6,0x00C7,0x00A6,0x00C6,0x00C6,0x00C6,0x00A6,0x00A6,0x00A6,0x00A6,0x00C6,0x00C6,0x00C6,0x00C6,
0x0065,0x4A69,0xE632,0x1107,0x942D,0xFED3,0x5289,0x2987,0xEE53,0x4229,0x2167,0x5AAA,0x1926,0x5AEA,0xD5D2,0x2146,
0xD570,0x29A6,0xB510,0x6B0B,0x0045,0x00C6,0x00A6,0x00C6,0x0044,0x9C6E,0xA44E,0x0003,0x2167,0xBD31,0x10E5,0x1925,
0xDE12,0x2147,0x0065,0x10E5,0xDDF1,0x3A29,0x0046,0x00E7,0x0906,0xC530,0xBD0F,0xC52F,0x08A4,0x00A6,0x00C6,0x00C6,
0x00C5,0x00C5,0x08C5,0x08C5,0x00C6,0x00C6,0x00E6,0x0085,0xA48E,0x9C4D,0x0003,0x0086,0x00C6,0x0044,0xA4AE,0x942D,
0x0001,0xCD50,0x738C,0x0045,0x29E8,0x0926,0x6B0C,0xF673,0x734B,0x0003,0x5268,0xD5B1,0xC54F,0x734B,0x0065,0x00E7,
0x00C6,0x00C6,0x00C6,0x00C6,0x00C6,0x00C6,0x00C6,0x00C6,0x00C6,0x00C6,0x00C6,0x00C6,0x00C6,0x00A6,0x18C4,0x530E,
0x19AA,0x0020,0x10A1,0x2142,0x0901,0x0060,0x0080,0x08E1,0x08A1,0x0900,0x00C1,0x0901,0x00E0,0x08C0,0x08C0,0x00E0,
0x0100,0x08A0,0x2941,0x2921,0x10A1,0x0881,0x08A0,0x18A0,0x08E0,0x1100,0x1100,0x0900,0x00C1,0x4A89,0x632B,0x6B2B,
0x632C,0x734A,0x3963,0x10A2,0x3164,0x5AA8,0x2964,0x10C3,0x2944,0x39C6,0x5ACA,0x9C70,0x62EA,0x2144,0x18E4,0x2123,
0x1903,0x18E3,0x1903,0x1903,0x1903,0x1903,0x10E4,0x0001,0x00A5,0x4AEE,0x83CE,0x2923,0x18C2,0x18C2,0x1060,0x0020,
0x10A2,0x1903,0x2104,0x2943,0x2983,0x31A4,0x39C5,0x18E2,0x1903,0x2124,0x2103,0x3183,0x3163,0x3164,0x2143,0x2124,
0x1904,0x1904,0x1904,0x2103,0x2123,0x18E2,0x10A2,0x18C2,0x5225,0x3962,0x0820,0x3143,0x7B6B,0x940E,0x7B4A,0x7347,
0x6B09,0x39C5,0x10A2,0x10A1,0x2123,0x2944,0x2144,0x2944,0x2144,0x1903,0x1903,0x2964,0x2945,0x18C1,0x3182,0x49E3,
0x39A3,0x18E1,0x2943,0x4A27,0x1903,0x10A2,0x18E3,0x1903,0x18E3,0x1903,0x18E3,0x18E3,0x18E3,0x1903,0x1082,0x52CD,
0x32AF,0x00A4,0x00A5,0x00C7,0x00C6,0x00A6,0x00C6,0x00A6,0x00C6,0x00A6,0x00C6,0x00A6,0x00C6,0x00C6,0x00C6,0x00C6,
0x0065,0x4A69,0xF672,0x1126,0x4A6A,0xFF15,0x62EA,0x10E6,0xC551,0xACAF,0x9C4D,0xC570,0x31C8,0x1967,0xBD30,0xCD91,
0x8BAC,0xCD70,0xC530,0x31A8,0x00A6,0x00C6,0x00A6,0x00C6,0x0085,0x5289,0xCD91,0xA46E,0xBD2F,0xBD0F,0x18E5,0x9C6E,
0xFEB3,0xA48F,0x08C5,0x08C5,0xB4F0,0xCD71,0x6B2B,0x00A5,0x00E6,0x838B,0xFE72,0x940D,0x00A6,0x00A6,0x00C6,0x00C6,
0x00C6,0x00C6,0x00A6,0x00A6,0x00C6,0x00C6,0x00C6,0x0065,0xA48E,0xEE32,0xA4AE,0xACEF,0xBD10,0x2187,0x6B2A,0xC571,
0x83CC,0xB510,0xBD10,0x10E6,0x8C0E,0xC571,0x8C0D,0xD591,0x5268,0x0065,0x2168,0xC551,0xFE93,0x5AAA,0x0086,0x00C6,
0x00C6,0x00C6,0x00C6,0x00C6,0x00A6,0x00C6,0x00C6,0x00C6,0x00C6,0x00C6,0x00C6,0x00C6,0x00C7,0x00A6,0x10C4,0x5B50,
0x21CB,0x0061,0x08E1,0x08E1,0x0060,0x0000,0x0880,0x08E1,0x00A0,0x00E0,0x0080,0x0900,0x0920,0x08C0,0x00C0,0x0960,
0x21A1,0x2901,0x2102,0x10E2,0x10A2,0x0861,0x10E0,0x1900,0x08E0,0x1120,0x19C0,0x21E1,0x3A25,0x5AEA,0x6B4C,0x62EA,
0x5AC9,0x7B68,0x41A3,0x10C2,0x2123,0x10C3,0x2964,0x2965,0x39E7,0x736C,0x7BAD,0x9C90,0x83EE,0x39E7,0x2964,0x2103,
0x18E2,0x18E3,0x18E3,0x18E3,0x2943,0x4A03,0x2103,0x08A4,0x0882,0x10A2,0x28E1,0x0840,0x0020,0x0840,0x0860,0x0020,
0x19A4,0x1161,0x10C2,0x2123,0x2A01,0x1121,0x2964,0x2103,0x18E3,0x1903,0x1903,0x18E3,0x18E2,0x3163,0x2943,0x2123,
0x2124,0x2124,0x1903,0x2123,0x2944,0x2123,0x2103,0x0840,0x4A26,0x838A,0x6287,0x2902,0x20C1,0x41C5,0x3984,0x2901,
0x18C1,0x10A1,0x18C2,0x1903,0x2144,0x2144,0x2124,0x2124,0x1903,0x2103,0x2103,0x2103,0x3143,0x41E3,0x5224,0x2943,
0x2123,0x5268,0x5A88,0x3143,0x2123,0x4206,0x2103,0x18E3,0x1903,0x1903,0x18E2,0x18E3,0x1903,0x2123,0x10A1,0x5B0D,
0x2AAE,0x0083,0x00A5,0x00C7,0x00C6,0x00C6,0x00C6,0x00C6,0x00A6,0x00A6,0x00C6,0x00C6,0x00C6,0x00C6,0x00C6,0x00C6,
0x00A6,0x1967,0x62EA,0x08E6,0x00C6,0x62EB,0x29A8,0x0066,0x29A7,0x736C,0x736C,0x4229,0x00A6,0x0086,0x3A09,0x5ACA,
0x0084,0x5AAA,0x4249,0x0065,0x00C7,0x00A6,0x00A6,0x00C6,0x00C6,0x0085,0x52AA,0x736C,0x6B4A,0x2166,0x00A5,0x5AEC,
0x630B,0x5AEB,0x08E6,0x00A6,0x2167,0x734C,0x4A48,0x00A5,0x0044,0x2186,0xF673,0x39E8,0x0085,0x00C6,0x00A6,0x00C6,
0x00C6,0x00C6,0x00C6,0x00C6,0x00C6,0x00C6,0x00C6,0x00A6,0x3A29,0x632C,0x6B2B,0x6B2B,0x734C,0x1967,0x00A5,0x6B0B,
0x5AAB,0x1947,0x630B,0x0907,0x08E6,0x630B,0x734C,0x3A08,0x0064,0x08E7,0x0004,0x7BAC,0xC530,0x00A5,0x00C6,0x00C6,
0x00C6,0x00C6,0x00C6,0x00C6,0x00A6,0x00C6,0x00C6,0x00C6,0x00C6,0x00C6,0x00C6,0x00C6,0x00C6,0x00A6,0x10A3,0x42AC,
0x21CB,0x0041,0x0880,0x10E1,0x0860,0x0841,0x0881,0x00C1,0x0080,0x00A0,0x0080,0x10E0,0x0880,0x0080,0x1960,0x2941,
0x2101,0x10A2,0x10E2,0x10C2,0x08A1,0x0900,0x19E0,0x2240,0x1180,0x1160,0x3224,0x632A,0x6B4B,0x5AA9,0x5AEA,0x632B,
0x6B09,0x3142,0x18A2,0x18E2,0x2123,0x2964,0x5AA9,0x5289,0x738D,0xB532,0x9C6F,0x734B,0x83EE,0x5AEA,0x41E5,0x2944,
0x1903,0x18C3,0x2102,0x3962,0x41A3,0x2963,0x10A2,0x0000,0x0042,0x08C4,0x0041,0x0020,0x0041,0x0020,0x0861,0x10A2,
0x2AE3,0x09A0,0x08A2,0x31A4,0x21A0,0x00A0,0x2123,0x2944,0x10A2,0x18E2,0x1903,0x1903,0x1903,0x18C3,0x18E2,0x2123,
0x2943,0x3163,0x18E2,0x18E2,0x18C2,0x2124,0x7B6B,0x732A,0x2943,0x1081,0x41E5,0x734B,0x41E7,0x3184,0x2964,0x18A2,
0x18E2,0x2123,0x2124,0x1904,0x2124,0x2124,0x2103,0x1903,0x18E3,0x2124,0x3984,0x41A3,0x4A03,0x2964,0x2144,0x2123,
0x3164,0x4207,0x1903,0x4A06,0x7B6B,0x5AC8,0x18E2,0x1081,0x18E2,0x18E2,0x18E3,0x1904,0x1903,0x1903,0x1082,0x52CC,
0x324C,0x0042,0x00A5,0x00C6,0x00C6,0x00C6,0x00C6,0x00C6,0x00C6,0x00C6,0x00C6,0x00C6,0x00C6,0x00C6,0x00C6,0x00C6,
0x00C6,0x00A6,0x0065,0x00C6,0x00C6,0x0064,0x00A5,0x00C6,0x0086,0x0044,0x0045,0x0085,0x00C6,0x00C6,0x0085,0x0065,
0x00C6,0x0065,0x0085,0x00C6,0x00A6,0x00A6,0x00A6,0x00C6,0x00C6,0x00C6,0x0065,0x0044,0x0045,0x00A6,0x00E6,0x0085,
0x0065,0x0065,0x00C6,0x00C6,0x00A6,0x0044,0x0065,0x0085,0x2987,0xACAF,0xE5F2,0x2168,0x00A5,0x00C6,0x00A6,0x00C6,
0x00C6,0x00C6,0x00C6,0x00C6,0x00C6,0x00C6,0x00C6,0x00C6,0x0085,0x0065,0x0045,0x0045,0x0045,0x00A5,0x00C6,0x0085,
0x0085,0x00C6,0x0065,0x00A5,0x00A5,0x0044,0x0065,0x0085,0x00C6,0x00A5,0x4A69,0xCD6F,0xA48E,0x0086,0x00E6,0x00C6,
0x00C6,0x00C6,0x00C6,0x00C6,0x00A6,0x00C6,0x00A6,0x00A6,0x00A6,0x00A6,0x00C6,0x00C6,0x00C6,0x00A6,0x10A3,0x426B,
0x19A9,0x0021,0x0840,0x18C1,0x0040,0x0060,0x0860,0x00A0,0x0860,0x0040,0x0080,0x1120,0x1940,0x18E1,0x2121,0x10C1,
0x10A2,0x10A1,0x10E1,0x1121,0x1180,0x1A20,0x2280,0x11A0,0x1922,0x4A88,0x6B2B,0x732B,0x6B0A,0x6B2B,0x738D,0x4228,
0x2102,0x18C2,0x1903,0x18E3,0x18E3,0x4A48,0x944F,0x83EE,0x9470,0xB553,0x8BEE,0x7B6C,0xACF3,0x738E,0x2964,0x1903,
0x1903,0x39C2,0x4A02,0x2943,0x18C2,0x18E3,0x1903,0x10C2,0x0860,0x0020,0x0000,0x0000,0x0040,0x1081,0x10C2,0x18E3,
0x1200,0x0120,0x0040,0x39A4,0x29A1,0x08C0,0x2923,0x10A1,0x0881,0x10A2,0x1903,0x2123,0x1903,0x18E3,0x1903,0x2144,
0x2923,0x20E2,0x0881,0x5A87,0x7B6A,0x2123,0x1081,0x5247,0x83AC,0x6B0A,0x10C2,0x2144,0x2985,0x2965,0x2964,0x2103,
0x2103,0x2144,0x2124,0x2124,0x2124,0x1903,0x10C2,0x1903,0x2923,0x41C3,0x41C3,0x2943,0x2123,0x2104,0x2963,0x18E2,
0x10A1,0x18E3,0x41E6,0x5A88,0x2922,0x1980,0x08C0,0x2124,0x5248,0x39C5,0x18E2,0x2103,0x2123,0x2103,0x1081,0x4A8B,
0x324D,0x0063,0x00A5,0x00C6,0x00C6,0x00C6,0x00C6,0x00C6,0x00C6,0x00C6,0x00C6,0x00C6,0x00C6,0x00C6,0x00C6,0x00C6,
0x00C6,0x00C6,0x00C6,0x00C6,0x00C6,0x00E6,0x00C6,0x00A6,0x00C6,0x00C6,0x00C6,0x00C6,0x00A6,0x00A6,0x00C6,0x00C6,
0x00C6,0x00C6,0x00C6,0x00A6,0x00A6,0x00A6,0x00A6,0x00A6,0x00C6,0x00A6,0x00C6,0x00C6,0x00C6,0x00C6,0x00C6,0x00C6,
0x00C6,0x00C6,0x00C6,0x00C6,0x00C6,0x00C6,0x00E6,0x0085,0x4A4A,0xCD71,0x736C,0x0065,0x00C6,0x00A6,0x00A6,0x00A6,
0x00A6,0x00C6,0x00C6,0x00C6,0x00C6,0x00C6,0x00C6,0x00C6,0x00C6,0x00C6,0x00C6,0x00C6,0x00C6,0x00A6,0x00C6,0x00E6,
0x00E6,0x00C6,0x00C6,0x00C6,0x00C6,0x00C6,0x00E6,0x00C6,0x00C6,0x0084,0x83CC,0xBD0F,0x31A9,0x00A6,0x00E6,0x00C6,
0x00C6,0x00C6,0x00A6,0x00A6,0x00A6,0x00A6,0x00C6,0x00A6,0x00A6,0x00A6,0x00C6,0x00C6,0x00C6,0x00A6,0x18C3,0x42AD,
0x19CB,0x0021,0x0840,0x10A1,0x0020,0x0060,0x08A0,0x10E0,0x00A0,0x00A0,0x1140,0x2180,0x2901,0x18C2,0x08C3,0x10C1,
0x10A1,0x08A0,0x21C0,0x2A80,0x2260,0x2200,0x21C2,0x3A26,0x5AC9,0x6B2B,0x62EA,0x6B09,0x736B,0x5AC9,0x2123,0x18C2,
0x2103,0x2123,0x1903,0x18E3,0x3185,0x7B8D,0xACF2,0x9C91,0xB533,0xCE17,0xAD33,0xAD13,0x9471,0x5AEB,0x18E3,0x2943,
0x49E3,0x41C3,0x2922,0x18E2,0x1903,0x18E3,0x1903,0x2103,0x1903,0x1902,0x18E2,0x10A2,0x18E3,0x1903,0x1903,0x18E3,
0x0960,0x0900,0x0000,0x2101,0x29E0,0x08C0,0x5248,0x5247,0x20E3,0x0040,0x18C2,0x2944,0x2123,0x1923,0x10E3,0x18E3,
0x39C5,0x732A,0x3164,0x18C2,0x4A47,0x83AB,0x6B0A,0x1903,0x18E2,0x4206,0x39A5,0x2944,0x2124,0x2104,0x1903,0x18E3,
0x2142,0x1942,0x2164,0x2983,0x1904,0x18E3,0x2122,0x4203,0x39C3,0x2943,0x2123,0x2103,0x20E3,0x2123,0x2143,0x10C2,
0x18C2,0x2144,0x1903,0x0881,0x1941,0x2221,0x08E0,0x41E7,0x5AAA,0x630B,0x6AE8,0x31A2,0x1902,0x20E3,0x1081,0x4A6B,
0x2A6D,0x0083,0x00A5,0x00C6,0x00C6,0x00C6,0x00C6,0x00C6,0x00C6,0x00C6,0x00C6,0x00C6,0x00C6,0x00A6,0x00C6,0x00C6,
0x00C6,0x00A6,0x00A6,0x00A6,0x00A6,0x00A6,0x00A6,0x00A6,0x00A6,0x00A6,0x00A6,0x00A6,0x00A6,0x00A6,0x00A6,0x00A6,
0x00C6,0x00C6,0x00C6,0x00C6,0x00C6,0x00A6,0x00A6,0x00A6,0x00A6,0x00C6,0x00A6,0x00C6,0x00A6,0x00C6,0x00A6,0x00A6,
0x00C6,0x00C6,0x00C6,0x00C6,0x00C6,0x00C6,0x00A5,0x00C6,0x00A5,0x0065,0x00A5,0x00A6,0x00C6,0x00A6,0x00A6,0x00A6,
0x00A6,0x00A6,0x00C6,0x00C6,0x00C6,0x00C6,0x00C6,0x00C6,0x00C6,0x00A6,0x00A6,0x00A6,0x00C6,0x00C6,0x00C6,0x00C6,
0x00C6,0x00C6,0x00C6,0x00C6,0x00C6,0x00C6,0x00C6,0x00C6,0x00A6,0x00C6,0x00A6,0x0085,0x00A6,0x00C6,0x00C6,0x00C6,
0x00C6,0x00C6,0x00A6,0x00C6,0x00A6,0x00C6,0x00C6,0x00C6,0x00C6,0x00C6,0x00C6,0x00C6,0x00C6,0x00A6,0x10C3,0x428C,
0x19EB,0x0021,0x0040,0x10A0,0x0080,0x00C0,0x00E0,0x0120,0x1140,0x1961,0x3161,0x18E1,0x10C2,0x10C2,0x10C2,0x10C1,
0x1140,0x2220,0x2AA1,0x1A00,0x1980,0x3A06,0x5AC9,0x630A,0x62EA,0x5AEA,0x738D,0x6B4C,0x41E6,0x10A1,0x18C2,0x2124,
0x2103,0x1903,0x2124,0x2103,0x5289,0xA4D1,0xA4D2,0xB533,0xA4B1,0xAD13,0xB554,0x9CD3,0x7BF0,0x39E7,0x3162,0x3982,
0x2122,0x18E3,0x18E3,0x20E3,0x2103,0x18E3,0x1903,0x18E3,0x1903,0x2123,0x2944,0x2165,0x1903,0x18E2,0x10C2,0x18E3,
0x0980,0x0080,0x0000,0x2120,0x2160,0x1101,0x5268,0x5AA9,0x6AC9,0x4A26,0x3984,0x2943,0x18E3,0x2124,0x5288,0x3185,
0x0881,0x5267,0x942E,0x732A,0x18C2,0x10A2,0x5AA8,0x41E5,0x1903,0x2123,0x3183,0x2123,0x1924,0x2124,0x2123,0x1943,
0x2201,0x19E1,0x19E1,0x19E1,0x0941,0x2982,0x3143,0x2923,0x1904,0x08A2,0x0881,0x18E3,0x1903,0x1903,0x18E3,0x18A1,
0x10A2,0x18C2,0x2944,0x4A26,0x2A02,0x1A00,0x00E0,0x10A1,0x5AEB,0x6B6D,0x4AC7,0x19E1,0x1962,0x3164,0x1081,0x4A8B,
0x2A8E,0x0084,0x00A5,0x00C6,0x00C6,0x00C6,0x00C6,0x00C6,0x00C6,0x00C6,0x00C6,0x00C6,0x00C6,0x00C6,0x00C6,0x00C6,
0x00A6,0x00A6,0x00A6,0x00A6,0x00C6,0x00A6,0x00A6,0x00C6,0x00A6,0x00A6,0x00A6,0x00A6,0x00A6,0x00C6,0x00A6,0x00A6,
0x00C6,0x00C6,0x00C6,0x00C6,0x00C6,0x00C6,0x00A6,0x00C6,0x00C6,0x00C6,0x00C6,0x00A6,0x00C6,0x00A6,0x00A6,0x00A6,
0x00A6,0x00C6,0x00A6,0x00C6,0x00C6,0x00C6,0x00A6,0x00C5,0x00C6,0x00C6,0x00C6,0x00A6,0x00C6,0x00C6,0x00C6,0x00C6,
0x00C6,0x00C6,0x00C6,0x00C6,0x00A6,0x00C6,0x00C6,0x00C6,0x00A6,0x00A6,0x00A6,0x00A6,0x00A6,0x00C6,0x00C6,0x00C6,
0x00C6,0x00C6,0x00C6,0x00C6,0x00C6,0x00C6,0x00C6,0x00A6,0x00C6,0x00C6,0x00E6,0x00C7,0x00C5,0x00C6,0x00C6,0x00C6,
0x00C6,0x00C6,0x00C6,0x00C6,0x00C6,0x00C6,0x00C6,0x00C6,0x00C6,0x00C6,0x00C6,0x00C6,0x00C6,0x00A5,0x10C3,0x4ACD,
0x1989,0x0021,0x0840,0x10E0,0x1965,0x0901,0x1160,0x21C0,0x3161,0x18A1,0x10E2,0x10E2,0x10C2,0x10A1,0x1100,0x19A0,
0x1A00,0x2260,0x11C0,0x21A3,0x52A9,0x6B2B,0x630B,0x5AEA,0x6B4B,0x6B4C,0x4228,0x2103,0x10C1,0x2123,0x2103,0x2103,
0x2124,0x1904,0x2144,0x4227,0x8C0F,0xB554,0xA4B1,0xD657,0xB554,0x9450,0xB554,0x8431,0x7BCF,0x62C7,0x41A2,0x18C2,
0x18C3,0x18E3,0x18E3,0x1903,0x2103,0x1903,0x1903,0x1903,0x2103,0x1903,0x2124,0x2964,0x0881,0x20E2,0x4207,0x5289,
0x00E0,0x0040,0x0920,0x2200,0x1900,0x10C2,0x2144,0x2145,0x5AA9,0x6B2B,0x6B2B,0x5A88,0x3163,0x18E1,0x4A47,0x83CC,
0x62C9,0x18E2,0x18E2,0x5AA9,0x6B0A,0x2103,0x18E3,0x2123,0x2124,0x2144,0x2943,0x2944,0x18E3,0x2123,0x2A02,0x19E0,
0x1A00,0x1A41,0x11E0,0x0160,0x11A0,0x08C0,0x08C1,0x1903,0x2124,0x10C2,0x18E3,0x2964,0x2124,0x1923,0x2162,0x10A1,
0x18C2,0x4207,0x6B2B,0x52C8,0x2240,0x1A20,0x0960,0x00A0,0x31A5,0x3A25,0x2200,0x11C0,0x00C0,0x31C5,0x2103,0x52AC,
0x3ACF,0x00A4,0x00A5,0x00C6,0x00C6,0x00C6,0x00C6,0x00C6,0x00C6,0x00C6,0x00C6,0x00C6,0x00C6,0x00C6,0x00C6,0x00C6,
0x00A6,0x00A6,0x00A6,0x00C6,0x00C6,0x00C6,0x00A6,0x00A6,0x00A6,0x00A6,0x00A6,0x00A6,0x00A6,0x00C6,0x00C6,0x00A6,
0x00C6,0x00C6,0x00C6,0x00C6,0x00C6,0x00C6,0x00C6,0x00C6,0x00C6,0x00C6,0x00A6,0x00C6,0x00A6,0x00A6,0x00A6,0x00A6,
0x00A6,0x00A6,0x00A6,0x00A6,0x00C6,0x00C6,0x00A6,0x00A6,0x00A6,0x00A6,0x00C6,0x00C6,0x00C6,0x00C6,0x00C6,0x00C6,
0x00C6,0x00C6,0x00C6,0x00A6,0x00C6,0x00C6,0x00A6,0x00A6,0x00A6,0x00A6,0x00A6,0x00A6,0x00A6,0x00A6,0x00C6,0x00C6,
0x00C6,0x00C6,0x00A6,0x00A6,0x00C6,0x00A6,0x00A6,0x00A6,0x00A6,0x00C6,0x00C6,0x00C6,0x00C6,0x00C6,0x00C6,0x00C6,
0x00C6,0x00C6,0x00C6,0x00C6,0x00C6,0x00C6,0x00C6,0x00C6,0x00C6,0x00C6,0x00C6,0x00C6,0x00C6,0x00A6,0x10A3,0x4AEE,
0x19AA,0x0000,0x0060,0x1120,0x1945,0x08C1,0x2981,0x18E1,0x10A2,0x10A2,0x08E2,0x08C1,0x10E0,0x1140,0x2200,0x2220,
0x11C0,0x19A1,0x31E5,0x632C,0x6B4C,0x5AEA,0x5AEB,0x632C,0x632B,0x2964,0x1081,0x1903,0x2103,0x2103,0x1903,0x1903,
0x1903,0x2144,0x2985,0x736C,0xAD13,0xAD13,0xACF2,0xBD95,0xB574,0xAD13,0x8C11,0x7BCE,0x7369,0x4A26,0x2123,0x2103,
0x2103,0x18E3,0x1903,0x2103,0x2103,0x1903,0x1903,0x1903,0x1903,0x1903,0x1903,0x1902,0x2944,0x630A,0x6B2B,0x6B0A,
0x1940,0x10C0,0x1180,0x0140,0x08C1,0x00A2,0x00E0,0x19C2,0x4288,0x630C,0x630B,0x6AEA,0x730A,0x6AC8,0x3102,0x18E2,
0x62C9,0x8BEE,0x39C5,0x08A1,0x1923,0x2124,0x2944,0x2124,0x1924,0x1924,0x2124,0x2124,0x18E3,0x1122,0x2221,0x1200,
0x11A0,0x11E0,0x0180,0x0981,0x00A0,0x00C0,0x08E0,0x18E3,0x1903,0x18E2,0x2103,0x2944,0x18E2,0x21C2,0x19C0,0x31C5,
0x5AA9,0x5289,0x6B2C,0x3A46,0x09A0,0x1A20,0x11E0,0x0080,0x10A0,0x21E0,0x11C0,0x0920,0x00E0,0x00A0,0x0861,0x4A8B,
0x328E,0x0084,0x00A5,0x00C6,0x00A6,0x00C6,0x00C6,0x00C6,0x00C6,0x00C6,0x00C6,0x00C6,0x00C6,0x00C6,0x00C6,0x00C6,
0x00A6,0x00A6,0x00A6,0x00C6,0x00A6,0x00A6,0x00A6,0x00A6,0x00A6,0x00A6,0x00A6,0x00A6,0x00A6,0x00A6,0x00C6,0x00C6,
0x00A6,0x00C6,0x00A6,0x00C6,0x00C6,0x00C6,0x00C6,0x00C6,0x00C6,0x00C6,0x00C6,0x00C6,0x00C6,0x00A6,0x00A6,0x00A6,
0x00A6,0x00A6,0x00A6,0x00A6,0x00C6,0x00A6,0x00A6,0x00A6,0x00A6,0x00A6,0x00C6,0x00C6,0x00C6,0x00C6,0x00C6,0x00C6,
0x00C6,0x00C6,0x00C6,0x00C6,0x00C6,0x00C6,0x00A6,0x00C6,0x00A6,0x00A6,0x00A6,0x00A6,0x00C6,0x00C6,0x00C6,0x00C6,
0x00C6,0x00C6,0x00C6,0x00A6,0x00C6,0x00A6,0x00A6,0x00C6,0x00C6,0x00C6,0x00C6,0x00C6,0x00C6,0x00C6,0x00C6,0x00C6,
0x00C6,0x00C6,0x00C6,0x00C6,0x00C6,0x00C6,0x00C6,0x00C6,0x00C6,0x00C6,0x00C6,0x00C6,0x00C6,0x00A6,0x18E4,0x5B50,
0x19CA,0x0021,0x08C0,0x1980,0x4A20,0x2901,0x10A1,0x10A2,0x10A2,0x08A1,0x08A0,0x1100,0x1980,0x1A00,0x1A00,0x1180,
0x31E5,0x5AC9,0x62C9,0x5AEA,0x5ACA,0x6B6C,0x632C,0x31A5,0x10A1,0x18C2,0x1903,0x1903,0x1903,0x2103,0x2103,0x1903,
0x2104,0x2965,0x4A68,0x9CB2,0xB533,0xC5D6,0xC5B5,0xA4F3,0xBD74,0xB554,0x7BEF,0x6BAF,0x4A27,0x2123,0x1903,0x1903,
0x2103,0x2103,0x1903,0x2103,0x2103,0x1903,0x18E3,0x1903,0x18C3,0x18C2,0x31C6,0x1966,0x4228,0x6B4B,0x62EA,0x5AC9,
0x10E0,0x1060,0x0080,0x1120,0x1181,0x1184,0x09A0,0x2260,0x3A24,0x5AEB,0x6B0B,0x62EA,0x62EA,0x732B,0x7B27,0x1080,
0x1081,0x2944,0x2144,0x2144,0x2944,0x2124,0x2145,0x1924,0x1923,0x1904,0x2103,0x2123,0x1942,0x0940,0x0120,0x1A21,
0x11A0,0x09A0,0x0940,0x0040,0x00C0,0x0100,0x0060,0x0861,0x18E3,0x18C2,0x10C2,0x18C2,0x2143,0x2A61,0x09C0,0x1122,
0x5289,0x5AAB,0x5ACA,0x3A25,0x0080,0x00E0,0x0080,0x10A0,0x2160,0x11A0,0x19E0,0x1160,0x00C0,0x00A0,0x0861,0x4A8B,
0x2A6D,0x0063,0x00A5,0x00C6,0x00C6,0x00C6,0x00C6,0x00C6,0x00C6,0x00C6,0x00C6,0x00C6,0x00C6,0x00C6,0x00C6,0x00A6,
0x00C6,0x00A6,0x00A6,0x00C6,0x00A6,0x00A6,0x00A6,0x00A6,0x00A6,0x00A6,0x00A6,0x00A6,0x00A6,0x00A6,0x00A6,0x00A6,
0x00C6,0x00C6,0x00C6,0x00C6,0x00C6,0x00C6,0x00C6,0x00C6,0x00C6,0x00C6,0x00C6,0x00C6,0x00C6,0x00C6,0x00A6,0x00A6,
0x00C6,0x00C6,0x00C6,0x00C6,0x00C6,0x00A6,0x00A6,0x00A6,0x00A6,0x00A6,0x00A6,0x00C6,0x00C6,0x00C6,0x00C6,0x00C6,
0x00C6,0x00C6,0x00C6,0x00C6,0x00A6,0x00A6,0x00C6,0x00C6,0x00C6,0x00C6,0x00C6,0x00C6,0x00C6,0x00C6,0x00C6,0x00C6,
0x00C6,0x00C6,0x00C6,0x00C6,0x00C6,0x00C6,0x00C6,0x00C6,0x00C6,0x00C6,0x00C6,0x00C6,0x00C6,0x00C6,0x00C6,0x00C6,
0x00C6,0x00C6,0x00C6,0x00C6,0x00C6,0x00C6,0x00C6,0x00C6,0x00C6,0x00C6,0x00C6,0x00C6,0x00C6,0x00A6,0x18C3,0x52EE,
0x21CB,0x0041,0x18C0,0x1900,0x39C2,0x2122,0x10C2,0x08A1,0x08A0,0x1120,0x19C0,0x21E0,0x1A00,0x1A20,0x21A2,0x4248,
0x62EA,0x62EA,0x5AA9,0x630B,0x6B6C,0x52AA,0x18E2,0x18E2,0x2103,0x2103,0x1903,0x1903,0x1903,0x1903,0x2104,0x1904,
0x1904,0x2964,0x7BCE,0xCDF6,0xD637,0xC5D6,0xD617,0xBD94,0xC594,0x9CB1,0x73B0,0x52CC,0x39A6,0x2103,0x2103,0x18E3,
0x2123,0x2103,0x1903,0x1903,0x2103,0x2103,0x18E3,0x10C2,0x18E2,0x5268,0x734B,0x29E7,0x4A48,0x6B0A,0x62EA,0x7B6A,
0x21E0,0x1140,0x1180,0x11A0,0x2241,0x11A4,0x29E2,0x62E6,0x734A,0x630B,0x5B0B,0x6B0B,0x7B4A,0x7348,0x41C3,0x18A2,
0x2122,0x18E2,0x2103,0x2143,0x2124,0x2124,0x2124,0x1904,0x1903,0x1903,0x18E3,0x18E3,0x1121,0x09A1,0x0940,0x0960,
0x0900,0x08E0,0x0060,0x08C1,0x00E0,0x00A0,0x0080,0x0040,0x0861,0x0881,0x1903,0x41E6,0x3A04,0x1140,0x0900,0x0020,
0x31C5,0x4246,0x2181,0x29C0,0x1980,0x0060,0x0880,0x3221,0x19E0,0x11A1,0x1120,0x1140,0x0940,0x00E0,0x0840,0x52CD,
0x328E,0x0083,0x00A5,0x00C6,0x00C6,0x00C6,0x00C6,0x00C6,0x00C6,0x00C6,0x00C6,0x00C6,0x00A6,0x00A6,0x00A6,0x00C6,
0x00C6,0x00C6,0x00C6,0x00A6,0x00A6,0x00C6,0x00C6,0x00A5,0x00A6,0x00A6,0x00A6,0x00A6,0x00A6,0x00C6,0x00C6,0x00A6,
0x00C6,0x00C6,0x00C6,0x00C6,0x00C6,0x00C6,0x00C6,0x00C6,0x00C6,0x00C6,0x00C6,0x00C6,0x00C6,0x00C6,0x00C6,0x00C6,
0x00C6,0x00C6,0x00C6,0x00C6,0x00A6,0x00A5,0x00A5,0x00A6,0x00A6,0x00A6,0x00A6,0x00C6,0x00C6,0x00C6,0x00C6,0x00C6,
0x00C6,0x00A6,0x00A6,0x00C6,0x00A6,0x00C6,0x00C6,0x00C6,0x00C6,0x00C6,0x00A6,0x00C6,0x00E6,0x00C6,0x00A6,0x00A6,
0x00A6,0x00C6,0x00C6,0x00C6,0x00C6,0x00C6,0x00C6,0x00C6,0x00C6,0x00C6,0x00C6,0x00C6,0x00C6,0x00C6,0x00C6,0x00C6,
0x00C6,0x00C6,0x00C6,0x00C6,0x00C6,0x00C6,0x00C6,0x00C6,0x00C6,0x00C6,0x00C6,0x00C6,0x00C6,0x00A6,0x10C3,0x4ACD,
0x19AA,0x0041,0x18A1,0x0881,0x00C4,0x08A2,0x10C1,0x08A0,0x1160,0x1A20,0x2260,0x11A0,0x1981,0x4246,0x62CA,0x62EA,
0x5AC9,0x52A9,0x5AEA,0x6B4B,0x39C6,0x1081,0x18E3,0x2123,0x2103,0x1903,0x1903,0x1903,0x1924,0x2104,0x18E3,0x1903,
0x1903,0x4A27,0xB553,0xC5B6,0xBDB6,0xBDB5,0xDE78,0xA4D2,0x9CB1,0x7C11,0x632E,0x31A6,0x2923,0x2123,0x2104,0x1903,
0x2103,0x1903,0x2103,0x2103,0x2103,0x18C2,0x18C2,0x4A27,0x6B2B,0x6B0A,0x62A9,0x1946,0x3A07,0x5289,0x39E6,0x41C3,
0x2280,0x2240,0x1A00,0x21C1,0x2A25,0x1125,0x6B0A,0x732A,0x5B0B,0x5AEC,0x6B4C,0x6B4B,0x4A26,0x20E1,0x1061,0x2103,
0x2144,0x2103,0x2124,0x2103,0x2124,0x2124,0x2124,0x1903,0x1904,0x18E2,0x20E2,0x3143,0x2122,0x0100,0x0980,0x0980,
0x00C0,0x0060,0x00E0,0x00A0,0x0040,0x0041,0x0080,0x00A0,0x0040,0x39C6,0x62EB,0x52A9,0x21A1,0x0940,0x00C0,0x0060,
0x1961,0x2A60,0x1980,0x1940,0x21E0,0x2140,0x1980,0x09A0,0x0901,0x1180,0x19A0,0x1140,0x0940,0x0060,0x0820,0x52CC,
0x3ACF,0x0084,0x0085,0x00C6,0x00C6,0x00C6,0x00C6,0x00C6,0x00C6,0x00C6,0x00C6,0x00C6,0x00C6,0x00C6,0x00A6,0x00C6,
0x00C6,0x00C6,0x00A5,0x00C6,0x00A6,0x0086,0x00A6,0x00C6,0x00A6,0x00A6,0x00C6,0x00A6,0x00A6,0x00C6,0x00A6,0x00A6,
0x00A6,0x00C6,0x00C6,0x00C6,0x00C6,0x00C6,0x00C6,0x00C6,0x00C6,0x00C6,0x00A6,0x00A6,0x00A6,0x00C6,0x00C6,0x00C6,
0x00A6,0x00A6,0x00C6,0x00C6,0x00C6,0x00C6,0x00A5,0x00A6,0x00A6,0x00A6,0x00A6,0x00C6,0x00C6,0x00C6,0x00C6,0x00C6,
0x00C6,0x00C6,0x00A6,0x00A6,0x00C6,0x00C6,0x00C6,0x00C6,0x00A6,0x00C6,0x00C6,0x00A6,0x00A5,0x00C6,0x00A6,0x00A6,
0x00C6,0x00C6,0x00C6,0x00C6,0x00C6,0x00C6,0x00C6,0x00A6,0x00A6,0x00C6,0x00C6,0x00A5,0x00A6,0x00A6,0x00C6,0x00C6,
0x00C6,0x00C6,0x00C6,0x00C6,0x00C6,0x00C6,0x00C6,0x00C6,0x00C6,0x00C6,0x00C6,0x00C6,0x00C6,0x00A6,0x10C3,0x532E,
0x19AA,0x0041,0x10C2,0x18E2,0x08A3,0x0881,0x1980,0x2201,0x1A00,0x1A20,0x19E0,0x29A4,0x5269,0x6B0B,0x5AC9,0x5288,
0x6B4C,0x738C,0x39C6,0x10A1,0x18E2,0x2103,0x2103,0x1903,0x2124,0x1903,0x1903,0x1903,0x1904,0x2103,0x1902,0x10C2,
0x2102,0x7329,0xB533,0xAD13,0xDE57,0xE697,0xDE98,0x9451,0x7C11,0x6B6F,0x31A6,0x2124,0x2103,0x1903,0x2124,0x1903,
0x1903,0x1903,0x2103,0x18E2,0x18C2,0x39A5,0x5AA9,0x734B,0x62E9,0x62E9,0x5268,0x0905,0x08A3,0x3163,0x2942,0x2902,
0x22C0,0x2A81,0x3A45,0x6B4C,0x4ACC,0x0042,0x2944,0x39E5,0x3A07,0x4AAC,0x39E7,0x18C2,0x18C2,0x1903,0x1903,0x1923,
0x2124,0x2104,0x2124,0x2103,0x1903,0x1903,0x1904,0x2103,0x2943,0x39E3,0x39A3,0x3143,0x2183,0x0921,0x0081,0x0120,
0x0920,0x0040,0x0020,0x0020,0x0000,0x0040,0x0921,0x00C0,0x0080,0x3A27,0x632C,0x5AEA,0x0941,0x0160,0x0900,0x0000,
0x21A0,0x42E1,0x29C0,0x2A00,0x2A40,0x2940,0x10C0,0x0080,0x0020,0x00C0,0x0980,0x00C0,0x00C0,0x00A0,0x0820,0x4A8B,
0x2A6D,0x0083,0x0085,0x00C6,0x00C6,0x00C6,0x00C6,0x00C6,0x00C6,0x00C6,0x00C6,0x00C6,0x00C6,0x00C6,0x00A6,0x00C6,
0x00A6,0x08E6,0x1947,0x00E7,0x00C6,0x1926,0x08E6,0x00C7,0x00C6,0x00C6,0x00C6,0x00A6,0x00A6,0x00A6,0x00A6,0x00A6,
0x00C6,0x00C6,0x00C6,0x00C6,0x00C6,0x00C6,0x00C6,0x00C6,0x00C6,0x00A6,0x1106,0x1926,0x2167,0x00E6,0x00A6,0x08E6,
0x1946,0x00C6,0x00C6,0x00C6,0x0064,0x0085,0x00C6,0x00C6,0x00A6,0x00A6,0x00A6,0x00C6,0x00C6,0x00C6,0x00A6,0x00A6,
0x00A6,0x00C6,0x00A6,0x00C6,0x00C6,0x00C6,0x00C6,0x00A6,0x1127,0x1107,0x00C6,0x00A5,0x1926,0x08C6,0x00A6,0x00C6,
0x00C6,0x00C6,0x00C6,0x00C6,0x00C6,0x00C6,0x00C6,0x0906,0x1127,0x00C7,0x00E7,0x1947,0x08E6,0x00A5,0x00C6,0x00C6,
0x00C6,0x00C6,0x00C6,0x00C6,0x00C6,0x00C6,0x00C6,0x00C6,0x00C6,0x00C6,0x00C6,0x00C6,0x00C6,0x00A6,0x10C3,0x530E,
0x1989,0x0021,0x10C1,0x1901,0x1102,0x08E1,0x21E0,0x2240,0x19E0,0x21A3,0x5288,0x62CA,0x62EA,0x62EA,0x6B4B,0x6B4C,
0x4A68,0x2123,0x0881,0x2103,0x2103,0x1903,0x1904,0x1903,0x1924,0x1903,0x18E3,0x1903,0x1923,0x1903,0x18C3,0x3141,
0x5223,0x8BCB,0xB534,0xE678,0xFF19,0xF6F9,0xE6B8,0x9472,0x6BB1,0x4249,0x18E2,0x2103,0x1903,0x18E3,0x1903,0x1903,
0x1903,0x18E3,0x18E3,0x3164,0x62C8,0x838A,0x5A88,0x5A88,0x6B0A,0x62EA,0x5AA9,0x3A26,0x41C2,0x41C2,0x3984,0x3123,
0x31E4,0x5AC9,0x630B,0x6B4B,0x4AAA,0x3A28,0x52CA,0x5AA9,0x39A5,0x1903,0x1081,0x10C2,0x2144,0x2964,0x2124,0x1924,
0x1924,0x1923,0x1903,0x1903,0x1903,0x1903,0x3183,0x3983,0x4A04,0x39C4,0x2104,0x1903,0x2221,0x1A40,0x00E2,0x00A1,
0x0020,0x0020,0x0000,0x0060,0x0900,0x0981,0x00C0,0x0040,0x00A0,0x1123,0x5269,0x31C4,0x1961,0x00C0,0x0040,0x08A0,
0x3A81,0x2A00,0x10E0,0x2A00,0x3260,0x21A0,0x10E0,0x0900,0x1120,0x0040,0x0020,0x0080,0x0040,0x0060,0x1081,0x528B,
0x2A2C,0x0083,0x00A5,0x00C6,0x00C6,0x00C6,0x00C6,0x00C6,0x00C6,0x00C6,0x00C6,0x00C6,0x00C6,0x00C6,0x00C6,0x00C6,
0x0065,0x4A49,0xE632,0x2187,0x1106,0xE5F2,0x5AA9,0x0065,0x00E6,0x00C6,0x00C6,0x00C6,0x00C6,0x00C6,0x00C6,0x00C6,
0x00C6,0x00C6,0x00C6,0x00C6,0x00C6,0x00C6,0x00C6,0x00C6,0x00A6,0x2187,0xBD2F,0xD5D1,0xE633,0x7B6C,0x0045,0x3A28,
0xE613,0x2187,0x0085,0x08E6,0x62EB,0x2188,0x00A6,0x00C6,0x00C6,0x00C6,0x00C6,0x00C6,0x00C6,0x00C6,0x00C6,0x00C6,
0x00C6,0x00A6,0x00A6,0x00C6,0x00C6,0x00C6,0x00C6,0x00A5,0xBD31,0x8BCD,0x0045,0x31C7,0xD5D1,0x31C8,0x0086,0x08E6,
0x00C7,0x00C6,0x00C6,0x00C6,0x00C6,0x08E7,0x0064,0x83AD,0xACD0,0x0066,0x1168,0xDE34,0x4229,0x0065,0x00E6,0x00C6,
0x00C6,0x00E6,0x00C6,0x00C6,0x00C6,0x00C6,0x00C6,0x00C7,0x00C6,0x00C6,0x00C6,0x00C6,0x00C6,0x00A5,0x10C3,0x52ED,
0x19A9,0x0000,0x08C0,0x21E0,0x11A3,0x0961,0x1180,0x21C2,0x4267,0x630B,0x630B,0x630B,0x5AC9,0x738C,0x6B6D,0x3165,
0x10A1,0x20E1,0x2103,0x2123,0x1903,0x1903,0x2104,0x1904,0x1903,0x18E3,0x1903,0x2123,0x1903,0x39A3,0x41A2,0x3162,
0x3185,0x9472,0xBD95,0xEED9,0xF6F9,0xCDF7,0xB554,0x73B0,0x424A,0x2965,0x18E2,0x2123,0x1903,0x18E3,0x1903,0x18E2,
0x10C2,0x18E3,0x4A27,0x736B,0x7B6A,0x6AE9,0x5AA8,0x5288,0x4A06,0x5267,0x4A04,0x5222,0x6261,0x49C3,0x41E6,0x41E5,
0x5AEA,0x630A,0x6B2B,0x6B4C,0x6B4C,0x6B6D,0x4A68,0x18E2,0x1081,0x18E2,0x2123,0x2124,0x1924,0x2144,0x2124,0x2124,
0x2124,0x1904,0x18E4,0x18E3,0x2943,0x49E3,0x4A03,0x2942,0x2144,0x1904,0x2124,0x2201,0x1A00,0x0960,0x1221,0x1181,
0x08E1,0x00A1,0x0000,0x08E0,0x0981,0x0100,0x0000,0x0080,0x0060,0x0020,0x2142,0x21A0,0x11C0,0x1920,0x1080,0x08C1,
0x0900,0x00C0,0x0040,0x1940,0x3A60,0x1980,0x10E0,0x1960,0x1180,0x1140,0x0840,0x0000,0x0000,0x1980,0x1901,0x528B,
0x2A6D,0x00A4,0x00A5,0x00C6,0x00C6,0x00C6,0x00C6,0x00C6,0x00C6,0x00C6,0x00C6,0x00C6,0x00C6,0x00C6,0x00A6,0x00C6,
0x0065,0x4249,0xFED4,0x83CC,0x08E5,0xF673,0x62CA,0x0045,0x00A6,0x0064,0x0044,0x0085,0x00C7,0x00A5,0x0065,0x00C6,
0x00C6,0x00C6,0x0085,0x00A5,0x00C6,0x00C6,0x00C6,0x00E7,0x0065,0x9C4E,0xBCEF,0x1926,0x528A,0xEE53,0x2167,0x0064,
0x2966,0x08C5,0x00A5,0x00C5,0xEE95,0x4A8A,0x0004,0x00C5,0x0065,0x0085,0x00E6,0x0065,0x0065,0x00C6,0x00C6,0x00C6,
0x00C6,0x00C6,0x00C6,0x00C6,0x00C6,0x00C6,0x00C6,0x00A6,0xBD0F,0xD591,0x00A6,0x7BCD,0xFE93,0x31C8,0x0086,0x0085,
0x0045,0x0044,0x00A6,0x00C7,0x00A6,0x0065,0x0003,0x83CC,0xB530,0x00A6,0x00C7,0x29A7,0x1107,0x00A6,0x0064,0x00A5,
0x00C6,0x0065,0x00A6,0x00A5,0x0065,0x0065,0x0086,0x0066,0x0085,0x00C6,0x00C6,0x00A6,0x00C6,0x00A5,0x10C3,0x4AAD,
0x19AA,0x0040,0x1980,0x2200,0x11A3,0x19C3,0x3A45,0x52A9,0x5AEB,0x5ACA,0x5AEA,0x7BAD,0x6B6C,0x31A5,0x18A2,0x20E2,
0x18E2,0x10C2,0x18E3,0x1904,0x1904,0x10A2,0x1903,0x2103,0x1903,0x18E2,0x1903,0x2944,0x4A03,0x4A03,0x2122,0x2124,
0x528A,0xB574,0xCE37,0xBD75,0xD616,0xB554,0x8411,0x4A6B,0x1923,0x2103,0x1903,0x2103,0x2103,0x1903,0x10C2,0x10C2,
0x2985,0x62EA,0x62EA,0x62EA,0x4266,0x52C9,0x5ACA,0x39A5,0x2122,0x3163,0x3983,0x3982,0x7304,0x6AA5,0x83AC,0x83CD,
0x630A,0x6B2A,0x6B6C,0x634C,0x4207,0x1903,0x10A1,0x2123,0x1904,0x18E3,0x2103,0x1904,0x1924,0x1924,0x1904,0x1903,
0x18E3,0x1903,0x3163,0x41C2,0x39A3,0x3983,0x18E3,0x18E3,0x2143,0x2124,0x1943,0x11E1,0x11E0,0x0900,0x09E0,0x0920,
0x11C0,0x0101,0x0942,0x00E0,0x0000,0x0040,0x08A0,0x00C0,0x0040,0x0040,0x31E1,0x2240,0x11C0,0x0920,0x10C0,0x0080,
0x08A0,0x0880,0x08A0,0x19A0,0x3240,0x21C0,0x19C0,0x1160,0x09C0,0x0940,0x1100,0x0840,0x08C0,0x2281,0x10E0,0x4A6B,
0x32AE,0x00C4,0x0085,0x00C6,0x00C6,0x00C6,0x00C6,0x00C6,0x00C6,0x00C6,0x00C6,0x00C6,0x00A6,0x00A6,0x00A6,0x00C6,
0x0065,0x4A69,0xF672,0xC590,0x39E8,0xDDF2,0x6B2B,0x0044,0x5AAA,0xACCF,0xAC8E,0x630A,0x0065,0x3A09,0x83AC,0x08C6,
0x0907,0x00C6,0x738C,0x3A09,0x0086,0x00C6,0x00A6,0x00E6,0x0065,0x9C2D,0xA48E,0x0045,0x08E6,0x4A48,0x1105,0x83AC,
0x8BCC,0x1106,0x0085,0x83ED,0xEE53,0xBD0F,0x83AC,0x0064,0x630B,0x5AAA,0x0045,0x6B2B,0x630B,0x0086,0x00E6,0x00C6,
0x00C6,0x00E6,0x00E6,0x00C6,0x00C6,0x00C6,0x00C6,0x00A5,0xB4CF,0xFEB3,0x52AA,0xBD30,0xF694,0x31C8,0x0065,0x83CD,
0xA48E,0x9C2D,0x39C7,0x0086,0x2187,0xA46E,0x7B6C,0x83CC,0xACD0,0x0085,0x738D,0x944E,0x2167,0x0085,0x83AC,0x29C8,
0x00C6,0x8C0E,0x3A08,0x31C8,0x83AC,0x6B0B,0x6B0A,0x83AD,0x6B2B,0x0085,0x00C7,0x00C6,0x00C6,0x00A5,0x10A3,0x52EE,
0x19AB,0x00A1,0x19E0,0x2200,0x1144,0x3A28,0x6B6C,0x6B0A,0x62EA,0x5ACA,0x62EB,0x5AAA,0x2923,0x18E2,0x2943,0x2943,
0x28E1,0x7261,0x8302,0x41C2,0x3182,0x3961,0x18C2,0x18E3,0x18E3,0x18E3,0x2104,0x3163,0x39A2,0x18C3,0x18C3,0x4A27,
0xA4B0,0xDE36,0xFF3A,0xBD94,0xB574,0xBD74,0x7BAF,0x2986,0x1903,0x2103,0x18E3,0x2103,0x1903,0x10A1,0x3185,0x5AC9,
0x62EA,0x5A88,0x5A89,0x52C8,0x21A0,0x39C4,0x41E5,0x39A3,0x39A4,0x20E1,0x39A4,0x5226,0x940E,0x8BCC,0xA4D1,0x942F,
0x738D,0x5ACA,0x31A6,0x20E2,0x20E2,0x2123,0x39C3,0x2984,0x2166,0x10E3,0x0862,0x18C2,0x18E2,0x2103,0x1904,0x18E3,
0x3183,0x41C3,0x49E3,0x3162,0x18E3,0x18E4,0x1903,0x2123,0x2124,0x2104,0x1142,0x0980,0x0100,0x1101,0x0080,0x11C1,
0x0940,0x00E0,0x0A01,0x00C0,0x0000,0x00A0,0x00C0,0x0080,0x0040,0x00A0,0x2A01,0x2260,0x11C0,0x0120,0x00E0,0x0940,
0x1140,0x0860,0x1100,0x21C0,0x21A0,0x2200,0x1A00,0x19E0,0x0940,0x00C0,0x08C0,0x10A0,0x10C0,0x0960,0x08A0,0x4A8C,
0x32AF,0x00A4,0x0085,0x00C6,0x00C6,0x00C6,0x00C6,0x00C6,0x00C6,0x00C6,0x00C6,0x00C6,0x00C6,0x00C6,0x00C6,0x00C6,
0x0065,0x4A69,0xE5F0,0xCDB0,0x62EA,0xDDF1,0x62EB,0x2167,0xE612,0x7B8C,0x6AEA,0xD5B0,0x39E8,0x5ACA,0xE632,0x1106,
0xACF1,0x2167,0xC550,0x62EB,0x0045,0x00E6,0x00C6,0x00C6,0x0066,0x9C4E,0xA46E,0x0086,0x08C6,0x0064,0x0085,0x83AC,
0xFEB3,0x2987,0x0085,0x6B4C,0xE611,0x9C2C,0x5AA9,0x0043,0xACCE,0x8BCC,0x0003,0xACAE,0xACAF,0x0065,0x00C6,0x00C6,
0x00A5,0x0065,0x0085,0x0085,0x00C6,0x00C6,0x00C6,0x0085,0xB531,0xC571,0xB4EE,0xACCF,0xE633,0x29A7,0x528A,0xE633,
0x6B0A,0x8BED,0xC50F,0x08A4,0xACCF,0xB510,0x6B4C,0xCD90,0xA44E,0x0044,0x62EA,0xFEB3,0x4208,0x0084,0xEE53,0x5ACA,
0x0084,0xEE53,0x6B0A,0x528A,0xFEF4,0x9C6E,0xDDB1,0xACAE,0xCD71,0x528A,0x0065,0x00C6,0x00C6,0x00A5,0x10A2,0x52EE,
0x21CB,0x0061,0x2182,0x5AE9,0x21A7,0x2986,0x630A,0x5AC8,0x632B,0x5289,0x2103,0x1081,0x2103,0x2984,0x2943,0x6AA4,
0xABA2,0xBBA0,0xD440,0xD441,0x8AC1,0x82A1,0x82C1,0x49E2,0x3142,0x41E3,0x2143,0x1903,0x18E3,0x1903,0x2103,0x4228,
0x9CD2,0xD5F6,0xDE78,0xBD94,0xB554,0x9C92,0x5AEB,0x1903,0x18E3,0x2103,0x18E2,0x18E2,0x2923,0x4A26,0x732A,0x62EA,
0x62CA,0x5AC9,0x5289,0x5286,0x3180,0x2943,0x3163,0x41C3,0x41C3,0x2901,0x41E4,0x940D,0xBD73,0xA4F2,0xA4F3,0xACD2,
0x2144,0x10A1,0x2102,0x2944,0x2965,0x2165,0x1963,0x00C2,0x00E4,0x0062,0x0041,0x0881,0x0881,0x18E3,0x2963,0x5223,
0x5203,0x2142,0x1161,0x10C2,0x1903,0x1903,0x2103,0x2123,0x2124,0x2124,0x10E2,0x0100,0x0961,0x0060,0x0020,0x0960,
0x0980,0x0080,0x0100,0x00A0,0x0080,0x0080,0x0060,0x0060,0x0040,0x19A1,0x19E0,0x11C0,0x11A0,0x0140,0x0120,0x0960,
0x0100,0x0920,0x1A00,0x2A80,0x1940,0x19C0,0x2AE0,0x19C0,0x00A0,0x00C0,0x0040,0x1940,0x3241,0x08C0,0x0020,0x52CC,
0x2A8E,0x0084,0x0085,0x00C6,0x00C6,0x00A6,0x00C6,0x00C6,0x00C6,0x00A6,0x00C6,0x00C6,0x00C6,0x00C6,0x00C6,0x00C6,
0x0065,0x4A49,0xD5B1,0x5AC9,0xD5F1,0xF672,0x5A89,0x2967,0xE613,0x52AA,0x4228,0xE613,0x52AB,0x52AA,0xD5B1,0x1126,
0xC571,0x2167,0xB4EF,0x5ACA,0x0065,0x00E6,0x00C6,0x00E7,0x0065,0x944E,0xA44E,0x0065,0x00C6,0x00A6,0x00A6,0x29A8,
0xE654,0x29A8,0x00A6,0x00C5,0xD5D1,0x39E7,0x0003,0x0085,0xA46E,0xACCF,0x08A5,0xCD91,0xA46D,0x0064,0x08E6,0x0065,
0x4A6A,0xC570,0xB50F,0xBD30,0x29A8,0x0086,0x00C6,0x0085,0xC571,0x83AC,0xA46D,0x62E9,0xD5F3,0x29C7,0x630A,0xD5B1,
0x39E8,0x736C,0xE5F2,0x08C4,0xBD31,0x632C,0x0004,0x8C0E,0xA4CF,0x0044,0x08C5,0xDDD1,0x4249,0x00A5,0xDE13,0x52AA,
0x0084,0xD5D1,0x62EB,0x4AA9,0xDDD1,0x1904,0xC592,0x2986,0xA4AF,0x630B,0x0065,0x00C6,0x00C6,0x00A5,0x10A3,0x4AEE,
0x19CB,0x0021,0x4A48,0x736D,0x2187,0x0882,0x3A28,0x31A5,0x1904,0x10A2,0x18E2,0x2103,0x2123,0x2964,0x4A03,0x2102,
0x49C2,0xAC03,0xB3C1,0x59E1,0x0840,0x1880,0x82C0,0x7AA1,0x41A1,0x3184,0x1902,0x18E3,0x1903,0x1903,0x2103,0x31C7,
0x8C51,0xEED9,0xCE37,0xACF2,0xB554,0x7BD0,0x2124,0x10A2,0x1903,0x10C3,0x0861,0x39E7,0x6B2B,0x62EA,0x62C9,0x5AA9,
0x5AAA,0x5289,0x4205,0x41A3,0x3983,0x2922,0x3143,0x2943,0x3183,0x39A3,0x732A,0xBD53,0xC595,0xAD13,0xB513,0xACF2,
0x18C2,0x2123,0x2144,0x2124,0x2144,0x1104,0x00A2,0x00A2,0x08E3,0x08C2,0x08A1,0x18A2,0x2962,0x41E3,0x3183,0x2944,
0x1902,0x0941,0x11C0,0x0940,0x0920,0x1962,0x2123,0x2103,0x2124,0x1904,0x0861,0x0000,0x00A0,0x0060,0x00E0,0x0941,
0x0080,0x0901,0x00A0,0x0040,0x00A0,0x0040,0x0000,0x0000,0x08A0,0x1A00,0x19E0,0x0900,0x0900,0x0140,0x0980,0x00E0,
0x00E0,0x1180,0x2200,0x2240,0x1A00,0x1140,0x2200,0x1A21,0x0900,0x0040,0x0080,0x1180,0x1A00,0x19E1,0x0880,0x424A,
0x2A2C,0x0063,0x00A5,0x00C6,0x00A6,0x00C6,0x00C6,0x00C6,0x00C6,0x00C6,0x00A6,0x00C6,0x00C6,0x00C6,0x00C6,0x00E6,
0x0065,0x4A49,0xE612,0x29C8,0xBD10,0xFE92,0x5269,0x2167,0xE632,0xB4F0,0xACD0,0xA4AF,0x29A8,0x52CA,0xCD90,0x08A4,
0xBD0F,0x1926,0xBD30,0x630B,0x0065,0x00E6,0x00A6,0x00C6,0x0045,0x944D,0xA44D,0x0024,0x1126,0x4A4A,0x00E6,0x29C8,
0xE653,0x2188,0x0086,0x1105,0xD5B0,0x4A28,0x0065,0x00E7,0x3209,0xBD30,0x62EA,0xD5B2,0x31C7,0x0086,0x00C6,0x00A6,
0x31C8,0x83CC,0x7B8C,0x7B8C,0x1947,0x00A6,0x00C6,0x0085,0xBD30,0x7B8C,0x39E7,0x29A7,0xDDF3,0x29C8,0x62EB,0xE612,
0xA4D0,0xACAF,0x83AC,0x0883,0xB4EF,0x6B2B,0x0004,0x8BED,0xACCF,0x0045,0x1106,0xE5F2,0x4249,0x00C6,0xDDF2,0x4A69,
0x0043,0xDE12,0x630B,0x5289,0xD591,0x10E5,0xCD92,0x29C7,0xACCF,0x630B,0x0065,0x00C6,0x00C6,0x00A5,0x18E4,0x4AEE,
0x198A,0x0041,0x4A48,0x630A,0x630B,0x632B,0x4207,0x18A2,0x1081,0x2123,0x2144,0x18E2,0x10C3,0x2943,0x2944,0x0022,
0x0000,0x20E1,0x28C0,0x0000,0x0840,0x3981,0x51C0,0x4120,0x28E1,0x1903,0x18E3,0x1903,0x18E3,0x1903,0x18E3,0x2965,
0x8C52,0xCDF6,0xA4F3,0xA4D2,0xAD54,0x5ACB,0x18E3,0x18E3,0x18C2,0x2103,0x52A9,0x736C,0x62C9,0x62A6,0x62C6,0x5A66,
0x49E4,0x41C4,0x3964,0x3963,0x39A4,0x3182,0x41A2,0x39A4,0x3163,0x41E5,0xACF2,0xC5D6,0xAD13,0xAD12,0xC5D5,0xA4B2,
0x2144,0x2124,0x1924,0x1923,0x2123,0x10C3,0x0040,0x0881,0x18C1,0x2102,0x41C3,0x4A43,0x3162,0x2102,0x18C3,0x1122,
0x11C0,0x11A1,0x0960,0x0120,0x0960,0x0120,0x1141,0x10E2,0x10C2,0x0861,0x2144,0x2985,0x0040,0x0060,0x0080,0x0960,
0x0060,0x0080,0x0020,0x0000,0x0060,0x0060,0x0000,0x0020,0x1120,0x1160,0x19E0,0x19E0,0x1160,0x0920,0x00C0,0x0100,
0x00E0,0x0080,0x0060,0x1160,0x1A40,0x2260,0x1100,0x00A0,0x0900,0x1100,0x08C0,0x0941,0x0100,0x0940,0x10A1,0x4209,
0x2A2C,0x00A3,0x00A5,0x00C6,0x00A6,0x00C6,0x00C6,0x00C6,0x00C6,0x00C6,0x00C6,0x00C6,0x00C6,0x00C6,0x00C6,0x00C6,
0x0065,0x4A69,0xEE52,0x1106,0x7BAC,0xFED3,0x52AA,0x29A8,0xE633,0x29A7,0x1105,0x736C,0x2187,0x5289,0xCD50,0x5AA9,
0xD590,0x734B,0xBD50,0x5ACB,0x0065,0x00C6,0x00A6,0x00C6,0x0045,0x9C4E,0xBCEF,0x1906,0x5ACA,0xEE74,0x1946,0x41E8,
0xEE32,0x4207,0x0065,0x10E4,0xDDD1,0x62CA,0x1106,0x00E7,0x00C6,0xB4EF,0xF693,0xC530,0x0085,0x00C6,0x00C6,0x00C6,
0x00A5,0x0045,0x0065,0x0045,0x00A6,0x00C7,0x00E7,0x0085,0xBD2F,0x83CC,0x0044,0x1967,0xEE12,0x29A8,0x6B4C,0xCD70,
0x08C4,0x3A28,0x83CD,0x00E5,0xC530,0x738C,0x29A8,0xDDF2,0x9C4D,0x0064,0x29A7,0xE632,0x5ACA,0x00E6,0xDDF1,0x62A9,
0x5289,0xEE73,0x5AEA,0x5269,0xDDD1,0x1925,0xCDB2,0x29C7,0xB510,0x6B2B,0x0045,0x00E6,0x00C6,0x00A5,0x10C4,0x428C,
0x1169,0x0061,0x5AEA,0x73AD,0x5268,0x2964,0x0860,0x20E3,0x2123,0x1904,0x2123,0x18C3,0x4181,0x8AA1,0x5A42,0x1963,
0x0083,0x08C2,0x1860,0x18A0,0x51C1,0x5A00,0x28E0,0x1880,0x18A1,0x1082,0x18E2,0x1903,0x18E3,0x18E3,0x18E2,0x18E3,
0x6B6E,0xC5B5,0xACD2,0xA4F2,0x9472,0x2166,0x18E1,0x2922,0x4A47,0x630A,0x734B,0x730B,0x62A6,0x20C0,0x10A0,0x1080,
0x0000,0x2080,0x49A2,0x3983,0x3162,0x2101,0x3983,0x5203,0x5203,0x734B,0xC5B5,0xAD13,0xBD94,0xD637,0xB554,0xC5D6,
0x1944,0x1924,0x2124,0x2103,0x1923,0x1903,0x0861,0x10A2,0x4A04,0x5243,0x41C3,0x3144,0x18E3,0x18E3,0x1923,0x1121,
0x0940,0x09A0,0x09A0,0x0960,0x00C0,0x0160,0x00E0,0x0081,0x2123,0x4207,0x630A,0x632B,0x29A5,0x0060,0x00C0,0x00E0,
0x0020,0x0020,0x0040,0x0000,0x0020,0x0020,0x0840,0x1920,0x2220,0x1120,0x08A0,0x11A0,0x09A0,0x0080,0x00C0,0x00C0,
0x0020,0x0840,0x2181,0x2200,0x11E0,0x1A00,0x08A0,0x10A1,0x11C0,0x0140,0x0020,0x0080,0x1181,0x1160,0x0860,0x4A4A,
0x2A4D,0x00A4,0x00A5,0x00C6,0x00C6,0x00A6,0x00A6,0x00A6,0x00C6,0x00C6,0x00A6,0x00C6,0x00C6,0x00C6,0x00C6,0x00C6,
0x0065,0x4249,0xDDD1,0x10E6,0x1946,0xE612,0x630B,0x0065,0x942D,0xDDD2,0xC591,0xB4EF,0x2168,0x00A5,0x944D,0xCD91,
0x31C7,0xC530,0x9C4D,0x00A5,0x00C6,0x00A6,0x00A6,0x00C5,0x00A6,0x2166,0xBD30,0xD5B1,0xDDF2,0x6B2A,0x08C5,0xB52F,
0xE632,0xB530,0x08E5,0x0064,0x736B,0xEE32,0x942D,0x0085,0x0085,0x4228,0xF673,0x7B8C,0x00A6,0x00C5,0x00C6,0x00C6,
0x00C6,0x00C6,0x00C6,0x00C6,0x00C6,0x00C6,0x00C6,0x00A5,0xB510,0x7BAD,0x0065,0x1968,0xD5B1,0x31C8,0x18E5,0xACAE,
0xCD71,0xDDD2,0x83CE,0x00A6,0x52CB,0xE633,0x944F,0x838C,0x9C4E,0x0064,0xACCF,0xE5D2,0xCD91,0x1926,0x5AEA,0xE654,
0x736B,0x8C0D,0x630A,0x4A69,0xCDB1,0x1926,0xB531,0x2966,0xA4AF,0x5AEA,0x0045,0x08C7,0x00C6,0x00A6,0x10C3,0x52ED,
0x1169,0x0882,0x5AEB,0x39E6,0x1080,0x2102,0x2123,0x2123,0x1903,0x1903,0x18E2,0x4206,0xCCC3,0xCC20,0xB380,0xABA1,
0x7B23,0x5244,0x4161,0x3960,0x4140,0x3120,0x0860,0x0020,0x0040,0x0861,0x10A2,0x2103,0x18E3,0x18E3,0x2103,0x18E3,
0x31C6,0x9CB3,0xBD95,0x9492,0x632D,0x08A2,0x3983,0x7308,0x7B6B,0x62C9,0x5ACA,0x62EA,0x49E4,0x30E1,0x28E0,0x18A0,
0x1040,0x30E1,0x3901,0x3162,0x3183,0x2102,0x3164,0x41C3,0x5A46,0xA4B1,0xB513,0xB533,0xF6FA,0xCDF6,0x9C91,0x9C70,
0x1944,0x1924,0x2124,0x1923,0x1904,0x1903,0x2963,0x4A03,0x41A1,0x0881,0x0882,0x1923,0x1903,0x2123,0x1981,0x0940,
0x00C0,0x0120,0x0940,0x00C0,0x0940,0x00A0,0x00C0,0x0080,0x2985,0x6B4C,0x5AAA,0x630C,0x4A88,0x21C1,0x0100,0x0040,
0x0000,0x0020,0x0060,0x0000,0x0040,0x1140,0x29E0,0x21A0,0x1160,0x11C0,0x1160,0x08E0,0x0980,0x00C0,0x0020,0x0000,
0x0060,0x00A0,0x19A0,0x19E0,0x0940,0x11A0,0x0940,0x08A0,0x00C0,0x00C0,0x0020,0x0000,0x00A0,0x0960,0x0840,0x52CC,
0x328E,0x0083,0x00A5,0x00C6,0x00C6,0x00C6,0x00C6,0x00C6,0x00C6,0x00C6,0x00C6,0x00C6,0x00C6,0x00C6,0x00C6,0x00C6,
0x00C6,0x08E6,0x1926,0x00C6,0x00C6,0x1947,0x1107,0x0085,0x08E6,0x2166,0x1947,0x08C5,0x00A6,0x00C6,0x1127,0x1106,
0x0064,0x10E5,0x1106,0x00A5,0x00C6,0x00C6,0x00C6,0x00A5,0x00A6,0x0085,0x1106,0x1947,0x1946,0x00A5,0x00A6,0x1947,
0x1927,0x1906,0x00C5,0x00A6,0x00C6,0x1966,0x1106,0x00A5,0x0085,0x4A28,0xFE93,0x3A09,0x0086,0x08C6,0x00C6,0x00A6,
0x00C6,0x00C6,0x00C6,0x00C6,0x00C6,0x00C6,0x00C6,0x00C6,0x1926,0x1107,0x00C6,0x00E6,0x1926,0x08E6,0x0085,0x08E6,
0x1945,0x1926,0x0085,0x00A7,0x00C6,0x1967,0x08E5,0x08C6,0x1927,0x00C6,0x1127,0x1926,0x1927,0x00A6,0x00C5,0x2187,
0x00C6,0x08E6,0x0907,0x0907,0x1926,0x00C6,0x1106,0x00C6,0x1106,0x08E6,0x00A6,0x00A6,0x00C6,0x0085,0x10C3,0x4ACD,
0x19AB,0x0062,0x1081,0x18A1,0x2103,0x2123,0x1903,0x2103,0x2103,0x1903,0x18E3,0x4A26,0x52C8,0xA466,0xCC82,0xCC40,
0xC461,0x7261,0x30C0,0x3100,0x28E0,0x1060,0x0020,0x0840,0x1081,0x18E2,0x2103,0x18E2,0x2103,0x1903,0x1903,0x2123,
0x1924,0x73AF,0xD658,0x8C52,0x3A08,0x4207,0x6B0A,0x732A,0x732A,0x62EA,0x62EB,0x630A,0x3164,0x4920,0x61C1,0x4120,
0x28C0,0x1880,0x0860,0x2922,0x3962,0x3142,0x49E3,0x41C5,0x6B0B,0xA4D2,0xC5D5,0xF6F9,0xF6F9,0xDE78,0x9450,0x83EF,
0x1924,0x1924,0x1924,0x2143,0x41E3,0x4A25,0x2964,0x31A6,0x10E3,0x0020,0x18A2,0x18E3,0x18E2,0x2122,0x1181,0x09C0,
0x09A0,0x0100,0x08E0,0x08C0,0x0080,0x00A0,0x00A0,0x0040,0x10A2,0x528A,0x4228,0x3A64,0x3AA1,0x3260,0x21C0,0x1940,
0x08A0,0x0020,0x0000,0x0880,0x3260,0x32E0,0x3260,0x19A0,0x08A0,0x00E0,0x1200,0x1A21,0x08E0,0x0000,0x0060,0x08C0,
0x00C0,0x0060,0x0900,0x19A0,0x0020,0x00A0,0x0100,0x0020,0x0020,0x0060,0x0060,0x08C0,0x0060,0x0040,0x0840,0x52AC,
0x2A4D,0x0063,0x00A5,0x00C6,0x00C6,0x00C6,0x00C6,0x00C6,0x00C6,0x00C6,0x00C6,0x00C6,0x00C6,0x00C6,0x00C6,0x00C6,
0x00C6,0x00A6,0x00A6,0x00C6,0x00C7,0x00A6,0x00A6,0x00C7,0x00C6,0x00A6,0x0085,0x00A6,0x00C6,0x00C6,0x00A5,0x00A6,
0x00C6,0x00A6,0x00A6,0x00C6,0x00A6,0x00C6,0x00C6,0x00A6,0x00A6,0x00C6,0x00A5,0x00A5,0x00A6,0x00C6,0x00C6,0x00A6,
0x00A5,0x00A5,0x00C6,0x00C6,0x00A6,0x0085,0x00A5,0x0064,0x4A6A,0xF693,0xBD2F,0x08C6,0x00C6,0x00C6,0x00A6,0x00A6,
0x00A6,0x00C6,0x00C6,0x00A6,0x00C6,0x00C6,0x00C6,0x00C6,0x00A6,0x00A6,0x00A6,0x00C6,0x00A6,0x00A6,0x00C6,0x00A6,
0x0086,0x00A6,0x00A5,0x00C6,0x00C6,0x00A6,0x00C6,0x00A6,0x00A6,0x00C6,0x00A6,0x00A6,0x00C6,0x00C6,0x00C6,0x00A6,
0x00C6,0x00A6,0x00C5,0x00C6,0x00A6,0x00A6,0x00A6,0x00C6,0x00C6,0x00A6,0x00C6,0x00A6,0x00C6,0x00A5,0x10A2,0x3A6C,
0x21EB,0x0041,0x10A1,0x2103,0x2103,0x2123,0x1903,0x1903,0x18E3,0x1903,0x2102,0x10E5,0x0022,0x00C6,0x6349,0xABE3,
0x4140,0x1880,0x20C0,0x20A0,0x0840,0x0000,0x0040,0x10A2,0x18E3,0x2123,0x2986,0x0882,0x18E3,0x1903,0x2103,0x1903,
0x2102,0x5A24,0x9CD4,0x52ED,0x41A3,0x6AE8,0x62C9,0x62E9,0x62EB,0x5ACB,0x5289,0x4A06,0x3962,0x59A0,0x61C0,0x30E0,
0x1880,0x1060,0x1880,0x2101,0x10A0,0x2902,0x41A3,0x732A,0xBD74,0xD658,0xD637,0xE698,0xBD74,0xC595,0x8410,0x7BD0,
0x18E4,0x2143,0x4A03,0x5224,0x4A47,0x2985,0x0881,0x18E3,0x10E3,0x0020,0x0041,0x10E4,0x2165,0x18E2,0x00C1,0x0161,
0x0180,0x0960,0x0920,0x0060,0x0060,0x0080,0x0000,0x0000,0x0061,0x10C2,0x19C0,0x3B00,0x4300,0x21E0,0x29E0,0x3A60,
0x2A20,0x18E0,0x1060,0x2221,0x32E0,0x2A20,0x1960,0x19A0,0x1200,0x1160,0x0940,0x0960,0x0000,0x08C0,0x11C0,0x00E0,
0x0040,0x0060,0x0040,0x1160,0x1140,0x0040,0x0880,0x0860,0x0040,0x0000,0x0060,0x2A60,0x2201,0x0000,0x0841,0x4A6A,
0x2A0B,0x0062,0x00A5,0x00C6,0x00C6,0x00C6,0x00C6,0x00C6,0x00C6,0x00C6,0x00A6,0x00A6,0x00C6,0x00C6,0x00C6,0x00C6,
0x00C6,0x00C6,0x00A6,0x00C6,0x00C6,0x00C6,0x00A6,0x00A6,0x00C6,0x00C6,0x00C6,0x00C6,0x00A6,0x00C5,0x00C6,0x00C6,
0x00C6,0x00C6,0x00C6,0x00C6,0x00A6,0x00C6,0x00A6,0x00A6,0x00A6,0x00A6,0x00C6,0x00C6,0x00C6,0x00C6,0x00A6,0x00C6,
0x00C6,0x00C6,0x00C6,0x00C6,0x00C6,0x00A6,0x00C6,0x00A5,0x1947,0x4A69,0x2987,0x0085,0x00C6,0x00A6,0x00C6,0x00A6,
0x00A6,0x00C6,0x00C6,0x00C6,0x00C6,0x00C6,0x00C6,0x00A6,0x00C6,0x00C6,0x00A6,0x00A6,0x00C6,0x00A6,0x00A6,0x00C6,
0x00C6,0x00C6,0x00C6,0x00A6,0x00C6,0x00C6,0x00C6,0x00C6,0x00C6,0x00C6,0x00C6,0x00C6,0x00C6,0x00C6,0x00C6,0x00C6,
0x00C6,0x00C6,0x00A6,0x00A6,0x00C6,0x00A6,0x00C6,0x00C6,0x00C6,0x00C6,0x00C6,0x00A6,0x00C6,0x00A5,0x10C3,0x3A6B,
0x198A,0x0041,0x18C2,0x18E3,0x2123,0x2123,0x18E3,0x18E3,0x1903,0x1903,0x2122,0x0083,0x08A3,0x0041,0x20E3,0x5182,
0x0820,0x0000,0x0020,0x0020,0x0020,0x0841,0x10C2,0x1903,0x2103,0x2102,0x2901,0x18A1,0x18E3,0x2123,0x10C2,0x3142,
0x4162,0x0020,0x1167,0x0925,0x0040,0x1860,0x6287,0x5ACA,0x52AA,0x31C6,0x31C5,0x4A05,0x3142,0x61E1,0x7220,0x4120,
0x20C0,0x1060,0x3101,0x3962,0x1060,0x18C0,0x3163,0x9C70,0xCDD5,0xFF5B,0xC595,0xC5B5,0xACF3,0x94B2,0x5B0D,0x6B2B,
0x41E3,0x5A23,0x41A2,0x3184,0x4A48,0x4208,0x1924,0x1904,0x10C3,0x08E4,0x10E4,0x1966,0x1925,0x21A2,0x1181,0x00A1,
0x0081,0x0080,0x0040,0x0020,0x0020,0x0000,0x0060,0x0040,0x00A0,0x0920,0x32E0,0x4B21,0x3220,0x19E0,0x19C0,0x19E0,
0x0940,0x18E0,0x18A0,0x0900,0x00E0,0x0920,0x0920,0x11A0,0x0980,0x1200,0x1A20,0x08C0,0x10E1,0x11C1,0x00C0,0x0020,
0x00A0,0x0060,0x0000,0x19A0,0x2220,0x1980,0x21C0,0x1920,0x1080,0x0880,0x21E0,0x3AE0,0x2260,0x1120,0x1081,0x4A6B,
0x222C,0x0083,0x00A5,0x00C6,0x00A6,0x00C6,0x00C6,0x00C6,0x00C6,0x00C6,0x00A6,0x00C6,0x00C6,0x00C6,0x00C6,0x00C6,
0x00C6,0x00C6,0x00C6,0x00C6,0x00C6,0x00C6,0x00A6,0x00A6,0x00A6,0x00C6,0x00C6,0x00A6,0x00A6,0x00A6,0x00A6,0x00C6,
0x00C6,0x00C6,0x00C6,0x00C6,0x00C6,0x00A6,0x00A6,0x00A6,0x00A6,0x00A6,0x00C6,0x00C6,0x00C6,0x00A6,0x00A6,0x00A6,
0x00C6,0x00C6,0x00C6,0x00A6,0x00A6,0x00A6,0x00A6,0x00C6,0x00A6,0x0065,0x0085,0x00C6,0x00A6,0x00A6,0x00A6,0x00A6,
0x00A6,0x00A6,0x00C6,0x00C6,0x00A6,0x00C6,0x00C6,0x00A6,0x00A6,0x00C6,0x00C6,0x00C6,0x00A6,0x00A6,0x00A6,0x00C6,
0x00A6,0x00C6,0x00C6,0x00A6,0x00C6,0x00C6,0x00C6,0x00C6,0x00C6,0x00C6,0x00C6,0x00C6,0x00C6,0x00C6,0x00C6,0x00C6,
0x00C6,0x00C6,0x00A6,0x00A6,0x00A6,0x00C6,0x00C6,0x00C6,0x00C6,0x00C6,0x00C6,0x00C6,0x00C6,0x00A5,0x18C4,0x42AC,
0x1989,0x0021,0x18C3,0x2123,0x1903,0x1903,0x2103,0x18E3,0x18E3,0x18E3,0x10C2,0x1060,0x0820,0x0862,0x1104,0x0861,
0x0020,0x0041,0x0020,0x0840,0x0881,0x18C3,0x18E3,0x1903,0x18E2,0x20E2,0x3961,0x20C1,0x18E3,0x1902,0x2144,0x5224,
0x4961,0x1081,0x08C2,0x10E1,0x10C1,0x1880,0x41A4,0x4A48,0x2943,0x2963,0x4204,0x4A24,0x2102,0x30C0,0x4100,0x30E0,
0x20A0,0x1060,0x2901,0x2902,0x0820,0x3121,0x6AA7,0x9C91,0xB554,0xE698,0xC5B5,0xBD75,0xC595,0x73F1,0x2165,0x3983,
0x41C3,0x2923,0x18E2,0x2102,0x1904,0x10E5,0x0083,0x1945,0x2166,0x1946,0x10C3,0x18E4,0x1942,0x1A01,0x1A40,0x11C0,
0x0060,0x0061,0x0000,0x0000,0x0061,0x0901,0x00A0,0x0080,0x00C0,0x00C0,0x1A40,0x2A40,0x1140,0x1180,0x1160,0x0900,
0x00A0,0x18C0,0x1080,0x08A0,0x08A0,0x00A0,0x0100,0x1200,0x0960,0x0920,0x0080,0x0880,0x08E0,0x0920,0x00A0,0x0040,
0x0080,0x0060,0x0060,0x2200,0x2220,0x1980,0x21E0,0x2A00,0x20E0,0x2A21,0x2A80,0x1180,0x1180,0x2220,0x18E1,0x52CD,
0x2A8E,0x0083,0x00A5,0x00C6,0x00C6,0x00C6,0x00C6,0x00C6,0x00C6,0x00A6,0x00A6,0x00C6,0x00C6,0x00C6,0x00C6,0x00C6,
0x00C6,0x00C6,0x00C6,0x00C6,0x00A6,0x00A6,0x00A6,0x00C6,0x00C6,0x00A6,0x00A6,0x00C6,0x00C6,0x00C6,0x00A6,0x00C6,
0x00C6,0x00C6,0x00C6,0x00A6,0x00A6,0x00A6,0x00A6,0x00A6,0x00A6,0x00A6,0x00C6,0x00C6,0x00C6,0x00C6,0x00A6,0x00A6,
0x00A6,0x00C6,0x00A6,0x00A6,0x00C6,0x00C6,0x00C6,0x00C6,0x00A6,0x00A6,0x00C6,0x00A6,0x00A6,0x00C6,0x00A6,0x00C6,
0x00A6,0x00C6,0x00C6,0x00C6,0x00C6,0x00A6,0x00A6,0x00A6,0x00A6,0x00A6,0x00C6,0x00C6,0x00A6,0x00A6,0x00C6,0x00A6,
0x00A6,0x00C6,0x00A6,0x00C6,0x00C6,0x00C6,0x00C6,0x00C6,0x00C6,0x00C6,0x00C6,0x00C6,0x00C6,0x00C6,0x00C6,0x00C6,
0x00C6,0x00A6,0x00A6,0x00A6,0x00A6,0x00C6,0x00C6,0x00C6,0x00C6,0x00C6,0x00C6,0x00C6,0x00C6,0x00A5,0x18C4,0x530E,
0x19AA,0x0021,0x18E3,0x2103,0x1903,0x2103,0x2103,0x1903,0x10C3,0x20E3,0x41A2,0x3162,0x1081,0x0040,0x0041,0x0020,
0x0000,0x0040,0x10A2,0x18C2,0x18E3,0x1903,0x1903,0x2103,0x18E3,0x18E2,0x10E3,0x0061,0x10C2,0x39E6,0x632A,0x4A46,
0x4920,0x8AC1,0x61E1,0x3941,0x3121,0x2080,0x18E2,0x31C5,0x3184,0x39A4,0x2962,0x2943,0x20C1,0x6A01,0x7200,0x3920,
0x20E0,0x20A0,0x2902,0x2102,0x0820,0x20E1,0x9C6F,0xD637,0xBD75,0xCDD5,0xB534,0x9CB3,0xA514,0x52CD,0x1081,0x28E0,
0x1904,0x1903,0x18E3,0x2103,0x18E3,0x08A2,0x0881,0x2144,0x2124,0x08C3,0x08A3,0x2164,0x2201,0x0980,0x0960,0x08E0,
0x0960,0x09A1,0x0040,0x0081,0x0961,0x00E0,0x0000,0x00A0,0x0080,0x00A0,0x1A00,0x2A20,0x1920,0x2160,0x1140,0x0920,
0x1100,0x10A0,0x0860,0x08C0,0x08C0,0x00A0,0x00A0,0x00E0,0x09A0,0x00E0,0x0060,0x0880,0x0040,0x0080,0x00A0,0x0060,
0x0040,0x0020,0x0060,0x2220,0x2A40,0x19A0,0x0900,0x1920,0x2900,0x21A0,0x19C0,0x08C0,0x08E0,0x0940,0x10A0,0x5B0E,
0x328E,0x0063,0x00A5,0x00C6,0x00C6,0x00C6,0x00C6,0x00C6,0x00C6,0x00C6,0x00C6,0x00C6,0x00C6,0x00C6,0x00C6,0x00C6,
0x00C6,0x00C6,0x00C6,0x00C6,0x00A6,0x00A6,0x00A6,0x00C6,0x00A6,0x00A6,0x00A6,0x00C6,0x00C6,0x00C6,0x00C6,0x00C6,
0x00A6,0x00A6,0x00A6,0x00C6,0x00C6,0x00C6,0x00A6,0x00A6,0x00A6,0x00A6,0x00A6,0x00C6,0x00C6,0x00A6,0x00C6,0x00A6,
0x00A6,0x00A6,0x00C6,0x00A6,0x00C6,0x00C6,0x00C6,0x00A6,0x00A6,0x00A6,0x00A6,0x00A6,0x00A6,0x00A6,0x00A6,0x00A6,
0x00C6,0x00C6,0x00C6,0x00C6,0x00A6,0x00A6,0x00A6,0x00A6,0x00A6,0x00A6,0x00A6,0x00C6,0x00A6,0x00A6,0x00C6,0x00A6,
0x00A6,0x00A6,0x00C6,0x00C6,0x00C6,0x00C6,0x00C6,0x00A6,0x00C6,0x00C6,0x00C6,0x00C6,0x00C6,0x00A6,0x00A6,0x00C6,
0x00C6,0x00C6,0x00A6,0x00A6,0x00A6,0x00C6,0x00C6,0x00C6,0x00C6,0x00C6,0x00C6,0x00C6,0x00C6,0x00A5,0x18C3,0x4AAC,
0x19AA,0x0020,0x18C2,0x2103,0x1903,0x1903,0x18E3,0x1903,0x3983,0x41C3,0x3162,0x1903,0x18E3,0x18E3,0x18C2,0x10C2,
0x18E2,0x18E2,0x2124,0x1903,0x18E3,0x1903,0x18E3,0x2123,0x1903,0x18E3,0x08C3,0x1104,0x52AA,0x62EA,0x62C9,0x5205,
0x30E0,0x6A01,0x4920,0x20A0,0x20A0,0x20A0,0x3982,0x4A45,0x2964,0x2943,0x2964,0x2943,0x1081,0x7A21,0x8221,0x3900,
0x18A0,0x1880,0x2921,0x2922,0x20E1,0x4A27,0x9450,0xEF1B,0xCDD6,0x9C91,0xA4B2,0x8C31,0x6BAF,0x18C3,0x28E0,0x3982,
0x2124,0x1903,0x18E2,0x2123,0x1903,0x1903,0x1903,0x18E2,0x10C2,0x1104,0x3A08,0x4A88,0x00C0,0x0960,0x1180,0x08C0,
0x1180,0x00A0,0x0981,0x0981,0x0100,0x0000,0x0040,0x0080,0x0080,0x00A0,0x2A40,0x3A40,0x1920,0x21A0,0x19C0,0x19E0,
0x19E0,0x1980,0x1960,0x1140,0x08E0,0x0060,0x1100,0x08E0,0x0040,0x0020,0x0921,0x0040,0x0040,0x0040,0x0020,0x0020,
0x0000,0x0020,0x1941,0x2A60,0x2A60,0x1160,0x0060,0x1080,0x28C0,0x08A0,0x0900,0x00E0,0x08C0,0x08C0,0x0860,0x52CC,
0x2A6D,0x0063,0x00A5,0x00C6,0x00C6,0x00C6,0x00C6,0x00C6,0x00C6,0x00C6,0x00C6,0x00C6,0x00C6,0x00C6,0x00C6,0x00C6,
0x00C6,0x00C6,0x00C6,0x00C6,0x00A6,0x00A6,0x00A6,0x00C6,0x00A6,0x00C6,0x00A6,0x00A6,0x00A6,0x00C6,0x00C6,0x00C6,
0x00A6,0x00C6,0x00A6,0x00C6,0x00C6,0x00C6,0x00C6,0x00A6,0x00A6,0x00A6,0x00A6,0x00A6,0x00A6,0x00A6,0x00A6,0x00A6,
0x00A6,0x00A6,0x00A6,0x00A6,0x00C6,0x00C6,0x00C6,0x00A6,0x00A6,0x00A6,0x00C6,0x00C6,0x00A6,0x00A6,0x00A6,0x00A6,
0x00C6,0x00C6,0x00C6,0x00C6,0x00C6,0x00C6,0x00A6,0x00A6,0x00A6,0x00A6,0x00C6,0x00C6,0x00A6,0x00A6,0x00A6,0x00A6,
0x00A6,0x00C6,0x00A6,0x00A6,0x00A6,0x00C6,0x00C6,0x00C6,0x00A6,0x00A6,0x00C6,0x00A6,0x00A6,0x00A6,0x00A6,0x00C6,
0x00C6,0x00C6,0x00A6,0x00A6,0x00A6,0x00A6,0x00C6,0x00C6,0x00C6,0x00C6,0x00C6,0x00C6,0x00C6,0x00A6,0x18C4,0x42AC,
0x198A,0x0020,0x10C2,0x2103,0x1903,0x10E3,0x2942,0x49E2,0x39A3,0x20E2,0x18C3,0x18E3,0x1903,0x2103,0x2103,0x2103,
0x2123,0x2123,0x2123,0x1903,0x18E3,0x18E3,0x18E2,0x2103,0x10C3,0x1903,0x1966,0x31E7,0x6B0A,0x5A88,0x62EA,0x4A47,
0x20A0,0x6201,0x5180,0x3100,0x30E0,0x28E0,0x3183,0x39C5,0x2964,0x2943,0x2923,0x2943,0x18A1,0x61C1,0x5160,0x20A0,
0x1080,0x1880,0x3961,0x41A2,0x2922,0x8BEF,0xBD73,0xC5D6,0xC5F6,0x9450,0x9471,0x6B4E,0x2124,0x1081,0x39A4,0x41E5,
0x2124,0x1903,0x1903,0x2103,0x18E2,0x18C2,0x0861,0x2964,0x5289,0x31C7,0x3A08,0x52C9,0x19C2,0x0120,0x0900,0x1140,
0x00A0,0x1140,0x0940,0x0060,0x0080,0x0040,0x0080,0x0060,0x0060,0x0060,0x21E0,0x2220,0x1160,0x0940,0x1A40,0x11A0,
0x19C0,0x2260,0x2A40,0x1980,0x1960,0x1960,0x2A00,0x2A20,0x00A0,0x0000,0x0020,0x0040,0x0060,0x0060,0x0020,0x0000,
0x0080,0x2A01,0x3220,0x3220,0x3240,0x21A0,0x08C0,0x1120,0x2100,0x1060,0x0060,0x0900,0x1120,0x08C0,0x0860,0x52AC,
0x328E,0x0083,0x00A5,0x00C6,0x00C6,0x00C6,0x00C6,0x00C6,0x00C6,0x00C6,0x00C6,0x00C6,0x00C6,0x00C6,0x00C6,0x00C6,
0x00C6,0x00C6,0x00C6,0x00C6,0x00A6,0x00A6,0x00A6,0x00A6,0x00A6,0x00A6,0x00A6,0x00A6,0x00C6,0x00C6,0x00C6,0x00C6,
0x00A6,0x00A6,0x00A6,0x00A6,0x00C6,0x00C6,0x00A6,0x00A6,0x00A6,0x00A6,0x00A6,0x00A6,0x00A6,0x00A6,0x00A6,0x00A6,
0x00A6,0x00A6,0x00A6,0x00A6,0x00C6,0x00C6,0x00C6,0x00C6,0x00C6,0x00A6,0x00A6,0x00A6,0x00A6,0x00A6,0x00A6,0x00C6,
0x00C6,0x00A6,0x00A6,0x00A6,0x00C6,0x00C6,0x00C6,0x00A6,0x00A6,0x00C6,0x00A6,0x00A6,0x00A6,0x00A6,0x00A6,0x00A6,
0x00A6,0x00A6,0x00A6,0x00C6,0x00C6,0x00A6,0x00A6,0x00C6,0x00A6,0x00A6,0x00A6,0x00A6,0x00A6,0x00A6,0x00A6,0x00C6,
0x00C6,0x00C6,0x00A6,0x00A6,0x00C6,0x00A6,0x00A5,0x00A6,0x00C6,0x00C6,0x00C6,0x00C6,0x00C6,0x00A6,0x10C3,0x42AD,
0x19CB,0x0041,0x10C2,0x18C3,0x2903,0x41E3,0x41A2,0x2123,0x18E2,0x18E3,0x18E3,0x18E3,0x18E3,0x18E2,0x1903,0x2123,
0x1903,0x1903,0x1903,0x18E3,0x18E3,0x18E3,0x10C3,0x18C1,0x3184,0x630B,0x3A49,0x29A6,0x734B,0x62C9,0x5AA9,0x4A68,
0x4121,0x59A1,0x3920,0x28C0,0x1860,0x18A0,0x3184,0x39A4,0x3183,0x3164,0x3163,0x3162,0x28E1,0x7241,0x4940,0x1880,
0x1880,0x18A0,0x4141,0x3120,0x20E1,0x8C0E,0xE698,0xACF2,0xACF2,0xAD13,0x8410,0x39C7,0x20E1,0x3963,0x39A3,0x3163,
0x2124,0x1903,0x18E3,0x10C2,0x10C2,0x31A5,0x4A28,0x62EA,0x6B2A,0x31C7,0x2145,0x5289,0x11A2,0x09A0,0x09C1,0x0120,
0x0900,0x0920,0x0040,0x0000,0x0080,0x00C0,0x0060,0x0040,0x0020,0x08C0,0x2A40,0x1A20,0x0980,0x0940,0x0980,0x00C0,
0x0100,0x0900,0x2A00,0x1100,0x1940,0x3AA0,0x3280,0x1180,0x0900,0x1100,0x10E0,0x10A0,0x0860,0x0020,0x08E0,0x21C1,
0x2220,0x2AE0,0x2A60,0x2A00,0x29C0,0x29A0,0x29C0,0x2A00,0x2200,0x0900,0x1100,0x2220,0x2A80,0x1A60,0x1101,0x424A,
0x2A6D,0x0083,0x00A5,0x00C6,0x00C6,0x00C6,0x00C6,0x00C6,0x00C6,0x00C6,0x00C6,0x00C6,0x00C6,0x00C6,0x00C6,0x00C6,
0x00C6,0x00C6,0x00C6,0x00C6,0x00A6,0x00C6,0x00A6,0x00C6,0x00A6,0x00A6,0x00A6,0x00A6,0x00A6,0x00C6,0x00C6,0x00C6,
0x00C6,0x00C6,0x00A6,0x00C6,0x00A6,0x00A6,0x00A6,0x00A6,0x00C6,0x00A6,0x00C6,0x00C6,0x00C6,0x00C6,0x00C6,0x00C6,
0x00C6,0x00A6,0x00A6,0x00A6,0x00A6,0x00C6,0x00A6,0x00C6,0x00A6,0x00A6,0x00A6,0x00A6,0x00C6,0x00C6,0x00C6,0x00C6,
0x00C6,0x00C6,0x00C6,0x00C6,0x00C6,0x00C6,0x00C6,0x00C6,0x00C6,0x00C6,0x00A6,0x00A6,0x00C6,0x00C6,0x00A6,0x00A6,
0x00C6,0x00A6,0x00A6,0x00C6,0x00A6,0x00A6,0x00A6,0x00A6,0x00A6,0x00A6,0x00C6,0x00A6,0x00C6,0x00C6,0x00A6,0x00C6,
0x00C6,0x00A6,0x00A6,0x00C6,0x00C6,0x00A6,0x00C6,0x00C6,0x00C6,0x00C6,0x00C6,0x00C6,0x00C6,0x00A6,0x10A3,0x426C,
0x19CB,0x0041,0x18A2,0x3983,0x41C2,0x3163,0x18E2,0x18E2,0x18E3,0x18E3,0x18E3,0x18E3,0x2124,0x2144,0x18E3,0x2104,
0x1903,0x1903,0x1904,0x18E3,0x18E3,0x10C2,0x18E3,0x5267,0x6B29,0x734B,0x3A07,0x2165,0x734B,0x62EA,0x4207,0x2944,
0x6A01,0x92E1,0x4940,0x3900,0x20C0,0x18C0,0x3163,0x3184,0x3163,0x39A3,0x39C3,0x3142,0x2901,0x8261,0x61C0,0x20C0,
0x18A0,0x18A0,0x3121,0x18A1,0x1060,0x83AC,0xC595,0xAD12,0x9CB1,0xA4F2,0x4A49,0x2103,0x3183,0x3962,0x2922,0x3163,
0x2124,0x18E3,0x10C2,0x39A5,0x5A88,0x734C,0x62EA,0x5AC9,0x6B0A,0x29A5,0x0081,0x29A2,0x1101,0x0020,0x08C0,0x09A0,
0x0140,0x0941,0x0000,0x0020,0x0060,0x0060,0x0040,0x0000,0x0000,0x2160,0x2200,0x0980,0x09C0,0x0980,0x0100,0x0960,
0x00A0,0x0040,0x1141,0x21E0,0x2A40,0x4320,0x2A60,0x21E0,0x11A0,0x2220,0x2A60,0x3200,0x28E0,0x1900,0x3281,0x21E0,
0x1980,0x2220,0x11A0,0x19E0,0x2200,0x2240,0x29C1,0x2121,0x29C0,0x1980,0x0100,0x11A0,0x32A0,0x2B00,0x1920,0x4A6B,
0x2A6D,0x0083,0x00A5,0x00C6,0x00C6,0x00C6,0x00C6,0x00C6,0x00C6,0x00C6,0x00C6,0x00C6,0x00C6,0x00C6,0x00C6,0x00A6,
0x00C6,0x00C6,0x0086,0x00A6,0x00C6,0x0086,0x00A6,0x00C6,0x00A5,0x00A5,0x00A6,0x00A5,0x00A6,0x00C6,0x00C6,0x00C6,
0x00C6,0x00A6,0x00A6,0x00A6,0x00A6,0x00A6,0x00A6,0x00C6,0x00C6,0x00C6,0x00A6,0x0086,0x0085,0x00A6,0x00C6,0x00C6,
0x0085,0x00A6,0x00C6,0x00A6,0x00C6,0x00C6,0x00C6,0x00C6,0x00A6,0x00A6,0x00C6,0x00C6,0x00C6,0x00C6,0x00C6,0x00C6,
0x00C6,0x00C6,0x00C6,0x00C6,0x00C6,0x00C6,0x00C6,0x00C6,0x00A6,0x0086,0x00C6,0x00A5,0x0086,0x00A6,0x00A6,0x00C6,
0x00C6,0x00C6,0x00C6,0x00C6,0x00C6,0x00C6,0x00A6,0x00A6,0x00A6,0x00A6,0x00C6,0x00C6,0x00A6,0x0086,0x00C6,0x00C6,
0x00A6,0x00C6,0x00C6,0x00C6,0x00C6,0x00C6,0x00C6,0x00C6,0x00C6,0x00A6,0x00C6,0x00C6,0x00C6,0x00A6,0x10A3,0x4A8D,
0x19AA,0x0860,0x41E2,0x41C3,0x18E3,0x18E3,0x18E2,0x18E3,0x18E3,0x18E3,0x18E3,0x18E2,0x2124,0x1904,0x0881,0x1923,
0x18E3,0x18E3,0x1904,0x10C3,0x18C2,0x31A5,0x62C9,0x62E9,0x62EA,0x62EA,0x4207,0x2123,0x5266,0x39C5,0x3184,0x2944,
0x59C1,0xB3C1,0x7A40,0x4960,0x28E0,0x20C0,0x3982,0x3184,0x2943,0x41C3,0x2923,0x2102,0x3121,0x9AC1,0x69C0,0x28E0,
0x18A0,0x1080,0x20C1,0x18A1,0x1880,0x6AC7,0xCDF6,0xD615,0x9C92,0x5289,0x2921,0x3983,0x41A4,0x49C3,0x3983,0x39A4,
0x18E3,0x2942,0x5A67,0x838B,0x730A,0x62EA,0x5ACA,0x5ACA,0x52C6,0x2202,0x0100,0x0960,0x1180,0x08A0,0x0000,0x0961,
0x0140,0x0940,0x0020,0x0040,0x0040,0x0020,0x0020,0x0040,0x1900,0x31E0,0x21E0,0x09A0,0x0980,0x0980,0x0920,0x0040,
0x0080,0x00C0,0x0020,0x19C0,0x32C0,0x3280,0x0920,0x1140,0x21E0,0x1160,0x1180,0x29E0,0x3100,0x1920,0x11A0,0x08E0,
0x00C0,0x0920,0x08E0,0x08C0,0x08C0,0x1180,0x1120,0x00C0,0x1120,0x49C2,0x2921,0x19A0,0x4AE1,0x3AE0,0x1920,0x52CC,
0x328E,0x00A4,0x00A5,0x00C6,0x00C6,0x00C6,0x00C6,0x00C6,0x00C6,0x00C6,0x00C6,0x00C6,0x00C6,0x00C6,0x00C6,0x00C6,
0x00A6,0x1106,0x29A7,0x00C6,0x08E6,0x31C8,0x1126,0x00A6,0x00A5,0x00C6,0x00A6,0x00C6,0x00C6,0x00C6,0x00C6,0x00C6,
0x00C6,0x00A6,0x00A6,0x00C6,0x00C6,0x00A6,0x00C6,0x00C6,0x00C6,0x0085,0x2167,0x31C8,0x31E8,0x10E6,0x00A6,0x1126,
0x3A08,0x08E7,0x00A5,0x00C6,0x0064,0x00A5,0x00C6,0x00C6,0x00C6,0x00C6,0x00C6,0x00C6,0x00C6,0x00C6,0x00C6,0x00C6,
0x00C6,0x00C6,0x00C6,0x00C6,0x00C6,0x00C6,0x00C6,0x00A6,0x2187,0x1966,0x00A6,0x1106,0x31C8,0x08E6,0x00A6,0x00C6,
0x00C6,0x00C6,0x00C6,0x00C6,0x00C6,0x00C6,0x00C6,0x00A6,0x00A6,0x00A6,0x00C6,0x00A6,0x1927,0x2987,0x00A6,0x00C6,
0x00C6,0x00C6,0x00C6,0x00C6,0x00C6,0x00C6,0x00C6,0x00C6,0x00C6,0x00C6,0x00A6,0x00C6,0x00C6,0x00A6,0x10C3,0x52EE,
0x198A,0x0841,0x2102,0x18E3,0x1902,0x2103,0x18E3,0x1903,0x18E3,0x18E3,0x1903,0x18E3,0x2922,0x3120,0x1061,0x1903,
0x18E3,0x18E3,0x10C2,0x2924,0x5AA9,0x6B2A,0x62C9,0x5AC9,0x5AEA,0x632B,0x4289,0x10C2,0x3142,0x31C4,0x41E5,0x2923,
0x5160,0x92C0,0x59A0,0x30E0,0x1880,0x1880,0x3982,0x39A3,0x3184,0x3163,0x2122,0x10A1,0x3120,0xA302,0x59A0,0x30E0,
0x20C0,0x1080,0x28E1,0x2922,0x20E2,0x3185,0xBD94,0xDE79,0x73D0,0x2944,0x28E0,0x3961,0x4182,0x4182,0x3142,0x2923,
0x5A45,0x7308,0x6B2A,0x6B0A,0x6B0B,0x62EB,0x4227,0x3202,0x2260,0x09C2,0x00C0,0x0080,0x1960,0x1140,0x08C0,0x00A0,
0x0020,0x0060,0x0060,0x0080,0x0020,0x0020,0x08A0,0x1160,0x2240,0x3280,0x11E0,0x1220,0x1A40,0x0940,0x0080,0x00A0,
0x00A0,0x0040,0x0000,0x08E0,0x2AA0,0x2A60,0x1960,0x00C0,0x1980,0x1980,0x0900,0x10E0,0x28E0,0x1080,0x08E0,0x00E0,
0x08C0,0x0900,0x08E0,0x08A0,0x00A0,0x0900,0x0920,0x0940,0x0100,0x3962,0x7A84,0x6283,0x8305,0x6284,0x18C0,0x52CD,
0x32AF,0x00A4,0x00A5,0x00C6,0x00C6,0x00C6,0x00C6,0x00C6,0x00C6,0x00C6,0x00C6,0x00C6,0x00C6,0x00C6,0x00C6,0x00C6,
0x0065,0x4A69,0xEE33,0x29C8,0x1128,0xEE53,0x62CA,0x0065,0x08E6,0x00C6,0x00C6,0x00C6,0x00C6,0x00C6,0x00C7,0x00C6,
0x00C6,0x00A6,0x00C6,0x00C6,0x00C6,0x00A6,0x00A6,0x00C6,0x00A5,0x31C7,0xC550,0xC54F,0xDDF2,0x8BCC,0x0065,0x4249,
0xDDF2,0x2188,0x0086,0x08E5,0x83AD,0x31C8,0x0086,0x00A6,0x00C6,0x00C6,0x00C6,0x00C7,0x00C7,0x00C6,0x00C6,0x00C6,
0x00C6,0x00C6,0x00C6,0x00C6,0x00C6,0x00C6,0x00C6,0x0065,0xB510,0x942E,0x0025,0x3A09,0xE633,0x2167,0x00A5,0x00E7,
0x00E6,0x00C6,0x00C6,0x00C6,0x00C6,0x00C6,0x00C6,0x00C6,0x00C6,0x00C6,0x00E6,0x0065,0x734C,0xC570,0x0085,0x00C6,
0x00C6,0x00C6,0x00C6,0x00C6,0x00C6,0x00C6,0x00C6,0x00C6,0x00C6,0x00C6,0x00A6,0x00A6,0x00C6,0x00A6,0x10A3,0x4AAD,
0x19AA,0x0021,0x10C2,0x2123,0x18E3,0x18E3,0x1903,0x1903,0x1903,0x1903,0x2103,0x18E3,0x2922,0x3181,0x1081,0x1903,
0x10C2,0x1903,0x4227,0x6B0A,0x6B2A,0x6AE9,0x62EA,0x62EA,0x5AEB,0x5287,0x2A26,0x0904,0x3163,0x2984,0x31A4,0x2123,
0x6201,0x9AE1,0x4940,0x20C0,0x1060,0x1080,0x20E1,0x3162,0x20E2,0x2102,0x18A1,0x0860,0x3960,0x92C2,0x38E0,0x3100,
0x20C0,0x1880,0x28E1,0x2943,0x2922,0x3121,0x8BAB,0xAD55,0x4A69,0x3961,0x3962,0x3142,0x28E0,0x20C0,0x2922,0x1081,
0x6B4C,0x630B,0x6B2A,0x632B,0x4267,0x2A24,0x19E0,0x21E0,0x2200,0x0924,0x0061,0x0880,0x29C1,0x2220,0x2220,0x08E0,
0x0860,0x1080,0x0060,0x0860,0x10A0,0x2201,0x2260,0x19A0,0x21E0,0x19E0,0x0920,0x00E0,0x09C0,0x11C0,0x0900,0x0060,
0x0020,0x0000,0x08A0,0x00A0,0x2A61,0x4300,0x2A20,0x21E0,0x2200,0x19C0,0x00A0,0x0880,0x1080,0x0880,0x08C0,0x08C0,
0x00A0,0x00C0,0x08E0,0x1100,0x1140,0x19A0,0x11E0,0x11A0,0x08E0,0x3142,0x7A84,0x8B05,0x82C4,0x7AC5,0x28E1,0x4A8B,
0x3A8E,0x00A4,0x00A5,0x00C6,0x00C6,0x00C6,0x00C6,0x00C6,0x00C6,0x00C6,0x00C6,0x00C6,0x00A6,0x00A6,0x00A6,0x00C6,
0x0065,0x4248,0xFE92,0x7BAC,0x08E7,0xEE31,0x62EA,0x0065,0x00C6,0x0085,0x0085,0x0085,0x00A6,0x00A5,0x00A5,0x00C6,
0x00C6,0x00A6,0x0085,0x00A5,0x00C6,0x00A5,0x00C6,0x00E6,0x0065,0x9C8E,0xB4CE,0x0064,0x3A07,0xDDF1,0x2146,0x0085,
0x08E6,0x00C6,0x00A6,0x08C4,0xE654,0x5289,0x0024,0x00E6,0x00A5,0x00C5,0x00C7,0x00A5,0x00A5,0x00C6,0x00C6,0x00C6,
0x00C6,0x00C6,0x00C6,0x00C6,0x00C6,0x00C6,0x00C6,0x0065,0xB4EE,0x942E,0x0025,0x3208,0xDDF1,0x2188,0x0086,0x00A6,
0x00A5,0x00A6,0x00C6,0x00C7,0x00A5,0x00C5,0x00A5,0x0085,0x00A6,0x00A6,0x00C6,0x0024,0x6B2C,0xC54F,0x0085,0x00C6,
0x00C6,0x00C6,0x00C6,0x00C6,0x00C6,0x00C6,0x00C6,0x00C6,0x00C6,0x00C6,0x00C6,0x00C6,0x00C6,0x00A5,0x18C4,0x42CE,
0x19CA,0x0041,0x10C2,0x2103,0x18E3,0x1903,0x2123,0x2123,0x1903,0x18E3,0x2103,0x1903,0x10E3,0x00A3,0x10A2,0x10C2,
0x2944,0x62EA,0x734B,0x6AEA,0x6B0A,0x62EA,0x630B,0x5ACA,0x31C6,0x31A3,0x19C5,0x00C3,0x08A2,0x08C2,0x10E2,0x2102,
0x7221,0xA301,0x4920,0x20A0,0x1060,0x1860,0x18A1,0x3183,0x2943,0x2122,0x18A1,0x0840,0x1880,0x61C1,0x30A0,0x30E0,
0x20C0,0x20A0,0x20C1,0x2102,0x49C3,0x3101,0x10A2,0x21C9,0x08A2,0x0840,0x3921,0x49C3,0x3143,0x2902,0x2922,0x1081,
0x5B0D,0x4A89,0x39A4,0x29E3,0x1A40,0x1A40,0x19E0,0x1960,0x1140,0x0882,0x1100,0x19A0,0x1160,0x1980,0x2A00,0x19C0,
0x2200,0x29C0,0x18C0,0x1080,0x2A41,0x3300,0x1980,0x10E0,0x1980,0x1180,0x0960,0x08A0,0x0060,0x0920,0x0040,0x0000,
0x0020,0x08E0,0x00A0,0x0060,0x1160,0x2A60,0x29E0,0x21C0,0x19C0,0x1A20,0x0900,0x1900,0x1100,0x0940,0x1100,0x1100,
0x1140,0x0920,0x1120,0x2200,0x2260,0x1A00,0x19A0,0x4A02,0x6A44,0x6244,0x82C4,0x9305,0x8AE5,0x72A4,0x3122,0x4249,
0x326C,0x0083,0x00A5,0x00C6,0x00A6,0x00A6,0x00C6,0x00C6,0x00C6,0x00C6,0x00C6,0x00C6,0x00A6,0x00A6,0x00A6,0x00C6,
0x0065,0x4A69,0xF672,0xDDD0,0x39E8,0xDE12,0x6B4B,0x0045,0x734B,0xC570,0xC571,0x83AC,0x0084,0x4269,0xA48F,0x00E7,
0x0907,0x00C6,0x940E,0x4A49,0x0065,0x00C6,0x00A6,0x00C6,0x0065,0x9C6E,0xA4AF,0x0065,0x08C5,0x2146,0x08C5,0xA46F,
0xB50F,0x1926,0x0064,0x9C6E,0xEE73,0xCD70,0x942D,0x0085,0x7BAD,0x632B,0x0024,0x83CD,0x7BAC,0x0085,0x00E7,0x00C6,
0x00C6,0x00C6,0x00C6,0x00C6,0x00C6,0x00C6,0x00E7,0x0085,0xB510,0x8C2E,0x0002,0x29A6,0xE612,0x2168,0x1967,0xBD30,
0xC571,0x8C2E,0x08E6,0x00E6,0x9C6E,0x5ACB,0xACAF,0x8BED,0x00A6,0x29A7,0xBD31,0x8BCC,0x738C,0xC550,0x0085,0x00C6,
0x00C6,0x00C6,0x00C6,0x00C6,0x00C6,0x00C6,0x00C6,0x00C6,0x00C6,0x00C6,0x00C6,0x00A6,0x00C6,0x00A5,0x10C3,0x428C,
0x19AA,0x0020,0x18C2,0x2103,0x18E3,0x2103,0x2123,0x2123,0x1903,0x1902,0x2143,0x2124,0x1904,0x00A3,0x0882,0x4A68,
0x6B0A,0x6B0A,0x6AE9,0x6B09,0x6B0B,0x630B,0x4A69,0x31A6,0x2164,0x2983,0x29A4,0x1923,0x1923,0x2942,0x3163,0x2102,
0x6180,0x7A41,0x30C0,0x28E0,0x1880,0x20C0,0x20E2,0x3184,0x39C4,0x3982,0x20C1,0x0840,0x1060,0x61A0,0x4120,0x3100,
0x20A0,0x1880,0x18A0,0x10A1,0x49A2,0x28C0,0x0021,0x00C3,0x08A2,0x0820,0x28C1,0x3122,0x3983,0x41E4,0x3984,0x18E2,
0x5AEC,0x4A88,0x4206,0x29A4,0x1140,0x1180,0x19C0,0x1160,0x08E0,0x0021,0x0040,0x0920,0x08E0,0x00C0,0x1160,0x19C0,
0x2240,0x2A60,0x2960,0x18C0,0x2200,0x1140,0x10E0,0x1120,0x1980,0x19C0,0x0980,0x1181,0x09A1,0x00E1,0x0060,0x1161,
0x0960,0x00E0,0x0020,0x0060,0x00A0,0x2220,0x1100,0x19C0,0x2240,0x11A0,0x00E0,0x2A00,0x2A60,0x2A80,0x2240,0x2240,
0x2AA1,0x2260,0x2260,0x2AC0,0x2200,0x31A2,0x6A84,0x8B06,0x82C4,0x82C5,0x8B05,0x72E4,0x4241,0x2A01,0x2922,0x52AC,
0x328E,0x00A4,0x00A5,0x00C6,0x00A6,0x00A6,0x00C6,0x00C6,0x00C6,0x00C6,0x00C6,0x00C6,0x00A6,0x00C6,0x00A6,0x00C6,
0x0065,0x4A69,0xEE52,0xC550,0x7B6B,0xE632,0x62EA,0x1966,0xE5F1,0x4A69,0x39E7,0xE5D1,0x4A49,0x52CA,0xE613,0x1106,
0xACD0,0x1967,0xC530,0x62EA,0x0045,0x00C6,0x00C6,0x00E6,0x0065,0x9C6E,0xA48F,0x0065,0x00C6,0x00A5,0x0085,0x5AEA,
0xEE32,0x2966,0x0085,0x426A,0xE653,0x7B6B,0x3186,0x0044,0xA48E,0x8BCD,0x0003,0xA48E,0xAC8F,0x0066,0x00C6,0x00C6,
0x00C6,0x08C5,0x08C5,0x08C5,0x00C6,0x00C6,0x00C6,0x0085,0xACD0,0xDDF2,0xA48E,0xBD0F,0xE632,0x1947,0x4A49,0x83AC,
0x3187,0xDDB2,0x630B,0x00A6,0xD5B2,0xDDF2,0x6B2B,0xC571,0x4207,0x9C6E,0x9C4D,0x4208,0xC590,0xC530,0x00A5,0x00C6,
0x00C6,0x00C6,0x00C6,0x00C6,0x00C6,0x00C6,0x00C6,0x00C6,0x00C6,0x00C6,0x00C6,0x00C6,0x00C6,0x00A5,0x10C3,0x424A,
0x1968,0x0000,0x18C2,0x2124,0x18E3,0x2103,0x1903,0x1903,0x18E2,0x2103,0x2943,0x2103,0x2144,0x1104,0x4A89,0x6B2B,
0x62A8,0x6AE9,0x6B0A,0x62EA,0x5ACA,0x4207,0x31A5,0x31A5,0x31C4,0x2963,0x3183,0x41C2,0x41C4,0x41C4,0x3163,0x2943,
0x6A01,0x9AE1,0x4100,0x30E0,0x18A0,0x20A0,0x41A2,0x4A04,0x41C3,0x20C0,0x18C1,0x10A1,0x20A0,0x92E2,0x61A0,0x30C0,
0x18A0,0x1880,0x20C0,0x10A2,0x2901,0x4141,0x4121,0x49A1,0x4182,0x2921,0x0820,0x20E2,0x3963,0x49C4,0x4A05,0x20E2,
0x7B8C,0x62EA,0x6B2B,0x6B0B,0x4207,0x1962,0x11C0,0x11A0,0x1141,0x1121,0x1140,0x2A61,0x2220,0x1100,0x1120,0x2220,
0x19E0,0x1160,0x2900,0x1880,0x08E0,0x08E0,0x08C0,0x00E0,0x0100,0x11A0,0x0920,0x0060,0x0920,0x08E0,0x0941,0x0120,
0x00E0,0x0040,0x0080,0x0040,0x0040,0x19E0,0x0940,0x11E0,0x1A00,0x00A0,0x08A0,0x19A0,0x19E0,0x1A20,0x19E0,0x1A60,
0x2280,0x1A20,0x11A0,0x3A22,0x6284,0x72A4,0x8B05,0x8B05,0x82C5,0x7AE4,0x5AE3,0x19E0,0x1A00,0x11A0,0x10C0,0x5B0E,
0x32CF,0x00A4,0x00A5,0x00C6,0x00A6,0x00A6,0x00C6,0x00C6,0x00C6,0x00C6,0x00C6,0x00C6,0x00A6,0x00C6,0x00A6,0x00C6,
0x0065,0x4A69,0xDDF1,0x52AB,0xE633,0xF652,0x5289,0x2186,0xEE53,0x7BAC,0x6B4B,0xF693,0x52AA,0x4AAA,0xD5D2,0x1926,
0xC530,0x2147,0xB4EF,0x62CA,0x0065,0x00C6,0x00C6,0x00E6,0x0065,0x9C4E,0x9C4C,0x0065,0x00E7,0x0086,0x0085,0x2966,
0xE5F2,0x29A7,0x0086,0x0106,0xDDF2,0x4228,0x0024,0x0065,0xA46E,0xB4F0,0x08C6,0xCDB2,0x9C6E,0x0065,0x08E7,0x0065,
0x52AA,0xDE12,0xCD91,0xD5B2,0x31C8,0x0086,0x00E7,0x0085,0xB4CF,0xBD0E,0x62C9,0x83EC,0xE633,0x1988,0x1987,0x7B6C,
0x6B4B,0xE5D1,0x6B2B,0x0064,0xD5B1,0x83ED,0x0025,0x1947,0x10C5,0xB4CF,0x732B,0x0003,0x738C,0xC550,0x0085,0x00C6,
0x00C6,0x00C6,0x00C6,0x00A6,0x00C6,0x00C6,0x00C6,0x00C6,0x00C6,0x00C6,0x00C6,0x00C6,0x00C6,0x00A5,0x10A3,0x3A4A,
0x1989,0x0020,0x18E2,0x2123,0x1903,0x2103,0x18E3,0x18E3,0x18E3,0x18E2,0x1082,0x3185,0x62EA,0x1945,0x62EA,0x6B2B,
0x62EA,0x630A,0x5AEA,0x4A47,0x39C6,0x31C5,0x31A5,0x39E4,0x4205,0x3184,0x39A3,0x4A23,0x39C4,0x39A4,0x41C4,0x3163,
0x5181,0x92A1,0x5160,0x30E0,0x1060,0x1880,0x39A3,0x39C4,0x20E1,0x1080,0x2941,0x3162,0x3121,0x8281,0x5160,0x20A0,
0x18A0,0x20A0,0x20E0,0x10A1,0x18A0,0x4120,0x3920,0x30E0,0x28E0,0x18A0,0x1060,0x3122,0x49C4,0x3983,0x3163,0x10A1,
0x83AC,0x944F,0x83CD,0x6B2B,0x5AAA,0x630B,0x4A88,0x2183,0x0940,0x1A00,0x1A00,0x2220,0x2220,0x0940,0x1180,0x19E0,
0x0900,0x0060,0x1880,0x1060,0x0060,0x08C0,0x08E0,0x00C0,0x00E0,0x00E0,0x00C0,0x0880,0x08A0,0x0940,0x00A0,0x0040,
0x08E0,0x0080,0x0080,0x0040,0x0060,0x0960,0x19E0,0x2AC0,0x2240,0x1080,0x0880,0x08E0,0x0920,0x1980,0x1160,0x1A00,
0x1A00,0x2181,0x51E3,0x82E6,0x8304,0x7AA4,0x8AE5,0x7B05,0x4A22,0x21E0,0x2261,0x11E0,0x0980,0x1A00,0x1901,0x52AC,
0x328E,0x0083,0x00A5,0x00C6,0x00A6,0x00C6,0x00C6,0x00A6,0x00A6,0x00C6,0x00C6,0x00C6,0x00A6,0x00C6,0x00A6,0x00C6,
0x0065,0x4A69,0xEE12,0x2188,0xA48E,0xFEB2,0x5289,0x2988,0xEE94,0x9C6E,0x942E,0x942E,0x2186,0x5A89,0xD5B0,0x08C5,
0xC530,0x1905,0xB530,0x630B,0x0044,0x00C7,0x00C6,0x00C7,0x0065,0xA42C,0x9C0C,0x0003,0x1127,0x736D,0x08E6,0x2167,
0xE632,0x2168,0x0085,0x1906,0xDDD1,0x4228,0x0065,0x00C7,0x3209,0xBD30,0x5AAA,0xCD91,0x31A8,0x00C5,0x00C7,0x00C5,
0x2188,0x5AEA,0x52AA,0x52CB,0x1127,0x00A6,0x00E7,0x0085,0xB4EF,0x83AC,0x0002,0x21A8,0xDE14,0x1967,0xACF0,0xB50F,
0x4207,0xDDB1,0x62CA,0x0023,0xD5B1,0x6B4C,0x0086,0x00C6,0x0063,0xB4EF,0x734B,0x0002,0x6B2C,0xC54F,0x0086,0x00C6,
0x00C6,0x00C6,0x00A6,0x00C6,0x00C6,0x00C6,0x00C6,0x00C6,0x00C6,0x00C6,0x00C6,0x00C6,0x00C6,0x00A5,0x10A3,0x428C,
0x19AA,0x0020,0x20E2,0x2943,0x2103,0x1903,0x1903,0x18E3,0x1903,0x18E2,0x39A5,0x734B,0x6B0B,0x2165,0x62E9,0x734B,
0x632B,0x52AA,0x3A07,0x31A6,0x39E5,0x39C4,0x39C5,0x4205,0x41E5,0x2984,0x31A4,0x3164,0x2123,0x2964,0x4A24,0x2942,
0x4120,0x8AA1,0x5180,0x28C0,0x0840,0x28E1,0x49E4,0x2943,0x20C1,0x2901,0x41C3,0x3983,0x3142,0x7A21,0x4940,0x20A0,
0x20C0,0x28C0,0x2901,0x18C1,0x20C1,0x59A1,0x4960,0x28C0,0x20C0,0x20C0,0x28E0,0x3983,0x3983,0x3983,0x2922,0x1081,
0x20E1,0x4A06,0x7B4B,0x8C0E,0x6B0B,0x6B2B,0x6B0A,0x62C9,0x4247,0x2182,0x0900,0x1160,0x1A20,0x2280,0x2A20,0x21E0,
0x0120,0x0040,0x0020,0x0860,0x08E0,0x0900,0x08E0,0x00C0,0x0080,0x00A0,0x0980,0x09A0,0x0080,0x00A0,0x00C0,0x0020,
0x0060,0x0060,0x0040,0x0000,0x10A1,0x2141,0x0940,0x2260,0x19C0,0x1120,0x1140,0x19A0,0x19A0,0x21C1,0x00E0,0x21C1,
0x4A02,0x7264,0x7284,0x7AE5,0x82C5,0x72A5,0x52A3,0x2A21,0x1180,0x0920,0x0980,0x4AA4,0x5AE8,0x5B6A,0x2984,0x52AC,
0x328E,0x0063,0x00A5,0x00C6,0x00A6,0x00A6,0x00C6,0x00C6,0x00C6,0x00C6,0x00C6,0x00C6,0x00A6,0x00C6,0x00A6,0x00C6,
0x0065,0x4A69,0xF672,0x0905,0x6B6C,0xFF14,0x5ACB,0x2188,0xE613,0x4228,0x2986,0x942D,0x29A8,0x4228,0xC54F,0x836C,
0xCD70,0x8BEC,0xBD2F,0x52AA,0x0065,0x00C6,0x00C5,0x00C6,0x0084,0x8BCD,0xBCEF,0x39C8,0x6B09,0xEE52,0x2147,0x5ACA,
0xFEB3,0x5AAA,0x0085,0x08C5,0xDDD1,0x838C,0x21A7,0x00E7,0x00C6,0xA4AE,0xF672,0xBD0F,0x0065,0x00C7,0x00C6,0x00E6,
0x00A6,0x0065,0x0065,0x0065,0x00A6,0x00C6,0x00C7,0x0085,0xBD30,0x940D,0x0024,0x3A09,0xEE32,0x1947,0xACCF,0x9C4D,
0x3187,0xDD90,0x7B6B,0x0085,0xDDD1,0x734B,0x0065,0x08E6,0x00A5,0xB4CF,0x940C,0x4A48,0xBD50,0xC530,0x00A5,0x00C6,
0x00C6,0x00C6,0x00A6,0x00A6,0x00A6,0x00C6,0x00C6,0x00C6,0x00C6,0x00C6,0x00C6,0x00C6,0x00C6,0x00A6,0x10C3,0x42AC,
0x19AB,0x0020,0x20E2,0x2123,0x2103,0x1903,0x2102,0x2943,0x2102,0x6284,0x730A,0x5ACA,0x52AA,0x1105,0x4A47,0x52CB,
0x39E8,0x2165,0x2985,0x31C6,0x31C4,0x31A4,0x39A4,0x4205,0x39C5,0x2143,0x2123,0x2963,0x2123,0x18E2,0x3985,0x6B0A,
0x59A1,0xA301,0x61C0,0x28C0,0x1060,0x3100,0x8349,0x62C8,0x3184,0x2942,0x2942,0x2123,0x20C0,0x8A82,0x61A0,0x3900,
0x20A0,0x20A0,0x20C0,0x10A1,0x18A1,0x4941,0x4121,0x1880,0x1060,0x1060,0x2901,0x41C4,0x3983,0x41A4,0x2922,0x0840,
0x3143,0x18A1,0x1060,0x5A68,0x940E,0x9450,0x6B4B,0x62C9,0x734C,0x5ACA,0x2964,0x10E1,0x11C0,0x2AC0,0x2240,0x2A20,
0x2220,0x1100,0x08E0,0x1160,0x19A0,0x1940,0x1100,0x1140,0x10E0,0x0020,0x00C0,0x01A0,0x0100,0x0040,0x0080,0x0040,
0x0020,0x0020,0x0000,0x0000,0x49C3,0x7265,0x3982,0x10E0,0x0100,0x1A80,0x3300,0x2A80,0x19E0,0x1140,0x3962,0x72A5,
0x82C4,0x7A84,0x8AE5,0x8B26,0x5263,0x2A00,0x2240,0x0960,0x0100,0x4245,0x7BCB,0x8C0F,0x39C6,0x8453,0x39E8,0x52AC,
0x3AAF,0x0084,0x00A5,0x00C6,0x00A6,0x00A6,0x00C6,0x00C6,0x00C6,0x00C6,0x00C6,0x00C6,0x00A6,0x00A6,0x00A6,0x00C6,
0x0065,0x4208,0xBD30,0x1106,0x1106,0xC571,0x5AAA,0x0045,0x6B2B,0xCD70,0xC571,0x944E,0x1107,0x0085,0x83AD,0xBD30,
0x2967,0xB4CF,0x8C0C,0x0085,0x00C6,0x00A6,0x00C6,0x00C6,0x00C6,0x10E5,0xA4AF,0xCD71,0xC54F,0x5289,0x08C5,0xAD0F,
0xCD70,0xACF0,0x1105,0x0064,0x62EA,0xDDF2,0x83CD,0x0085,0x0085,0x39C7,0xF672,0x62EA,0x00A6,0x00C6,0x00C6,0x00C6,
0x00C6,0x00C6,0x00C6,0x00E6,0x00C6,0x00C6,0x00C6,0x0085,0x9C6F,0x738D,0x0065,0x29C9,0xB50F,0x1905,0x2166,0xCD50,
0x944D,0x5AAA,0xBD10,0x2126,0xA4AE,0x5AC9,0x0065,0x08E6,0x00A6,0x29A7,0xC551,0x942D,0x52A9,0x9C8F,0x00C5,0x00C6,
0x00C6,0x00A6,0x00A6,0x00C6,0x00C6,0x00A6,0x00A6,0x00C6,0x00C6,0x00A6,0x00C6,0x00C6,0x00C6,0x00A6,0x18C3,0x532E,
0x19CA,0x0021,0x18A2,0x1903,0x1903,0x18E3,0x2103,0x2963,0x18E2,0x5224,0x8BEE,0x7BAD,0x4A8A,0x0064,0x10C3,0x31C7,
0x3185,0x18E1,0x18E1,0x4205,0x39C5,0x3184,0x39A4,0x41E4,0x31A4,0x2144,0x2964,0x2143,0x10C2,0x5248,0x8BEC,0x5AC9,
0x5181,0x9281,0x4940,0x20C0,0x1880,0x28C0,0x49E5,0x5247,0x83AC,0x734A,0x3984,0x0880,0x0860,0x7A62,0x8240,0x4140,
0x20C0,0x20A0,0x1060,0x1081,0x2100,0x8282,0x5160,0x1880,0x0840,0x1080,0x2921,0x41A4,0x3983,0x41A4,0x3163,0x0840,
0x3983,0x3142,0x20E1,0x20E1,0x3964,0x732B,0x8C2E,0x736B,0x6B0B,0x62EA,0x5AC9,0x5268,0x29C4,0x1981,0x1140,0x19C0,
0x2A60,0x19E0,0x19E0,0x2220,0x2A40,0x21A0,0x1920,0x1160,0x19C0,0x1960,0x00E0,0x0080,0x0020,0x0020,0x0040,0x0080,
0x0020,0x0000,0x0060,0x4182,0x8AE5,0x7264,0x6244,0x5A25,0x39A3,0x3280,0x3300,0x2220,0x2981,0x49A3,0x7AA5,0x8305,
0x82C5,0x82C6,0x7304,0x4241,0x11A0,0x0980,0x11A0,0x29E2,0x52C7,0x942F,0x3A29,0x0084,0x0042,0x530F,0x2967,0x4A4A,
0x326E,0x0084,0x0085,0x00C6,0x00A6,0x00A6,0x00C6,0x00C6,0x00C6,0x00A6,0x00C6,0x00C6,0x00A6,0x00A6,0x00A6,0x00A6,
0x00A6,0x00A6,0x00A5,0x00C6,0x00C6,0x08C6,0x00C6,0x00C5,0x00C5,0x00C5,0x00C5,0x0085,0x00A6,0x00C7,0x00C6,0x00A5,
0x0085,0x0086,0x00C6,0x00C6,0x00C6,0x00C6,0x00C6,0x00C6,0x00C6,0x00A6,0x00A5,0x00A4,0x00A4,0x00A5,0x00A6,0x08A5,
0x00A5,0x00A5,0x00A6,0x00C6,0x00C6,0x08C5,0x00C5,0x00C5,0x00A4,0x5269,0xEE53,0x29A8,0x0086,0x00E6,0x00C6,0x00C6,
0x00C6,0x00C6,0x00C6,0x00C6,0x00C6,0x00A6,0x00C6,0x00C7,0x08A5,0x00C5,0x00C6,0x00C6,0x08A5,0x00C5,0x00C6,0x00C5,
0x00A5,0x00C6,0x08E6,0x00E6,0x00C5,0x00A5,0x00C6,0x00E6,0x00C6,0x00C6,0x08C5,0x00A6,0x00C6,0x08C4,0x00C6,0x00C6,
0x00C6,0x00C6,0x00A6,0x00C6,0x00C6,0x00A6,0x00A6,0x00C6,0x00C6,0x00A6,0x00C6,0x00A6,0x00C6,0x00A6,0x18E4,0x5B50,
0x1989,0x0000,0x10C2,0x2103,0x18E2,0x2103,0x1903,0x18E2,0x18E2,0x20E2,0x41C5,0x732A,0x840E,0x5AEA,0x4A47,0x5AA8,
0x6309,0x4A25,0x4A26,0x41E5,0x2944,0x3184,0x4204,0x41E4,0x2943,0x10E3,0x18E2,0x41C6,0x736A,0x83AC,0x41C5,0x0000,
0x61E1,0xAB61,0x3900,0x1880,0x1080,0x30E0,0x2901,0x0820,0x41C5,0x7B8A,0x7B6A,0x62C8,0x2902,0x7A41,0x8A80,0x4120,
0x20C0,0x1880,0x20A0,0x0860,0x18A1,0xA322,0x8A61,0x3100,0x1880,0x18A0,0x20C0,0x18C1,0x2923,0x39A4,0x39A4,0x1081,
0x2124,0x2103,0x2923,0x3983,0x3142,0x20C1,0x2903,0x62A8,0x83EF,0x73AD,0x62E9,0x6B2B,0x62EA,0x5289,0x2144,0x1100,
0x19C0,0x2AA0,0x2260,0x2220,0x2240,0x1180,0x0060,0x0920,0x19E0,0x2200,0x1140,0x08A0,0x0040,0x0000,0x0040,0x0060,
0x0060,0x1101,0x2260,0x2A60,0x3A02,0x5A04,0x82C6,0x72A5,0x6A64,0x82E5,0x6AC4,0x6AA4,0x82E6,0x7A84,0x8AC5,0x8AC6,
0x6264,0x3201,0x2A40,0x19E0,0x0940,0x0920,0x6329,0xACD1,0x6B2C,0x1968,0x0085,0x012B,0x09F0,0x5371,0x2966,0x3A09,
0x324D,0x0083,0x00A5,0x00C6,0x00A6,0x00A6,0x00C6,0x00C6,0x00C6,0x00A6,0x00A6,0x00A6,0x00A6,0x00A6,0x00A6,0x00A6,
0x00A6,0x00A6,0x00C6,0x00C6,0x00C6,0x00C5,0x00C5,0x00C6,0x00C6,0x00C6,0x00C6,0x00C6,0x00C6,0x00C6,0x00C6,0x00C6,
0x00C6,0x00C6,0x00C6,0x00C6,0x00C6,0x00C6,0x00C6,0x00C6,0x00C6,0x00C6,0x00A5,0x00C6,0x00A6,0x00A6,0x00C6,0x00C5,
0x00C6,0x00A6,0x00C6,0x00C6,0x00C6,0x00C5,0x00C6,0x0065,0x4A8A,0xF6B3,0xAC8E,0x0085,0x00C7,0x00C6,0x00A6,0x00A6,
0x00C6,0x00C6,0x00C6,0x00C6,0x00C6,0x00C6,0x00C6,0x00C6,0x00C6,0x00A6,0x00A5,0x00A6,0x00C6,0x00C6,0x00A6,0x00C6,
0x00C5,0x00C6,0x00C6,0x00C5,0x00C6,0x00C6,0x00A5,0x00C6,0x00C6,0x00C6,0x00A5,0x00C6,0x00C6,0x00A6,0x00A6,0x00C6,
0x00C6,0x00A6,0x00A6,0x00C6,0x00C6,0x00A6,0x00A6,0x00A6,0x00C6,0x00C6,0x00A6,0x00A6,0x00C6,0x00A6,0x10C3,0x426B,
0x1989,0x0021,0x18C2,0x1903,0x2103,0x18E2,0x10A2,0x18E3,0x5AA8,0x41E5,0x1080,0x1060,0x5226,0x838C,0x736B,0x734B,
0x6B4B,0x62C9,0x630A,0x5ACA,0x4207,0x3184,0x39E5,0x41E6,0x2124,0x10C3,0x4A27,0x9C2D,0x6AE9,0x1081,0x0840,0x0000,
0x61C1,0xAB61,0x38E0,0x18A0,0x1880,0x28E0,0x3143,0x10C2,0x1880,0x20C1,0x28E2,0x736C,0x4A27,0x9281,0x7A20,0x28C0,
0x1880,0x0820,0x3963,0x3963,0x1881,0x8241,0x61A0,0x28C0,0x1880,0x18A0,0x20C0,0x0840,0x0020,0x3163,0x39A3,0x18A1,
0x2123,0x2123,0x2102,0x2923,0x3983,0x4182,0x49A0,0x7A80,0x82E3,0x93EB,0x944F,0x83CD,0x62EA,0x5ACA,0x5ACA,0x5288,
0x29C4,0x19A0,0x19E0,0x11C0,0x11C0,0x19A0,0x1160,0x19C0,0x21E0,0x1180,0x19A0,0x2A20,0x21E0,0x1900,0x1060,0x08A0,
0x2241,0x2280,0x2AA0,0x1A40,0x0960,0x1100,0x5243,0x7AE5,0x7AC4,0x8B06,0x9306,0x9305,0x8B05,0x82E5,0x72E4,0x3A22,
0x11A0,0x11E0,0x1A20,0x0920,0x4264,0x840B,0x736D,0x1947,0x0109,0x09AF,0x0191,0x2272,0x4A8B,0x530E,0x2146,0x4229,
0x2A4D,0x0083,0x00A5,0x00C6,0x00A6,0x00C6,0x00C6,0x00C6,0x00A6,0x00C6,0x00A6,0x00A6,0x00A6,0x00A6,0x00A6,0x00A6,
0x00C6,0x00C6,0x00C6,0x00C6,0x00C6,0x00A6,0x00C6,0x00A6,0x00C6,0x00C6,0x00C6,0x00C6,0x00C6,0x00C6,0x00C6,0x00A6,
0x00C6,0x00C6,0x00A6,0x00C6,0x00A6,0x00C6,0x00C6,0x00C6,0x00C6,0x00A5,0x00A5,0x00A5,0x00A5,0x00A5,0x00C6,0x00A6,
0x00A5,0x00A6,0x00A6,0x00C6,0x00C6,0x00C6,0x00C6,0x00A6,0x1127,0x3A08,0x2167,0x00A6,0x00C6,0x00A6,0x00A6,0x00A6,
0x00A6,0x00C6,0x00C6,0x00C6,0x00C6,0x00C6,0x00A6,0x00C6,0x00C6,0x00A6,0x00A6,0x00A6,0x00A6,0x00A6,0x00C5,0x00C6,
0x00A6,0x00A5,0x00C5,0x00C6,0x00C6,0x00C6,0x00C6,0x00C6,0x00C5,0x00C6,0x00C6,0x00C6,0x00A5,0x00A6,0x00A6,0x00A6,
0x00C6,0x00C6,0x00C6,0x00C6,0x00C6,0x00C6,0x00A6,0x00A6,0x00C6,0x00C6,0x00C6,0x00A6,0x00C6,0x00A5,0x10C3,0x426B,
0x19CA,0x0881,0x3961,0x2922,0x18E3,0x2123,0x3984,0x0861,0x4A06,0x8BEC,0x732A,0x3143,0x20C1,0x18C1,0x39A5,0x83AD,
0x944F,0x6B0B,0x6B4B,0x630A,0x5AEA,0x5AEA,0x4A89,0x39C4,0x4A25,0x942E,0x83AB,0x2103,0x0841,0x0041,0x0042,0x0021,
0x4140,0x69E1,0x3100,0x20C0,0x20A0,0x20A0,0x0860,0x1082,0x2923,0x2921,0x10C2,0x1967,0x18C2,0xAB21,0x69E0,0x1880,
0x1060,0x1060,0x20A1,0x732A,0x5A05,0x92A1,0x59A0,0x28E0,0x20A0,0x1880,0x20C0,0x10A1,0x0860,0x20E1,0x3983,0x1881,
0x3164,0x3184,0x41C5,0x51E4,0x51E2,0x82C1,0xB3A0,0xB3C0,0x9320,0x4980,0x6286,0x8C2D,0x83CD,0x62EA,0x62EB,0x632B,
0x630A,0x4227,0x1962,0x0920,0x11A0,0x2A80,0x2A80,0x2220,0x2A60,0x2220,0x1980,0x19A0,0x3221,0x29E0,0x20C0,0x1960,
0x2260,0x0920,0x11A0,0x0940,0x08E0,0x00C0,0x11C0,0x3281,0x7AE4,0x6A64,0x5A03,0x7AC5,0x9346,0x72E4,0x32E0,0x11C0,
0x19E0,0x1A00,0x3AA3,0x736B,0x83AD,0x31C8,0x0064,0x0087,0x01D1,0x0256,0x0237,0x4B11,0x49E5,0x29A7,0x10A3,0x52AC,
0x328E,0x00A4,0x00A5,0x00C6,0x00A6,0x00C6,0x00C6,0x00C6,0x00A6,0x00C6,0x00A6,0x00A6,0x00A6,0x00A6,0x00A6,0x00A6,
0x00C6,0x00C6,0x00C6,0x00A6,0x00A6,0x00A6,0x00C6,0x00C6,0x00C6,0x00C6,0x00C6,0x00A6,0x00C6,0x00C6,0x00C6,0x00C6,
0x00C6,0x00C6,0x00C6,0x00A6,0x00A6,0x00A6,0x00A6,0x00C6,0x00C6,0x00C6,0x00A5,0x00A5,0x00A5,0x00A5,0x00A5,0x00A5,
0x00A5,0x00A5,0x00A6,0x00A6,0x00A6,0x00C6,0x00C6,0x00C6,0x00A6,0x0085,0x0085,0x00C6,0x00C6,0x00C6,0x00A6,0x00A6,
0x00A6,0x00C6,0x00C6,0x00C6,0x00C6,0x00C6,0x00C6,0x00A6,0x00A6,0x00A6,0x00A6,0x00A6,0x00A6,0x00A6,0x00A6,0x00A6,
0x00A6,0x00A6,0x00A6,0x00C6,0x00C6,0x00C6,0x00C6,0x00C6,0x00C6,0x00A6,0x00A6,0x00A6,0x00A6,0x00A6,0x00A6,0x00C6,
0x00C6,0x00C6,0x00C6,0x00C6,0x00C6,0x00C6,0x00C6,0x00A6,0x00A6,0x00C6,0x00C6,0x00C6,0x00C6,0x0085,0x10C3,0x4ACD,
0x21EC,0x0082,0x2943,0x2102,0x20E1,0x3163,0x6B2A,0x62C9,0x20E2,0x18E1,0x62C9,0x41E6,0x1903,0x18E2,0x1081,0x28E2,
0x49E6,0x7B6C,0x83ED,0x630B,0x630A,0x6B4B,0x6B0A,0x83CC,0x944E,0x62E9,0x18A2,0x0000,0x0020,0x08A3,0x1967,0x0882,
0x3920,0x61E1,0x30E0,0x20C0,0x18A0,0x1060,0x0020,0x0000,0x0882,0x2986,0x29E9,0x0083,0x1040,0x92A1,0x4940,0x1860,
0x1060,0x1880,0x1080,0x2145,0x3122,0x8A81,0x5160,0x30E0,0x28C0,0x1880,0x3101,0x2942,0x10A1,0x10C2,0x18C1,0x1060,
0x41E4,0x8304,0x9366,0x5A03,0x0000,0x20A0,0x6A01,0x5A01,0x0840,0x0020,0x1880,0x28E1,0x5247,0x946F,0x8C0E,0x62E9,
0x5AC9,0x630A,0x5289,0x39E6,0x21A3,0x1A20,0x1A40,0x11C0,0x1A00,0x19C0,0x00C0,0x08E0,0x08E0,0x10E0,0x2900,0x18E0,
0x0940,0x08E0,0x00C0,0x08E0,0x10E0,0x1100,0x19E0,0x2260,0x8326,0x6A65,0x6A84,0x7AA4,0x9326,0x62C4,0x1A60,0x19C0,
0x11A0,0x0960,0x944E,0x5248,0x0000,0x0109,0x098C,0x016E,0x1275,0x0ADA,0x0279,0x5352,0x732A,0x4A28,0x1081,0x52CC,
0x3ACF,0x00A5,0x00A5,0x00C6,0x00A6,0x00A6,0x00A6,0x00A6,0x00A6,0x00C6,0x00C6,0x00A6,0x00A6,0x00A6,0x00C6,0x00C6,
0x00C6,0x00C6,0x00C6,0x00A6,0x00A6,0x00A6,0x00C6,0x00C6,0x00C6,0x00C6,0x00A6,0x00A6,0x00C6,0x00C6,0x00C6,0x00C6,
0x00C6,0x00C6,0x00C6,0x00C6,0x00A6,0x00A6,0x00A6,0x00A6,0x00A6,0x00A6,0x00C6,0x00A6,0x00A6,0x00A5,0x00A5,0x00A5,
0x00A5,0x00A5,0x00C6,0x00C6,0x00C6,0x00C6,0x00C6,0x00C6,0x00C6,0x00C6,0x00C6,0x00C6,0x00C6,0x00C6,0x00A6,0x00A6,
0x00C6,0x00C6,0x00C6,0x00C6,0x00C6,0x00C6,0x00C6,0x00C6,0x00A6,0x00A6,0x00A6,0x00A6,0x00A6,0x00A6,0x00A6,0x00A6,
0x00A6,0x00A6,0x00A6,0x00C6,0x00C6,0x00C6,0x00C6,0x00C6,0x00C6,0x00A6,0x00A6,0x00A6,0x00A6,0x00A6,0x00A6,0x00C6,
0x00C6,0x00C6,0x00C6,0x00C6,0x00C6,0x00C6,0x00C6,0x00C6,0x00C6,0x00C6,0x00C6,0x00C6,0x00C6,0x00A5,0x18C3,0x5B70,
0x220C,0x0062,0x2986,0x5AEC,0x6AE8,0x41A2,0x3141,0x41E5,0x6B0A,0x2123,0x10C2,0x2103,0x1903,0x1903,0x2103,0x20E2,
0x1081,0x20E2,0x41C5,0x6AC9,0x736C,0x7BAD,0x9C4F,0x62C9,0x2104,0x08A2,0x0881,0x0041,0x00A3,0x1987,0x21A8,0x08A3,
0x3121,0x59C1,0x20C0,0x1880,0x1060,0x0000,0x0020,0x0882,0x2125,0x10C4,0x0883,0x0020,0x1060,0x8A61,0x4940,0x1880,
0x1880,0x20C0,0x2123,0x00E4,0x0860,0x8241,0x4920,0x20C0,0x20C0,0x1880,0x20A0,0x7B49,0x7B29,0x2143,0x10C3,0x39C5,
0x41A3,0x69E0,0x7200,0x6201,0x30E1,0x1880,0x1861,0x18A1,0x0000,0x0041,0x20E1,0x30E1,0x0820,0x3143,0x62C9,0x83EE,
0x6B2B,0x62EA,0x5ACA,0x630C,0x630C,0x3A06,0x1121,0x00E0,0x1980,0x29E0,0x21C0,0x0900,0x0040,0x0860,0x28E0,0x1080,
0x08E0,0x08E0,0x08A0,0x00C0,0x0920,0x19E0,0x1A00,0x0940,0x49E3,0x82C5,0x8B06,0x8305,0x82C5,0x41A2,0x09C0,0x11C0,
0x1180,0x1980,0x8BCC,0x41C5,0x0882,0x0087,0x09D1,0x0A77,0x1319,0x0ADA,0x0279,0x2A4E,0x5247,0x7B8B,0x3965,0x4209,
0x328E,0x08A4,0x00A5,0x00C6,0x00C6,0x00C6,0x00C6,0x00C6,0x00A6,0x00C6,0x00C6,0x00C6,0x00A6,0x00C6,0x00A6,0x00C6,
0x00C6,0x00C6,0x00C6,0x00A6,0x00A6,0x00A6,0x00C6,0x00C6,0x00C6,0x00C6,0x00C6,0x00A6,0x00C6,0x00C6,0x00C6,0x00C6,
0x00C6,0x00C6,0x00C6,0x00C6,0x00A6,0x00A6,0x00A6,0x00A6,0x00C6,0x00C6,0x00C6,0x00C6,0x00A6,0x00A5,0x00A5,0x00A5,
0x00A5,0x00A5,0x00C6,0x00C6,0x00C6,0x00C6,0x00C6,0x00C6,0x00C6,0x00C6,0x00C6,0x00C6,0x00C6,0x00C6,0x00C6,0x00C6,
0x00C6,0x00C6,0x00C6,0x00C6,0x00C6,0x00C6,0x00C6,0x00C6,0x00A6,0x00A6,0x00A6,0x00C6,0x00C6,0x00C6,0x00C6,0x00A6,
0x00A6,0x00A6,0x00A6,0x00A6,0x00C6,0x00C6,0x00C6,0x00A6,0x00A6,0x00A6,0x00A6,0x00A6,0x00A6,0x00A6,0x00A6,0x00C6,
0x00C6,0x00C6,0x00C6,0x00C6,0x00C6,0x00C6,0x00C6,0x00C6,0x00C6,0x00C6,0x00C6,0x00C6,0x00C6,0x00A6,0x10C4,0x532F,
0x21AA,0x0041,0x0000,0x3985,0xA4B3,0x6B0B,0x3982,0x3163,0x18C2,0x2103,0x2103,0x2103,0x18E3,0x1903,0x1903,0x2103,
0x2123,0x18E2,0x0020,0x0820,0x83AC,0x8BED,0x41C6,0x0000,0x0020,0x0041,0x0083,0x1146,0x21C7,0x1946,0x10E4,0x2187,
0x2187,0x18E2,0x0020,0x0020,0x10A3,0x08C4,0x1105,0x21A8,0x10C3,0x0020,0x0000,0x0021,0x1060,0xA302,0x5980,0x20C0,
0x18A0,0x20A0,0x18C2,0x08E4,0x18A1,0x9AE1,0x5980,0x2080,0x1880,0x1080,0x0840,0x2124,0x5A88,0x836A,0x6AE9,0x6AC9,
0x2923,0x1880,0x2080,0x61E1,0x8A80,0x69E1,0x3121,0x20E2,0x10E1,0x5222,0x82E0,0x9321,0x6A63,0x18A1,0x1060,0x41A5,
0x6B0B,0x944F,0x7BAD,0x630A,0x6B2B,0x5AC9,0x4207,0x2944,0x1120,0x19C0,0x2260,0x1180,0x00A0,0x08E0,0x1100,0x08C0,
0x08C0,0x08E0,0x08A0,0x08A0,0x19C0,0x1A60,0x1180,0x2922,0x51E3,0x8B05,0x9B66,0x8306,0x6A64,0x51E3,0x31C1,0x11A0,
0x11C0,0x19A0,0x4A45,0x51E6,0x8BED,0x736B,0x1106,0x00AB,0x01F4,0x02B9,0x1B39,0x09F1,0x1129,0x3A69,0x2924,0x422A,
0x324C,0x0063,0x00A5,0x00C7,0x00C6,0x00C6,0x00C6,0x00C6,0x00C6,0x00A6,0x00A6,0x00A6,0x00A6,0x00A6,0x00A6,0x00A6,
0x00C6,0x00A6,0x00A6,0x00A6,0x00C6,0x00C6,0x00A6,0x00C6,0x00A6,0x00A6,0x00A6,0x00A6,0x00C6,0x00C6,0x00C6,0x00C6,
0x00A6,0x00A6,0x00C6,0x00C6,0x00C6,0x00C6,0x00A6,0x00A6,0x00A6,0x00A6,0x00C6,0x00C6,0x00C6,0x00A5,0x00A5,0x00A5,
0x00A5,0x00A5,0x00C6,0x00C6,0x00C6,0x00C6,0x00C6,0x00C6,0x00C6,0x00C6,0x00C6,0x00C6,0x00A6,0x00C6,0x00C6,0x00C6,
0x00C6,0x00C6,0x00C6,0x00C6,0x00C6,0x00C6,0x00C6,0x00C6,0x00A6,0x00A6,0x00A6,0x00C6,0x00C6,0x00C6,0x00C6,0x00A6,
0x00A6,0x00A6,0x00A6,0x00A6,0x00A6,0x00A6,0x00A6,0x00A6,0x00A6,0x00A6,0x00A6,0x00A6,0x00A6,0x00A6,0x00A6,0x00C6,
0x00C6,0x00C6,0x00C6,0x00C6,0x00C6,0x00C6,0x00C6,0x00C6,0x00C6,0x00C6,0x00C6,0x00C6,0x00C6,0x00A6,0x10C3,0x428C,
0x1989,0x10C3,0x6B2C,0x62EA,0x3A08,0x2104,0x2102,0x2102,0x1903,0x2124,0x2103,0x1903,0x18E3,0x18E3,0x1903,0x2103,
0x2143,0x18E2,0x4A26,0x8BCC,0x5AA8,0x1081,0x0000,0x0021,0x0062,0x00C3,0x1987,0x3208,0x21C8,0x1966,0x10E4,0x21A7,
0x2A08,0x1125,0x00A3,0x1126,0x1987,0x1988,0x21A8,0x1105,0x0021,0x0021,0x00C4,0x0905,0x0861,0x71E1,0x5960,0x28C0,
0x2080,0x1880,0x1040,0x0000,0x1040,0xAB62,0x7A20,0x20A0,0x1060,0x1880,0x1880,0x0041,0x0021,0x2964,0x49E5,0x8B8A,
0x2923,0x1081,0x0861,0x3920,0x61E1,0x6A20,0x7240,0x7AC1,0x9B81,0xB3E0,0xB420,0x8B21,0x6223,0x3122,0x2102,0x20E2,
0x20A1,0x4A06,0x8C4E,0x9C4C,0x736A,0x52A9,0x5ACA,0x52AA,0x39C6,0x1942,0x11C0,0x1A60,0x2AC1,0x2240,0x1A00,0x2200,
0x19C0,0x19C0,0x1180,0x08E0,0x1120,0x2981,0x72E5,0x9B67,0x82E5,0x82E5,0x9B67,0x9367,0x7285,0x6224,0x7AA6,0x5A04,
0x2121,0x1140,0x1161,0x1942,0x6AC8,0x8B8B,0x7B4B,0x7B6C,0x218A,0x014E,0x1275,0x22F9,0x1233,0x11B1,0x1927,0x52CC,
0x326E,0x0063,0x00A5,0x00E7,0x00C6,0x00C6,0x00C6,0x00C6,0x00C6,0x00A6,0x00A6,0x00A6,0x00A6,0x00A6,0x00A6,0x00A6,
0x00C6,0x00A6,0x00A6,0x00A6,0x00C6,0x00C6,0x00A6,0x00A6,0x00A6,0x00A6,0x00A6,0x00A6,0x00A6,0x00C6,0x00C6,0x00C6,
0x00C6,0x00C6,0x00C6,0x00C6,0x00C6,0x00C6,0x00C6,0x00A6,0x00A6,0x00A6,0x00C6,0x00A6,0x00A6,0x00A6,0x00A5,0x00A5,
0x00A5,0x00C6,0x00A5,0x00C6,0x00C6,0x00C6,0x00C6,0x00C6,0x00C6,0x00C6,0x00C6,0x00A6,0x00A6,0x00C6,0x00C6,0x00C6,
0x00C6,0x00C6,0x00C6,0x00C6,0x00C6,0x00C6,0x00C6,0x00C6,0x00A6,0x00A6,0x00A6,0x00C6,0x00C6,0x00C6,0x00C6,0x00C6,
0x00A6,0x00A6,0x00A6,0x00A6,0x00A6,0x00C6,0x00A6,0x00A6,0x00A6,0x00A6,0x00A6,0x00C6,0x00A6,0x00A6,0x00A6,0x00C6,
0x00C6,0x00C6,0x00C6,0x00C6,0x00C6,0x00C6,0x00C6,0x00C6,0x00C6,0x00C6,0x00C6,0x00C6,0x00C6,0x00A6,0x18C4,0x426B,
0x1989,0x0021,0x7C11,0x4249,0x0020,0x0860,0x10A1,0x2103,0x2963,0x2923,0x2103,0x1903,0x2103,0x2103,0x1903,0x08A2,
0x2964,0x7B4A,0x9C4D,0x4A47,0x0020,0x0000,0x0021,0x00C4,0x1146,0x1967,0x21A7,0x3208,0x2187,0x2186,0x1967,0x29E7,
0x29A3,0x1125,0x19A8,0x1188,0x08E4,0x10E4,0x0862,0x0021,0x0061,0x08C3,0x1966,0x1925,0x0020,0x5981,0x5160,0x30C0,
0x20A0,0x2080,0x1060,0x0000,0x0820,0x92A1,0x69E0,0x28C0,0x1880,0x1880,0x18C1,0x0882,0x0020,0x0082,0x0061,0x2102,
0x2102,0x2922,0x18A1,0x0840,0x20E2,0x3961,0x51A0,0x7A80,0xABC3,0x9363,0x49C1,0x1061,0x0841,0x18E2,0x3163,0x3143,
0x2102,0x20C1,0x20E2,0x5226,0x8C0E,0x736C,0x62CA,0x52A9,0x630B,0x62EB,0x4206,0x21C2,0x1A20,0x1A40,0x1A20,0x2240,
0x19E0,0x1A00,0x2280,0x21A0,0x41A3,0x7264,0x9305,0x8B26,0x8B05,0x82E6,0x62C3,0x5303,0x7AE5,0x7AA5,0x6A64,0x7284,
0x6223,0x49C3,0x2141,0x11C0,0x3222,0x41E5,0x5A68,0xA4B0,0x83AC,0x3186,0x00A8,0x01F3,0x12B8,0x01D6,0x08C7,0x52CC,
0x328E,0x0063,0x00C5,0x00C7,0x00A6,0x00C6,0x00C6,0x00C6,0x00C6,0x00A6,0x00A6,0x00A6,0x00A6,0x00C6,0x00C6,0x00A6,
0x00A6,0x00C6,0x00A6,0x00A6,0x00A6,0x00C6,0x00C6,0x00A6,0x00A6,0x00A6,0x00A6,0x00A6,0x00A6,0x00C6,0x00C6,0x00C6,
0x00C6,0x00C6,0x00A6,0x00A6,0x00C6,0x00C6,0x00C6,0x00A6,0x00A6,0x00C6,0x00C6,0x00A6,0x00A6,0x00A5,0x00A5,0x00A5,
0x00A5,0x00C6,0x00C6,0x00C5,0x00C6,0x00C6,0x00C6,0x00C6,0x00C6,0x00C6,0x00C6,0x00C6,0x00A6,0x00C6,0x00C6,0x00C6,
0x00C6,0x00C6,0x00C6,0x00C6,0x00C6,0x00C6,0x00C6,0x00C6,0x00C6,0x00C6,0x00A6,0x00C6,0x00C6,0x00C6,0x00A6,0x00A6,
0x00A6,0x00A6,0x00C6,0x00C6,0x00A6,0x00A6,0x00A6,0x00A6,0x00A6,0x00A6,0x00A6,0x00A6,0x00A6,0x00A6,0x00A6,0x00C6,
0x00C6,0x00C6,0x00C6,0x00C6,0x00C6,0x00C6,0x00C6,0x00C6,0x00C6,0x00C6,0x00C6,0x00A6,0x00C6,0x00A6,0x10C3,0x3A6B,
0x19AA,0x0021,0x1124,0x00A2,0x0040,0x0860,0x0861,0x20E2,0x41E3,0x3982,0x1903,0x1903,0x2123,0x1903,0x18E3,0x4A06,
0x942E,0x734B,0x10E2,0x00A2,0x0083,0x0042,0x08E4,0x21A7,0x29E8,0x21A7,0x1987,0x21A7,0x29E8,0x3A49,0x1945,0x2185,
0x10C2,0x0064,0x1126,0x1988,0x08E5,0x0021,0x0000,0x0061,0x1104,0x21A6,0x2187,0x10C4,0x0820,0x7242,0x3900,0x20A0,
0x28C0,0x1880,0x0041,0x0062,0x18A1,0x7201,0x3900,0x28C0,0x1880,0x1880,0x18C1,0x1925,0x08E4,0x1104,0x0862,0x0000,
0x39A4,0x20C1,0x2902,0x20E2,0x0820,0x1040,0x1081,0x30E0,0x61C3,0x20A2,0x0021,0x10A1,0x0861,0x0840,0x3143,0x3143,
0x2922,0x2942,0x2902,0x1060,0x2923,0x5267,0x8C0E,0x83CE,0x6B2C,0x62E9,0x6B09,0x62EB,0x3A06,0x1121,0x0920,0x1180,
0x0960,0x08E0,0x5263,0x7AE5,0x7A84,0x7284,0x82C5,0x9306,0x7AE5,0x3A41,0x2220,0x32C0,0x2A60,0x3A22,0x2961,0x6A65,
0x7AA5,0x7264,0x6A44,0x6263,0x3A21,0x1180,0x29C3,0x4245,0x4206,0x940D,0x836B,0x29A7,0x00EC,0x0A76,0x114A,0x4A6B,
0x328E,0x0083,0x00A5,0x1927,0x1946,0x00A6,0x00C6,0x00C6,0x00C6,0x00A6,0x00A6,0x00A6,0x00A6,0x00C6,0x00C6,0x00C6,
0x00C6,0x00C6,0x00C6,0x00C6,0x00C6,0x00C6,0x00C6,0x00C6,0x00C6,0x00C6,0x00C6,0x00A6,0x00C6,0x00C6,0x00C6,0x00C6,
0x00C6,0x00C6,0x00C6,0x00C6,0x00C6,0x00C6,0x00C6,0x00C6,0x00C6,0x00C6,0x00C6,0x00C6,0x00A6,0x00A6,0x00A6,0x00A6,
0x00A5,0x00A5,0x00C6,0x00A5,0x00A5,0x00A6,0x00A6,0x00A5,0x00C6,0x00A5,0x00A5,0x00A5,0x00C6,0x00C6,0x00A6,0x00C6,
0x00C6,0x00C6,0x00C6,0x00C6,0x00C6,0x00C6,0x00C6,0x00C6,0x00C6,0x00C6,0x00C6,0x00C6,0x00C6,0x00A6,0x00A6,0x00A6,
0x00A6,0x00A6,0x00C6,0x00C6,0x00C6,0x00C6,0x00A6,0x00C6,0x00A6,0x00A6,0x00A6,0x00C6,0x00C6,0x00C6,0x00C6,0x00C6,
0x00C6,0x00C6,0x00C6,0x00C6,0x00C6,0x00C6,0x00C6,0x00C6,0x00C6,0x00C6,0x00A6,0x1926,0x1946,0x0085,0x10C3,0x428C,
0x21CB,0x0081,0x1942,0x1903,0x0000,0x0881,0x18E3,0x1903,0x2122,0x2922,0x2123,0x2123,0x2103,0x3185,0x8BCC,0x732A,
0x10A1,0x0021,0x0041,0x08C4,0x1967,0x1987,0x1987,0x2186,0x31E8,0x29C8,0x21A7,0x2187,0x1946,0x3229,0x2985,0x2163,
0x2165,0x1105,0x08E4,0x08A4,0x0000,0x0020,0x08E4,0x1145,0x29A5,0x2186,0x1966,0x10C3,0x10A1,0x2902,0x1880,0x0840,
0x1060,0x08A2,0x1125,0x00A3,0x20A0,0x92A2,0x4120,0x20A0,0x1060,0x1060,0x1880,0x2943,0x1965,0x21C7,0x1103,0x10A2,
0x7309,0x5A67,0x3143,0x18C1,0x2102,0x18A1,0x0840,0x0881,0x1082,0x0062,0x0881,0x0821,0x0820,0x20E2,0x3163,0x3144,
0x2923,0x2923,0x2902,0x2902,0x28E2,0x1880,0x39A4,0x6B0A,0x7BAC,0x734B,0x62E9,0x630A,0x630A,0x5AA9,0x2984,0x0920,
0x4262,0x72A5,0x82C6,0x8B05,0x82E5,0x82C5,0x6223,0x3A01,0x2A80,0x32A0,0x2200,0x2220,0x2260,0x1220,0x0120,0x18C1,
0x6224,0x8AC5,0x7AA4,0x8B05,0x9326,0x5243,0x1980,0x19C0,0x2182,0x5267,0x5A47,0x5AA8,0x7B8B,0x326E,0x08E7,0x4209,
0x2A2C,0x0062,0x18E4,0x736D,0x6B0B,0x2986,0x0085,0x00C7,0x00C6,0x00A6,0x00A6,0x00A6,0x00C6,0x00A6,0x00A6,0x00C6,
0x00C6,0x00C6,0x00C6,0x00C6,0x00C6,0x00C6,0x00C6,0x00C6,0x00C6,0x00C6,0x00C6,0x00C6,0x00C6,0x00C6,0x00C6,0x00A6,
0x00C6,0x00C6,0x00C6,0x00C6,0x00C6,0x00C6,0x00C6,0x00C5,0x00C6,0x00C6,0x00C6,0x00A5,0x00A5,0x00A6,0x00A6,0x00A6,
0x00C6,0x00C5,0x00A5,0x00A5,0x00A6,0x00A6,0x00A5,0x00A5,0x00A5,0x00A5,0x00A5,0x00C6,0x00A5,0x00C6,0x00A5,0x00C6,
0x00C6,0x00C6,0x00C6,0x00C6,0x00C6,0x00C6,0x00C6,0x00C6,0x00C6,0x00C6,0x00C6,0x00C6,0x00A6,0x00A6,0x00A6,0x00C6,
0x00C6,0x00C6,0x00C6,0x00C6,0x00C6,0x00C6,0x00C6,0x00C6,0x00C6,0x00C6,0x00C6,0x00C6,0x00C6,0x00C6,0x00C6,0x00C6,
0x00C6,0x00C6,0x00C6,0x00C6,0x00C6,0x00C6,0x00C6,0x00C6,0x00C6,0x00A5,0x1946,0x83EE,0x5AA9,0x10E5,0x18C4,0x5B2F,
0x21CB,0x0882,0x4A66,0x62C9,0x49E5,0x18E3,0x18E2,0x18E3,0x2942,0x41C3,0x2923,0x2123,0x18E2,0x4206,0x93CA,0x838B,
0x5226,0x28E2,0x0000,0x0021,0x1987,0x29C8,0x2186,0x21A7,0x29A7,0x29C7,0x29C7,0x29C7,0x1124,0x31C6,0x2984,0x2966,
0x2166,0x08C3,0x1967,0x326C,0x1946,0x08E4,0x1945,0x1945,0x1945,0x1125,0x1104,0x18E2,0x2166,0x1988,0x0925,0x0062,
0x0883,0x1126,0x1125,0x0000,0x1040,0x8A81,0x4960,0x1880,0x1880,0x1080,0x1880,0x0861,0x10E3,0x39E6,0x2164,0x2124,
0x9450,0x7B8C,0x732A,0x41E5,0x20C2,0x2922,0x3962,0x1081,0x0020,0x0020,0x0000,0x1060,0x39A2,0x39A3,0x3143,0x3163,
0x2923,0x2923,0x2902,0x2102,0x3143,0x2923,0x2901,0x1880,0x1880,0x5287,0x5267,0x5AA8,0x5AA7,0x62E9,0x632C,0x4A47,
0x7B07,0x7AC6,0x7A84,0x9326,0x9346,0x5AC3,0x19C0,0x0960,0x19E0,0x21E0,0x1980,0x10E0,0x19C0,0x1A20,0x0960,0x0020,
0x1140,0x5263,0x82C5,0x9306,0x82E5,0x82C4,0x6A63,0x5282,0x21C0,0x1941,0x1902,0x4206,0x940D,0x942E,0x39A6,0x39E9,
0x2A2C,0x0022,0x1905,0x5269,0x5AA9,0x31A7,0x0085,0x00E6,0x00C6,0x00C6,0x00C6,0x00C6,0x00C6,0x00C6,0x00A6,0x00C6,
0x00C6,0x00C6,0x00C6,0x00C6,0x00C6,0x00C6,0x00C6,0x00C6,0x00C6,0x00C6,0x00C6,0x00C6,0x00C6,0x00C6,0x00C6,0x00C6,
0x00C6,0x00C6,0x00C6,0x00C6,0x00C6,0x00C6,0x00C6,0x00C6,0x00C6,0x00C6,0x00C6,0x00C6,0x00C6,0x00A5,0x00A5,0x00C6,
0x00A5,0x00A5,0x00A5,0x00A5,0x00A6,0x00A6,0x00A5,0x00A5,0x00A5,0x00C6,0x00C5,0x00C6,0x00A5,0x00A5,0x00C6,0x00C6,
0x00C6,0x00C6,0x00C6,0x00C6,0x00C6,0x00C6,0x00C6,0x00C6,0x00C6,0x00C6,0x00C6,0x00A6,0x00A6,0x00C6,0x00A6,0x00C6,
0x00C6,0x00C6,0x00C6,0x00C5,0x00C6,0x00C6,0x00C6,0x00C6,0x00C6,0x00C6,0x00C6,0x00C6,0x00C6,0x00C6,0x00C6,0x00C6,
0x00C6,0x00C6,0x00C6,0x00C6,0x00C6,0x00C6,0x00C6,0x00C6,0x00C6,0x00A6,0x1946,0x5248,0x5A68,0x1925,0x1082,0x5B70,
0x21CB,0x0882,0x4A46,0x732A,0x62EA,0x426B,0x1106,0x10E2,0x10A2,0x2102,0x2123,0x41E4,0x2942,0x4182,0x7A21,0x72C5,
0x7B29,0x940C,0x7B09,0x28E2,0x0000,0x0021,0x10A2,0x2965,0x2188,0x29E9,0x31C8,0x2987,0x0861,0x10A2,0x2166,0x2165,
0x31E9,0x2145,0x1945,0x1966,0x1947,0x2A2C,0x2187,0x0000,0x0062,0x1126,0x1126,0x1946,0x2165,0x29C7,0x29C8,0x0906,
0x08C4,0x0021,0x0041,0x0841,0x20A0,0xAB01,0x61A0,0x20C0,0x18A0,0x1080,0x18A1,0x1925,0x1925,0x1945,0x2186,0x3185,
0x7BCF,0xAD13,0x8BEE,0x730A,0x62A8,0x41A4,0x28C2,0x2102,0x2923,0x20E2,0x2102,0x3164,0x3984,0x3143,0x3143,0x41C3,
0x3982,0x3143,0x2922,0x2102,0x2102,0x2103,0x5268,0x41E6,0x41E7,0x8C72,0x8C52,0x83EF,0x7BAC,0x6B4A,0x62C9,0x632B,
0x5AE9,0x41E5,0x51E3,0x6284,0x3240,0x1A20,0x19E0,0x1180,0x1160,0x19A0,0x1920,0x0040,0x1180,0x11E0,0x0120,0x00A0,
0x0900,0x1A20,0x31E0,0x4202,0x6AA4,0x8B05,0x8B05,0x9306,0x5A03,0x2140,0x1160,0x21E1,0x4A65,0x4A05,0x3123,0x31C9,
0x3B11,0x1168,0x0022,0x1904,0x2186,0x00A5,0x00E6,0x00C6,0x00C6,0x00C7,0x00C7,0x00C6,0x00C6,0x00A6,0x00C6,0x00C6,
0x00C6,0x00C6,0x00C6,0x00C6,0x00C6,0x00C6,0x00C6,0x00C6,0x00C6,0x00C6,0x00C6,0x00C6,0x00C6,0x00C6,0x00C6,0x00C6,
0x00C6,0x00C6,0x00C6,0x00C6,0x00C6,0x00C6,0x00C6,0x00C6,0x00C6,0x00C6,0x00C6,0x00C6,0x00C6,0x00C6,0x00C6,0x00C6,
0x00C6,0x00C6,0x00C6,0x00A6,0x00C6,0x00C5,0x00C6,0x00C6,0x00C6,0x00C6,0x00C6,0x00C6,0x00C6,0x00C6,0x00C6,0x00C6,
0x00C6,0x00C6,0x00C6,0x00C6,0x00C6,0x00C6,0x00C6,0x00C6,0x00C6,0x00C6,0x00C6,0x00C6,0x00C6,0x00C6,0x00C6,0x00C6,
0x00A6,0x00A6,0x00C6,0x00C6,0x00C6,0x00C6,0x00C6,0x00C6,0x00C6,0x00C6,0x00C6,0x00C6,0x00C6,0x00C6,0x00C6,0x00C6,
0x00C6,0x00C6,0x00C6,0x00C6,0x00C6,0x00C6,0x00C6,0x00C6,0x00C7,0x00E6,0x00A5,0x1925,0x2166,0x0023,0x2167,0x4B10,
0x1969,0x0881,0x41E5,0x31C6,0x1106,0x2A2B,0x0906,0x0083,0x08E3,0x10E2,0x18E3,0x3983,0x4A03,0x4981,0x6980,0x71A0,
0x5140,0x6A45,0x9BCA,0xAC6D,0x8BAB,0x2923,0x0000,0x0000,0x10E4,0x1945,0x1986,0x2166,0x10C3,0x29A7,0x1945,0x1925,
0x31C7,0x31E8,0x21A8,0x10C3,0x0040,0x1125,0x21A8,0x1946,0x1904,0x0021,0x0083,0x1986,0x2185,0x2165,0x08C3,0x0041,
0x0020,0x0020,0x00A2,0x10E3,0x2902,0xAB01,0x59A0,0x20A0,0x1880,0x1060,0x2922,0x2964,0x1104,0x1945,0x2984,0x31A3,
0x18A2,0x39A6,0x7BAE,0xA4D2,0x734B,0x732A,0x5A67,0x2902,0x10A1,0x2943,0x3984,0x2922,0x2943,0x3143,0x2943,0x3143,
0x3983,0x2943,0x3143,0x2902,0x4227,0x7BEF,0x9CB3,0x9CF4,0xBDD8,0xAD77,0xB5B8,0xAD57,0x62EB,0x7B8C,0x83ED,0x6B4B,
0x630A,0x632B,0x5268,0x3A05,0x1160,0x0980,0x1A20,0x19C0,0x1120,0x19A0,0x19A0,0x08C0,0x00A0,0x0960,0x09C0,0x00A0,
0x0040,0x11A0,0x2A41,0x19C0,0x21E0,0x5283,0x7AE5,0x8AE6,0x6A64,0x6243,0x6A84,0x3A01,0x2200,0x1981,0x0860,0x0883,
0x3B11,0x4BB4,0x1128,0x0042,0x0042,0x0862,0x0062,0x0063,0x0863,0x0862,0x0863,0x0863,0x0062,0x0062,0x0062,0x0883,
0x0062,0x0862,0x0862,0x0862,0x0862,0x0062,0x0062,0x0062,0x0062,0x0062,0x0062,0x0863,0x0862,0x0062,0x0883,0x0883,
0x0883,0x0882,0x0882,0x0883,0x0862,0x0862,0x0863,0x0862,0x0063,0x0863,0x0862,0x0062,0x0062,0x0062,0x0062,0x0062,
0x0882,0x0883,0x0883,0x0862,0x0862,0x0862,0x0062,0x0062,0x0062,0x0062,0x0062,0x0062,0x0042,0x0042,0x0862,0x0062,
0x0062,0x0062,0x0883,0x0062,0x0883,0x0883,0x0063,0x0863,0x0062,0x0062,0x0062,0x0062,0x0062,0x0862,0x0062,0x0062,
0x0883,0x0883,0x0062,0x0062,0x0042,0x0042,0x0062,0x0062,0x0062,0x0862,0x0083,0x0883,0x0863,0x0062,0x0862,0x0862,
0x0083,0x0883,0x0883,0x0062,0x0882,0x0863,0x0062,0x0062,0x0882,0x0082,0x0083,0x0062,0x0021,0x1926,0x5BB3,0x3AF0,
0x08C5,0x0041,0x08A3,0x00E5,0x2A4B,0x42CE,0x1147,0x00A4,0x0083,0x08A2,0x10E3,0x18E3,0x1923,0x3941,0x71C0,0x69A0,
0x6160,0x6160,0x61A1,0x6A65,0x8BCB,0x93EC,0x836A,0x3984,0x0000,0x0000,0x0041,0x10A2,0x31E7,0x2166,0x1945,0x1925,
0x2167,0x3A4A,0x3A28,0x08A1,0x1904,0x1924,0x08A1,0x0861,0x21A8,0x21A7,0x0883,0x08A3,0x2145,0x08C3,0x0041,0x0000,
0x0881,0x10E3,0x1946,0x1126,0x18E2,0x8A82,0x4100,0x18A0,0x1880,0x1080,0x2102,0x2166,0x1125,0x2124,0x2165,0x08A3,
0x39A5,0x20E2,0x18A1,0x41E6,0x8C30,0x9C91,0x732A,0x6AA8,0x4A06,0x20E2,0x20E1,0x2922,0x2943,0x2943,0x2923,0x2923,
0x2923,0x2943,0x39A3,0x83CD,0xB597,0x8C73,0x2126,0x3166,0x8411,0xB5B7,0x7BF0,0x1904,0x0041,0x2923,0x6B2B,0x9C90,
0x7BAC,0x6B0A,0x62EA,0x62EA,0x4207,0x2163,0x2221,0x1A00,0x1180,0x19A0,0x21E0,0x11A0,0x08E0,0x00A0,0x00E0,0x0080,
0x0920,0x2220,0x21E0,0x19A0,0x19E0,0x2220,0x3200,0x5263,0x7285,0x7AA5,0x82C5,0x82C5,0x6AA4,0x2161,0x00C0,0x0080,
0x08E6,0x32F1,0x2AAF,0x3A2A,0x3A4A,0x322A,0x39E8,0x3A09,0x3A2A,0x31E9,0x322B,0x322B,0x31C8,0x31E9,0x3209,0x320A,
0x31C8,0x31C8,0x31E9,0x3209,0x3A09,0x31E8,0x31E8,0x31E9,0x3A09,0x31C8,0x31E9,0x3A2B,0x3A2A,0x31E8,0x3209,0x3A4B,
0x426B,0x3A29,0x3A09,0x3A2A,0x3A09,0x3A09,0x3A4A,0x4249,0x426A,0x424A,0x3A09,0x3A09,0x39E9,0x31E8,0x3208,0x3A08,
0x3A29,0x428C,0x4A8D,0x3A29,0x3A29,0x3A6B,0x3A4A,0x3A2A,0x320A,0x31E8,0x31C7,0x3A08,0x3A08,0x3A28,0x424A,0x424A,
0x3A08,0x39E8,0x3209,0x3209,0x3A2A,0x3A4B,0x320A,0x3209,0x39E9,0x31A7,0x31C7,0x3A09,0x3A09,0x3A09,0x3A08,0x39E9,
0x426B,0x428C,0x322A,0x3208,0x39E8,0x39E8,0x3A09,0x320A,0x3209,0x31C8,0x31E9,0x3A4B,0x3A4B,0x3209,0x31E8,0x31E8,
0x3A2A,0x3A29,0x3A2A,0x3209,0x3A29,0x3A4B,0x3A29,0x3208,0x31E8,0x3A29,0x3A4A,0x426B,0x424A,0x3A4B,0x328F,0x0928,
0x0062,0x00C4,0x0969,0x32AD,0x5370,0x328D,0x19CA,0x0926,0x00A3,0x0062,0x0062,0x2945,0x5ACB,0x5A25,0x7A00,0x7A00,
0x71E0,0x69A0,0x5940,0x48E0,0x5140,0x59E3,0x9C0C,0xAC6D,0x8BCC,0x3985,0x0000,0x0000,0x0862,0x1904,0x3208,0x31E7,
0x1966,0x31E7,0x31A5,0x10E3,0x1945,0x10E3,0x2123,0x18C2,0x10E4,0x08C4,0x0905,0x1125,0x0882,0x0041,0x0062,0x0061,
0x10E3,0x2165,0x1966,0x1988,0x2985,0x9B01,0x4920,0x2080,0x1060,0x1080,0x18C1,0x10E4,0x10E4,0x0882,0x1105,0x08E5,
0x41A4,0x39A4,0x3984,0x18C2,0x2903,0x6B2B,0x9CB2,0x8BEE,0x7B4B,0x6AC8,0x3984,0x18A1,0x2943,0x2943,0x2923,0x2923,
0x2923,0x2943,0x3984,0x8C11,0x94D4,0x634E,0x0000,0x0000,0x0861,0x4229,0x0000,0x0020,0x0061,0x0862,0x1040,0x3143,
0x83CD,0xA4B1,0x6B2B,0x5268,0x5AC9,0x5AEA,0x52A9,0x29C3,0x1100,0x1960,0x2240,0x2A80,0x19E0,0x1120,0x0840,0x00A0,
0x0960,0x2160,0x1140,0x19E0,0x2200,0x2220,0x0940,0x11A0,0x31E1,0x82C5,0x8B05,0x7AC5,0x5A83,0x2140,0x2121,0x1100,
0x0080,0x0085,0x19CB,0x222D,0x222E,0x222D,0x21EB,0x21A9,0x21AA,0x21EC,0x21EC,0x21EC,0x21EB,0x222C,0x220C,0x21CA,
0x21CA,0x21EB,0x21EC,0x21EC,0x21EB,0x220B,0x21EB,0x220C,0x29EB,0x21CA,0x21EA,0x220B,0x21EC,0x21EB,0x19EA,0x21EC,
0x220C,0x222C,0x222C,0x220C,0x222C,0x2A4D,0x2A4C,0x2A2B,0x324D,0x2A2C,0x220B,0x220C,0x220C,0x222C,0x222C,0x2A2C,
0x2A2C,0x222C,0x220C,0x2A0C,0x2A0B,0x2A0C,0x2A2C,0x2A4D,0x2A4D,0x2A2C,0x29EA,0x2A2B,0x326D,0x328D,0x2A4C,0x2A2C,
0x220B,0x29EB,0x21EB,0x220C,0x220C,0x222C,0x222C,0x220B,0x222B,0x2A0B,0x2A2C,0x222C,0x220C,0x220C,0x21EB,0x2A0B,
0x2A2D,0x220C,0x2A0B,0x2A0A,0x2A0B,0x2A0B,0x2A2B,0x222C,0x220C,0x220B,0x220C,0x220C,0x220C,0x222D,0x220C,0x21EB,
0x21EB,0x220B,0x220C,0x21EB,0x220B,0x224D,0x2A4D,0x220C,0x21EB,0x2A0B,0x222D,0x222D,0x220C,0x19A9,0x08A5,0x0021,
0x0062,0x0126,0x2A8D,0x5BB1,0x5370,0x326D,0x19C9,0x0947,0x00C4,0x00A3,0x0062,0x0882,0x5ACB,0x72C7,0x7A00,0x8200,
0x71C0,0x71E0,0x7A00,0x5960,0x5140,0x5960,0x69E1,0x6204,0x93EC,0x93EC,0x8B69,0x51C5,0x0000,0x0000,0x10E3,0x2186,
0x21A6,0x2185,0x2186,0x29C6,0x2165,0x2165,0x2186,0x2144,0x1925,0x21C8,0x1125,0x10C3,0x0861,0x0082,0x00A3,0x08E4,
0x1966,0x21A8,0x21A8,0x2167,0x20E2,0xB381,0x61E0,0x20A0,0x1860,0x1880,0x1080,0x0062,0x0041,0x0020,0x0021,0x0041,
0x39A4,0x3984,0x39A4,0x39A4,0x2943,0x1060,0x4A28,0x9CD3,0x9471,0x83AC,0x7309,0x5A67,0x2903,0x18A1,0x2102,0x2943,
0x2943,0x2922,0x3943,0x5229,0x424A,0x6BB0,0x528A,0x41E7,0x10A2,0x2945,0x0000,0x0082,0x1146,0x428C,0x3A08,0x18A1,
0x3142,0x5A67,0x7B8C,0x7B8C,0x6B2A,0x5AA9,0x630B,0x5ACA,0x41E6,0x2182,0x1A20,0x2A80,0x19E0,0x1960,0x10E0,0x0080,
0x08E0,0x1960,0x1160,0x29E0,0x2220,0x1A20,0x0960,0x21E1,0x4202,0x7AA5,0x82A5,0x5243,0x1A20,0x11C0,0x2942,0x6244,
0x3961,0x1081,0x10A2,0x0862,0x0083,0x0082,0x0062,0x0041,0x0041,0x0042,0x0041,0x0041,0x0041,0x0042,0x0062,0x0061,
0x0020,0x0021,0x0061,0x0081,0x0041,0x0862,0x0861,0x0061,0x0021,0x0041,0x0020,0x0041,0x0062,0x0041,0x0041,0x0062,
0x0061,0x0041,0x0041,0x0062,0x0042,0x0042,0x0062,0x0061,0x0041,0x0062,0x0061,0x0021,0x0082,0x0083,0x0062,0x0041,
0x0042,0x0062,0x08C4,0x0883,0x0041,0x0041,0x0041,0x0041,0x0042,0x0042,0x0041,0x0021,0x0041,0x0042,0x0041,0x0041,
0x0021,0x0041,0x0041,0x0041,0x0062,0x0062,0x0041,0x0041,0x0861,0x0041,0x0862,0x0862,0x0862,0x0862,0x0041,0x0041,
0x0062,0x0042,0x0041,0x0041,0x0041,0x0041,0x0041,0x0042,0x0041,0x0061,0x0042,0x0021,0x0021,0x0042,0x0862,0x0882,
0x0862,0x0041,0x0882,0x0861,0x0061,0x0061,0x0062,0x0041,0x0041,0x0020,0x0041,0x0062,0x0041,0x0061,0x0861,0x10A1,
0x08E4,0x11AA,0x3AEE,0x5BB1,0x42CE,0x2A4C,0x19A9,0x0947,0x0106,0x00C4,0x00A3,0x0082,0x4249,0x62A7,0x7A00,0x7A00,
0x4920,0x1860,0x5180,0x7A00,0x7A00,0x69A0,0x69A0,0x5960,0x61C0,0x6203,0x9389,0x9BCB,0xA3CA,0x49A4,0x0841,0x0000,
0x1082,0x18E3,0x31A6,0x29A6,0x1924,0x1145,0x29E7,0x10E3,0x2187,0x21C9,0x3A49,0x2985,0x2104,0x2166,0x1105,0x29C8,
0x29C8,0x1945,0x1946,0x1105,0x20C1,0x8A61,0x59A0,0x28C0,0x1880,0x1880,0x1060,0x0041,0x0041,0x0020,0x0020,0x0020,
0x41A3,0x41A4,0x39A4,0x3983,0x39A4,0x3184,0x2102,0x18E2,0x6B4C,0xB554,0x8BEE,0x6AC9,0x62A8,0x4A06,0x2902,0x20E2,
0x3984,0x3183,0x2103,0x0061,0x0000,0x428B,0x6390,0x738F,0x632D,0x424A,0x1105,0x4B2E,0x8494,0x8C74,0x7434,0x5B0C,
0x41A3,0x18C1,0x20C1,0x6AEA,0x9C90,0x7B8C,0x62C9,0x6B4B,0x6B2B,0x5ACA,0x3A06,0x1981,0x0920,0x11C0,0x19E0,0x0940,
0x19E0,0x2240,0x19E0,0x19E0,0x2220,0x19E0,0x31C2,0x7AA5,0x82C5,0x82E5,0x6A64,0x1960,0x1201,0x09A0,0x00C0,0x6264,
0x7A64,0x6204,0x51C3,0x3941,0x1120,0x0980,0x00C0,0x08A0,0x0920,0x0920,0x10A0,0x0840,0x0880,0x08A0,0x1940,0x1120,
0x08E0,0x00A0,0x00A0,0x18E0,0x3962,0x3162,0x0900,0x00E0,0x0080,0x0080,0x0040,0x0020,0x00A0,0x0860,0x0860,0x00A0,
0x0060,0x0020,0x0060,0x0060,0x0040,0x0060,0x08A0,0x08C0,0x08E0,0x00A0,0x08A0,0x2143,0x2144,0x2964,0x2965,0x2985,
0x31C7,0x4228,0x2124,0x0840,0x0840,0x0861,0x0841,0x0861,0x0861,0x0860,0x0841,0x0861,0x0840,0x0861,0x0861,0x0861,
0x0881,0x0881,0x1081,0x20A0,0x28C0,0x10A2,0x0042,0x0000,0x0840,0x0820,0x20A0,0x20A0,0x20C0,0x1040,0x0000,0x0020,
0x0020,0x0020,0x0042,0x10E4,0x0040,0x0861,0x0861,0x0881,0x0881,0x0861,0x0860,0x2103,0x2943,0x2923,0x3184,0x3185,
0x2923,0x3143,0x21A2,0x0120,0x08E0,0x18C0,0x1880,0x0881,0x0861,0x0060,0x0860,0x0840,0x0840,0x18C1,0x2941,0x3141,
0x0905,0x222C,0x328D,0x32AD,0x2A2B,0x220B,0x11A9,0x0948,0x0947,0x00E5,0x00E5,0x0083,0x4A49,0x5A25,0x79E0,0x7A00,
0x4920,0x0042,0x0083,0x18C1,0x61A0,0x8260,0x71E0,0x6180,0x6180,0x69A0,0x69E0,0x59A2,0x8349,0x93AA,0xA40C,0x5A46,
0x0840,0x0000,0x0020,0x08A3,0x1145,0x31C6,0x4206,0x21A7,0x29E9,0x21A8,0x3208,0x18E3,0x2125,0x322A,0x1105,0x31A6,
0x29A7,0x08A3,0x1125,0x1105,0x20A1,0x8AA1,0x5180,0x30C0,0x20A0,0x1880,0x0840,0x0020,0x0062,0x0082,0x10A2,0x0040,
0x2943,0x39A4,0x39A4,0x41A4,0x39A4,0x3983,0x41C4,0x3164,0x18A1,0x39A6,0x7BAE,0x9471,0x83CE,0x7B2B,0x6AC9,0x41C4,
0x20C1,0x2102,0x20E2,0x18A1,0x0040,0x18E4,0x428C,0x530E,0x6BB1,0x73F1,0x8453,0xA557,0xA577,0x7475,0x2A0B,0x18C3,
0x2902,0x18E1,0x18C1,0x20E1,0x4185,0x732B,0x83CD,0x83CD,0x6B2B,0x62EA,0x62EA,0x52A9,0x31C5,0x1981,0x19E0,0x0960,
0x09A0,0x1A00,0x0980,0x0100,0x1941,0x5223,0x7AA5,0x8B06,0x7284,0x7AA4,0x3A02,0x0980,0x0980,0x0120,0x0920,0x2141,
0x5A43,0x7A85,0x7AC5,0x4A62,0x11C0,0x11E0,0x09A0,0x0120,0x1921,0x1A00,0x2220,0x29A0,0x29E0,0x2220,0x32A1,0x2240,
0x11A0,0x1960,0x3982,0x5A03,0x5A43,0x1980,0x00C0,0x00A0,0x00A0,0x0020,0x0040,0x1120,0x21E0,0x19A0,0x1960,0x2180,
0x1140,0x0920,0x1180,0x1160,0x0940,0x19A0,0x19C0,0x1180,0x1161,0x31C4,0x5288,0x5A88,0x5AA9,0x5ACA,0x5289,0x6B6D,
0x5AEB,0x2144,0x10A1,0x18E2,0x18E2,0x18E3,0x18E3,0x1903,0x1903,0x1903,0x1903,0x2103,0x18E2,0x18E3,0x10E3,0x18E3,
0x1903,0x3984,0x82A3,0x7A00,0x7A20,0x7A40,0x4162,0x2923,0x4162,0x3100,0x3101,0x30E0,0x18A0,0x0840,0x0040,0x0841,
0x0861,0x0881,0x18E2,0x2922,0x10A1,0x2103,0x18E2,0x18E3,0x10A1,0x2123,0x5AA9,0x62CA,0x62A8,0x62C9,0x62EA,0x5AEA,
0x4A46,0x31E2,0x1A00,0x2200,0x39C1,0x18E2,0x18E2,0x18E2,0x10A1,0x00A1,0x0881,0x18C2,0x2963,0x39A2,0x49E1,0x49E3,
0x1167,0x1987,0x3A8C,0x224B,0x21C9,0x19CA,0x11A9,0x0968,0x1188,0x1146,0x08A3,0x0882,0x4A68,0x5A25,0x8220,0x8200,
0x4940,0x08A3,0x1147,0x00C5,0x0084,0x4162,0x8200,0x69C0,0x71C0,0x69A0,0x6180,0x5940,0x69C1,0x61E2,0x8349,0x9C0B,
0xA40B,0x5A25,0x1061,0x0000,0x0062,0x2103,0x2965,0x1946,0x1966,0x1966,0x31C7,0x2165,0x1945,0x29E8,0x29C7,0x31C5,
0x18E1,0x2124,0x2166,0x08C4,0x1081,0x7242,0x3900,0x28A0,0x20A0,0x0860,0x0040,0x0082,0x08C3,0x0062,0x0000,0x0000,
0x0041,0x10A1,0x3143,0x39A4,0x3984,0x39A4,0x39A3,0x41A4,0x39A4,0x2923,0x1081,0x41E7,0x9492,0x9C71,0x83AD,0x734A,
0x62A8,0x2903,0x0820,0x18C1,0x18C2,0x0861,0x0882,0x2187,0x42AD,0x31E9,0x5B0E,0x9D16,0x5330,0x00E6,0x0021,0x00A4,
0x10E4,0x2102,0x2923,0x3984,0x2902,0x20A1,0x3143,0x83AD,0x9C90,0x736C,0x6B0A,0x6B2B,0x5AA9,0x4A47,0x29A4,0x00E0,
0x09A0,0x1A40,0x19C0,0x3982,0x7285,0x82C5,0x7A84,0x82C5,0x7AA5,0x7AA5,0x2142,0x0140,0x09C0,0x0940,0x00A0,0x00A0,
0x1160,0x4A23,0x62A5,0x1180,0x11C0,0x11E0,0x09A0,0x00A0,0x08A0,0x3182,0x19C0,0x22A0,0x3280,0x11C0,0x1A40,0x19C0,
0x49E2,0x7284,0x7264,0x6A43,0x7AC5,0x4202,0x10C0,0x0020,0x0000,0x0880,0x11A0,0x2260,0x19A0,0x21A0,0x2200,0x3A40,
0x2200,0x1A00,0x2240,0x2220,0x1A40,0x2280,0x19E0,0x2182,0x4A47,0x630B,0x5AC8,0x5AA8,0x5AA9,0x6B4B,0x736C,0x4227,
0x1081,0x18A1,0x2923,0x2923,0x2103,0x2123,0x2103,0x1902,0x2103,0x2923,0x2923,0x2103,0x18E2,0x18E2,0x18E3,0x20E2,
0x18E3,0x51A4,0x5A46,0x92E2,0xAB20,0xAB00,0xA2C0,0x7A61,0x4960,0x28C0,0x18A0,0x1060,0x0820,0x0020,0x0861,0x0881,
0x10A1,0x18C2,0x2942,0x41A1,0x1081,0x1903,0x10C2,0x10A2,0x31A5,0x62EA,0x6AEA,0x62E9,0x6AE9,0x6B0A,0x62CA,0x4A87,
0x21C1,0x19C0,0x3200,0x3961,0x20C1,0x10C2,0x1102,0x10C2,0x18E1,0x18E1,0x2143,0x41E3,0x3982,0x3983,0x41A2,0x2942,
0x21EA,0x2A0A,0x2187,0x1126,0x1126,0x1988,0x1188,0x1146,0x08C5,0x0041,0x0042,0x08A1,0x4183,0x6202,0x8200,0x8200,
0x5960,0x08C4,0x1967,0x1905,0x00E6,0x2943,0x79E0,0x71E0,0x79E0,0x7A00,0x7A00,0x5960,0x6980,0x6180,0x7201,0x6A23,
0x7AE8,0x93AA,0xA46D,0x5A67,0x1061,0x0000,0x0020,0x1904,0x2187,0x1945,0x29A6,0x31C6,0x1104,0x3A28,0x31E7,0x1904,
0x3163,0x41E5,0x10E3,0x1903,0x2144,0x2144,0x08A2,0x0840,0x0861,0x0083,0x1104,0x10C3,0x0820,0x0000,0x2903,0x5A46,
0x0064,0x0043,0x0041,0x18C2,0x39A4,0x41C4,0x41A4,0x39A4,0x39A4,0x41C4,0x3984,0x20E2,0x20E2,0x5AAA,0xA513,0x9450,
0x734B,0x6AC8,0x5205,0x3102,0x2922,0x3184,0x18C1,0x0020,0x0882,0x0000,0x2967,0x4A49,0x0021,0x0084,0x08E5,0x0082,
0x0061,0x1081,0x2923,0x3163,0x2943,0x3162,0x2901,0x20E2,0x5267,0x8C0E,0x83CD,0x734B,0x5ACA,0x630B,0x630B,0x4227,
0x21A2,0x5AC3,0x8306,0x7265,0x7285,0x7AA5,0x82E5,0x9326,0x6264,0x29A1,0x21C0,0x00C0,0x0120,0x00C0,0x0000,0x10A0,
0x21A0,0x1A00,0x2220,0x08E0,0x00A0,0x0980,0x00C0,0x00C0,0x0080,0x2902,0x6205,0x39E1,0x2220,0x0900,0x2161,0x41A2,
0x7A84,0x82E5,0x82C5,0x7AA5,0x62A3,0x4262,0x19A0,0x10A0,0x10A0,0x19A0,0x1160,0x0940,0x00A0,0x0060,0x08E0,0x2180,
0x1100,0x1180,0x11E0,0x11E0,0x11E0,0x19C1,0x4266,0x5ACA,0x62CA,0x5ACA,0x5288,0x52A9,0x6B4C,0x630B,0x2123,0x1081,
0x2103,0x2123,0x2103,0x2124,0x2103,0x2103,0x2103,0x2103,0x2123,0x2103,0x2103,0x18E3,0x18E3,0x18E3,0x18E3,0x18E3,
0x3162,0x18E3,0x0022,0x08E5,0x5A66,0xA384,0x7A00,0x3900,0x20C0,0x1060,0x0000,0x0000,0x0020,0x0040,0x1081,0x10A2,
0x18E2,0x18E2,0x1903,0x08C2,0x0861,0x10C2,0x2103,0x5AAA,0x6B2B,0x62A8,0x62C8,0x62CA,0x62EA,0x5AE9,0x29C2,0x1180,
0x19A0,0x3181,0x3101,0x10C1,0x08E2,0x18A1,0x10A1,0x0081,0x10C1,0x20C1,0x3183,0x41C3,0x2942,0x2943,0x2101,0x10A1,
0x21C9,0x5B90,0x4B0E,0x0926,0x08C4,0x08C5,0x0083,0x0042,0x0041,0x0063,0x0083,0x0082,0x18C0,0x51E0,0x7A00,0x79E0,
0x5140,0x08A3,0x0107,0x0906,0x00E6,0x3963,0x8220,0x7A00,0x7A00,0x30C0,0x3920,0x69C0,0x8220,0x71C0,0x6180,0x69A0,
0x61C0,0x6203,0x7AE8,0x8BAB,0xACCF,0x5A46,0x1061,0x0000,0x0021,0x0882,0x2986,0x3A07,0x29C7,0x2187,0x1903,0x1903,
0x1924,0x21C7,0x1987,0x2985,0x2145,0x1125,0x1147,0x00C5,0x08E5,0x1126,0x08A3,0x0000,0x0820,0x6267,0x8349,0x51E4,
0x0085,0x0085,0x0064,0x0042,0x10A2,0x2122,0x3984,0x39A4,0x39A4,0x39A4,0x39A4,0x41C4,0x3184,0x18A1,0x2944,0x6B2C,
0x9491,0x8C0F,0x7B29,0x72C7,0x49E5,0x2902,0x2102,0x18C2,0x0840,0x1081,0x10C4,0x10E4,0x0041,0x0083,0x0061,0x18C0,
0x2101,0x20E2,0x2943,0x3163,0x3143,0x3163,0x3163,0x2943,0x18A1,0x2902,0x6AE9,0xA4B0,0x83EE,0x5AEA,0x6B0B,0x5AAA,
0x62EA,0x7309,0x6A86,0x6244,0x82A5,0x8AE5,0x72A4,0x3A22,0x11C0,0x11A0,0x3280,0x2A21,0x08E0,0x0040,0x08C0,0x19A0,
0x21C0,0x1A20,0x11A0,0x1160,0x10C0,0x00A0,0x08E0,0x0080,0x00A0,0x0020,0x51C4,0x7284,0x5A23,0x5203,0x7284,0x6A43,
0x7264,0x8AE5,0x7284,0x3201,0x1220,0x11A0,0x0940,0x2100,0x10E0,0x0900,0x0080,0x00A0,0x08A0,0x0060,0x08C0,0x08E0,
0x08C0,0x11A0,0x1A00,0x0920,0x2163,0x5289,0x6B4C,0x630B,0x5ACA,0x5ACA,0x5AEA,0x630B,0x39C6,0x1081,0x18C1,0x2923,
0x2123,0x2103,0x2103,0x2123,0x2103,0x2103,0x2124,0x2123,0x2123,0x1903,0x18E3,0x18E3,0x18E3,0x10E2,0x2942,0x49E2,
0x3982,0x0883,0x08A4,0x0022,0x0062,0x6A65,0x2880,0x0020,0x0020,0x0000,0x0000,0x0041,0x0881,0x10A2,0x18E3,0x2103,
0x18E3,0x18E2,0x2124,0x08C4,0x0020,0x4207,0x6B2B,0x6B0A,0x5A89,0x62C9,0x62E9,0x5ACA,0x4AA7,0x2202,0x11C0,0x21C1,
0x3961,0x18E1,0x08C2,0x10C2,0x10C2,0x08A1,0x0881,0x2122,0x39A2,0x3161,0x3982,0x2902,0x2902,0x3142,0x3962,0x10C2,
0x19EA,0x7432,0x4B2F,0x11EB,0x0968,0x0927,0x00C5,0x00A4,0x0083,0x0083,0x0083,0x0062,0x00E0,0x4200,0x8200,0x71C0,
0x61A0,0x69E1,0x41A3,0x08E5,0x00C8,0x2944,0x7A00,0x7A00,0x8240,0x28C0,0x0042,0x08A2,0x4140,0x7A00,0x79E0,0x6180,
0x6160,0x5140,0x5160,0x51A3,0x8329,0x9BEB,0x9C0C,0x5206,0x1061,0x0000,0x0882,0x18E3,0x2186,0x2145,0x2124,0x2185,
0x1945,0x31C7,0x31C7,0x1986,0x1945,0x1124,0x21C7,0x08C3,0x0841,0x0021,0x0000,0x28E2,0x836A,0x838B,0x28E1,0x2080,
0x00E8,0x00C7,0x00A6,0x0084,0x0043,0x0000,0x18C2,0x3143,0x41C4,0x41E4,0x41C4,0x39A4,0x39A4,0x39A4,0x2923,0x1060,
0x41E7,0x9471,0x9471,0x7B6B,0x732A,0x5A88,0x3943,0x18C1,0x2103,0x2143,0x10A1,0x0021,0x0000,0x0000,0x10C1,0x3163,
0x5223,0x5223,0x3983,0x3143,0x3163,0x3163,0x3164,0x3143,0x2943,0x2102,0x28E1,0x4184,0x734B,0x8C2F,0x83CE,0x5AC9,
0x62EA,0x5AAA,0x4A88,0x5226,0x72A6,0x5A83,0x2240,0x1A00,0x19C0,0x1A20,0x2240,0x32C0,0x29C0,0x18C0,0x1140,0x08E0,
0x1160,0x11A0,0x11A0,0x1140,0x1160,0x1141,0x0040,0x0080,0x00A0,0x0000,0x51C4,0x82E5,0x7AA4,0x7AE5,0x8305,0x82C4,
0x7AC4,0x62C3,0x2A40,0x11E0,0x11C0,0x1160,0x08A0,0x18C0,0x1060,0x0080,0x00A0,0x0080,0x08E0,0x0900,0x1180,0x1180,
0x0980,0x1A00,0x21E2,0x4207,0x5ACA,0x62EA,0x62EA,0x52A8,0x6B6C,0x840F,0x5ACA,0x18C2,0x1081,0x20E2,0x2102,0x2103,
0x2124,0x2103,0x2123,0x1903,0x1903,0x2103,0x2103,0x2103,0x1903,0x1903,0x18E2,0x10C2,0x20E2,0x5203,0x5223,0x2922,
0x18E2,0x0840,0x0041,0x0083,0x0882,0x18A1,0x0040,0x0040,0x0020,0x0020,0x0861,0x10A2,0x18E2,0x18E3,0x1903,0x1903,
0x18E3,0x10E3,0x18E3,0x1105,0x39C6,0x6B4B,0x62E9,0x62C9,0x62E9,0x5ACA,0x5B0B,0x3205,0x11A0,0x1A00,0x29A0,0x2901,
0x18E2,0x10E2,0x18C2,0x08C1,0x00A1,0x1103,0x2983,0x41E3,0x3961,0x18A0,0x2102,0x18E2,0x20E1,0x3121,0x3121,0x0041,
0x1189,0x6C13,0x5370,0x11A9,0x0967,0x0106,0x00C4,0x00A3,0x0083,0x0083,0x0083,0x0061,0x0140,0x39E0,0x8200,0x79E0,
0x71C0,0x71C0,0x8200,0x61C2,0x2945,0x3184,0x8220,0x7A00,0x8240,0x30E1,0x00E6,0x0106,0x00A4,0x10C3,0x69E0,0x71E0,
0x69C0,0x6180,0x6980,0x5940,0x5960,0x51A2,0x6A86,0xA42D,0xAC8D,0x5A66,0x1081,0x0000,0x0021,0x18E2,0x1945,0x3208,
0x29C8,0x31E7,0x2985,0x10E3,0x2986,0x1946,0x1945,0x0861,0x0000,0x0000,0x6AA7,0x93EC,0x4A05,0x20E1,0x1880,0x1880,
0x010A,0x00E9,0x00E9,0x00A6,0x0085,0x0062,0x0042,0x0041,0x2923,0x39C4,0x39A4,0x39A4,0x3984,0x3984,0x41C4,0x39A4,
0x2102,0x18A1,0x5249,0x9C91,0x8C0E,0x6B0A,0x8369,0x6286,0x2902,0x18E2,0x2923,0x18C2,0x10A1,0x2943,0x3184,0x39A3,
0x2922,0x41A2,0x5A62,0x49E2,0x3163,0x3184,0x3184,0x3143,0x2943,0x2943,0x3983,0x3122,0x20C1,0x4206,0x83EE,0x83CF,
0x5AC9,0x72C4,0x62A8,0x5AEA,0x62EA,0x31C4,0x19A0,0x1A00,0x19E0,0x2240,0x1A20,0x0960,0x18E0,0x1060,0x00C0,0x00A0,
0x00A0,0x00A0,0x00A0,0x0940,0x0960,0x00A0,0x0060,0x0060,0x0040,0x0020,0x6AA5,0x8B05,0x7AC4,0x8B05,0x9B67,0x6AC4,
0x4261,0x1A20,0x2240,0x19E0,0x19C0,0x1180,0x08E0,0x10C0,0x0860,0x08C0,0x1140,0x0900,0x1120,0x19C0,0x1A80,0x1200,
0x1161,0x3245,0x5AEA,0x62EA,0x52A9,0x62EA,0x5AE9,0x632A,0x6B4B,0x31A6,0x1081,0x18E2,0x2123,0x2103,0x18E3,0x1903,
0x2103,0x2103,0x2124,0x1903,0x1903,0x1903,0x1903,0x1903,0x2103,0x18E3,0x18E3,0x3983,0x5202,0x39A2,0x18E2,0x1903,
0x2103,0x18E2,0x10A1,0x0000,0x0021,0x0041,0x0000,0x0020,0x0841,0x0881,0x18C2,0x2103,0x1903,0x18E3,0x18E3,0x1903,
0x10C2,0x10C2,0x5247,0x1925,0x39A5,0x6AC8,0x6B0A,0x630A,0x62EB,0x52C9,0x3224,0x11A0,0x29E0,0x31A1,0x20C1,0x10C1,
0x1102,0x10C2,0x1081,0x08A2,0x2162,0x5244,0x41C3,0x3143,0x2964,0x3142,0x39A3,0x3982,0x41C3,0x41A2,0x3921,0x1061,
0x0927,0x3ACE,0x4ACE,0x11EB,0x0968,0x0106,0x00C4,0x00A3,0x0083,0x0083,0x0062,0x0040,0x00E0,0x41A0,0x8A20,0x71C0,
0x79E0,0x79E0,0x6180,0x6160,0x79E0,0x71E1,0x79E0,0x7A00,0x8A60,0x3920,0x08E4,0x1146,0x0906,0x00E5,0x61A1,0x7A00,
0x79E0,0x7A00,0x8240,0x69A0,0x5140,0x4920,0x5140,0x6A02,0x82E7,0xAC4D,0x9C2B,0x5226,0x1060,0x0000,0x0042,0x29A5,
0x2986,0x19A7,0x1946,0x18E3,0x1945,0x08A3,0x0000,0x0000,0x41A4,0x93CB,0x6AC8,0x3963,0x20A0,0x20A0,0x1880,0x20A0,
0x014D,0x014C,0x010A,0x00C7,0x00A5,0x0083,0x0085,0x0064,0x0042,0x10A1,0x3143,0x39A4,0x39A4,0x39A4,0x3983,0x39A3,
0x39A4,0x3143,0x18A1,0x2924,0x6B0B,0x9470,0x8BEE,0x7B4B,0x7329,0x41A3,0x20A1,0x20E2,0x3164,0x39A4,0x3143,0x2922,
0x2923,0x3143,0x3962,0x49C3,0x3984,0x3184,0x3164,0x2943,0x2923,0x2923,0x2923,0x2923,0x2923,0x1881,0x1061,0x72C6,
0xA3A5,0x51A0,0x39A4,0x632B,0x6B2B,0x6B2B,0x5289,0x2163,0x08E0,0x11C0,0x19E0,0x1160,0x08A0,0x0880,0x1120,0x0900,
0x0920,0x1100,0x08A0,0x0060,0x0060,0x0000,0x0040,0x0000,0x0020,0x1961,0x3220,0x5A63,0x72A5,0x6AC4,0x4A82,0x2220,
0x11E0,0x0940,0x19A0,0x2220,0x2240,0x11E0,0x1200,0x1A20,0x19E0,0x2A21,0x2A61,0x19E0,0x1180,0x1220,0x11E0,0x29A3,
0x5288,0x62EB,0x630A,0x5AC9,0x5288,0x6B2B,0x738D,0x4228,0x18C2,0x1081,0x20E2,0x2103,0x1903,0x1903,0x18E3,0x1903,
0x2103,0x1903,0x2123,0x2103,0x1903,0x1903,0x1903,0x18E3,0x10E2,0x2942,0x5223,0x49E3,0x2103,0x18E3,0x1903,0x1903,
0x1903,0x2102,0x2123,0x18E2,0x1081,0x1061,0x0840,0x0841,0x18C2,0x1903,0x1903,0x1903,0x1903,0x18E2,0x18E3,0x10A1,
0x2123,0x5A68,0x730A,0x2944,0x4207,0x6B2A,0x62EA,0x5AAA,0x4287,0x2201,0x2200,0x2180,0x3121,0x18C2,0x10E2,0x10E2,
0x10C2,0x08A1,0x10C2,0x29A3,0x39C3,0x49E3,0x3163,0x3163,0x49E4,0x6A63,0x5181,0x59A1,0x6202,0x49C3,0x4162,0x2080,
0x0906,0x222B,0x324D,0x11EB,0x0947,0x0106,0x00C4,0x00A3,0x0083,0x0062,0x0041,0x0820,0x0080,0x4160,0x7A00,0x71C0,
0x6160,0x5940,0x6980,0x69A0,0x69C0,0x71C0,0x71E0,0x71E0,0x8A61,0x3901,0x00C5,0x0907,0x08E5,0x00E5,0x61C1,0x79E0,
0x7A00,0x61A1,0x4121,0x61C0,0x69A0,0x69C0,0x6180,0x69A0,0x61A0,0x61E2,0x6A86,0xA42C,0x9C0C,0x5A67,0x1041,0x0000,
0x0041,0x10E4,0x39C5,0x18A1,0x0840,0x0000,0x1061,0x6A87,0x93CB,0x5247,0x1880,0x20A0,0x20C0,0x20A0,0x20A0,0x20A0,
0x012B,0x012B,0x00C9,0x0109,0x010B,0x00E8,0x00A5,0x0084,0x0084,0x0063,0x0041,0x10A2,0x3163,0x3163,0x3963,0x3963,
0x3984,0x39A4,0x41C4,0x3143,0x1081,0x39C5,0x8C30,0x9470,0x6B0A,0x6AC8,0x62A6,0x3962,0x18C1,0x2923,0x2943,0x2102,
0x2922,0x3142,0x2922,0x2943,0x3984,0x3163,0x39A3,0x3183,0x2923,0x2923,0x2903,0x2103,0x10A2,0x3121,0x7AC2,0x7A81,
0x30E0,0x0820,0x3121,0x732A,0x734D,0x62CA,0x630A,0x5AA9,0x39E6,0x1942,0x0940,0x19A0,0x21E0,0x2A20,0x29E1,0x1140,
0x19A0,0x2160,0x1980,0x19C0,0x08E0,0x0860,0x0040,0x1100,0x1980,0x19A0,0x19E0,0x19C0,0x1960,0x19E1,0x09C0,0x11E0,
0x1160,0x10A0,0x11A0,0x3AE0,0x3AC0,0x19E0,0x1A00,0x2A80,0x2240,0x19E0,0x1200,0x1180,0x0920,0x1981,0x3A06,0x5AC9,
0x62CA,0x5AA9,0x52A8,0x52A9,0x6B6C,0x630B,0x18E3,0x1060,0x2103,0x2103,0x18C2,0x18E3,0x1903,0x1903,0x18E3,0x2103,
0x1903,0x1903,0x18E3,0x1903,0x18E3,0x2103,0x10E3,0x18E2,0x41C3,0x5223,0x3143,0x18E3,0x1903,0x2103,0x1903,0x20E3,
0x1903,0x18E3,0x2103,0x1903,0x2102,0x2943,0x20E2,0x18C2,0x1903,0x2103,0x18E3,0x18E3,0x18E3,0x10C2,0x18E2,0x39C6,
0x62EA,0x6AEA,0x6AE9,0x3984,0x4A48,0x632B,0x52A8,0x21C2,0x1A00,0x2220,0x39C1,0x20C1,0x10A1,0x1102,0x10C1,0x08A1,
0x08C2,0x1923,0x4A24,0x5243,0x3984,0x41C4,0x41A4,0x5A23,0x6A22,0x59A0,0x4120,0x51A1,0x4940,0x3900,0x3101,0x2080,
0x0021,0x1967,0x220A,0x11C9,0x0106,0x00C4,0x00C4,0x0083,0x0063,0x0062,0x0021,0x0840,0x0040,0x3900,0x71E0,0x71E0,
0x4100,0x0000,0x1860,0x4920,0x71C0,0x79E0,0x69A0,0x6180,0x7A20,0x5981,0x3163,0x10E5,0x00C6,0x00E6,0x61E2,0x8200,
0x79E0,0x5960,0x0041,0x0861,0x3900,0x7A20,0x8A60,0x71C0,0x5960,0x5940,0x6180,0x6202,0x7AE7,0xACAF,0x9BEB,0x5226,
0x0020,0x0000,0x18A1,0x0000,0x0000,0x3963,0x9C2D,0x838B,0x28E0,0x20A0,0x1880,0x20A0,0x20A0,0x20C0,0x18A0,0x0840,
0x012B,0x010A,0x00C8,0x010A,0x014C,0x012B,0x00E7,0x00A6,0x0085,0x0085,0x0064,0x0042,0x0861,0x18C1,0x39A4,0x41A4,
0x39A4,0x41A4,0x3983,0x39A4,0x39A4,0x20E2,0x20E2,0x5289,0x9C91,0x8C2F,0x730A,0x7308,0x62A7,0x3123,0x20C1,0x2923,
0x3163,0x3163,0x2922,0x3143,0x3183,0x3164,0x3983,0x5223,0x41C3,0x2943,0x18E2,0x18E1,0x6262,0x8B22,0x6201,0x3900,
0x1881,0x2080,0x3900,0x6A84,0x8BCD,0x6B2B,0x62EA,0x630A,0x6B4B,0x5ACA,0x2964,0x08C0,0x1180,0x2AA0,0x1A40,0x11E0,
0x21E0,0x10E0,0x0900,0x1A00,0x19C0,0x1900,0x10C0,0x19A0,0x0900,0x00A0,0x08E0,0x19C0,0x0960,0x1A00,0x11C0,0x11A0,
0x0960,0x08E0,0x21E0,0x42E1,0x2A80,0x19E0,0x19A0,0x1A20,0x2220,0x19E0,0x11C0,0x0920,0x2984,0x5289,0x5ACA,0x62EA,
0x62EA,0x5AA9,0x6B4C,0x6B6D,0x31A6,0x10A1,0x18C2,0x18E3,0x18E3,0x18E3,0x10C2,0x1903,0x2123,0x2102,0x18E2,0x1903,
0x1903,0x1902,0x18E3,0x18E3,0x18E3,0x10E2,0x3983,0x5223,0x41C4,0x2923,0x18E3,0x2103,0x18E3,0x2103,0x18E3,0x18E3,
0x1903,0x18E3,0x2103,0x1903,0x1903,0x2124,0x1903,0x18E3,0x18E3,0x18E3,0x18E3,0x18E2,0x10A2,0x2944,0x5AC9,0x62EA,
0x5AC9,0x5287,0x39C4,0x2922,0x1901,0x29C2,0x1961,0x0940,0x29C0,0x4181,0x18A1,0x10C2,0x10E2,0x10C2,0x08A1,0x10E3,
0x31E4,0x4203,0x41E4,0x39A4,0x3164,0x3984,0x41C3,0x61E2,0x59A1,0x59C0,0x4961,0x5181,0x4960,0x3920,0x2081,0x20A0,
0x1880,0x0041,0x10C5,0x1105,0x08A4,0x0083,0x00A3,0x0083,0x0042,0x0001,0x0820,0x1080,0x0020,0x3900,0x71E0,0x71C0,
0x4920,0x0021,0x0022,0x0820,0x3123,0x4920,0x6180,0x69C0,0x69C0,0x79E0,0x8220,0x61E1,0x2943,0x08E5,0x69C2,0x7A00,
0x7A00,0x69C0,0x1081,0x00A4,0x0063,0x1881,0x5980,0x7A00,0x69A0,0x6180,0x6180,0x71C0,0x5980,0x59A2,0x7286,0xA44D,
0x8B8B,0x5288,0x1105,0x10A2,0x7B4B,0x8BCB,0x49C4,0x3101,0x20A0,0x20A0,0x20A0,0x20A0,0x28A0,0x1880,0x0041,0x0020,
0x016E,0x014C,0x00E9,0x00E8,0x010A,0x016C,0x010B,0x010A,0x00C8,0x00C7,0x0064,0x0063,0x0063,0x0021,0x10C2,0x3163,
0x3984,0x3984,0x3984,0x3984,0x3983,0x41C4,0x3984,0x18A1,0x3144,0x83CE,0x9C71,0x7B8D,0x6B0A,0x6AE9,0x5205,0x20E1,
0x2902,0x3163,0x2902,0x2943,0x3163,0x3163,0x2923,0x3163,0x39A3,0x2103,0x3982,0x9363,0x7260,0x30C0,0x28A0,0x3901,
0x20A0,0x3121,0x18A0,0x4961,0x3944,0x8C0E,0x8C2E,0x6B2B,0x736C,0x62EA,0x5AA9,0x4A28,0x2163,0x1160,0x0980,0x11C0,
0x19C0,0x1180,0x0960,0x0940,0x00E0,0x18E0,0x18A0,0x08C0,0x00E0,0x08C0,0x08A0,0x11C0,0x0120,0x1140,0x2240,0x2A00,
0x11A0,0x19C0,0x19C0,0x11C0,0x1160,0x19C0,0x19E0,0x1A40,0x1A20,0x11A0,0x21A3,0x4A68,0x630B,0x62EA,0x5AA9,0x5AC9,
0x6B2B,0x73AD,0x52AA,0x18E2,0x10A1,0x2923,0x2923,0x0881,0x10A2,0x41A4,0x3964,0x3144,0x2943,0x11AA,0x11AA,0x1904,
0x20E2,0x18E3,0x1903,0x18E3,0x2103,0x4182,0x5A23,0x3142,0x20E3,0x2104,0x1903,0x18E3,0x18E3,0x2103,0x1903,0x18E3,
0x1903,0x1902,0x2103,0x31E8,0x10E4,0x10C3,0x1903,0x18E3,0x18E3,0x1903,0x10C2,0x18E3,0x4A27,0x62C9,0x62A8,0x5267,
0x62EA,0x39E5,0x0880,0x2143,0x10E0,0x0940,0x0940,0x2961,0x3921,0x18A1,0x10C2,0x10E1,0x10C2,0x10A2,0x1942,0x4A24,
0x5244,0x41C3,0x3164,0x41E3,0x3184,0x3184,0x39C3,0x4980,0x4940,0x5181,0x5161,0x6201,0x51A1,0x20C0,0x1040,0x3101,
0x28C0,0x20E2,0x08E5,0x0043,0x0000,0x0041,0x0021,0x0021,0x0041,0x0840,0x1060,0x1060,0x0000,0x30C0,0x79E0,0x7200,
0x4920,0x0000,0x0907,0x1988,0x08A3,0x0041,0x18A1,0x4140,0x5180,0x71C0,0x71C0,0x6980,0x7A01,0x6A02,0x71E1,0x8220,
0x8A40,0x7A01,0x18A1,0x0905,0x0906,0x00A6,0x18C2,0x7A00,0x71E0,0x71E0,0x69E0,0x69A0,0x5120,0x4900,0x61C1,0x61E2,
0x7B29,0x9C6E,0x9C8E,0x8BED,0x62C9,0x3122,0x20A0,0x20A0,0x20A0,0x28C0,0x28C0,0x20C0,0x20C0,0x0881,0x0042,0x0041,
0x016E,0x014D,0x014C,0x014C,0x012C,0x014C,0x012B,0x010A,0x00E8,0x00E8,0x00C7,0x00A6,0x00C6,0x0083,0x0063,0x0041,
0x10A1,0x3164,0x3984,0x3983,0x39A4,0x39A4,0x39A4,0x39A4,0x2923,0x18A1,0x4A07,0x9CB2,0x9491,0x732B,0x62A8,0x6287,
0x3983,0x18C1,0x18C2,0x3143,0x3143,0x3163,0x2942,0x2943,0x3163,0x18C2,0x59E2,0xAB62,0x5981,0x20A0,0x3921,0x20A1,
0x0881,0x3982,0x20C0,0x1081,0x1880,0x49A3,0x734A,0x942E,0x942F,0x6B0A,0x5AA9,0x6B0A,0x5AA9,0x4A48,0x2123,0x0920,
0x1180,0x2200,0x11C0,0x0900,0x0080,0x10C0,0x1080,0x0060,0x08A0,0x08E0,0x1980,0x11E0,0x0120,0x0040,0x19C0,0x21A0,
0x08E0,0x19A0,0x1160,0x1140,0x0920,0x11A0,0x1A40,0x1200,0x19A1,0x3A06,0x5ACA,0x62EA,0x62E9,0x5AC9,0x5AA9,0x738D,
0x6B4C,0x2964,0x1081,0x18C1,0x2103,0x2923,0x2102,0x3164,0x6B6D,0x5A05,0x39A5,0x6B8E,0x3A6D,0x0A53,0x0255,0x0A10,
0x1168,0x1903,0x10E3,0x39A3,0x5A22,0x3983,0x18E3,0x18E3,0x1902,0x2103,0x1903,0x18E3,0x18E3,0x2103,0x1903,0x18E3,
0x1903,0x2103,0x2103,0x2943,0x0860,0x10C2,0x1903,0x18E3,0x18E3,0x18C2,0x2944,0x5AA9,0x6B2B,0x5AA7,0x5AA8,0x5AA9,
0x5AEA,0x4206,0x18C0,0x29C1,0x2A00,0x3261,0x3181,0x20E1,0x1102,0x10E2,0x10C1,0x10A2,0x08C2,0x2142,0x5A84,0x5224,
0x3984,0x39A4,0x41C4,0x49E4,0x39A4,0x3984,0x3983,0x5181,0x4140,0x4120,0x4141,0x4981,0x20A0,0x18A0,0x2080,0x3101,
0x28E1,0x20A0,0x1081,0x0861,0x0020,0x10A1,0x0040,0x0020,0x0040,0x0880,0x10A0,0x1080,0x0000,0x38E0,0x79E0,0x71A0,
0x4100,0x1905,0x2167,0x0882,0x0882,0x1925,0x1125,0x10C3,0x18A1,0x4120,0x61C0,0x69A0,0x69A0,0x71E0,0x71E0,0x79E0,
0x8220,0x71E1,0x18C3,0x0127,0x1105,0x08E6,0x2145,0x7A00,0x71E0,0x69C0,0x6180,0x69C0,0x69C0,0x6180,0x61A0,0x71A0,
0x7201,0x5A04,0x730A,0x3984,0x1880,0x28C0,0x20A0,0x20A0,0x20A0,0x1880,0x2080,0x20C0,0x28C0,0x1081,0x0062,0x0061,
0x012C,0x016D,0x00E9,0x014C,0x010A,0x012B,0x012B,0x010A,0x010A,0x012A,0x014C,0x012A,0x00C8,0x0084,0x0083,0x0083,
0x0041,0x0841,0x20E2,0x39A4,0x39A4,0x3984,0x39A4,0x3984,0x39A4,0x3984,0x18A1,0x20E3,0x6B4C,0x9CB1,0x83EE,0x732B,
0x7329,0x5225,0x20C1,0x20E2,0x2964,0x3164,0x2943,0x2943,0x2922,0x10C2,0x4182,0x4100,0xA322,0x9B62,0x3121,0x10A1,
0x10A2,0x3963,0x1860,0x08A1,0x2901,0x28E1,0x20C2,0x41C6,0x83AC,0x8C2E,0x734B,0x6B0A,0x630A,0x632B,0x5ACA,0x39E6,
0x08C1,0x0960,0x1A20,0x11A0,0x1140,0x1160,0x0920,0x0900,0x2161,0x1180,0x0980,0x00E0,0x0080,0x0040,0x00E0,0x0100,
0x0900,0x21C0,0x21C0,0x1940,0x1180,0x11E0,0x11C0,0x29E4,0x5289,0x6B0B,0x62CA,0x5AA7,0x5AC9,0x634C,0x6B8D,0x4248,
0x1081,0x18C2,0x2943,0x2103,0x1903,0x2123,0x2965,0x8410,0xBDF8,0x6AEA,0x39C6,0x7C12,0x5B2D,0x08C5,0x016C,0x0254,
0x0A95,0x1188,0x41A2,0x49E3,0x2122,0x18E3,0x2103,0x2103,0x1903,0x1903,0x18E3,0x2123,0x2103,0x2103,0x1903,0x18E3,
0x2103,0x1903,0x18E3,0x49E1,0x2921,0x10C2,0x18E3,0x1081,0x18E2,0x5288,0x630B,0x62A9,0x62C8,0x62C9,0x5AC9,0x5ACB,
0x5ACA,0x39C3,0x18E0,0x19A0,0x4241,0x49C2,0x18A1,0x10E2,0x10C2,0x1081,0x08C1,0x1123,0x39E4,0x4A04,0x41C3,0x3984,
0x39A3,0x41C4,0x41C4,0x39C4,0x39A4,0x3183,0x41C4,0x4981,0x4140,0x4960,0x59C1,0x4940,0x28C0,0x20A0,0x1880,0x2901,
0x20C1,0x2080,0x1860,0x0020,0x0840,0x3121,0x0880,0x10A1,0x0860,0x0080,0x08C0,0x0880,0x0000,0x4121,0x8220,0x7222,
0x41E5,0x1105,0x0061,0x1125,0x1987,0x2187,0x2187,0x2167,0x1925,0x10C3,0x20C1,0x4920,0x69C0,0x7A00,0x71E0,0x71E0,
0x7A20,0x69A0,0x28E2,0x0107,0x00E7,0x0906,0x2924,0x7A00,0x7A00,0x71E0,0x4100,0x1040,0x4920,0x7A00,0x8200,0x71A0,
0x69A0,0x6180,0x61E1,0x20C0,0x28A0,0x28C0,0x28C0,0x28C0,0x1060,0x0020,0x1880,0x20C0,0x28C0,0x1061,0x0042,0x0040,
0x014D,0x016E,0x012B,0x016E,0x014D,0x016D,0x014C,0x010A,0x010A,0x010A,0x012C,0x014C,0x0109,0x0085,0x0063,0x00A5,
0x0064,0x0042,0x0021,0x18E2,0x3184,0x39A4,0x39A4,0x39A4,0x39A4,0x39A4,0x39C4,0x3163,0x18A1,0x3185,0x9491,0xAD33,
0x7B6C,0x6AC8,0x62C8,0x49E5,0x20E1,0x2923,0x3164,0x2943,0x2123,0x10A1,0x51E2,0x30E0,0x30E0,0x92E1,0xBBE2,0x5A00,
0x0861,0x3142,0x1860,0x18E2,0x2102,0x28E0,0x49C2,0x20E1,0x18C1,0x41E6,0x942F,0x9C70,0x734B,0x4A67,0x52A9,0x62EA,
0x4A69,0x31E5,0x21C1,0x1160,0x11C0,0x1A20,0x1A00,0x19E0,0x19E0,0x11A0,0x1120,0x0080,0x0080,0x00C0,0x00E0,0x00C0,
0x00E0,0x1A00,0x1A60,0x09A0,0x0920,0x1982,0x4227,0x62CA,0x62C9,0x62C8,0x5AC8,0x5AE9,0x73AF,0x632D,0x2124,0x1081,
0x1903,0x2144,0x2123,0x2103,0x1903,0x2985,0x2986,0x0041,0x52AB,0xBDF7,0x9CD4,0x3A29,0x0021,0x0000,0x0062,0x096B,
0x018C,0x2124,0x2922,0x10C3,0x18E3,0x1903,0x1903,0x2103,0x1903,0x1903,0x1903,0x2124,0x2103,0x2103,0x2103,0x18E3,
0x1903,0x2103,0x2103,0x2143,0x10C2,0x10A2,0x10A2,0x39C6,0x630A,0x62EA,0x5AA8,0x5A87,0x62C9,0x5AAA,0x5AAA,0x4266,
0x21E2,0x21A0,0x2121,0x31A1,0x20C1,0x10C2,0x10E2,0x10C1,0x08A1,0x0081,0x1903,0x5AA3,0x5A84,0x3963,0x3983,0x39A4,
0x41C4,0x41C4,0x39A4,0x3184,0x3184,0x39A4,0x5226,0x3942,0x4960,0x59A0,0x61C0,0x4160,0x20A0,0x1880,0x20A0,0x20C1,
0x1080,0x1080,0x1080,0x10A0,0x28C1,0x3121,0x0040,0x08A0,0x08E0,0x08C0,0x08A0,0x0060,0x0000,0x3901,0x7A84,0x3185,
0x0062,0x0882,0x1966,0x21C8,0x21A8,0x21A8,0x21A8,0x2188,0x2187,0x1946,0x1125,0x10C3,0x18C1,0x4940,0x71E0,0x8200,
0x7A00,0x69A0,0x7200,0x7201,0x3164,0x00C6,0x1924,0x7A00,0x7200,0x7A00,0x4120,0x0042,0x0064,0x18A2,0x5981,0x7A00,
0x69E0,0x61A0,0x61A0,0x20C0,0x20C0,0x28C0,0x20C0,0x0860,0x0041,0x0021,0x1880,0x28C0,0x20C0,0x0861,0x0841,0x1080,
0x012C,0x014C,0x00C9,0x012B,0x014C,0x014C,0x012B,0x012C,0x012B,0x010A,0x014C,0x014D,0x012C,0x00A5,0x0063,0x00A6,
0x0085,0x0064,0x0063,0x0042,0x0861,0x2103,0x3163,0x41C4,0x39A4,0x41A4,0x39A3,0x39A4,0x3163,0x20E2,0x18C2,0x5AAA,
0x8C30,0x9450,0x6B0A,0x7309,0x6287,0x3983,0x18A1,0x18C2,0x2923,0x2923,0x6A63,0x38E0,0x20C1,0x38E0,0x71E0,0xB3C1,
0x8B21,0x3100,0x0000,0x3982,0x4182,0x30E0,0x3920,0x20E2,0x2923,0x1060,0x20C2,0x5A89,0x8C0E,0x83ED,0x6B0A,0x5AA9,
0x630B,0x630A,0x4248,0x2164,0x1140,0x1200,0x19E0,0x1980,0x19C0,0x11C0,0x0900,0x0060,0x08E0,0x0900,0x00C0,0x0900,
0x0980,0x1A40,0x1A20,0x1181,0x3A05,0x5AAA,0x5ACA,0x5AC9,0x62E9,0x5AC8,0x6B2C,0x6B4C,0x3A07,0x1081,0x20E2,0x2123,
0x2103,0x1903,0x2103,0x1903,0x18E2,0x2986,0x0084,0x0083,0x0000,0x2966,0x2966,0x0000,0x0041,0x0061,0x08E6,0x00E7,
0x00E7,0x08C5,0x08A2,0x10C2,0x18E3,0x1903,0x18E2,0x2103,0x2103,0x2123,0x2103,0x2103,0x2123,0x1903,0x1903,0x18E2,
0x18E3,0x2103,0x2102,0x0905,0x0083,0x18C3,0x4A27,0x6B4B,0x5A88,0x5A67,0x6AE9,0x5ACA,0x5ACA,0x4A89,0x2A24,0x11C0,
0x19A0,0x2120,0x2101,0x2101,0x1081,0x10E2,0x10C1,0x1081,0x08C2,0x2983,0x4203,0x41C3,0x39A3,0x3984,0x39A3,0x39A4,
0x41C4,0x41C4,0x3183,0x2943,0x41E6,0x5268,0x39A4,0x20E1,0x3962,0x49A2,0x5181,0x30E0,0x1880,0x1080,0x28E1,0x1060,
0x0041,0x18E2,0x2901,0x2901,0x20A0,0x28E0,0x0020,0x0060,0x08A0,0x10A0,0x0861,0x0020,0x18A2,0x41C6,0x18E3,0x0041,
0x1125,0x21A8,0x21A9,0x21A8,0x21C8,0x21C8,0x21A8,0x21A8,0x21A8,0x2187,0x2187,0x2166,0x1105,0x08C3,0x2901,0x59A0,
0x7A00,0x71E0,0x69A0,0x69A0,0x79E0,0x59C2,0x3963,0x7A00,0x7A00,0x7A00,0x4100,0x0082,0x0926,0x00E5,0x0083,0x4121,
0x79E0,0x71E0,0x6180,0x20C0,0x28C0,0x28C0,0x0861,0x0062,0x0062,0x0041,0x1880,0x20A0,0x20C0,0x1880,0x18A0,0x18A0,
0x00EA,0x00EA,0x012B,0x012B,0x014C,0x012B,0x0109,0x012B,0x014C,0x014C,0x012C,0x012C,0x014B,0x10C3,0x0883,0x00E8,
0x00C6,0x0085,0x0084,0x0063,0x0063,0x0041,0x1081,0x39A4,0x41C4,0x41A4,0x3983,0x3983,0x3983,0x39A4,0x3984,0x1881,
0x2923,0x840F,0xA4D2,0x6B2A,0x62C8,0x734A,0x4A26,0x20C1,0x20E2,0x3164,0x6A63,0x59C1,0x2081,0x1880,0x1881,0x4101,
0xA341,0xABA1,0x3900,0x1061,0x18E2,0x0860,0x20A0,0x4961,0x3142,0x2102,0x2102,0x1040,0x2923,0x7B8C,0x9C90,0x736C,
0x630A,0x62EA,0x5AA8,0x62EA,0x5288,0x29C3,0x1120,0x21C0,0x2A40,0x2A40,0x1180,0x0920,0x19A0,0x19C0,0x19C0,0x2200,
0x1200,0x0160,0x2183,0x4A69,0x62EA,0x62C9,0x5AA8,0x5AA9,0x6B2B,0x6B8E,0x4A69,0x18E2,0x1080,0x2103,0x2123,0x2103,
0x2103,0x1903,0x18E2,0x18E2,0x52AB,0x5B91,0x1A6E,0x0148,0x0083,0x0861,0x1083,0x0042,0x08E5,0x00C5,0x00E5,0x0062,
0x0041,0x0063,0x0861,0x0861,0x10C2,0x18E3,0x18E3,0x2923,0x2123,0x2123,0x2123,0x2103,0x2102,0x18E2,0x1903,0x18E2,
0x18E2,0x18E3,0x18A2,0x1105,0x2187,0x632C,0x5AA8,0x5A87,0x62A8,0x5A88,0x62C8,0x5AA8,0x3A47,0x21E1,0x2220,0x3200,
0x2921,0x10C1,0x0901,0x1903,0x10A1,0x0881,0x08A2,0x1103,0x29C3,0x5264,0x39A3,0x3164,0x41C4,0x41C4,0x3984,0x39A4,
0x3963,0x3984,0x41C4,0x4A26,0x5267,0x5247,0x31C1,0x2981,0x39A4,0x3163,0x3961,0x2900,0x1080,0x10A1,0x3121,0x1060,
0x0860,0x3161,0x3961,0x28E0,0x0840,0x28C0,0x0020,0x0000,0x0860,0x10A1,0x0020,0x18C2,0x62C9,0x0841,0x0000,0x21A7,
0x2A09,0x21C9,0x2187,0x21C8,0x29C8,0x29C8,0x29C8,0x21C8,0x21C8,0x21A7,0x21A7,0x21A7,0x21A7,0x1967,0x1125,0x10C3,
0x2901,0x5160,0x69C0,0x6160,0x5140,0x71E0,0x79E0,0x71C0,0x69C0,0x71C0,0x4920,0x10C3,0x1947,0x1925,0x00E6,0x2903,
0x7200,0x71E0,0x61C0,0x28E0,0x28C0,0x28C0,0x0881,0x0062,0x0061,0x0041,0x20A0,0x20A0,0x20A0,0x20A0,0x20A0,0x18A0,
0x018E,0x016D,0x016E,0x016E,0x012B,0x014C,0x014C,0x012B,0x012C,0x012C,0x014D,0x010B,0x012C,0x0064,0x0085,0x012B,
0x010B,0x00C8,0x00A5,0x0063,0x0064,0x0084,0x0042,0x0861,0x18E2,0x3163,0x39A3,0x41A4,0x39A4,0x3984,0x3983,0x39A4,
0x2923,0x20E2,0x5268,0x8C30,0x9470,0x6B0A,0x6B0A,0x62A8,0x3184,0x18A1,0x4161,0x7201,0x8AA1,0x3982,0x2943,0x3101,
0x1860,0x69E1,0xABC2,0x6A61,0x18C1,0x1081,0x1080,0x28C0,0x28C0,0x3983,0x2943,0x20E2,0x18C1,0x20C1,0x41C5,0x83CD,
0x9470,0x734B,0x5AC9,0x630A,0x630B,0x5AEB,0x31C6,0x1121,0x19A0,0x2A60,0x11E0,0x1180,0x0960,0x11C0,0x19A0,0x1A00,
0x19E2,0x3A27,0x5ACA,0x5ACA,0x5AA8,0x5AA8,0x630A,0x738D,0x5AEB,0x2124,0x1081,0x20E2,0x2123,0x2103,0x2103,0x2103,
0x1903,0x2103,0x18E3,0x73D1,0xB5D9,0x9CF6,0x8CF6,0x53D3,0x09CB,0x1947,0x1947,0x00E6,0x00E6,0x00C5,0x0063,0x0041,
0x0020,0x0840,0x0861,0x0860,0x10A2,0x2103,0x1903,0x2103,0x2123,0x2103,0x2103,0x18E3,0x2943,0x18C2,0x18E2,0x1903,
0x18E3,0x1081,0x39A5,0x31E7,0x10E4,0x6B0A,0x62C7,0x62C8,0x5AA9,0x5A89,0x4205,0x21A1,0x19C0,0x2200,0x4A41,0x3942,
0x10A1,0x00C1,0x0921,0x18E2,0x0881,0x0081,0x2142,0x41E3,0x39A3,0x39A4,0x39A4,0x3983,0x41A4,0x39A4,0x3983,0x3984,
0x3984,0x5A23,0x5A67,0x5AA9,0x5A68,0x5A68,0x4204,0x4203,0x5266,0x49E5,0x2122,0x2922,0x3984,0x3984,0x3962,0x1060,
0x18C0,0x18A1,0x1080,0x18C0,0x1060,0x3100,0x0840,0x0040,0x0860,0x0861,0x0040,0x1082,0x6B09,0x62C8,0x3164,0x10C3,
0x2167,0x21A8,0x21A8,0x21C9,0x29C9,0x29C8,0x29C8,0x21C8,0x29C8,0x21C8,0x21C8,0x21C7,0x21C8,0x21A7,0x21A7,0x1966,
0x1125,0x10C3,0x28C1,0x4100,0x61A0,0x71E0,0x71C0,0x71C0,0x69A0,0x69C0,0x5120,0x00A3,0x0128,0x10E5,0x00E6,0x3143,
0x7A00,0x79E0,0x71E0,0x28E0,0x28C0,0x28C0,0x0861,0x0042,0x0062,0x0041,0x2080,0x20A0,0x20A0,0x2080,0x2080,0x1880,
0x016D,0x016D,0x012B,0x018E,0x010B,0x014C,0x014D,0x014D,0x016E,0x012D,0x014C,0x012B,0x012A,0x0043,0x0043,0x00C9,
0x00E8,0x00E8,0x00C7,0x0085,0x00A5,0x0085,0x0063,0x0042,0x0022,0x0840,0x2943,0x3984,0x3984,0x3984,0x3983,0x3984,
0x39A4,0x39A4,0x20E2,0x2923,0x7B8D,0xA4D2,0x83AD,0x732A,0x62E8,0x39A4,0x49A2,0x28A0,0x59A1,0xA362,0x7AC2,0x3900,
0x0000,0x1040,0x5140,0xB3E2,0x9B82,0x2901,0x0881,0x1061,0x30E1,0x3941,0x20E2,0x2123,0x2923,0x2923,0x18C1,0x20A1,
0x5268,0x942F,0x8C0E,0x6B2B,0x52A9,0x5ACA,0x5ACA,0x5289,0x31A5,0x1140,0x0920,0x0100,0x0940,0x0960,0x00A0,0x21A4,
0x52A9,0x6B0C,0x5AEA,0x5ACA,0x5AA8,0x630A,0x73AE,0x4228,0x1081,0x10A1,0x2903,0x2923,0x2103,0x2103,0x2123,0x1903,
0x2103,0x1903,0x2124,0x526A,0x5BF4,0xB5F9,0xB5D9,0xA557,0x7475,0x1A2C,0x0127,0x00C5,0x00A4,0x0062,0x0021,0x0020,
0x0040,0x0861,0x1081,0x18E2,0x2103,0x18E3,0x1903,0x2103,0x2123,0x2123,0x2103,0x18E3,0x2143,0x18E2,0x18E3,0x10C2,
0x2123,0x4A47,0x6AE9,0x39E6,0x10C3,0x6AEA,0x62E8,0x62EA,0x5AA9,0x39E5,0x1160,0x1A20,0x3220,0x3961,0x28E2,0x10E2,
0x08C1,0x08A0,0x08C1,0x0061,0x18E1,0x41E2,0x5263,0x39A3,0x3143,0x41C4,0x39A4,0x39A4,0x3983,0x3163,0x3983,0x39C4,
0x5203,0x4121,0x51A2,0x6A85,0x62A8,0x5AA9,0x5267,0x5287,0x5A87,0x6284,0x3983,0x49E4,0x5223,0x3983,0x20A1,0x0840,
0x20E2,0x18C1,0x0881,0x20C1,0x28E1,0x3940,0x0880,0x1081,0x0860,0x0860,0x0040,0x18C2,0x6AE9,0x6AC8,0x7329,0x5A67,
0x2903,0x0862,0x08A3,0x320A,0x29C9,0x21C8,0x21C8,0x21C8,0x29C8,0x29C8,0x29E8,0x29C7,0x29C8,0x21A8,0x21A8,0x21A8,
0x2187,0x1946,0x08E4,0x1082,0x30E1,0x69A0,0x7A00,0x71E0,0x61A0,0x61A0,0x69C0,0x61C2,0x2924,0x00A5,0x00E7,0x2964,
0x79E0,0x7A00,0x7A00,0x30E0,0x28C0,0x28C0,0x0061,0x0042,0x0861,0x18A0,0x20A0,0x20A0,0x20A0,0x20A0,0x1880,0x1060,
0x014C,0x018D,0x012C,0x016D,0x014C,0x012B,0x010A,0x014D,0x014D,0x012B,0x014C,0x014D,0x016D,0x00A6,0x00C8,0x012C,
0x010A,0x010A,0x00C7,0x0085,0x00A6,0x00E8,0x0085,0x0063,0x0084,0x0042,0x0041,0x1081,0x3163,0x39A4,0x3984,0x3983,
0x3984,0x39A4,0x39C4,0x2943,0x18A1,0x41C6,0x83EF,0xA4B1,0x6B0A,0x5226,0x82E5,0x4120,0x20C0,0x3900,0x8280,0x8AC2,
0x28E0,0x1860,0x28A1,0x28A0,0x82C1,0xB3E2,0x51A1,0x0841,0x0040,0x1020,0x2921,0x3184,0x2122,0x2923,0x2123,0x18E2,
0x1081,0x3123,0x838C,0xA4B1,0x736C,0x62E9,0x5AA8,0x736C,0x6B2B,0x39E7,0x1102,0x0920,0x0960,0x21C2,0x4226,0x62EA,
0x630A,0x5AE9,0x52C9,0x6B4C,0x7BCE,0x5ACB,0x18E3,0x1081,0x2102,0x2123,0x2103,0x2103,0x2123,0x2123,0x2103,0x1903,
0x1903,0x1903,0x10E4,0x0882,0x0043,0x2A4E,0x9538,0x9517,0x19CB,0x00A4,0x00A4,0x0063,0x0041,0x0020,0x0020,0x0040,
0x0840,0x18C2,0x2102,0x2103,0x2103,0x2103,0x2103,0x1903,0x2103,0x2103,0x1903,0x2103,0x18A1,0x1081,0x10A1,0x3164,
0x6B0A,0x6AEA,0x6266,0x4A06,0x2985,0x630B,0x5ACA,0x52A9,0x2A04,0x11C0,0x19E0,0x3A01,0x3961,0x10C1,0x10E2,0x10E2,
0x10A1,0x08A1,0x0881,0x1922,0x5242,0x6242,0x5202,0x3983,0x39A4,0x41C4,0x3983,0x41A4,0x3983,0x2923,0x41A3,0x6223,
0x61E1,0x4120,0x6A21,0x59A0,0x51A2,0x6AE7,0x62A9,0x5AA9,0x5AA9,0x41E4,0x39A3,0x39A3,0x41C4,0x3163,0x18C1,0x1060,
0x3942,0x3122,0x18A0,0x1060,0x1080,0x3941,0x0860,0x18C1,0x1081,0x0860,0x1080,0x2923,0x7B4A,0x7309,0x6AE8,0x6AC8,
0x6AE8,0x5AA8,0x20E3,0x10E4,0x29A8,0x29E9,0x21C9,0x21A8,0x29C9,0x21C8,0x29C8,0x29C8,0x29C8,0x21A8,0x21C8,0x29C8,
0x21A7,0x2167,0x2167,0x1946,0x10E4,0x10C1,0x3900,0x69C0,0x69C0,0x61A0,0x71E0,0x8220,0x7200,0x4162,0x10E6,0x3164,
0x8200,0x79E0,0x71E0,0x28E0,0x28C0,0x28C0,0x0860,0x1081,0x20A0,0x20C0,0x20A0,0x20A0,0x1880,0x1880,0x18A0,0x1081,
0x016D,0x016C,0x012B,0x012B,0x014C,0x014D,0x010A,0x014C,0x014D,0x012C,0x014D,0x016D,0x014C,0x0108,0x0109,0x014D,
0x012B,0x012C,0x012B,0x00E9,0x010A,0x014C,0x00C7,0x00A6,0x0064,0x0063,0x0083,0x0042,0x0861,0x18C2,0x3163,0x39A4,
0x4184,0x3983,0x39A4,0x41A4,0x3984,0x20E2,0x20C2,0x4A28,0x840F,0x9CB1,0x9BA7,0x5120,0x3921,0x1060,0x1040,0x59A1,
0xA382,0x7A61,0x28C0,0x0000,0x1840,0x6A01,0xBC01,0x7AA1,0x0820,0x1081,0x4981,0x3962,0x18C2,0x2103,0x2103,0x2123,
0x2923,0x20E2,0x2902,0x39A5,0x838C,0xA4B0,0x83CD,0x6B2B,0x5AC9,0x62EA,0x52A9,0x31C5,0x31E5,0x630B,0x6B2C,0x62EA,
0x62EA,0x52A8,0x6B6B,0x6B4C,0x31A6,0x1061,0x18C2,0x2123,0x2103,0x1903,0x2103,0x2103,0x2123,0x2123,0x2103,0x1903,
0x1903,0x18E2,0x10E3,0x00A4,0x0883,0x0000,0x29A8,0x42AC,0x0023,0x0020,0x0041,0x0020,0x0000,0x0040,0x0861,0x10A1,
0x18C2,0x2102,0x2123,0x2103,0x2103,0x2103,0x2103,0x1903,0x1903,0x1903,0x1903,0x18E2,0x1080,0x18C2,0x4227,0x62C9,
0x62C9,0x62C8,0x62A7,0x41E6,0x10C2,0x4206,0x31E4,0x1120,0x1180,0x31E0,0x3121,0x18C1,0x10E2,0x10C1,0x10A1,0x10C1,
0x08A1,0x08E3,0x2982,0x5243,0x51E3,0x3142,0x3983,0x41A3,0x41C3,0x39C3,0x3163,0x39C3,0x39A3,0x49C3,0x51C2,0x3901,
0x69E1,0x7220,0x69E0,0x4940,0x69E0,0x7A41,0x5225,0x5AA8,0x41E6,0x41E5,0x5224,0x3983,0x3162,0x3163,0x3162,0x18C1,
0x18A1,0x1060,0x18C1,0x1060,0x0840,0x3141,0x0840,0x1080,0x18A1,0x18C1,0x18A0,0x18E2,0x6AE9,0x6AE8,0x7309,0x6AC7,
0x6287,0x7309,0x732A,0x4A07,0x2103,0x10E4,0x21A8,0x29E9,0x21E9,0x21C9,0x21C9,0x29C9,0x29C8,0x29A7,0x29C8,0x29C8,
0x21C8,0x2187,0x2187,0x2187,0x1966,0x1925,0x08E4,0x18C2,0x3900,0x5140,0x69A0,0x69C0,0x5140,0x5140,0x7201,0x61E1,
0x81E0,0x7A00,0x7200,0x28E0,0x28C0,0x28C0,0x20A0,0x1880,0x1880,0x18A0,0x20A0,0x20A0,0x1040,0x0820,0x0841,0x10C2,
0x010A,0x014C,0x014C,0x014C,0x014C,0x018E,0x012C,0x012C,0x012B,0x014D,0x014D,0x016D,0x014C,0x014B,0x012B,0x014C,
0x010A,0x010A,0x012B,0x012B,0x012C,0x012C,0x00E9,0x00E8,0x0084,0x0063,0x0085,0x0084,0x0063,0x0021,0x0861,0x2943,
0x3983,0x39A4,0x39A4,0x3983,0x3983,0x39A4,0x39A4,0x20E2,0x2103,0x734C,0x9BE9,0x38E0,0x28E1,0x30C0,0x1880,0x1060,
0x3900,0x9B01,0x9321,0x20A0,0x0820,0x1860,0x38E0,0xA361,0xA3A1,0x3961,0x1881,0x0840,0x3121,0x2922,0x2103,0x2923,
0x2923,0x2923,0x2943,0x1881,0x20C1,0x5A88,0x942E,0x8C0E,0x630A,0x52A9,0x62EB,0x5AA9,0x62C9,0x62C8,0x62E9,0x62EA,
0x738D,0x7BAE,0x4A68,0x1081,0x1081,0x2123,0x2123,0x2103,0x2103,0x2103,0x2123,0x2103,0x2124,0x2123,0x2123,0x1903,
0x1903,0x1903,0x18E2,0x0000,0x0022,0x00A4,0x10C3,0x0861,0x0041,0x0041,0x0000,0x0020,0x0041,0x0881,0x10A1,0x1902,
0x2103,0x2103,0x2103,0x2103,0x2103,0x1903,0x2103,0x1903,0x18E3,0x2103,0x18C2,0x10C2,0x3984,0x5247,0x6B0A,0x5A87,
0x62A8,0x5AC8,0x62C9,0x39E4,0x0040,0x1100,0x1180,0x19A0,0x2941,0x3101,0x18E2,0x10E2,0x1902,0x10A1,0x0881,0x08A2,
0x2142,0x41E2,0x49E3,0x3963,0x3183,0x3184,0x39A4,0x39A4,0x39A4,0x41C3,0x39A4,0x3184,0x5A03,0x7261,0x38E0,0x59E0,
0x7A81,0x61C0,0x61A0,0x92A0,0x82A0,0x28A0,0x2080,0x6202,0x49E3,0x6284,0x5224,0x41E6,0x41C5,0x39A5,0x2942,0x18C1,
0x1081,0x0860,0x18A1,0x2901,0x20C1,0x3941,0x0840,0x1080,0x10A0,0x10A1,0x1081,0x18E2,0x7329,0x7308,0x6287,0x7329,
0x7308,0x6AC8,0x62A8,0x6AC8,0x6AE9,0x41C5,0x18C2,0x10E4,0x21E9,0x220A,0x21C8,0x21C8,0x21C8,0x21A8,0x21C8,0x21C8,
0x21C8,0x21A7,0x21A7,0x2188,0x2188,0x1967,0x1966,0x1125,0x08C3,0x10A2,0x30E0,0x5160,0x5960,0x5140,0x69A0,0x7A00,
0x8200,0x7A00,0x71E0,0x28C0,0x28C0,0x28C0,0x20A0,0x1880,0x1880,0x1880,0x1080,0x1060,0x0840,0x0020,0x0020,0x0040,
0x012C,0x014D,0x012C,0x014D,0x010B,0x014C,0x012B,0x012C,0x012C,0x012C,0x012B,0x014C,0x016D,0x014C,0x012B,0x012B,
0x010A,0x012B,0x012C,0x014C,0x012B,0x010A,0x012B,0x012B,0x00E8,0x00A6,0x0084,0x0063,0x0084,0x0063,0x0042,0x0020,
0x18E2,0x39A4,0x3983,0x39A3,0x39A4,0x39A3,0x39A4,0x41E4,0x3143,0x18A1,0x6223,0x3900,0x2902,0x41A3,0x3962,0x3101,
0x0040,0x1060,0x69E1,0xAB82,0x6A01,0x1040,0x0000,0x2880,0x82A1,0xBC21,0x6A40,0x3941,0x6A42,0x20C1,0x2102,0x2923,
0x2923,0x2102,0x2923,0x2923,0x2102,0x20C1,0x2902,0x62A9,0x8C0E,0x83CE,0x6B0B,0x6B0A,0x62C9,0x5A88,0x62EA,0x6B4C,
0x630B,0x2944,0x18A1,0x2102,0x18E3,0x1903,0x2123,0x2123,0x2123,0x2123,0x2123,0x2103,0x2123,0x2123,0x2124,0x2103,
0x2103,0x1903,0x18E3,0x10C2,0x18A1,0x1080,0x0083,0x0041,0x0000,0x0021,0x0040,0x0840,0x0881,0x18E2,0x18E3,0x2103,
0x2123,0x1903,0x2103,0x1903,0x2103,0x1903,0x1903,0x2103,0x18E3,0x10A2,0x2944,0x52A9,0x6B4C,0x5AA8,0x62E8,0x62C9,
0x62C9,0x62CA,0x52A5,0x3201,0x21A1,0x2220,0x3A41,0x4181,0x10A1,0x08E1,0x18E2,0x10C1,0x10A1,0x08A1,0x08E2,0x2983,
0x5244,0x49C3,0x3163,0x2963,0x3983,0x41A3,0x39A3,0x39A4,0x3984,0x41C3,0x39A4,0x39A4,0x41A2,0x5980,0x7A61,0x8261,
0x61A1,0x59A0,0x92C1,0x7240,0x28A0,0x1060,0x30E0,0x61E1,0x4120,0x59C1,0x4961,0x49C4,0x5A46,0x5247,0x4A06,0x3182,
0x3182,0x3163,0x2943,0x3163,0x3962,0x4140,0x20C1,0x2101,0x1080,0x10C2,0x1081,0x2103,0x732A,0x7329,0x20E3,0x2924,
0x62A8,0x7309,0x7308,0x6AC8,0x62A7,0x6AE8,0x62A8,0x3984,0x10C3,0x1926,0x29C9,0x29E8,0x21A8,0x21A8,0x21A8,0x29A7,
0x29C8,0x21A7,0x21A7,0x21A8,0x2187,0x2186,0x2167,0x1967,0x1946,0x10E4,0x08A3,0x18E2,0x4121,0x69C0,0x7200,0x7A00,
0x8200,0x7A00,0x71E0,0x28C0,0x28A0,0x28C0,0x20A0,0x20A0,0x1880,0x1081,0x0861,0x0040,0x0860,0x0840,0x0020,0x0000,
0x014C,0x014D,0x012B,0x014D,0x014C,0x014D,0x014D,0x010B,0x010B,0x010B,0x012C,0x012C,0x012C,0x014C,0x012C,0x014C,
0x014C,0x012B,0x012C,0x016C,0x012B,0x0109,0x010A,0x012B,0x010A,0x00E9,0x00C6,0x0084,0x0063,0x0063,0x0063,0x0043,
0x0042,0x0861,0x2102,0x41C4,0x39A4,0x39A4,0x39A4,0x41A4,0x39A4,0x3143,0x4981,0x3921,0x20C2,0x41C5,0x4A04,0x28E2,
0x0840,0x1081,0x0840,0x5180,0xAB61,0x8AE2,0x1880,0x4982,0x2080,0x51A0,0xB3C1,0x6221,0x28A0,0x20A0,0x2943,0x2924,
0x2923,0x2122,0x2123,0x2123,0x2923,0x2923,0x18C1,0x1880,0x3143,0x7B4B,0x942F,0x7B6B,0x7329,0x7B6B,0x7BAD,0x3185,
0x1081,0x2102,0x2943,0x2103,0x1903,0x2103,0x2103,0x2103,0x2124,0x2123,0x2103,0x2123,0x2123,0x1904,0x1923,0x2103,
0x1903,0x18E3,0x2922,0x5A43,0x49C3,0x2102,0x0840,0x0000,0x0020,0x0861,0x1081,0x18C2,0x18E3,0x1903,0x2103,0x18E2,
0x2985,0x2166,0x10A2,0x2103,0x1903,0x18E3,0x1903,0x18C2,0x10A2,0x39E6,0x6B4C,0x62EA,0x62C9,0x6AE8,0x62C9,0x62CA,
0x5ACA,0x4246,0x29E1,0x1A00,0x21C0,0x41E1,0x3161,0x10C2,0x10C1,0x10C1,0x10C2,0x0881,0x08A1,0x2163,0x4204,0x4A03,
0x39A3,0x3163,0x39A3,0x3983,0x39A3,0x41A4,0x41C4,0x39C4,0x39A4,0x41C3,0x39A4,0x2943,0x4982,0x4940,0x4940,0x69E1,
0x69C0,0x7A41,0x4940,0x0860,0x30E0,0x5180,0x69E1,0x59A1,0x1880,0x28C0,0x28A0,0x30E0,0x4962,0x5A45,0x5246,0x39C3,
0x39C4,0x39C3,0x3983,0x41C3,0x39A3,0x3100,0x10A1,0x18E2,0x10C1,0x10C1,0x18E0,0x3984,0x7B4A,0x734A,0x2923,0x0020,
0x10A2,0x39C5,0x6AE8,0x6AE8,0x6AC8,0x62A8,0x62A7,0x7308,0x62E9,0x39A5,0x10A3,0x1925,0x21C9,0x21A8,0x21A7,0x29C8,
0x21C8,0x21A8,0x21A7,0x21A7,0x2187,0x2187,0x1987,0x1987,0x1967,0x2187,0x1946,0x08A3,0x1880,0x3941,0x7201,0x8A20,
0x7A00,0x79E0,0x7200,0x28C0,0x20A0,0x28A0,0x20A0,0x20A0,0x0840,0x0861,0x1061,0x18C1,0x10C2,0x0861,0x0000,0x0000,
0x012C,0x012C,0x014C,0x018D,0x012C,0x012C,0x014C,0x012C,0x012C,0x014D,0x012C,0x010B,0x010A,0x012B,0x010B,0x00EA,
0x012B,0x012B,0x012B,0x014C,0x014C,0x010A,0x010A,0x012B,0x010A,0x014B,0x00E8,0x00A6,0x0084,0x0064,0x0064,0x0064,
0x00A5,0x0063,0x0041,0x18C2,0x3163,0x39A4,0x39A4,0x39A4,0x3984,0x39A3,0x3963,0x20E1,0x0861,0x18A1,0x3984,0x3984,
0x2943,0x18A1,0x18A1,0x1040,0x28E0,0x7A81,0x9B42,0x8261,0x28E0,0x0020,0x4981,0x2080,0x1060,0x3941,0x41A3,0x3183,
0x2943,0x2103,0x2923,0x2123,0x2103,0x2103,0x3163,0x3963,0x10A1,0x18A1,0x41E5,0x4A26,0x5202,0x49E4,0x2923,0x1081,
0x10A1,0x18E3,0x2103,0x2103,0x1903,0x2103,0x18E3,0x2103,0x2144,0x2124,0x2103,0x2103,0x1903,0x1903,0x2103,0x1904,
0x2123,0x5203,0x5202,0x3163,0x2102,0x2124,0x18E2,0x18E2,0x2103,0x1903,0x18E3,0x1903,0x2103,0x1903,0x2103,0x18E2,
0x2123,0x10E2,0x0881,0x2123,0x1903,0x18E3,0x10A2,0x3185,0x5AEA,0x630A,0x5AA9,0x5A88,0x6B09,0x62EA,0x5ACA,0x5288,
0x3203,0x1180,0x11C0,0x3A21,0x4161,0x18A1,0x10E2,0x1902,0x10A1,0x08A1,0x08A1,0x10C2,0x31E4,0x62A5,0x41A3,0x3983,
0x3983,0x39A4,0x41C3,0x39A3,0x41E4,0x41A3,0x41C4,0x41C4,0x39A4,0x39A4,0x31A4,0x3983,0x61E2,0x5160,0x5180,0x5980,
0x4100,0x5161,0x3101,0x4960,0x61E0,0x61E1,0x59C1,0x3120,0x1860,0x28E1,0x3101,0x20A0,0x3942,0x3101,0x3942,0x5225,
0x5266,0x5244,0x41C3,0x41A3,0x3183,0x20E1,0x1081,0x2922,0x2102,0x3983,0x41A2,0x3983,0x7308,0x7329,0x39A3,0x2943,
0x2143,0x08A2,0x6B09,0x7309,0x72E8,0x7308,0x7308,0x62A7,0x62A7,0x7309,0x62C8,0x2944,0x10A3,0x1966,0x29E9,0x21C9,
0x21C8,0x21A8,0x21A8,0x21A8,0x21A8,0x1987,0x2187,0x1988,0x21A8,0x1925,0x10C2,0x18E2,0x1880,0x0881,0x1082,0x5181,
0x7A00,0x71E0,0x7200,0x28C0,0x20A0,0x2080,0x20A0,0x1880,0x0020,0x0020,0x1081,0x18E3,0x0041,0x0040,0x0861,0x0040,
0x014D,0x014D,0x012C,0x014C,0x012C,0x014D,0x016D,0x012C,0x014C,0x014C,0x012B,0x012B,0x012C,0x010A,0x010A,0x00E9,
0x012A,0x012C,0x012B,0x014C,0x014D,0x012B,0x012B,0x010B,0x010B,0x014C,0x012B,0x0109,0x00A6,0x0084,0x00A5,0x0084,
0x00A5,0x00A5,0x0063,0x0021,0x0861,0x20E2,0x3184,0x41C4,0x41A4,0x39A4,0x39A4,0x3184,0x2102,0x0000,0x0820,0x18A2,
0x3163,0x3163,0x3121,0x1880,0x1860,0x1860,0x5180,0x7A20,0x28A0,0x1861,0x4981,0x2080,0x28C0,0x2922,0x2943,0x41C3,
0x4A22,0x3142,0x3143,0x2923,0x2103,0x0861,0x5247,0x940D,0x5A67,0x20E2,0x18A1,0x18A1,0x10C2,0x18C2,0x3143,0x5AA8,
0x738C,0x2944,0x10C2,0x18E3,0x18E3,0x2103,0x2103,0x2103,0x2123,0x2123,0x2103,0x1903,0x2103,0x1903,0x18E3,0x31A3,
0x6284,0x49E4,0x18E3,0x20E3,0x1903,0x1902,0x18E2,0x2103,0x1903,0x2123,0x2103,0x1903,0x1903,0x18E3,0x2123,0x18E3,
0x3141,0x41A0,0x1081,0x2103,0x18C2,0x18E2,0x4A27,0x736C,0x6B2B,0x5AA8,0x62C9,0x62C9,0x630B,0x630B,0x3A45,0x19A0,
0x19E0,0x2200,0x3960,0x2901,0x10E2,0x10C1,0x18E2,0x10C2,0x08A1,0x08A1,0x2143,0x4A45,0x5203,0x49C4,0x39A4,0x3983,
0x3983,0x39A4,0x41C3,0x3983,0x41C4,0x41C4,0x39A4,0x39A4,0x2943,0x3983,0x72C2,0x82A2,0x61C1,0x38E0,0x4100,0x61A1,
0x4101,0x28A0,0x28C0,0x6A01,0x8261,0x59A0,0x5160,0x51A0,0x4141,0x28A0,0x20A1,0x1080,0x2101,0x3121,0x28C0,0x30E1,
0x51A3,0x6284,0x5265,0x4A05,0x31A2,0x2942,0x3163,0x3983,0x39A4,0x3984,0x3163,0x3164,0x7B49,0x8369,0x49E4,0x3164,
0x39E6,0x2166,0x6AE8,0x7B29,0x5A67,0x41C5,0x6AE9,0x6B09,0x62C8,0x62A7,0x6AE8,0x7309,0x5A88,0x2944,0x10C4,0x21A8,
0x29E9,0x21A8,0x21A8,0x21A8,0x21A8,0x1987,0x21A8,0x1966,0x18E3,0x18E2,0x2122,0x18E2,0x1080,0x10A1,0x0064,0x28A1,
0x8240,0x7A00,0x71E0,0x28C0,0x28C0,0x1060,0x0860,0x1081,0x0861,0x0000,0x0860,0x1081,0x0020,0x0040,0x0881,0x08A2,
0x012C,0x012C,0x014C,0x014C,0x012B,0x014C,0x012B,0x014B,0x012D,0x012C,0x010B,0x010B,0x012A,0x010A,0x00EA,0x00EA,
0x00E9,0x010B,0x010A,0x00EA,0x012B,0x010B,0x010B,0x00EA,0x010A,0x010A,0x012A,0x010A,0x00C9,0x00C7,0x00C7,0x00A6,
0x00A6,0x00C6,0x0064,0x0063,0x0063,0x0021,0x1081,0x3163,0x39A4,0x3984,0x3983,0x41C4,0x2943,0x0000,0x0000,0x0000,
0x0860,0x2943,0x49E4,0x3121,0x28C0,0x3920,0x4141,0x4121,0x28C0,0x2080,0x4960,0x18A0,0x28E0,0x2922,0x2964,0x2923,
0x3982,0x49E3,0x3963,0x3123,0x5227,0x5248,0x1080,0x3164,0x8BED,0x734A,0x2943,0x2943,0x2102,0x41C5,0x944F,0x942E,
0x5A88,0x18E2,0x10A1,0x2943,0x20E2,0x2123,0x2123,0x2103,0x2123,0x2103,0x2103,0x1903,0x1903,0x2123,0x5A23,0x5A43,
0x2943,0x1903,0x18E3,0x2103,0x2103,0x2103,0x18E3,0x2103,0x1903,0x2103,0x2103,0x2103,0x1903,0x18E3,0x2103,0x1903,
0x2122,0x2962,0x0881,0x10A1,0x2964,0x6B2B,0x6B2B,0x5A89,0x6AE9,0x62E9,0x62EA,0x62CB,0x5289,0x3223,0x11C0,0x1A00,
0x31E0,0x3941,0x20A1,0x10C2,0x18E2,0x10A2,0x08A1,0x08A1,0x10E2,0x39A3,0x4A04,0x5224,0x41C4,0x41C4,0x41C3,0x41A4,
0x39A3,0x3983,0x41C4,0x41A4,0x39A4,0x3184,0x3143,0x3184,0x39A3,0x49A2,0x7221,0x8A61,0x9B00,0x7A60,0x38E0,0x28A0,
0x30C0,0x38E0,0x28C0,0x4941,0x3920,0x3100,0x61C1,0x4961,0x20A0,0x18A0,0x1880,0x1060,0x20A0,0x20E0,0x18C0,0x20E1,
0x3101,0x51A1,0x5A45,0x5247,0x39C3,0x39A4,0x4A27,0x4206,0x39A4,0x39A4,0x39E6,0x41E6,0x7B4A,0x83AB,0x39C4,0x10C2,
0x1126,0x1167,0x732A,0x7B49,0x5246,0x0020,0x10A2,0x41E6,0x6AE9,0x7329,0x6AE9,0x6AC8,0x7308,0x7B4A,0x5267,0x2124,
0x08A3,0x2188,0x21C9,0x21A8,0x21A9,0x21A9,0x1905,0x18E2,0x2123,0x2102,0x18E2,0x18E3,0x18A1,0x1080,0x0063,0x3142,
0x8220,0x7A00,0x7A20,0x30C0,0x28C0,0x1060,0x0041,0x0881,0x0040,0x0000,0x0881,0x0881,0x0040,0x0021,0x0020,0x0061,
0x014E,0x014D,0x016E,0x016D,0x012C,0x016E,0x014D,0x014C,0x016D,0x014D,0x012B,0x014C,0x014C,0x014C,0x012B,0x012C,
0x012B,0x010B,0x010A,0x00E9,0x00C8,0x00E9,0x012B,0x012B,0x010A,0x00E9,0x010A,0x012A,0x010A,0x012B,0x010A,0x00C7,
0x00A6,0x00C7,0x0044,0x0042,0x0084,0x0063,0x0021,0x0041,0x18C2,0x3983,0x41A4,0x41E4,0x2963,0x0040,0x0020,0x0020,
0x0000,0x0020,0x18C2,0x4183,0x51C4,0x3941,0x51A1,0x59A1,0x3920,0x3941,0x6A21,0x28C0,0x28E0,0x20C0,0x2102,0x2122,
0x2123,0x18E3,0x2942,0x6263,0x3142,0x4207,0x734B,0x39A5,0x18C2,0x39C5,0x2944,0x2923,0x2103,0x39C6,0x630A,0x2123,
0x10A1,0x3184,0x83AC,0x734A,0x1903,0x2103,0x2103,0x2103,0x2124,0x2103,0x2103,0x1903,0x2123,0x5243,0x39C3,0x18E3,
0x1903,0x2103,0x1903,0x1903,0x2103,0x18E3,0x2103,0x2103,0x2123,0x2103,0x2103,0x2103,0x2103,0x2123,0x2123,0x2123,
0x10E4,0x0083,0x10A2,0x5289,0x630B,0x6AEA,0x62A8,0x62C8,0x5AC9,0x62C9,0x62C7,0x4A66,0x2201,0x1A20,0x2A20,0x3980,
0x28C1,0x10A1,0x10E2,0x10E2,0x10C1,0x0860,0x0881,0x1923,0x4A44,0x5A43,0x3983,0x41E5,0x41C4,0x49E4,0x41C4,0x39A4,
0x39A3,0x39A3,0x41C4,0x39A4,0x3184,0x3163,0x2963,0x5203,0x49C2,0x3101,0x4140,0x4900,0x8A81,0xAB41,0x7220,0x30C1,
0x1861,0x1880,0x28A0,0x4940,0x20C0,0x1040,0x3900,0x28C0,0x20C0,0x1060,0x0840,0x0840,0x18C1,0x18A0,0x0840,0x18A0,
0x51A2,0x4140,0x3942,0x5A66,0x41E4,0x4226,0x5248,0x5268,0x4A27,0x4A27,0x4207,0x39A5,0x62C8,0x7B6A,0x2943,0x18A0,
0x3122,0x2166,0x734A,0x838A,0x5A67,0x0882,0x00A4,0x0062,0x18C2,0x5227,0x7309,0x6AE8,0x6AE8,0x6AC8,0x6B09,0x6AE9,
0x41E6,0x2104,0x1926,0x21A9,0x2188,0x1903,0x2123,0x2123,0x18E2,0x18E2,0x2103,0x18E3,0x18A1,0x1080,0x0023,0x2902,
0x8220,0x8220,0x8220,0x28C0,0x20C0,0x1060,0x0020,0x0040,0x0020,0x0000,0x1040,0x0860,0x0861,0x0040,0x10C2,0x2144,
0x014B,0x012C,0x014E,0x014D,0x012C,0x014D,0x016D,0x012C,0x014C,0x016D,0x012B,0x012B,0x014C,0x016E,0x014D,0x012A,
0x014C,0x012C,0x014D,0x012C,0x012B,0x012C,0x010B,0x012B,0x0109,0x00EA,0x00E9,0x012C,0x012B,0x012D,0x010B,0x0109,
0x00E8,0x00C8,0x0085,0x0084,0x0064,0x0063,0x0063,0x0062,0x0021,0x0861,0x2923,0x41E4,0x3163,0x0040,0x0020,0x0000,
0x0000,0x0001,0x0000,0x0820,0x2903,0x5225,0x49C3,0x59E1,0x20A0,0x0800,0x6A41,0x4140,0x20A0,0x1060,0x0881,0x10A1,
0x2102,0x5A67,0x3985,0x20E1,0x3161,0x3941,0x41C4,0x4A26,0x2123,0x18E3,0x2123,0x2123,0x2123,0x1903,0x10C2,0x18E3,
0x5A88,0x8BEC,0x62A8,0x2922,0x41C4,0x6AA8,0x2944,0x18E2,0x18E3,0x1903,0x2103,0x1903,0x2123,0x2143,0x18E3,0x2103,
0x1903,0x2103,0x2103,0x1903,0x2103,0x2103,0x2103,0x2103,0x2103,0x2103,0x2103,0x18E3,0x2103,0x2123,0x2123,0x2103,
0x18E3,0x08E4,0x52A9,0x6B4B,0x5A68,0x62A8,0x62C8,0x5A89,0x5AEB,0x52A8,0x3202,0x2200,0x1A20,0x4A61,0x3941,0x18C1,
0x10C2,0x10E2,0x10C2,0x10A1,0x1081,0x18E2,0x41E3,0x5263,0x41E3,0x41C4,0x39C4,0x39C4,0x39A4,0x39A4,0x3983,0x39A4,
0x39A4,0x39A4,0x39A4,0x3163,0x3163,0x41C3,0x49C2,0x28E1,0x2901,0x3961,0x59A1,0x61A1,0x5160,0x4900,0x4101,0x8261,
0x5180,0x4140,0x28C0,0x28C0,0x1860,0x30C1,0x4961,0x20C0,0x1060,0x0820,0x0020,0x20C1,0x0860,0x0060,0x28C0,0x4961,
0x3941,0x28E0,0x3121,0x49E4,0x4A26,0x4A67,0x41E4,0x4A46,0x5288,0x5248,0x39E5,0x2142,0x39C4,0x62A7,0x2102,0x1880,
0x4940,0x59C1,0x7B49,0x7B6A,0x5266,0x0062,0x0107,0x0148,0x0064,0x1904,0x7B6A,0x72E8,0x6AE8,0x7329,0x6AE8,0x6287,
0x62A7,0x6AC8,0x41E6,0x2124,0x2944,0x3164,0x2123,0x1902,0x2102,0x18E2,0x18E2,0x18E2,0x18A1,0x0840,0x0001,0x20A1,
0x71E0,0x79E0,0x8220,0x28C0,0x20A0,0x1060,0x0020,0x0881,0x18C2,0x20E1,0x2921,0x1902,0x2123,0x31A5,0x2144,0x0861,
0x012B,0x012B,0x012B,0x014C,0x010A,0x0109,0x014C,0x012C,0x012C,0x012C,0x014D,0x014D,0x014C,0x012B,0x014C,0x012B,
0x012C,0x012C,0x010B,0x0109,0x0109,0x010C,0x018E,0x012C,0x010B,0x012B,0x00A7,0x012B,0x00EA,0x012B,0x010A,0x010B,
0x012C,0x012B,0x010A,0x00A6,0x0085,0x0064,0x0084,0x0084,0x0063,0x0063,0x0041,0x2943,0x2902,0x0020,0x0021,0x0021,
0x0021,0x0041,0x0020,0x0000,0x0000,0x18C1,0x41A4,0x6242,0x20C0,0x0840,0x7242,0x4140,0x20A0,0x0820,0x10A2,0x18E2,
0x0000,0x2103,0x734A,0x62A9,0x18C2,0x41E3,0x3163,0x18E2,0x2123,0x2103,0x2123,0x2123,0x18E3,0x18E3,0x2103,0x10C2,
0x31A5,0x6B2B,0x5AAA,0x5267,0x940C,0x9C90,0x4A89,0x10C2,0x10C2,0x1903,0x1903,0x1903,0x1903,0x2103,0x2103,0x1903,
0x1903,0x2103,0x2124,0x2103,0x2103,0x1903,0x2103,0x2103,0x2103,0x1903,0x1903,0x18E3,0x2103,0x2103,0x18C2,0x2964,
0x5AEA,0x1925,0x4A47,0x6AE9,0x62A8,0x5AA9,0x5AAA,0x52AA,0x3A06,0x2202,0x1200,0x19E0,0x11E0,0x1920,0x08C1,0x10E2,
0x10C1,0x10A1,0x08C1,0x08C2,0x2163,0x5263,0x6A83,0x49E4,0x3984,0x49E3,0x41A3,0x41A4,0x41A4,0x41A4,0x3983,0x41E4,
0x41C4,0x41A4,0x3984,0x3163,0x49A1,0x59E1,0x28E0,0x1060,0x2921,0x3120,0x3901,0x3900,0x38E0,0x30C1,0x1840,0x5160,
0x9B01,0xAB21,0x82A0,0x4141,0x1880,0x30E0,0x4161,0x1880,0x1060,0x1060,0x18A0,0x20C1,0x18A0,0x3101,0x4141,0x28C0,
0x20C0,0x20A0,0x2901,0x3163,0x41A3,0x4A04,0x4204,0x5AA7,0x5A67,0x5247,0x41E3,0x29A1,0x29A2,0x3183,0x10A1,0x10A0,
0x3100,0x51A2,0x7308,0x7B4A,0x5A66,0x1081,0x10E5,0x0948,0x0108,0x1987,0x7349,0x7B29,0x62C8,0x5246,0x7309,0x6AE8,
0x6288,0x6287,0x6AE8,0x62A8,0x3164,0x2103,0x2103,0x2123,0x18E3,0x0840,0x1081,0x1902,0x1080,0x0840,0x0840,0x20A0,
0x71E0,0x7A00,0x79E0,0x28C0,0x20A0,0x0840,0x0000,0x0861,0x31A5,0x4227,0x2944,0x2123,0x39E6,0x18E3,0x0020,0x0020,
0x00EA,0x012C,0x014D,0x012C,0x012B,0x010B,0x012C,0x010C,0x012C,0x010B,0x012C,0x014D,0x014D,0x016D,0x014D,0x012C,
0x010B,0x012C,0x012B,0x0108,0x0129,0x010A,0x010A,0x012B,0x010B,0x012C,0x010A,0x014C,0x010A,0x010B,0x012B,0x00EA,
0x00E9,0x012B,0x010B,0x00C8,0x00E9,0x00A6,0x0084,0x0064,0x0084,0x0063,0x0042,0x0062,0x0861,0x0041,0x0042,0x0061,
0x0881,0x0881,0x0061,0x0041,0x0021,0x0000,0x0840,0x59A2,0x1860,0x18C1,0x8281,0x4140,0x20C0,0x0840,0x1081,0x3185,
0x39C5,0x10A2,0x10A2,0x5A88,0x4A06,0x3164,0x3164,0x2102,0x2943,0x2922,0x2123,0x2123,0x2103,0x2102,0x2102,0x3184,
0x6B4C,0xA4F3,0xB555,0xA4D2,0x9C50,0x9491,0x9CD2,0x6B0C,0x49E6,0x2923,0x1903,0x1903,0x1903,0x2103,0x1903,0x1903,
0x2103,0x2123,0x2124,0x2103,0x2103,0x1903,0x1903,0x1903,0x1903,0x18E3,0x1903,0x18E3,0x18E2,0x18E2,0x39C5,0x736C,
0x6B4B,0x1903,0x4A47,0x6B0A,0x5ACA,0x5ACA,0x5289,0x2A03,0x1200,0x11C0,0x11E0,0x11C0,0x0140,0x0140,0x0921,0x18A2,
0x08A1,0x08C1,0x1102,0x3A03,0x5243,0x41C3,0x3983,0x39A4,0x41A4,0x41C4,0x41C4,0x41C4,0x49E4,0x49E4,0x39C4,0x41C4,
0x41A3,0x3984,0x49E4,0x51C2,0x3101,0x3101,0x4182,0x3961,0x3142,0x3141,0x4961,0x4140,0x20A0,0x1880,0x28C1,0x30C0,
0x4940,0x7A21,0x7201,0x7A41,0x61E0,0x59C1,0x3921,0x30E0,0x3140,0x20E1,0x20E0,0x4141,0x4161,0x30E0,0x18A0,0x28E1,
0x20C0,0x1080,0x20C1,0x41C4,0x3983,0x39A4,0x39A5,0x5247,0x6287,0x5A88,0x4A46,0x39C4,0x4205,0x39C4,0x39A3,0x39C3,
0x41E4,0x3983,0x5A87,0x7309,0x5A67,0x08A2,0x08E4,0x08C4,0x00C4,0x19A7,0x7349,0x7309,0x6287,0x0861,0x2103,0x5246,
0x6AE9,0x6AE8,0x62C8,0x5246,0x2103,0x2123,0x2123,0x10C2,0x0042,0x0000,0x10A1,0x1903,0x1081,0x1040,0x1880,0x20C0,
0x69C0,0x79E0,0x79E0,0x20A0,0x1880,0x0840,0x0820,0x0840,0x20C1,0x39A5,0x39A6,0x3186,0x08A1,0x0020,0x0860,0x0881,
0x010C,0x010C,0x010C,0x012C,0x012C,0x010B,0x010B,0x010B,0x014C,0x012B,0x012C,0x012C,0x014C,0x014D,0x014C,0x012C,
0x010B,0x012C,0x014D,0x012B,0x014C,0x012C,0x00EA,0x00E9,0x00EA,0x014C,0x010B,0x012C,0x012B,0x010A,0x010B,0x00C8,
0x0086,0x00E9,0x012B,0x012B,0x012C,0x00EA,0x0085,0x0085,0x00C6,0x0043,0x0062,0x0083,0x0041,0x0042,0x0062,0x18C2,
0x2102,0x18E2,0x10A1,0x0881,0x0041,0x0000,0x0820,0x7A01,0x20C0,0x28E1,0x7A61,0x4120,0x28E0,0x18A2,0x0841,0x0040,
0x5A88,0x7B2A,0x10A1,0x0861,0x3164,0x3984,0x2943,0x2102,0x3983,0x39A3,0x2103,0x2123,0x2123,0x2122,0x3962,0x6B0A,
0xBDB6,0xC5D7,0xBDD7,0xB576,0x5268,0x39A6,0x8C10,0x9CD2,0x6AEA,0x6AC8,0x3184,0x1903,0x2103,0x2123,0x1903,0x2103,
0x2123,0x2103,0x2103,0x2103,0x2124,0x2123,0x1903,0x2103,0x18E3,0x18E3,0x2103,0x18E3,0x2123,0x62EA,0x6B2B,0x5AA9,
0x6B0A,0x2923,0x4228,0x630B,0x5AEC,0x3A07,0x19E1,0x0A20,0x0A00,0x2241,0x11C0,0x0140,0x0961,0x0140,0x0080,0x08A1,
0x08C2,0x2163,0x4A23,0x5A44,0x49E3,0x3983,0x3984,0x39A4,0x39A4,0x39A4,0x41C4,0x41E5,0x41E4,0x41C4,0x41A4,0x41C4,
0x41C4,0x5203,0x51C2,0x3942,0x3143,0x3983,0x3941,0x4140,0x51E2,0x5A23,0x49C1,0x30E0,0x0840,0x0000,0x1040,0x3921,
0x4120,0x5181,0x3900,0x5160,0x7221,0x7201,0x40E0,0x6A01,0x4960,0x3901,0x59E1,0x3921,0x1060,0x18C0,0x2901,0x20C0,
0x20C0,0x18A0,0x20C1,0x39A4,0x39A4,0x39A4,0x3164,0x3164,0x39C5,0x5AA8,0x5AA8,0x4A26,0x5226,0x4A05,0x41E5,0x41C4,
0x4A46,0x39C5,0x3185,0x5AC9,0x4A27,0x0082,0x00E6,0x00E5,0x08A3,0x3165,0x7B6A,0x7349,0x62C8,0x1081,0x0043,0x0062,
0x3164,0x6AE8,0x6AC8,0x5A87,0x2103,0x2123,0x10C2,0x0042,0x0042,0x0021,0x10A1,0x18E2,0x1081,0x1040,0x1880,0x20A0,
0x5160,0x7A00,0x7A00,0x20A0,0x18A0,0x0840,0x0840,0x1880,0x3960,0x2900,0x2923,0x18E3,0x0020,0x1081,0x18C1,0x10A1,
};
