/* Automatisch erzeugt von tools/convert_assets.py - nicht von Hand aendern.
 * Inhalt: Originaldaten von Jump 'n Bump (c) 1998 Brainchild Design, GPL2+.
 */
#include "assets_gfx.h"

const uint8_t rabbit_pixels[15824] = {
  0x00,0x00,0xC4,0xC4,0xC2,0x00,0x00,0x00,0x00,0xC2,0xC1,0xC1,0x00,0x00,0xC4,0xC1,0xC1,0xC1,0xC1,0x00,0x00,0xC2,0xC2,0xC2,
  0xC1,0xC1,0x00,0xC4,0xC4,0xC4,0xC2,0xC1,0xC1,0x00,0xC3,0xC3,0x00,0x00,0x00,0x00,0x00,0x00,0x00,0x00,0xC4,0xC1,0x00,0xC4,
  0xC4,0x00,0x00,0x00,0x00,0x00,0x00,0x00,0xC4,0xC2,0xC2,0xC2,0xC1,0xC1,0xC3,0x00,0x00,0x00,0x00,0x00,0xC4,0xC4,0xC2,0xC0,
  0xC6,0xC0,0xC6,0xC1,0xC2,0x00,0x00,0x00,0x00,0xC4,0xC2,0xC1,0xC0,0xC6,0xC0,0xC6,0xC0,0xC1,0x00,0x00,0x00,0x00,0xC5,0xC3,
  0xC3,0xC2,0xC1,0xC0,0xC0,0xC1,0xC2,0xC3,0x00,0x00,0x00,0xC5,0xC4,0xC1,0xC0,0xC0,0xC1,0xE0,0xC0,0xC0,0xC2,0x00,0x00,0x00,
  0x00,0xC5,0xC4,0xC1,0xC1,0xC4,0xC2,0xC0,0xC2,0x00,0x00,0xC2,0xC3,0xC4,0xC5,0xC5,0xC4,0xC4,0xC0,0xC0,0x00,0x00,0x00,0xC3,
  0xC1,0xC5,0xC3,0xC2,0xC0,0xC2,0xC3,0xC0,0xC0,0x00,0x00,0x00,0x00,0xC4,0xC5,0xC2,0xC0,0xC0,0xC3,0xC1,0xC3,0x00,0x00,0x00,
  0x00,0x00,0x00,0xC5,0xC4,0xC3,0xC2,0xC6,0xC2,0xC3,0xC3,0xC3,0x00,0x00,0x00,0xC4,0xC1,0xC0,0xC4,0xC0,0xC4,0xC0,0xC3,0xC2,
  0xC0,0xC3,0x00,0x00,0x00,0x00,0xC4,0xC4,0xC2,0xC1,0x00,0x00,0xC2,0xC2,0xC1,0xC1,0x00,0x00,0x00,0xC4,0xC1,0xC1,0xC1,0xC1,
  0xC1,0x00,0xC3,0xC3,0xC2,0xC1,0xC1,0x00,0x00,0xC4,0xC4,0xC4,0x00,0xC4,0xC1,0x00,0xC4,0xC4,0x00,0x00,0x00,0x00,0x00,0x00,
  0x00,0x00,0xC4,0xC2,0xC2,0xC2,0xC1,0xC1,0xC3,0x00,0x00,0x00,0x00,0x00,0x00,0xC4,0xC4,0xC2,0xC0,0xC6,0xC0,0xC6,0xC1,0xC2,
  0x00,0x00,0x00,0x00,0x00,0xC4,0xC2,0xC1,0xC0,0xC6,0xC0,0xC6,0xC0,0xC1,0x00,0x00,0x00,0x00,0x00,0xC5,0xC3,0xC3,0xC2,0xC1,
  0xC0,0xC0,0xC1,0xC2,0xC3,0x00,0x00,0x00,0x00,0x00,0xC4,0xC1,0xC0,0xC0,0xC1,0xE0,0xC0,0xC0,0xC2,0x00,0x00,0x00,0xC3,0xC4,
  0xC5,0xC4,0xC1,0xC1,0xC4,0xC2,0xC0,0xC2,0x00,0x00,0xC3,0xC1,0xC5,0xC3,0xC4,0xC4,0xC4,0xC4,0xC0,0xC0,0x00,0x00,0x00,0x00,
  0x00,0xC3,0xC5,0xC2,0xC1,0xC1,0xC1,0xC4,0xC0,0xC0,0x00,0x00,0x00,0x00,0x00,0x00,0xC2,0xC2,0xC3,0xC0,0xC4,0xC4,0xC0,0xC4,
  0x00,0x00,0x00,0x00,0xC5,0xC4,0xC1,0xC2,0xC3,0xC4,0xC0,0xC3,0xC4,0xC0,0xC3,0x00,0x00,0xC4,0xC1,0xC0,0xC4,0x00,0x00,0xC3,
  0xC3,0xC3,0xC1,0x00,0x00,0x00,0x00,0x00,0x00,0x00,0xC4,0xC4,0xC2,0x00,0x00,0x00,0x00,0xC2,0xC1,0xC1,0x00,0x00,0x00,0xC4,
  0xC1,0xC1,0xC1,0xC1,0x00,0x00,0xC2,0xC2,0xC2,0xC1,0xC2,0x00,0x00,0xC4,0xC4,0xC4,0xC2,0xC1,0xC1,0x00,0xC3,0xC3,0x00,0x00,
  0x00,0x00,0x00,0x00,0x00,0x00,0x00,0xC4,0xC1,0x00,0xC4,0xC4,0x00,0x00,0x00,0x00,0x00,0x00,0x00,0x00,0xC4,0xC2,0xC2,0xC2,
  0xC1,0xC1,0xC3,0x00,0x00,0x00,0x00,0x00,0x00,0xC4,0xC4,0xC2,0xC0,0xC6,0xC0,0xC6,0xC1,0xC2,0x00,0x00,0x00,0x00,0x00,0xC4,
  0xC2,0xC1,0xC0,0xC6,0xC0,0xC6,0xC0,0xC1,0x00,0x00,0x00,0x00,0x00,0xC5,0xC3,0xC3,0xC2,0xC1,0xC0,0xC0,0xC1,0xC2,0xC3,0x00,
  0x00,0x00,0x00,0xC5,0xC4,0xC1,0xC0,0xC0,0xC1,0xE0,0xC0,0xC0,0xC2,0x00,0x00,0x00,0x00,0x00,0xC5,0xC4,0xC1,0xC1,0xC4,0xC2,
  0xC0,0xC2,0x00,0x00,0x00,0xC3,0xC3,0x00,0xC5,0xC5,0xC4,0xC4,0xC0,0xC0,0x00,0x00,0x00,0x00,0xC3,0xC1,0xC4,0xC4,0xC4,0xC2,
  0xC4,0x00,0xC0,0xC0,0x00,0x00,0x00,0x00,0x00,0xC4,0xC5,0xC2,0xC1,0xC0,0xC2,0xC4,0x00,0x00,0x00,0x00,0x00,0x00,0x00,0xC5,
  0xC5,0xC3,0xC1,0xC0,0xC1,0xC3,0xC1,0xC3,0x00,0x00,0x00,0xC3,0xC1,0xC1,0xC3,0x00,0xC3,0xC3,0xC4,0xC1,0xC3,0xC1,0xC3,0x00,
  0x00,0x00,0xC4,0xC4,0x00,0x00,0x00,0x00,0x00,0x00,0x00,0x00,0x00,0x00,0x00,0x00,0x00,0xC4,0xC4,0x00,0x00,0x00,0x00,0x00,
  0x00,0xC2,0xC2,0x00,0x00,0x00,0xC4,0xC1,0xC2,0x00,0x00,0x00,0x00,0xC2,0xC2,0xC1,0x00,0x00,0x00,0x00,0xC4,0xC1,0xC1,0x00,
  0x00,0xC2,0xC2,0x00,0x00,0x00,0x00,0x00,0x00,0x00,0x00,0xC1,0xC1,0x00,0xC3,0xC3,0x00,0x00,0x00,0x00,0x00,0x00,0x00,0x00,
  0xC4,0xC1,0x00,0xC4,0xC4,0x00,0x00,0x00,0x00,0x00,0x00,0x00,0xC4,0xC2,0xC2,0xC2,0xC1,0xC1,0xC3,0x00,0x00,0x00,0x00,0x00,
  0xC4,0xC4,0xC2,0xC0,0xC6,0xC0,0xC6,0xC1,0xC2,0x00,0x00,0x00,0x00,0xC4,0xC2,0xC1,0xC0,0xC6,0xC0,0xC6,0xC0,0xC1,0x00,0x00,
  0x00,0x00,0xC5,0xC3,0xC3,0xC2,0xC1,0xC0,0xC0,0xC1,0xC2,0xC3,0x00,0x00,0x00,0xC5,0xC4,0xC1,0xC0,0xC0,0xC1,0xE0,0xC0,0xC0,
  0xC2,0x00,0xC2,0xC3,0xC4,0xC5,0xC4,0xC1,0xC1,0xC4,0xC2,0xC0,0xC2,0x00,0xC3,0xC1,0xC5,0xC3,0xC4,0xC4,0xC4,0xC4,0xC0,0xC0,
  0x00,0x00,0x00,0x00,0xC4,0xC5,0xC2,0xC1,0xC1,0xC1,0xC4,0xC0,0xC0,0x00,0x00,0x00,0x00,0xC5,0xC4,0xC1,0xC2,0xC2,0xC0,0xC1,
  0xC4,0x00,0x00,0x00,0x00,0xC3,0xC1,0xC0,0xC4,0x00,0xC2,0xC2,0xC0,0xC3,0xC4,0xC3,0x00,0x00,0x00,0x00,0x00,0x00,0x00,0x00,
  0x00,0xC3,0xC0,0xC3,0xC0,0xC3,0x00,0x00,0xC4,0xC1,0xC1,0xC1,0x00,0x00,0x00,0x00,0x00,0xC2,0xC1,0x00,0x00,0xC4,0xC1,0xC1,
  0xC1,0xC1,0xC1,0x00,0x00,0x00,0xC2,0xC2,0xC2,0xC1,0x00,0x00,0xC1,0xC1,0x00,0x00,0xC2,0xC2,0xC2,0xC1,0xC1,0x00,0x00,0xC1,
  0xC1,0x00,0x00,0x00,0x00,0xC4,0xC2,0xC2,0xC6,0xC1,0xC6,0xC3,0x00,0x00,0x00,0x00,0x00,0x00,0xC4,0xC4,0xC2,0xC0,0xC6,0xC0,
  0xC6,0xC1,0xC1,0x00,0x00,0x00,0x00,0x00,0xC4,0xC2,0xC1,0xC2,0xC2,0xC0,0xC0,0xC2,0xC0,0xC1,0x00,0x00,0x00,0x00,0xC5,0xC3,
  0xC1,0xC0,0xC0,0xC0,0xE0,0xC0,0xC1,0xC1,0x00,0x00,0x00,0x00,0xC5,0xC4,0xC2,0xC2,0xC2,0xC2,0xC0,0xC0,0xC2,0x00,0x00,0x00,
  0x00,0x00,0xC4,0xC4,0xC4,0xC2,0xC4,0xC4,0xC0,0xC0,0x00,0x00,0x00,0x00,0xC3,0xC1,0xC4,0xC3,0xC2,0xC0,0xC2,0xC4,0xC0,0xC0,
  0x00,0x00,0x00,0x00,0x00,0xC3,0xC4,0xC1,0xC0,0xC0,0xC1,0xC1,0xC2,0xC1,0x00,0x00,0x00,0x00,0x00,0x00,0xC1,0xC2,0xC3,0xC3,
  0xC3,0x00,0x00,0x00,0x00,0x00,0x00,0x00,0xC0,0xC1,0xC3,0xC3,0xC1,0xC3,0x00,0x00,0x00,0x00,0x00,0x00,0x00,0xC0,0xC1,0xC3,
  0xC3,0xC1,0xC3,0x00,0x00,0x00,0x00,0x00,0x00,0x00,0x00,0x00,0x00,0x00,0x00,0xC4,0xC4,0xC2,0x00,0x00,0x00,0x00,0xC2,0xC1,
  0xC1,0x00,0x00,0x00,0x00,0xC4,0xC1,0xC1,0xC1,0xC1,0x00,0x00,0xC2,0xC2,0xC2,0xC1,0xC1,0x00,0x00,0x00,0xC4,0xC4,0xC4,0xC2,
  0xC1,0xC1,0x00,0xC3,0xC3,0x00,0x00,0x00,0x00,0x00,0x00,0x00,0x00,0x00,0x00,0xC4,0xC1,0x00,0xC4,0xC4,0x00,0x00,0x00,0x00,
  0x00,0x00,0x00,0x00,0x00,0xC4,0xC2,0xC2,0xC2,0xC1,0xC1,0xC3,0x00,0x00,0x00,0x00,0x00,0x00,0x00,0xC4,0xC4,0xC2,0xC0,0xC6,
  0xC0,0xC6,0xC1,0xC2,0x00,0x00,0x00,0x00,0x00,0x00,0xC4,0xC2,0xC1,0xC0,0xC6,0xC0,0xC6,0xC0,0xC1,0x00,0x00,0x00,0x00,0x00,
  0x00,0xC5,0xC3,0xC3,0xC2,0xC1,0xC0,0xC0,0xC1,0xC2,0xC3,0x00,0x00,0x00,0x00,0x00,0xC5,0xC4,0xC1,0xC0,0xC0,0xC1,0xE0,0xC0,
  0xC0,0xC2,0x00,0x00,0x00,0x00,0x00,0x00,0xC5,0xC4,0xC1,0xC1,0xC4,0xC2,0xC0,0xC2,0x00,0x00,0x00,0xC3,0xC1,0xC4,0xC4,0xC4,
  0xC2,0xC4,0xC4,0xC0,0xC0,0x00,0x00,0x00,0x00,0x00,0x00,0xC4,0xC5,0xC2,0xC1,0xC0,0xC2,0xC4,0xC0,0xC0,0x00,0x00,0x00,0x00,
  0x00,0xC1,0xC2,0xC3,0xC1,0xC2,0xC0,0xC1,0xC3,0xC1,0x00,0x00,0x00,0x00,0xC1,0xC1,0xC1,0xC3,0xC1,0xC1,0xC3,0xC3,0xC1,0xC1,
  0xC3,0xC1,0x00,0x00,0x00,0x00,0x00,0x00,0x00,0x00,0x00,0xC1,0xC1,0xC1,0x00,0x00,0x00,0x00,0xC1,0xC1,0x00,0x00,0x00,0x00,
  0x00,0x00,0x00,0xC4,0xC1,0xC1,0xC1,0x00,0xC1,0xC1,0xC1,0xC1,0x00,0x00,0x00,0x00,0x00,0x00,0x00,0x00,0xC4,0xC1,0xC1,0x00,
  0xC1,0xC1,0x00,0x00,0x00,0x00,0x00,0x00,0x00,0x00,0x00,0x00,0x00,0xC1,0xC1,0x00,0xC2,0xC2,0x00,0x00,0x00,0x00,0x00,0x00,
  0x00,0x00,0x00,0x00,0x00,0xC2,0xC1,0x00,0xC4,0xC4,0x00,0x00,0x00,0x00,0x00,0x00,0x00,0x00,0x00,0x00,0xC4,0xC2,0xC2,0xC2,
  0xC1,0xC1,0x00,0x00,0x00,0x00,0x00,0x00,0x00,0x00,0x00,0xC4,0xC4,0xC2,0xC0,0xC0,0xC0,0xC0,0xC1,0x00,0x00,0x00,0x00,0x00,
  0x00,0x00,0x00,0xC4,0xC2,0xC1,0xC0,0xC6,0xC0,0xC6,0xC0,0xC1,0x00,0x00,0x00,0x00,0x00,0xC1,0xC0,0xC5,0xC3,0xC1,0xC0,0xC6,
  0xC0,0xC6,0xC0,0xC0,0x00,0xC2,0xC0,0xC0,0x00,0x00,0xC0,0xC5,0xC4,0xC1,0xC1,0xC1,0xC0,0xC0,0xC2,0xC2,0x00,0x00,0xC2,0xC0,
  0xC0,0x00,0xC3,0xC5,0xC5,0xC1,0xC0,0xC0,0xC1,0xE0,0xC0,0xC1,0xC2,0x00,0x00,0xC3,0xC3,0xC4,0xC2,0xC4,0xC5,0xC4,0xC1,0xC1,
  0xC2,0xC2,0xC2,0xC2,0x00,0x00,0x00,0x00,0xC0,0xC4,0xC0,0xC2,0xC2,0xC2,0xC2,0x00,0xC0,0xC0,0x00,0x00,0x00,0x00,0x00,0x00,
  0x00,0xC4,0xC2,0xC0,0xC2,0xC4,0xC4,0xC2,0xC0,0xC0,0x00,0x00,0x00,0x00,0x00,0x00,0x00,0x00,0xC4,0xC4,0xC3,0xC0,0xC2,0xC4,
  0xC3,0x00,0x00,0x00,0x00,0x00,0x00,0x00,0x00,0x00,0x00,0x00,0x00,0xC3,0xC0,0x00,0xC3,0xC0,0x00,0x00,0x00,0x00,0x00,0x00,
  0x00,0x00,0x00,0x00,0x00,0xC1,0xC1,0x00,0x00,0x00,0xC1,0x00,0x00,0x00,0x00,0x00,0x00,0x00,0x00,0x00,0x00,0xC4,0xC1,0xC1,
  0xC1,0x00,0xC1,0xC1,0xC1,0x00,0x00,0x00,0x00,0x00,0x00,0x00,0x00,0x00,0x00,0xC4,0xC1,0xC1,0x00,0xC1,0xC1,0x00,0x00,0x00,
  0x00,0x00,0x00,0x00,0x00,0x00,0x00,0x00,0xC1,0xC1,0x00,0x00,0xC2,0xC1,0xC2,0x00,0x00,0x00,0x00,0x00,0x00,0x00,0x00,0x00,
  0x00,0xC1,0xC2,0x00,0x00,0xC4,0xC1,0xC2,0x00,0x00,0x00,0x00,0x00,0x00,0x00,0x00,0x00,0x00,0xC4,0xC2,0xC2,0xC2,0xC1,0xC1,
  0x00,0x00,0x00,0x00,0x00,0x00,0x00,0x00,0x00,0x00,0xC4,0xC4,0xC2,0xC0,0xC0,0xC0,0xC0,0xC1,0x00,0x00,0x00,0x00,0x00,0x00,
  0x00,0x00,0x00,0xC4,0xC2,0xC1,0xC0,0xC6,0xC0,0xC6,0xC0,0xC1,0x00,0x00,0x00,0x00,0x00,0x00,0x00,0xC2,0xC5,0xC3,0xC1,0xC0,
  0xC6,0xC0,0xC6,0xC0,0xC0,0x00,0xC2,0xC0,0xC0,0x00,0x00,0x00,0x00,0xC5,0xC4,0xC1,0xC1,0xC1,0xC0,0xC0,0xC2,0xC2,0x00,0x00,
  0xC2,0xC0,0xC0,0x00,0x00,0xC3,0xC5,0xC5,0xC1,0xC0,0xC0,0xC1,0xE0,0xC0,0xC1,0xC2,0x00,0x00,0x00,0xC3,0xC3,0xC4,0xC2,0xC4,
  0xC5,0xC4,0xC1,0xC1,0xC2,0xC2,0xC2,0xC2,0x00,0x00,0x00,0x00,0x00,0xC0,0xC4,0xC0,0xC2,0xC2,0xC2,0xC2,0x00,0xC0,0xC0,0x00,
  0x00,0x00,0x00,0x00,0x00,0x00,0x00,0xC4,0xC2,0xC0,0xC2,0xC4,0xC4,0xC2,0xC0,0xC0,0x00,0x00,0x00,0x00,0x00,0x00,0x00,0x00,
  0x00,0xC4,0xC4,0xC2,0xC2,0x00,0xC4,0xC3,0xC0,0x00,0x00,0x00,0x00,0x00,0x00,0x00,0x00,0x00,0x00,0x00,0xC2,0xC0,0x00,0x00,
  0xC3,0xC3,0xC0,0x00,0x00,0x00,0x00,0x00,0x00,0x00,0x00,0x00,0x00,0xC1,0x00,0x00,0x00,0x00,0x00,0x00,0x00,0x00,0x00,0x00,
  0x00,0x00,0x00,0xC1,0x00,0x00,0xC1,0x00,0x00,0xC1,0x00,0x00,0x00,0x00,0x00,0x00,0x00,0xC4,0x00,0x00,0x00,0xC1,0x00,0x00,
  0x00,0xC1,0x00,0x00,0x00,0x00,0x00,0x00,0x00,0xC4,0xC1,0xC1,0xC2,0x00,0x00,0x00,0x00,0x00,0x00,0x00,0x00,0xC1,0xC1,0xC1,
  0xC4,0x00,0xC4,0xC4,0xC2,0xC2,0xC1,0xC1,0xC2,0x00,0x00,0xC4,0xC2,0xC2,0xC2,0xC2,0xC4,0xC4,0x00,0x00,0x00,0x00,0xC4,0xC4,
  0xC2,0xC2,0xC1,0xC1,0xC1,0xC2,0xC3,0x00,0x00,0x00,0x00,0x00,0x00,0x00,0x00,0xC4,0xC2,0xC1,0xC1,0xC1,0xC1,0xC1,0xC2,0xC1,
  0x00,0x00,0x00,0x00,0x00,0x00,0xC3,0xC3,0xC5,0xC3,0xC1,0xC3,0xC6,0xC0,0xC6,0xC3,0xC2,0x00,0x00,0x00,0x00,0x00,0xC3,0xC1,
  0xC3,0xC5,0xC4,0xC1,0xC0,0xC0,0xC1,0xE0,0xC0,0xC0,0xC2,0x00,0x00,0x00,0x00,0x00,0xC3,0xC5,0xC3,0xC5,0xC4,0xC1,0xC1,0xC4,
  0xC2,0xC2,0xC2,0xC3,0x00,0x00,0x00,0x00,0x00,0x00,0xC5,0xC2,0xC0,0xC0,0xC3,0xC4,0xC0,0xC0,0x00,0x00,0x00,0x00,0x00,0x00,
  0x00,0x00,0x00,0xC5,0xC4,0xC3,0xC2,0xC6,0xC3,0xC0,0xC0,0xC3,0xC3,0xC3,0x00,0x00,0x00,0xC4,0xC1,0xC0,0xC2,0xC4,0xC4,0xC4,
  0xC0,0xC4,0xC3,0xC0,0xC2,0xC2,0xC0,0xC3,0x00,0x00,0x00,0xC1,0xC1,0xC2,0x00,0x00,0x00,0x00,0xC2,0xC4,0xC4,0x00,0x00,0xC1,
  0xC1,0xC2,0xC2,0xC2,0x00,0x00,0xC1,0xC1,0xC1,0xC1,0xC4,0x00,0x00,0x00,0x00,0xC3,0xC3,0x00,0xC1,0xC1,0xC2,0xC4,0xC4,0xC4,
  0x00,0x00,0x00,0x00,0xC4,0xC4,0x00,0xC1,0xC4,0x00,0x00,0x00,0x00,0x00,0x00,0x00,0xC3,0xC1,0xC1,0xC2,0xC2,0xC2,0xC4,0x00,
  0x00,0x00,0x00,0x00,0xC2,0xC1,0xC6,0xC0,0xC6,0xC0,0xC2,0xC4,0xC4,0x00,0x00,0x00,0x00,0xC1,0xC0,0xC6,0xC0,0xC6,0xC0,0xC1,
  0xC2,0xC4,0x00,0x00,0x00,0xC3,0xC2,0xC1,0xC0,0xC0,0xC1,0xC2,0xC3,0xC3,0xC5,0x00,0x00,0x00,0xC2,0xC0,0xC0,0xE0,0xC1,0xC0,
  0xC0,0xC1,0xC4,0xC5,0x00,0x00,0x00,0x00,0xC2,0xC0,0xC2,0xC4,0xC1,0xC1,0xC4,0xC5,0x00,0x00,0x00,0x00,0x00,0x00,0x00,0xC0,
  0xC0,0xC4,0xC4,0xC5,0xC5,0xC4,0xC3,0xC2,0x00,0x00,0x00,0x00,0xC0,0xC0,0xC3,0xC2,0xC0,0xC2,0xC3,0xC5,0xC1,0xC3,0x00,0x00,
  0x00,0x00,0xC3,0xC1,0xC3,0xC0,0xC0,0xC2,0xC5,0xC4,0x00,0x00,0x00,0xC3,0xC3,0xC3,0xC2,0xC6,0xC2,0xC3,0xC4,0xC5,0x00,0x00,
  0x00,0xC3,0xC0,0xC2,0xC3,0xC0,0xC4,0xC0,0xC4,0xC0,0xC1,0xC4,0x00,0x00,0xC1,0xC1,0xC2,0xC2,0x00,0x00,0xC1,0xC2,0xC4,0xC4,
  0x00,0x00,0x00,0xC1,0xC1,0xC2,0xC3,0xC3,0x00,0xC1,0xC1,0xC1,0xC1,0xC1,0xC4,0x00,0x00,0x00,0x00,0x00,0xC4,0xC4,0x00,0xC1,
  0xC4,0x00,0xC4,0xC4,0xC4,0x00,0x00,0x00,0x00,0xC3,0xC1,0xC1,0xC2,0xC2,0xC2,0xC4,0x00,0x00,0x00,0x00,0x00,0x00,0xC2,0xC1,
  0xC6,0xC0,0xC6,0xC0,0xC2,0xC4,0xC4,0x00,0x00,0x00,0x00,0x00,0xC1,0xC0,0xC6,0xC0,0xC6,0xC0,0xC1,0xC2,0xC4,0x00,0x00,0x00,
  0x00,0xC3,0xC2,0xC1,0xC0,0xC0,0xC1,0xC2,0xC3,0xC3,0xC5,0x00,0x00,0x00,0x00,0xC2,0xC0,0xC0,0xE0,0xC1,0xC0,0xC0,0xC1,0xC4,
  0x00,0x00,0x00,0x00,0x00,0x00,0xC2,0xC0,0xC2,0xC4,0xC1,0xC1,0xC4,0xC5,0xC4,0xC3,0x00,0x00,0x00,0x00,0x00,0x00,0xC0,0xC0,
  0xC4,0xC4,0xC4,0xC4,0xC3,0xC5,0xC1,0xC3,0x00,0x00,0x00,0x00,0xC0,0xC0,0xC4,0xC1,0xC1,0xC1,0xC2,0xC5,0xC3,0x00,0x00,0x00,
  0x00,0x00,0xC4,0xC0,0xC4,0xC4,0xC0,0xC3,0xC2,0xC2,0x00,0x00,0x00,0x00,0x00,0xC3,0xC0,0xC4,0xC3,0xC0,0xC4,0xC3,0xC2,0xC1,
  0xC4,0xC5,0x00,0x00,0x00,0x00,0x00,0xC1,0xC3,0xC3,0xC3,0x00,0x00,0xC4,0xC0,0xC1,0xC4,0x00,0xC1,0xC1,0xC2,0x00,0x00,0x00,
  0x00,0xC2,0xC4,0xC4,0x00,0x00,0x00,0xC2,0xC1,0xC2,0xC2,0xC2,0x00,0x00,0xC1,0xC1,0xC1,0xC1,0xC4,0x00,0x00,0x00,0x00,0x00,
  0xC3,0xC3,0x00,0xC1,0xC1,0xC2,0xC4,0xC4,0xC4,0x00,0x00,0x00,0x00,0x00,0xC4,0xC4,0x00,0xC1,0xC4,0x00,0x00,0x00,0x00,0x00,
  0x00,0x00,0x00,0xC3,0xC1,0xC1,0xC2,0xC2,0xC2,0xC4,0x00,0x00,0x00,0x00,0x00,0x00,0xC2,0xC1,0xC6,0xC0,0xC6,0xC0,0xC2,0xC4,
  0xC4,0x00,0x00,0x00,0x00,0x00,0xC1,0xC0,0xC6,0xC0,0xC6,0xC0,0xC1,0xC2,0xC4,0x00,0x00,0x00,0x00,0xC3,0xC2,0xC1,0xC0,0xC0,
  0xC1,0xC2,0xC3,0xC3,0xC5,0x00,0x00,0x00,0x00,0xC2,0xC0,0xC0,0xE0,0xC1,0xC0,0xC0,0xC1,0xC4,0xC5,0x00,0x00,0x00,0x00,0x00,
  0xC2,0xC0,0xC2,0xC4,0xC1,0xC1,0xC4,0xC5,0x00,0x00,0x00,0x00,0x00,0x00,0x00,0x00,0xC0,0xC0,0xC4,0xC4,0xC5,0xC5,0x00,0xC3,
  0xC3,0x00,0x00,0x00,0x00,0x00,0xC0,0xC0,0x00,0xC4,0xC2,0xC4,0xC4,0xC4,0xC1,0xC3,0x00,0x00,0x00,0x00,0x00,0x00,0xC4,0xC2,
  0xC0,0xC1,0xC2,0xC5,0xC4,0x00,0x00,0x00,0x00,0x00,0xC3,0xC1,0xC3,0xC1,0xC0,0xC1,0xC3,0xC5,0xC5,0x00,0x00,0x00,0x00,0xC3,
  0xC1,0xC3,0xC1,0xC4,0xC3,0xC3,0x00,0xC3,0xC1,0xC1,0xC3,0x00,0x00,0x00,0x00,0x00,0x00,0x00,0x00,0x00,0x00,0x00,0xC4,0xC4,
  0x00,0x00,0xC2,0xC2,0x00,0x00,0x00,0x00,0x00,0x00,0xC4,0xC4,0x00,0x00,0x00,0xC1,0xC2,0xC2,0x00,0x00,0x00,0x00,0xC2,0xC1,
  0xC4,0x00,0x00,0x00,0x00,0x00,0xC2,0xC2,0x00,0x00,0xC1,0xC1,0xC4,0x00,0x00,0x00,0x00,0x00,0x00,0xC3,0xC3,0x00,0xC1,0xC1,
  0x00,0x00,0x00,0x00,0x00,0x00,0x00,0x00,0xC4,0xC4,0x00,0xC1,0xC4,0x00,0x00,0x00,0x00,0x00,0x00,0x00,0xC3,0xC1,0xC1,0xC2,
  0xC2,0xC2,0xC4,0x00,0x00,0x00,0x00,0x00,0xC2,0xC1,0xC6,0xC0,0xC6,0xC0,0xC2,0xC4,0xC4,0x00,0x00,0x00,0x00,0xC1,0xC0,0xC6,
  0xC0,0xC6,0xC0,0xC1,0xC2,0xC4,0x00,0x00,0x00,0xC3,0xC2,0xC1,0xC0,0xC0,0xC1,0xC2,0xC3,0xC3,0xC5,0x00,0x00,0x00,0xC2,0xC0,
  0xC0,0xE0,0xC1,0xC0,0xC0,0xC1,0xC4,0xC5,0x00,0x00,0x00,0x00,0xC2,0xC0,0xC2,0xC4,0xC1,0xC1,0xC4,0xC5,0xC4,0xC3,0xC2,0x00,
  0x00,0x00,0x00,0xC0,0xC0,0xC4,0xC4,0xC4,0xC4,0xC3,0xC5,0xC1,0xC3,0x00,0x00,0x00,0xC0,0xC0,0xC4,0xC1,0xC1,0xC1,0xC2,0xC5,
  0xC4,0x00,0x00,0x00,0x00,0x00,0xC4,0xC1,0xC0,0xC2,0xC2,0xC1,0xC4,0xC5,0x00,0x00,0x00,0xC3,0xC4,0xC3,0xC0,0xC2,0xC2,0x00,
  0xC4,0xC0,0xC1,0xC3,0x00,0xC3,0xC0,0xC3,0xC0,0xC3,0x00,0x00,0x00,0x00,0x00,0x00,0x00,0x00,0x00,0xC1,0xC2,0x00,0x00,0x00,
  0x00,0x00,0xC1,0xC1,0xC1,0xC4,0x00,0x00,0xC1,0xC2,0xC2,0xC2,0x00,0x00,0x00,0xC1,0xC1,0xC1,0xC1,0xC1,0xC4,0xC1,0xC1,0x00,
  0x00,0xC1,0xC1,0xC2,0xC2,0xC2,0x00,0x00,0xC1,0xC1,0x00,0x00,0x00,0x00,0xC3,0xC6,0xC1,0xC6,0xC2,0xC2,0xC4,0x00,0x00,0x00,
  0x00,0x00,0x00,0xC1,0xC1,0xC6,0xC0,0xC6,0xC0,0xC2,0xC4,0xC4,0x00,0x00,0x00,0x00,0xC1,0xC0,0xC2,0xC0,0xC0,0xC2,0xC2,0xC1,
  0xC2,0xC4,0x00,0x00,0x00,0x00,0xC1,0xC1,0xC0,0xE0,0xC0,0xC0,0xC0,0xC1,0xC3,0xC5,0x00,0x00,0x00,0x00,0x00,0xC2,0xC2,0xC2,
  0xC2,0xC2,0xC2,0xC2,0xC4,0xC5,0x00,0x00,0x00,0x00,0x00,0x00,0xC0,0xC0,0xC4,0xC4,0xC2,0xC4,0xC4,0xC4,0x00,0x00,0x00,0x00,
  0x00,0x00,0xC0,0xC0,0xC4,0xC2,0xC0,0xC2,0xC3,0xC4,0xC1,0xC3,0x00,0x00,0x00,0x00,0xC1,0xC2,0xC1,0xC1,0xC0,0xC0,0xC1,0xC4,
  0xC3,0x00,0x00,0x00,0x00,0x00,0x00,0x00,0x00,0xC3,0xC3,0xC3,0xC2,0xC1,0x00,0x00,0x00,0x00,0x00,0x00,0x00,0x00,0x00,0x00,
  0xC3,0xC1,0xC3,0xC3,0xC1,0xC0,0x00,0x00,0x00,0x00,0x00,0x00,0x00,0x00,0x00,0xC3,0xC1,0xC3,0xC3,0xC1,0xC0,0x00,0xC1,0xC1,
  0xC2,0x00,0x00,0x00,0x00,0xC2,0xC4,0xC4,0x00,0x00,0x00,0x00,0xC1,0xC1,0xC2,0xC2,0xC2,0x00,0x00,0xC1,0xC1,0xC1,0xC1,0xC4,
  0x00,0x00,0x00,0x00,0x00,0x00,0xC3,0xC3,0x00,0xC1,0xC1,0xC2,0xC4,0xC4,0xC4,0x00,0x00,0x00,0x00,0x00,0x00,0xC4,0xC4,0x00,
  0xC1,0xC4,0x00,0x00,0x00,0x00,0x00,0x00,0x00,0x00,0x00,0xC3,0xC1,0xC1,0xC2,0xC2,0xC2,0xC4,0x00,0x00,0x00,0x00,0x00,0x00,
  0x00,0x00,0xC1,0xC6,0xC0,0xC6,0xC0,0xC2,0xC4,0xC4,0x00,0x00,0x00,0x00,0x00,0x00,0xC2,0xC0,0xC6,0xC0,0xC6,0xC0,0xC1,0xC2,
  0xC4,0x00,0x00,0x00,0x00,0x00,0xC3,0xC2,0xC1,0xC0,0xC0,0xC1,0xC2,0xC3,0xC3,0xC5,0x00,0x00,0x00,0x00,0x00,0xC2,0xC0,0xC0,
  0xE0,0xC1,0xC0,0xC0,0xC1,0xC4,0xC5,0x00,0x00,0x00,0x00,0x00,0x00,0xC2,0xC0,0xC2,0xC4,0xC1,0xC1,0xC4,0xC5,0x00,0x00,0x00,
  0x00,0x00,0x00,0x00,0x00,0x00,0xC0,0xC0,0xC4,0xC4,0xC2,0xC4,0xC4,0xC4,0xC1,0xC3,0x00,0x00,0x00,0x00,0x00,0xC0,0xC0,0xC4,
  0xC2,0xC0,0xC1,0xC2,0xC5,0xC4,0x00,0x00,0x00,0x00,0x00,0x00,0x00,0xC1,0xC3,0xC1,0xC0,0xC2,0xC1,0xC3,0xC2,0xC1,0x00,0x00,
  0x00,0x00,0x00,0xC1,0xC3,0xC1,0xC1,0xC3,0xC3,0xC1,0xC1,0xC3,0xC1,0xC1,0xC1,0x00,0xC1,0xC1,0x00,0x00,0x00,0x00,0xC1,0xC1,
  0xC1,0x00,0x00,0x00,0x00,0x00,0x00,0x00,0xC1,0xC1,0xC1,0xC1,0x00,0xC1,0xC1,0xC1,0xC4,0x00,0x00,0x00,0x00,0x00,0x00,0x00,
  0x00,0x00,0xC1,0xC1,0x00,0xC1,0xC1,0xC4,0x00,0x00,0x00,0x00,0x00,0x00,0x00,0x00,0x00,0x00,0xC2,0xC2,0x00,0xC1,0xC1,0x00,
  0x00,0x00,0x00,0x00,0x00,0x00,0x00,0x00,0x00,0x00,0xC4,0xC4,0x00,0xC1,0xC2,0x00,0x00,0x00,0x00,0x00,0x00,0x00,0x00,0x00,
  0x00,0x00,0xC1,0xC1,0xC2,0xC2,0xC2,0xC4,0x00,0x00,0x00,0x00,0x00,0x00,0x00,0x00,0x00,0xC1,0xC0,0xC0,0xC0,0xC0,0xC2,0xC4,
  0xC4,0x00,0x00,0x00,0x00,0x00,0x00,0x00,0xC1,0xC0,0xC6,0xC0,0xC6,0xC0,0xC1,0xC2,0xC4,0x00,0x00,0x00,0x00,0x00,0x00,0x00,
  0xC0,0xC0,0xC6,0xC0,0xC6,0xC0,0xC1,0xC3,0xC5,0xC0,0xC1,0x00,0x00,0x00,0x00,0x00,0xC2,0xC2,0xC0,0xC0,0xC1,0xC1,0xC1,0xC4,
  0xC5,0xC0,0x00,0x00,0xC0,0xC0,0xC2,0xC2,0xC1,0xC0,0xE0,0xC1,0xC0,0xC0,0xC1,0xC5,0xC5,0xC3,0x00,0xC0,0xC0,0xC2,0x00,0x00,
  0xC2,0xC2,0xC2,0xC2,0xC1,0xC1,0xC4,0xC5,0xC4,0xC2,0xC4,0xC3,0xC3,0x00,0x00,0x00,0x00,0x00,0xC0,0xC0,0x00,0xC2,0xC2,0xC2,
  0xC2,0xC0,0xC4,0xC0,0x00,0x00,0x00,0x00,0x00,0x00,0xC0,0xC0,0xC2,0xC4,0xC4,0xC2,0xC0,0xC2,0xC4,0x00,0x00,0x00,0x00,0x00,
  0x00,0x00,0x00,0xC3,0xC4,0xC2,0xC0,0xC3,0xC4,0xC4,0x00,0x00,0x00,0x00,0x00,0x00,0x00,0x00,0xC0,0xC3,0x00,0xC0,0xC3,0x00,
  0x00,0x00,0x00,0x00,0x00,0x00,0x00,0x00,0x00,0x00,0xC1,0x00,0x00,0x00,0xC1,0xC1,0x00,0x00,0x00,0x00,0x00,0x00,0x00,0x00,
  0x00,0x00,0xC1,0xC1,0xC1,0x00,0xC1,0xC1,0xC1,0xC4,0x00,0x00,0x00,0x00,0x00,0x00,0x00,0x00,0x00,0x00,0xC1,0xC1,0x00,0xC1,
  0xC1,0xC4,0x00,0x00,0x00,0x00,0x00,0x00,0x00,0x00,0x00,0x00,0xC2,0xC1,0xC2,0x00,0x00,0xC1,0xC1,0x00,0x00,0x00,0x00,0x00,
  0x00,0x00,0x00,0x00,0x00,0xC2,0xC1,0xC4,0x00,0x00,0xC2,0xC1,0x00,0x00,0x00,0x00,0x00,0x00,0x00,0x00,0x00,0x00,0x00,0xC1,
  0xC1,0xC2,0xC2,0xC2,0xC4,0x00,0x00,0x00,0x00,0x00,0x00,0x00,0x00,0x00,0x00,0xC1,0xC0,0xC0,0xC0,0xC0,0xC2,0xC4,0xC4,0x00,
  0x00,0x00,0x00,0x00,0x00,0x00,0x00,0xC1,0xC0,0xC6,0xC0,0xC6,0xC0,0xC1,0xC2,0xC4,0x00,0x00,0x00,0x00,0x00,0x00,0x00,0x00,
  0xC0,0xC0,0xC6,0xC0,0xC6,0xC0,0xC1,0xC3,0xC5,0xC2,0x00,0x00,0x00,0x00,0x00,0x00,0x00,0xC2,0xC2,0xC0,0xC0,0xC1,0xC1,0xC1,
  0xC4,0xC5,0x00,0x00,0x00,0x00,0xC0,0xC0,0xC2,0xC2,0xC1,0xC0,0xE0,0xC1,0xC0,0xC0,0xC1,0xC5,0xC5,0xC3,0x00,0x00,0xC0,0xC0,
  0xC2,0x00,0x00,0xC2,0xC2,0xC2,0xC2,0xC1,0xC1,0xC4,0xC5,0xC4,0xC2,0xC4,0xC3,0xC3,0x00,0x00,0x00,0x00,0x00,0x00,0xC0,0xC0,
  0x00,0xC2,0xC2,0xC2,0xC2,0xC0,0xC4,0xC0,0x00,0x00,0x00,0x00,0x00,0x00,0x00,0xC0,0xC0,0xC2,0xC4,0xC4,0xC2,0xC0,0xC2,0xC4,
  0x00,0x00,0x00,0x00,0x00,0x00,0x00,0x00,0xC0,0xC3,0xC4,0x00,0xC2,0xC2,0xC4,0xC4,0x00,0x00,0x00,0x00,0x00,0x00,0x00,0x00,
  0xC0,0xC3,0xC3,0x00,0x00,0xC0,0xC2,0x00,0x00,0x00,0x00,0x00,0x00,0x00,0x00,0x00,0x00,0x00,0x00,0x00,0x00,0x00,0x00,0xC1,
  0x00,0x00,0x00,0x00,0x00,0x00,0x00,0x00,0x00,0x00,0x00,0x00,0x00,0xC1,0x00,0x00,0xC1,0x00,0x00,0xC1,0x00,0x00,0x00,0x00,
  0x00,0x00,0x00,0x00,0x00,0x00,0x00,0xC1,0x00,0x00,0x00,0xC1,0x00,0x00,0x00,0xC4,0x00,0x00,0xC4,0xC1,0xC1,0xC1,0x00,0x00,
  0x00,0x00,0x00,0x00,0x00,0x00,0xC2,0xC1,0xC1,0xC4,0x00,0xC4,0xC4,0xC2,0xC2,0xC2,0xC2,0xC4,0x00,0x00,0xC2,0xC1,0xC1,0xC2,
  0xC2,0xC4,0xC4,0x00,0x00,0x00,0x00,0x00,0xC3,0xC2,0xC1,0xC1,0xC1,0xC2,0xC2,0xC4,0xC4,0x00,0x00,0x00,0x00,0x00,0x00,0x00,
  0x00,0xC1,0xC2,0xC1,0xC1,0xC1,0xC1,0xC1,0xC2,0xC4,0x00,0x00,0x00,0x00,0x00,0x00,0x00,0x00,0xC2,0xC3,0xC6,0xC0,0xC6,0xC3,
  0xC1,0xC3,0xC5,0xC3,0xC3,0x00,0x00,0x00,0x00,0x00,0xC2,0xC0,0xC0,0xE0,0xC1,0xC0,0xC0,0xC1,0xC4,0xC5,0xC3,0xC1,0xC3,0x00,
  0x00,0x00,0x00,0xC3,0xC2,0xC2,0xC2,0xC4,0xC1,0xC1,0xC4,0xC5,0xC3,0xC5,0xC3,0x00,0x00,0x00,0x00,0x00,0x00,0x00,0x00,0xC0,
  0xC0,0xC4,0xC3,0xC0,0xC0,0xC2,0xC5,0x00,0x00,0x00,0x00,0x00,0x00,0xC3,0xC3,0xC3,0xC0,0xC0,0xC3,0xC6,0xC2,0xC3,0xC4,0xC5,
  0x00,0x00,0x00,0x00,0x00,0xC3,0xC0,0xC2,0xC2,0xC0,0xC3,0xC4,0xC0,0xC4,0xC4,0xC4,0xC2,0xC0,0xC1,0xC4,0x00,0x00,0xCC,0xCC,
  0xCA,0x00,0x00,0x00,0x00,0xCA,0xC9,0xC9,0x00,0x00,0xCC,0xC9,0xC9,0xC9,0xC9,0x00,0x00,0xCA,0xCA,0xCA,0xC9,0xC9,0x00,0xCC,
  0xCC,0xCC,0xCA,0xC9,0xC9,0x00,0xCB,0xCB,0x00,0x00,0x00,0x00,0x00,0x00,0x00,0x00,0xCC,0xC9,0x00,0xCC,0xCC,0x00,0x00,0x00,
  0x00,0x00,0x00,0x00,0xCC,0xCA,0xCA,0xCA,0xC9,0xC9,0xCB,0x00,0x00,0x00,0x00,0x00,0xCC,0xCC,0xCA,0xC8,0xCE,0xC8,0xCE,0xC9,
  0xCA,0x00,0x00,0x00,0x00,0xCC,0xCA,0xC9,0xC8,0xCE,0xC8,0xCE,0xC8,0xC9,0x00,0x00,0x00,0x00,0xCD,0xCB,0xCB,0xCA,0xC9,0xC8,
  0xC8,0xC9,0xCA,0xCB,0x00,0x00,0x00,0xCD,0xCC,0xC9,0xC8,0xC8,0xC9,0xE0,0xC8,0xC8,0xCA,0x00,0x00,0x00,0x00,0xCD,0xCC,0xC9,
  0xC9,0xCC,0xCA,0xC8,0xCA,0x00,0x00,0xCA,0xCB,0xCC,0xCD,0xCD,0xCC,0xCC,0xC0,0xC0,0x00,0x00,0x00,0xCB,0xC9,0xCD,0xCB,0xCA,
  0xC8,0xCA,0xCB,0xC0,0xC0,0x00,0x00,0x00,0x00,0xCC,0xCD,0xCA,0xC8,0xC8,0xCB,0xC9,0xCB,0x00,0x00,0x00,0x00,0x00,0x00,0xCD,
  0xCC,0xCB,0xCA,0xCE,0xCA,0xCB,0xCB,0xCB,0x00,0x00,0x00,0xCC,0xC9,0xC8,0xCC,0xC8,0xCC,0xC8,0xCB,0xCA,0xC8,0xCB,0x00,0x00,
  0x00,0x00,0xCC,0xCC,0xCA,0xC9,0x00,0x00,0xCA,0xCA,0xC9,0xC9,0x00,0x00,0x00,0xCC,0xC9,0xC9,0xC9,0xC9,0xC9,0x00,0xCB,0xCB,
  0xCA,0xC9,0xC9,0x00,0x00,0xCC,0xCC,0xCC,0x00,0xCC,0xC9,0x00,0xCC,0xCC,0x00,0x00,0x00,0x00,0x00,0x00,0x00,0x00,0xCC,0xCA,
  0xCA,0xCA,0xC9,0xC9,0xCB,0x00,0x00,0x00,0x00,0x00,0x00,0xCC,0xCC,0xCA,0xC8,0xCE,0xC8,0xCE,0xC9,0xCA,0x00,0x00,0x00,0x00,
  0x00,0xCC,0xCA,0xC9,0xC8,0xCE,0xC8,0xCE,0xC8,0xC9,0x00,0x00,0x00,0x00,0x00,0xCD,0xCB,0xCB,0xCA,0xC9,0xC8,0xC8,0xC9,0xCA,
  0xCB,0x00,0x00,0x00,0x00,0x00,0xCC,0xC9,0xC8,0xC8,0xC9,0xE0,0xC8,0xC8,0xCA,0x00,0x00,0x00,0xCB,0xCC,0xCD,0xCC,0xC9,0xC9,
  0xCC,0xCA,0xC8,0xCA,0x00,0x00,0xCB,0xC9,0xCD,0xCB,0xCC,0xCC,0xCC,0xCC,0xC0,0xC0,0x00,0x00,0x00,0x00,0x00,0xCB,0xCD,0xCA,
  0xC9,0xC9,0xC9,0xCC,0xC0,0xC0,0x00,0x00,0x00,0x00,0x00,0x00,0xCA,0xCA,0xCB,0xC8,0xCC,0xCC,0xC8,0xCC,0x00,0x00,0x00,0x00,
  0xCD,0xCC,0xC9,0xCA,0xCB,0xCC,0xC8,0xCB,0xCC,0xC8,0xCB,0x00,0x00,0xCC,0xC9,0xC8,0xCC,0x00,0x00,0xCB,0xCB,0xCB,0xC9,0x00,
  0x00,0x00,0x00,0x00,0x00,0x00,0xCC,0xCC,0xCA,0x00,0x00,0x00,0x00,0xCA,0xC9,0xC9,0x00,0x00,0x00,0xCC,0xC9,0xC9,0xC9,0xC9,
  0x00,0x00,0xCA,0xCA,0xCA,0xC9,0xCA,0x00,0x00,0xCC,0xCC,0xCC,0xCA,0xC9,0xC9,0x00,0xCB,0xCB,0x00,0x00,0x00,0x00,0x00,0x00,
  0x00,0x00,0x00,0xCC,0xC9,0x00,0xCC,0xCC,0x00,0x00,0x00,0x00,0x00,0x00,0x00,0x00,0xCC,0xCA,0xCA,0xCA,0xC9,0xC9,0xCB,0x00,
  0x00,0x00,0x00,0x00,0x00,0xCC,0xCC,0xCA,0xC8,0xCE,0xC8,0xCE,0xC9,0xCA,0x00,0x00,0x00,0x00,0x00,0xCC,0xCA,0xC9,0xC8,0xCE,
  0xC8,0xCE,0xC8,0xC9,0x00,0x00,0x00,0x00,0x00,0xCD,0xCB,0xCB,0xCA,0xC9,0xC8,0xC8,0xC9,0xCA,0xCB,0x00,0x00,0x00,0x00,0xCD,
  0xCC,0xC9,0xC8,0xC8,0xC9,0xE0,0xC8,0xC8,0xCA,0x00,0x00,0x00,0x00,0x00,0xCD,0xCC,0xC9,0xC9,0xCC,0xCA,0xC8,0xCA,0x00,0x00,
  0x00,0xCB,0xCB,0x00,0xCD,0xCD,0xCC,0xCC,0xC0,0xC0,0x00,0x00,0x00,0x00,0xCB,0xC9,0xCC,0xCC,0xCC,0xCA,0xCC,0x00,0xC0,0xC0,
  0x00,0x00,0x00,0x00,0x00,0xCC,0xCD,0xCA,0xC9,0xC8,0xCA,0xCC,0x00,0x00,0x00,0x00,0x00,0x00,0x00,0xCD,0xCD,0xCB,0xC9,0xC8,
  0xC9,0xCB,0xC9,0xCB,0x00,0x00,0x00,0xCB,0xC9,0xC9,0xCB,0x00,0xCB,0xCB,0xCC,0xC9,0xCB,0xC9,0xCB,0x00,0x00,0x00,0xCC,0xCC,
  0x00,0x00,0x00,0x00,0x00,0x00,0x00,0x00,0x00,0x00,0x00,0x00,0x00,0xCC,0xCC,0x00,0x00,0x00,0x00,0x00,0x00,0xCA,0xCA,0x00,
  0x00,0x00,0xCC,0xC9,0xCA,0x00,0x00,0x00,0x00,0xCA,0xCA,0xC9,0x00,0x00,0x00,0x00,0xCC,0xC9,0xC9,0x00,0x00,0xCA,0xCA,0x00,
  0x00,0x00,0x00,0x00,0x00,0x00,0x00,0xC9,0xC9,0x00,0xCB,0xCB,0x00,0x00,0x00,0x00,0x00,0x00,0x00,0x00,0xCC,0xC9,0x00,0xCC,
  0xCC,0x00,0x00,0x00,0x00,0x00,0x00,0x00,0xCC,0xCA,0xCA,0xCA,0xC9,0xC9,0xCB,0x00,0x00,0x00,0x00,0x00,0xCC,0xCC,0xCA,0xC8,
  0xCE,0xC8,0xCE,0xC9,0xCA,0x00,0x00,0x00,0x00,0xCC,0xCA,0xC9,0xC8,0xCE,0xC8,0xCE,0xC8,0xC9,0x00,0x00,0x00,0x00,0xCD,0xCB,
  0xCB,0xCA,0xC9,0xC8,0xC8,0xC9,0xCA,0xCB,0x00,0x00,0x00,0xCD,0xCC,0xC9,0xC8,0xC8,0xC9,0xE0,0xC8,0xC8,0xCA,0x00,0xCA,0xCB,
  0xCC,0xCD,0xCC,0xC9,0xC9,0xCC,0xCA,0xC8,0xCA,0x00,0xCB,0xC9,0xCD,0xCB,0xCC,0xCC,0xCC,0xCC,0xC0,0xC0,0x00,0x00,0x00,0x00,
  0xCC,0xCD,0xCA,0xC9,0xC9,0xC9,0xCC,0xC0,0xC0,0x00,0x00,0x00,0x00,0xCD,0xCC,0xC9,0xCA,0xCA,0xC8,0xC9,0xCC,0x00,0x00,0x00,
  0x00,0xCB,0xC9,0xC8,0xCC,0x00,0xCA,0xCA,0xC8,0xCB,0xCC,0xCB,0x00,0x00,0x00,0x00,0x00,0x00,0x00,0x00,0x00,0xCB,0xC8,0xCB,
  0xC8,0xCB,0x00,0x00,0xCC,0xC9,0xC9,0xC9,0x00,0x00,0x00,0x00,0x00,0xCA,0xC9,0x00,0x00,0xCC,0xC9,0xC9,0xC9,0xC9,0xC9,0x00,
  0x00,0x00,0xCA,0xCA,0xCA,0xC9,0x00,0x00,0xC9,0xC9,0x00,0x00,0xCA,0xCA,0xCA,0xC9,0xC9,0x00,0x00,0xC9,0xC9,0x00,0x00,0x00,
  0x00,0xCC,0xCA,0xCA,0xCE,0xC9,0xCE,0xCB,0x00,0x00,0x00,0x00,0x00,0x00,0xCC,0xCC,0xCA,0xC8,0xCE,0xC8,0xCE,0xC9,0xC9,0x00,
  0x00,0x00,0x00,0x00,0xCC,0xCA,0xC9,0xCA,0xCA,0xC8,0xC8,0xCA,0xC8,0xC9,0x00,0x00,0x00,0x00,0xCD,0xCB,0xC9,0xC8,0xC8,0xC8,
  0xE0,0xC8,0xC9,0xC9,0x00,0x00,0x00,0x00,0xCD,0xCC,0xCA,0xCA,0xCA,0xCA,0xC8,0xC8,0xCA,0x00,0x00,0x00,0x00,0x00,0xCC,0xCC,
  0xCC,0xCA,0xCC,0xCC,0xC0,0xC0,0x00,0x00,0x00,0x00,0xCB,0xC9,0xCC,0xCB,0xCA,0xC8,0xCA,0xCC,0xC0,0xC0,0x00,0x00,0x00,0x00,
  0x00,0xCB,0xCC,0xC9,0xC8,0xC8,0xC9,0xC9,0xCA,0xC9,0x00,0x00,0x00,0x00,0x00,0x00,0xC9,0xCA,0xCB,0xCB,0xCB,0x00,0x00,0x00,
  0x00,0x00,0x00,0x00,0xC8,0xC9,0xCB,0xCB,0xC9,0xCB,0x00,0x00,0x00,0x00,0x00,0x00,0x00,0xC8,0xC9,0xCB,0xCB,0xC9,0xCB,0x00,
  0x00,0x00,0x00,0x00,0x00,0x00,0x00,0x00,0x00,0x00,0x00,0xCC,0xCC,0xCA,0x00,0x00,0x00,0x00,0xCA,0xC9,0xC9,0x00,0x00,0x00,
  0x00,0xCC,0xC9,0xC9,0xC9,0xC9,0x00,0x00,0xCA,0xCA,0xCA,0xC9,0xC9,0x00,0x00,0x00,0xCC,0xCC,0xCC,0xCA,0xC9,0xC9,0x00,0xCB,
  0xCB,0x00,0x00,0x00,0x00,0x00,0x00,0x00,0x00,0x00,0x00,0xCC,0xC9,0x00,0xCC,0xCC,0x00,0x00,0x00,0x00,0x00,0x00,0x00,0x00,
  0x00,0xCC,0xCA,0xCA,0xCA,0xC9,0xC9,0xCB,0x00,0x00,0x00,0x00,0x00,0x00,0x00,0xCC,0xCC,0xCA,0xC8,0xCE,0xC8,0xCE,0xC9,0xCA,
  0x00,0x00,0x00,0x00,0x00,0x00,0xCC,0xCA,0xC9,0xC8,0xCE,0xC8,0xCE,0xC8,0xC9,0x00,0x00,0x00,0x00,0x00,0x00,0xCD,0xCB,0xCB,
  0xCA,0xC9,0xC8,0xC8,0xC9,0xCA,0xCB,0x00,0x00,0x00,0x00,0x00,0xCD,0xCC,0xC9,0xC8,0xC8,0xC9,0xE0,0xC8,0xC8,0xCA,0x00,0x00,
  0x00,0x00,0x00,0x00,0xCD,0xCC,0xC9,0xC9,0xCC,0xCA,0xC8,0xCA,0x00,0x00,0x00,0xCB,0xC9,0xCC,0xCC,0xCC,0xCA,0xCC,0xCC,0xC0,
  0xC0,0x00,0x00,0x00,0x00,0x00,0x00,0xCC,0xCD,0xCA,0xC9,0xC8,0xCA,0xCC,0xC0,0xC0,0x00,0x00,0x00,0x00,0x00,0xC9,0xCA,0xCB,
  0xC9,0xCA,0xC8,0xC9,0xCB,0xC9,0x00,0x00,0x00,0x00,0xC9,0xC9,0xC9,0xCB,0xC9,0xC9,0xCB,0xCB,0xC9,0xC9,0xCB,0xC9,0x00,0x00,
  0x00,0x00,0x00,0x00,0x00,0x00,0x00,0xC9,0xC9,0xC9,0x00,0x00,0x00,0x00,0xC9,0xC9,0x00,0x00,0x00,0x00,0x00,0x00,0x00,0xCC,
  0xC9,0xC9,0xC9,0x00,0xC9,0xC9,0xC9,0xC9,0x00,0x00,0x00,0x00,0x00,0x00,0x00,0x00,0xCC,0xC9,0xC9,0x00,0xC9,0xC9,0x00,0x00,
  0x00,0x00,0x00,0x00,0x00,0x00,0x00,0x00,0x00,0xC9,0xC9,0x00,0xCA,0xCA,0x00,0x00,0x00,0x00,0x00,0x00,0x00,0x00,0x00,0x00,
  0x00,0xCA,0xC9,0x00,0xCC,0xCC,0x00,0x00,0x00,0x00,0x00,0x00,0x00,0x00,0x00,0x00,0xCC,0xCA,0xCA,0xCA,0xC9,0xC9,0x00,0x00,
  0x00,0x00,0x00,0x00,0x00,0x00,0x00,0xCC,0xCC,0xCA,0xC8,0xC8,0xC8,0xC8,0xC9,0x00,0x00,0x00,0x00,0x00,0x00,0x00,0x00,0xCC,
  0xCA,0xC9,0xC8,0xCE,0xC8,0xCE,0xC8,0xC9,0x00,0x00,0x00,0x00,0x00,0xC9,0xC8,0xCD,0xCB,0xC9,0xC8,0xCE,0xC8,0xCE,0xC8,0xC8,
  0x00,0xCA,0xC8,0xC8,0x00,0x00,0xC8,0xCD,0xCC,0xC9,0xC9,0xC9,0xC8,0xC8,0xCA,0xCA,0x00,0x00,0xCA,0xC8,0xC8,0x00,0xCB,0xCD,
  0xCD,0xC9,0xC8,0xC8,0xC9,0xE0,0xC8,0xC9,0xCA,0x00,0x00,0xCB,0xCB,0xCC,0xCA,0xCC,0xCD,0xCC,0xC9,0xC9,0xCA,0xCA,0xCA,0xCA,
  0x00,0x00,0x00,0x00,0xC8,0xCC,0xC8,0xCA,0xCA,0xCA,0xCA,0x00,0xC0,0xC0,0x00,0x00,0x00,0x00,0x00,0x00,0x00,0xCC,0xCA,0xC8,
  0xCA,0xCC,0xCC,0xCA,0xC0,0xC0,0x00,0x00,0x00,0x00,0x00,0x00,0x00,0x00,0xCC,0xCC,0xCB,0xC8,0xCA,0xCC,0xCB,0x00,0x00,0x00,
  0x00,0x00,0x00,0x00,0x00,0x00,0x00,0x00,0x00,0xCB,0xC8,0x00,0xCB,0xC8,0x00,0x00,0x00,0x00,0x00,0x00,0x00,0x00,0x00,0x00,
  0x00,0xC9,0xC9,0x00,0x00,0x00,0xC9,0x00,0x00,0x00,0x00,0x00,0x00,0x00,0x00,0x00,0x00,0xCC,0xC9,0xC9,0xC9,0x00,0xC9,0xC9,
  0xC9,0x00,0x00,0x00,0x00,0x00,0x00,0x00,0x00,0x00,0x00,0xCC,0xC9,0xC9,0x00,0xC9,0xC9,0x00,0x00,0x00,0x00,0x00,0x00,0x00,
  0x00,0x00,0x00,0x00,0xC9,0xC9,0x00,0x00,0xCA,0xC9,0xCA,0x00,0x00,0x00,0x00,0x00,0x00,0x00,0x00,0x00,0x00,0xC9,0xCA,0x00,
  0x00,0xCC,0xC9,0xCA,0x00,0x00,0x00,0x00,0x00,0x00,0x00,0x00,0x00,0x00,0xCC,0xCA,0xCA,0xCA,0xC9,0xC9,0x00,0x00,0x00,0x00,
  0x00,0x00,0x00,0x00,0x00,0x00,0xCC,0xCC,0xCA,0xC8,0xC8,0xC8,0xC8,0xC9,0x00,0x00,0x00,0x00,0x00,0x00,0x00,0x00,0x00,0xCC,
  0xCA,0xC9,0xC8,0xCE,0xC8,0xCE,0xC8,0xC9,0x00,0x00,0x00,0x00,0x00,0x00,0x00,0xCA,0xCD,0xCB,0xC9,0xC8,0xCE,0xC8,0xCE,0xC8,
  0xC8,0x00,0xCA,0xC8,0xC8,0x00,0x00,0x00,0x00,0xCD,0xCC,0xC9,0xC9,0xC9,0xC8,0xC8,0xCA,0xCA,0x00,0x00,0xCA,0xC8,0xC8,0x00,
  0x00,0xCB,0xCD,0xCD,0xC9,0xC8,0xC8,0xC9,0xE0,0xC8,0xC9,0xCA,0x00,0x00,0x00,0xCB,0xCB,0xCC,0xCA,0xCC,0xCD,0xCC,0xC9,0xC9,
  0xCA,0xCA,0xCA,0xCA,0x00,0x00,0x00,0x00,0x00,0xC8,0xCC,0xC8,0xCA,0xCA,0xCA,0xCA,0x00,0xC0,0xC0,0x00,0x00,0x00,0x00,0x00,
  0x00,0x00,0x00,0xCC,0xCA,0xC8,0xCA,0xCC,0xCC,0xCA,0xC0,0xC0,0x00,0x00,0x00,0x00,0x00,0x00,0x00,0x00,0x00,0xCC,0xCC,0xCA,
  0xCA,0x00,0xCC,0xCB,0xC8,0x00,0x00,0x00,0x00,0x00,0x00,0x00,0x00,0x00,0x00,0x00,0xCA,0xC8,0x00,0x00,0xCB,0xCB,0xC8,0x00,
  0x00,0x00,0x00,0x00,0x00,0x00,0x00,0x00,0x00,0xC9,0x00,0x00,0x00,0x00,0x00,0x00,0x00,0x00,0x00,0x00,0x00,0x00,0x00,0xC9,
  0x00,0x00,0xC9,0x00,0x00,0xC9,0x00,0x00,0x00,0x00,0x00,0x00,0x00,0xCC,0x00,0x00,0x00,0xC9,0x00,0x00,0x00,0xC9,0x00,0x00,
  0x00,0x00,0x00,0x00,0x00,0xCC,0xC9,0xC9,0xCA,0x00,0x00,0x00,0x00,0x00,0x00,0x00,0x00,0xC9,0xC9,0xC9,0xCC,0x00,0xCC,0xCC,
  0xCA,0xCA,0xC9,0xC9,0xCA,0x00,0x00,0xCC,0xCA,0xCA,0xCA,0xCA,0xCC,0xCC,0x00,0x00,0x00,0x00,0xCC,0xCC,0xCA,0xCA,0xC9,0xC9,
  0xC9,0xCA,0xCB,0x00,0x00,0x00,0x00,0x00,0x00,0x00,0x00,0xCC,0xCA,0xC9,0xC9,0xC9,0xC9,0xC9,0xCA,0xC9,0x00,0x00,0x00,0x00,
  0x00,0x00,0xCB,0xCB,0xCD,0xCB,0xC9,0xCB,0xCE,0xC8,0xCE,0xCB,0xCA,0x00,0x00,0x00,0x00,0x00,0xCB,0xC9,0xCB,0xCD,0xCC,0xC9,
  0xC8,0xC8,0xC9,0xE0,0xC8,0xC8,0xCA,0x00,0x00,0x00,0x00,0x00,0xCB,0xCD,0xCB,0xCD,0xCC,0xC9,0xC9,0xCC,0xCA,0xCA,0xCA,0xCB,
  0x00,0x00,0x00,0x00,0x00,0x00,0xCD,0xCA,0xC8,0xC8,0xCB,0xCC,0xC0,0xC0,0x00,0x00,0x00,0x00,0x00,0x00,0x00,0x00,0x00,0xCD,
  0xCC,0xCB,0xCA,0xCE,0xCB,0xC0,0xC0,0xCB,0xCB,0xCB,0x00,0x00,0x00,0xCC,0xC9,0xC8,0xCA,0xCC,0xCC,0xCC,0xC8,0xCC,0xCB,0xC8,
  0xCA,0xCA,0xC8,0xCB,0x00,0x00,0x00,0xC9,0xC9,0xCA,0x00,0x00,0x00,0x00,0xCA,0xCC,0xCC,0x00,0x00,0xC9,0xC9,0xCA,0xCA,0xCA,
  0x00,0x00,0xC9,0xC9,0xC9,0xC9,0xCC,0x00,0x00,0x00,0x00,0xCB,0xCB,0x00,0xC9,0xC9,0xCA,0xCC,0xCC,0xCC,0x00,0x00,0x00,0x00,
  0xCC,0xCC,0x00,0xC9,0xCC,0x00,0x00,0x00,0x00,0x00,0x00,0x00,0xCB,0xC9,0xC9,0xCA,0xCA,0xCA,0xCC,0x00,0x00,0x00,0x00,0x00,
  0xCA,0xC9,0xCE,0xC8,0xCE,0xC8,0xCA,0xCC,0xCC,0x00,0x00,0x00,0x00,0xC9,0xC8,0xCE,0xC8,0xCE,0xC8,0xC9,0xCA,0xCC,0x00,0x00,
  0x00,0xCB,0xCA,0xC9,0xC8,0xC8,0xC9,0xCA,0xCB,0xCB,0xCD,0x00,0x00,0x00,0xCA,0xC8,0xC8,0xE0,0xC9,0xC8,0xC8,0xC9,0xCC,0xCD,
  0x00,0x00,0x00,0x00,0xCA,0xC8,0xCA,0xCC,0xC9,0xC9,0xCC,0xCD,0x00,0x00,0x00,0x00,0x00,0x00,0x00,0xC0,0xC0,0xCC,0xCC,0xCD,
  0xCD,0xCC,0xCB,0xCA,0x00,0x00,0x00,0x00,0xC0,0xC0,0xCB,0xCA,0xC8,0xCA,0xCB,0xCD,0xC9,0xCB,0x00,0x00,0x00,0x00,0xCB,0xC9,
  0xCB,0xC8,0xC8,0xCA,0xCD,0xCC,0x00,0x00,0x00,0xCB,0xCB,0xCB,0xCA,0xCE,0xCA,0xCB,0xCC,0xCD,0x00,0x00,0x00,0xCB,0xC8,0xCA,
  0xCB,0xC8,0xCC,0xC8,0xCC,0xC8,0xC9,0xCC,0x00,0x00,0xC9,0xC9,0xCA,0xCA,0x00,0x00,0xC9,0xCA,0xCC,0xCC,0x00,0x00,0x00,0xC9,
  0xC9,0xCA,0xCB,0xCB,0x00,0xC9,0xC9,0xC9,0xC9,0xC9,0xCC,0x00,0x00,0x00,0x00,0x00,0xCC,0xCC,0x00,0xC9,0xCC,0x00,0xCC,0xCC,
  0xCC,0x00,0x00,0x00,0x00,0xCB,0xC9,0xC9,0xCA,0xCA,0xCA,0xCC,0x00,0x00,0x00,0x00,0x00,0x00,0xCA,0xC9,0xCE,0xC8,0xCE,0xC8,
  0xCA,0xCC,0xCC,0x00,0x00,0x00,0x00,0x00,0xC9,0xC8,0xCE,0xC8,0xCE,0xC8,0xC9,0xCA,0xCC,0x00,0x00,0x00,0x00,0xCB,0xCA,0xC9,
  0xC8,0xC8,0xC9,0xCA,0xCB,0xCB,0xCD,0x00,0x00,0x00,0x00,0xCA,0xC8,0xC8,0xE0,0xC9,0xC8,0xC8,0xC9,0xCC,0x00,0x00,0x00,0x00,
  0x00,0x00,0xCA,0xC8,0xCA,0xCC,0xC9,0xC9,0xCC,0xCD,0xCC,0xCB,0x00,0x00,0x00,0x00,0x00,0x00,0xC0,0xC0,0xCC,0xCC,0xCC,0xCC,
  0xCB,0xCD,0xC9,0xCB,0x00,0x00,0x00,0x00,0xC0,0xC0,0xCC,0xC9,0xC9,0xC9,0xCA,0xCD,0xCB,0x00,0x00,0x00,0x00,0x00,0xCC,0xC8,
  0xCC,0xCC,0xC8,0xCB,0xCA,0xCA,0x00,0x00,0x00,0x00,0x00,0xCB,0xC8,0xCC,0xCB,0xC8,0xCC,0xCB,0xCA,0xC9,0xCC,0xCD,0x00,0x00,
  0x00,0x00,0x00,0xC9,0xCB,0xCB,0xCB,0x00,0x00,0xCC,0xC8,0xC9,0xCC,0x00,0xC9,0xC9,0xCA,0x00,0x00,0x00,0x00,0xCA,0xCC,0xCC,
  0x00,0x00,0x00,0xCA,0xC9,0xCA,0xCA,0xCA,0x00,0x00,0xC9,0xC9,0xC9,0xC9,0xCC,0x00,0x00,0x00,0x00,0x00,0xCB,0xCB,0x00,0xC9,
  0xC9,0xCA,0xCC,0xCC,0xCC,0x00,0x00,0x00,0x00,0x00,0xCC,0xCC,0x00,0xC9,0xCC,0x00,0x00,0x00,0x00,0x00,0x00,0x00,0x00,0xCB,
  0xC9,0xC9,0xCA,0xCA,0xCA,0xCC,0x00,0x00,0x00,0x00,0x00,0x00,0xCA,0xC9,0xCE,0xC8,0xCE,0xC8,0xCA,0xCC,0xCC,0x00,0x00,0x00,
  0x00,0x00,0xC9,0xC8,0xCE,0xC8,0xCE,0xC8,0xC9,0xCA,0xCC,0x00,0x00,0x00,0x00,0xCB,0xCA,0xC9,0xC8,0xC8,0xC9,0xCA,0xCB,0xCB,
  0xCD,0x00,0x00,0x00,0x00,0xCA,0xC8,0xC8,0xE0,0xC9,0xC8,0xC8,0xC9,0xCC,0xCD,0x00,0x00,0x00,0x00,0x00,0xCA,0xC8,0xCA,0xCC,
  0xC9,0xC9,0xCC,0xCD,0x00,0x00,0x00,0x00,0x00,0x00,0x00,0x00,0xC0,0xC0,0xCC,0xCC,0xCD,0xCD,0x00,0xCB,0xCB,0x00,0x00,0x00,
  0x00,0x00,0xC0,0xC0,0x00,0xCC,0xCA,0xCC,0xCC,0xCC,0xC9,0xCB,0x00,0x00,0x00,0x00,0x00,0x00,0xCC,0xCA,0xC8,0xC9,0xCA,0xCD,
  0xCC,0x00,0x00,0x00,0x00,0x00,0xCB,0xC9,0xCB,0xC9,0xC8,0xC9,0xCB,0xCD,0xCD,0x00,0x00,0x00,0x00,0xCB,0xC9,0xCB,0xC9,0xCC,
  0xCB,0xCB,0x00,0xCB,0xC9,0xC9,0xCB,0x00,0x00,0x00,0x00,0x00,0x00,0x00,0x00,0x00,0x00,0x00,0xCC,0xCC,0x00,0x00,0xCA,0xCA,
  0x00,0x00,0x00,0x00,0x00,0x00,0xCC,0xCC,0x00,0x00,0x00,0xC9,0xCA,0xCA,0x00,0x00,0x00,0x00,0xCA,0xC9,0xCC,0x00,0x00,0x00,
  0x00,0x00,0xCA,0xCA,0x00,0x00,0xC9,0xC9,0xCC,0x00,0x00,0x00,0x00,0x00,0x00,0xCB,0xCB,0x00,0xC9,0xC9,0x00,0x00,0x00,0x00,
  0x00,0x00,0x00,0x00,0xCC,0xCC,0x00,0xC9,0xCC,0x00,0x00,0x00,0x00,0x00,0x00,0x00,0xCB,0xC9,0xC9,0xCA,0xCA,0xCA,0xCC,0x00,
  0x00,0x00,0x00,0x00,0xCA,0xC9,0xCE,0xC8,0xCE,0xC8,0xCA,0xCC,0xCC,0x00,0x00,0x00,0x00,0xC9,0xC8,0xCE,0xC8,0xCE,0xC8,0xC9,
  0xCA,0xCC,0x00,0x00,0x00,0xCB,0xCA,0xC9,0xC8,0xC8,0xC9,0xCA,0xCB,0xCB,0xCD,0x00,0x00,0x00,0xCA,0xC8,0xC8,0xE0,0xC9,0xC8,
  0xC8,0xC9,0xCC,0xCD,0x00,0x00,0x00,0x00,0xCA,0xC8,0xCA,0xCC,0xC9,0xC9,0xCC,0xCD,0xCC,0xCB,0xCA,0x00,0x00,0x00,0x00,0xC0,
  0xC0,0xCC,0xCC,0xCC,0xCC,0xCB,0xCD,0xC9,0xCB,0x00,0x00,0x00,0xC0,0xC0,0xCC,0xC9,0xC9,0xC9,0xCA,0xCD,0xCC,0x00,0x00,0x00,
  0x00,0x00,0xCC,0xC9,0xC8,0xCA,0xCA,0xC9,0xCC,0xCD,0x00,0x00,0x00,0xCB,0xCC,0xCB,0xC8,0xCA,0xCA,0x00,0xCC,0xC8,0xC9,0xCB,
  0x00,0xCB,0xC8,0xCB,0xC8,0xCB,0x00,0x00,0x00,0x00,0x00,0x00,0x00,0x00,0x00,0xC9,0xCA,0x00,0x00,0x00,0x00,0x00,0xC9,0xC9,
  0xC9,0xCC,0x00,0x00,0xC9,0xCA,0xCA,0xCA,0x00,0x00,0x00,0xC9,0xC9,0xC9,0xC9,0xC9,0xCC,0xC9,0xC9,0x00,0x00,0xC9,0xC9,0xCA,
  0xCA,0xCA,0x00,0x00,0xC9,0xC9,0x00,0x00,0x00,0x00,0xCB,0xCE,0xC9,0xCE,0xCA,0xCA,0xCC,0x00,0x00,0x00,0x00,0x00,0x00,0xC9,
  0xC9,0xCE,0xC8,0xCE,0xC8,0xCA,0xCC,0xCC,0x00,0x00,0x00,0x00,0xC9,0xC8,0xCA,0xC8,0xC8,0xCA,0xCA,0xC9,0xCA,0xCC,0x00,0x00,
  0x00,0x00,0xC9,0xC9,0xC8,0xE0,0xC8,0xC8,0xC8,0xC9,0xCB,0xCD,0x00,0x00,0x00,0x00,0x00,0xCA,0xCA,0xCA,0xCA,0xCA,0xCA,0xCA,
  0xCC,0xCD,0x00,0x00,0x00,0x00,0x00,0x00,0xC0,0xC0,0xCC,0xCC,0xCA,0xCC,0xCC,0xCC,0x00,0x00,0x00,0x00,0x00,0x00,0xC0,0xC0,
  0xCC,0xCA,0xC8,0xCA,0xCB,0xCC,0xC9,0xCB,0x00,0x00,0x00,0x00,0xC9,0xCA,0xC9,0xC9,0xC8,0xC8,0xC9,0xCC,0xCB,0x00,0x00,0x00,
  0x00,0x00,0x00,0x00,0x00,0xCB,0xCB,0xCB,0xCA,0xC9,0x00,0x00,0x00,0x00,0x00,0x00,0x00,0x00,0x00,0x00,0xCB,0xC9,0xCB,0xCB,
  0xC9,0xC8,0x00,0x00,0x00,0x00,0x00,0x00,0x00,0x00,0x00,0xCB,0xC9,0xCB,0xCB,0xC9,0xC8,0x00,0xC9,0xC9,0xCA,0x00,0x00,0x00,
  0x00,0xCA,0xCC,0xCC,0x00,0x00,0x00,0x00,0xC9,0xC9,0xCA,0xCA,0xCA,0x00,0x00,0xC9,0xC9,0xC9,0xC9,0xCC,0x00,0x00,0x00,0x00,
  0x00,0x00,0xCB,0xCB,0x00,0xC9,0xC9,0xCA,0xCC,0xCC,0xCC,0x00,0x00,0x00,0x00,0x00,0x00,0xCC,0xCC,0x00,0xC9,0xCC,0x00,0x00,
  0x00,0x00,0x00,0x00,0x00,0x00,0x00,0xCB,0xC9,0xC9,0xCA,0xCA,0xCA,0xCC,0x00,0x00,0x00,0x00,0x00,0x00,0x00,0x00,0xC9,0xCE,
  0xC8,0xCE,0xC8,0xCA,0xCC,0xCC,0x00,0x00,0x00,0x00,0x00,0x00,0xCA,0xC8,0xCE,0xC8,0xCE,0xC8,0xC9,0xCA,0xCC,0x00,0x00,0x00,
  0x00,0x00,0xCB,0xCA,0xC9,0xC8,0xC8,0xC9,0xCA,0xCB,0xCB,0xCD,0x00,0x00,0x00,0x00,0x00,0xCA,0xC8,0xC8,0xE0,0xC9,0xC8,0xC8,
  0xC9,0xCC,0xCD,0x00,0x00,0x00,0x00,0x00,0x00,0xCA,0xC8,0xE0,0xCC,0xC9,0xC9,0xCC,0xCD,0x00,0x00,0x00,0x00,0x00,0x00,0x00,
  0x00,0x00,0xC0,0xC0,0xCC,0xCC,0xCA,0xCC,0xCC,0xCC,0xC9,0xCB,0x00,0x00,0x00,0x00,0x00,0xC0,0xC0,0xCC,0xCA,0xC8,0xC9,0xCA,
  0xCD,0xCC,0x00,0x00,0x00,0x00,0x00,0x00,0x00,0xC9,0xCB,0xC9,0xC8,0xCA,0xC9,0xCB,0xCA,0xC9,0x00,0x00,0x00,0x00,0x00,0xC9,
  0xCB,0xC9,0xC9,0xCB,0xCB,0xC9,0xC9,0xCB,0xC9,0xC9,0xC9,0x00,0xC9,0xC9,0x00,0x00,0x00,0x00,0xC9,0xC9,0xC9,0x00,0x00,0x00,
  0x00,0x00,0x00,0x00,0xC9,0xC9,0xC9,0xC9,0x00,0xC9,0xC9,0xC9,0xCC,0x00,0x00,0x00,0x00,0x00,0x00,0x00,0x00,0x00,0xC9,0xC9,
  0x00,0xC9,0xC9,0xCC,0x00,0x00,0x00,0x00,0x00,0x00,0x00,0x00,0x00,0x00,0xCA,0xCA,0x00,0xC9,0xC9,0x00,0x00,0x00,0x00,0x00,
  0x00,0x00,0x00,0x00,0x00,0x00,0xCC,0xCC,0x00,0xC9,0xCA,0x00,0x00,0x00,0x00,0x00,0x00,0x00,0x00,0x00,0x00,0x00,0xC9,0xC9,
  0xCA,0xCA,0xCA,0xCC,0x00,0x00,0x00,0x00,0x00,0x00,0x00,0x00,0x00,0xC9,0xC8,0xC8,0xC8,0xC8,0xCA,0xCC,0xCC,0x00,0x00,0x00,
  0x00,0x00,0x00,0x00,0xC9,0xC8,0xCE,0xC8,0xCE,0xC8,0xC9,0xCA,0xCC,0x00,0x00,0x00,0x00,0x00,0x00,0x00,0xC8,0xC8,0xCE,0xC8,
  0xCE,0xC8,0xC9,0xCB,0xCD,0xC8,0xC9,0x00,0x00,0x00,0x00,0x00,0xCA,0xCA,0xC8,0xC8,0xC9,0xC9,0xC9,0xCC,0xCD,0xC8,0x00,0x00,
  0xC8,0xC8,0xCA,0xCA,0xC9,0xC8,0xE0,0xC9,0xC8,0xC8,0xC9,0xCD,0xCD,0xCB,0x00,0xC8,0xC8,0xCA,0x00,0x00,0xCA,0xCA,0xCA,0xCA,
  0xC9,0xC9,0xCC,0xCD,0xCC,0xCA,0xCC,0xCB,0xCB,0x00,0x00,0x00,0x00,0x00,0xC0,0xC0,0x00,0xCA,0xCA,0xCA,0xCA,0xC8,0xCC,0xC8,
  0x00,0x00,0x00,0x00,0x00,0x00,0xC0,0xC0,0xCA,0xCC,0xCC,0xCA,0xC8,0xCA,0xCC,0x00,0x00,0x00,0x00,0x00,0x00,0x00,0x00,0xCB,
  0xCC,0xCA,0xC8,0xCB,0xCC,0xCC,0x00,0x00,0x00,0x00,0x00,0x00,0x00,0x00,0xC8,0xCB,0x00,0xC8,0xCB,0x00,0x00,0x00,0x00,0x00,
  0x00,0x00,0x00,0x00,0x00,0x00,0xC9,0x00,0x00,0x00,0xC9,0xC9,0x00,0x00,0x00,0x00,0x00,0x00,0x00,0x00,0x00,0x00,0xC9,0xC9,
  0xC9,0x00,0xC9,0xC9,0xC9,0xCC,0x00,0x00,0x00,0x00,0x00,0x00,0x00,0x00,0x00,0x00,0xC9,0xC9,0x00,0xC9,0xC9,0xCC,0x00,0x00,
  0x00,0x00,0x00,0x00,0x00,0x00,0x00,0x00,0xCA,0xC9,0xCA,0x00,0x00,0xC9,0xC9,0x00,0x00,0x00,0x00,0x00,0x00,0x00,0x00,0x00,
  0x00,0xCA,0xC9,0xCC,0x00,0x00,0xCA,0xC9,0x00,0x00,0x00,0x00,0x00,0x00,0x00,0x00,0x00,0x00,0x00,0xC9,0xC9,0xCA,0xCA,0xCA,
  0xCC,0x00,0x00,0x00,0x00,0x00,0x00,0x00,0x00,0x00,0x00,0xC9,0xC8,0xC8,0xC8,0xC8,0xCA,0xCC,0xCC,0x00,0x00,0x00,0x00,0x00,
  0x00,0x00,0x00,0xC9,0xC8,0xCE,0xC8,0xCE,0xC8,0xC9,0xCA,0xCC,0x00,0x00,0x00,0x00,0x00,0x00,0x00,0x00,0xC8,0xC8,0xCE,0xC8,
  0xCE,0xC8,0xC9,0xCB,0xCD,0xCA,0x00,0x00,0x00,0x00,0x00,0x00,0x00,0xCA,0xCA,0xC8,0xC8,0xC9,0xC9,0xC9,0xCC,0xCD,0x00,0x00,
  0x00,0x00,0xC8,0xC8,0xCA,0xCA,0xC9,0xC8,0xE0,0xC9,0xC8,0xC8,0xC9,0xCD,0xCD,0xCB,0x00,0x00,0xC8,0xC8,0xCA,0x00,0x00,0xCA,
  0xCA,0xCA,0xCA,0xC9,0xC9,0xCC,0xCD,0xCC,0xCA,0xCC,0xCB,0xCB,0x00,0x00,0x00,0x00,0x00,0x00,0xC0,0xC0,0x00,0xCA,0xCA,0xCA,
  0xCA,0xC8,0xCC,0xC8,0x00,0x00,0x00,0x00,0x00,0x00,0x00,0xC0,0xC0,0xCA,0xCC,0xCC,0xCA,0xC8,0xCA,0xCC,0x00,0x00,0x00,0x00,
  0x00,0x00,0x00,0x00,0xC8,0xCB,0xCC,0x00,0xCA,0xCA,0xCC,0xCC,0x00,0x00,0x00,0x00,0x00,0x00,0x00,0x00,0xC8,0xCB,0xCB,0x00,
  0x00,0xC8,0xCA,0x00,0x00,0x00,0x00,0x00,0x00,0x00,0x00,0x00,0x00,0x00,0x00,0x00,0x00,0x00,0x00,0xC9,0x00,0x00,0x00,0x00,
  0x00,0x00,0x00,0x00,0x00,0x00,0x00,0x00,0x00,0xC9,0x00,0x00,0xC9,0x00,0x00,0xC9,0x00,0x00,0x00,0x00,0x00,0x00,0x00,0x00,
  0x00,0x00,0x00,0xC9,0x00,0x00,0x00,0xC9,0x00,0x00,0x00,0xCC,0x00,0x00,0xCC,0xC9,0xC9,0xC9,0x00,0x00,0x00,0x00,0x00,0x00,
  0x00,0x00,0xCA,0xC9,0xC9,0xCC,0x00,0xCC,0xCC,0xCA,0xCA,0xCA,0xCA,0xCC,0x00,0x00,0xCA,0xC9,0xC9,0xCA,0xCA,0xCC,0xCC,0x00,
  0x00,0x00,0x00,0x00,0xCB,0xCA,0xC9,0xC9,0xC9,0xCA,0xCA,0xCC,0xCC,0x00,0x00,0x00,0x00,0x00,0x00,0x00,0x00,0xC9,0xCA,0xC9,
  0xC9,0xC9,0xC9,0xC9,0xCA,0xCC,0x00,0x00,0x00,0x00,0x00,0x00,0x00,0x00,0xCA,0xCB,0xCE,0xC8,0xCE,0xCB,0xC9,0xCB,0xCD,0xCB,
  0xCB,0x00,0x00,0x00,0x00,0x00,0xCA,0xC8,0xC8,0xE0,0xC9,0xC8,0xC8,0xC9,0xCC,0xCD,0xCB,0xC9,0xCB,0x00,0x00,0x00,0x00,0xCB,
  0xCA,0xCA,0xCA,0xCC,0xC9,0xC9,0xCC,0xCD,0xCB,0xCD,0xCB,0x00,0x00,0x00,0x00,0x00,0x00,0x00,0x00,0xC0,0xC0,0xCC,0xCB,0xC8,
  0xC8,0xCA,0xCD,0x00,0x00,0x00,0x00,0x00,0x00,0xCB,0xCB,0xCB,0xC0,0xC0,0xCB,0xCE,0xCA,0xCB,0xCC,0xCD,0x00,0x00,0x00,0x00,
  0x00,0xCB,0xC8,0xCA,0xCA,0xC8,0xCB,0xCC,0xC8,0xCC,0xCC,0xCC,0xCA,0xC8,0xC9,0xCC,0x00,0x00,0xD4,0xD4,0xD2,0x00,0x00,0x00,
  0x00,0xD2,0xD1,0xD1,0x00,0x00,0xD4,0xD1,0xD1,0xD1,0xD1,0x00,0x00,0xD2,0xD2,0xD2,0xD1,0xD1,0x00,0xD4,0xD4,0xD4,0xD2,0xD1,
  0xD1,0x00,0xD3,0xD3,0x00,0x00,0x00,0x00,0x00,0x00,0x00,0x00,0xD4,0xD1,0x00,0xD4,0xD4,0x00,0x00,0x00,0x00,0x00,0x00,0x00,
  0xD4,0xD2,0xD2,0xD2,0xD1,0xD1,0xD3,0x00,0x00,0x00,0x00,0x00,0xD4,0xD4,0xD2,0xD0,0xD6,0xD0,0xD6,0xD1,0xD2,0x00,0x00,0x00,
  0x00,0xD4,0xD2,0xD1,0xD0,0xD6,0xD0,0xD6,0xD0,0xD1,0x00,0x00,0x00,0x00,0xD5,0xD3,0xD3,0xD2,0xD1,0xD0,0xD0,0xD1,0xD2,0xD3,
  0x00,0x00,0x00,0xD5,0xD4,0xD1,0xD0,0xD0,0xD1,0xE0,0xD0,0xD0,0xD2,0x00,0x00,0x00,0x00,0xD5,0xD4,0xD1,0xD1,0xD4,0xD2,0xD0,
  0xD2,0x00,0x00,0xD2,0xD3,0xD4,0xD5,0xD5,0xD4,0xD4,0xC0,0xC0,0x00,0x00,0x00,0xD3,0xD1,0xD5,0xD3,0xD2,0xD0,0xD2,0xD3,0xC0,
  0xC0,0x00,0x00,0x00,0x00,0xD4,0xD5,0xD2,0xD0,0xD0,0xD3,0xD1,0xD3,0x00,0x00,0x00,0x00,0x00,0x00,0xD5,0xD4,0xD3,0xD2,0xD6,
  0xD2,0xD3,0xD3,0xD3,0x00,0x00,0x00,0xD4,0xD1,0xD0,0xD4,0xD0,0xD4,0xD0,0xD3,0xD2,0xD0,0xD3,0x00,0x00,0x00,0x00,0xD4,0xD4,
  0xD2,0xD1,0x00,0x00,0xD2,0xD2,0xD1,0xD1,0x00,0x00,0x00,0xD4,0xD1,0xD1,0xD1,0xD1,0xD1,0x00,0xD3,0xD3,0xD2,0xD1,0xD1,0x00,
  0x00,0xD4,0xD4,0xD4,0x00,0xD4,0xD1,0x00,0xD4,0xD4,0x00,0x00,0x00,0x00,0x00,0x00,0x00,0x00,0xD4,0xD2,0xD2,0xD2,0xD1,0xD1,
  0xD3,0x00,0x00,0x00,0x00,0x00,0x00,0xD4,0xD4,0xD2,0xD0,0xD6,0xD0,0xD6,0xD1,0xD2,0x00,0x00,0x00,0x00,0x00,0xD4,0xD2,0xD1,
  0xD0,0xD6,0xD0,0xD6,0xD0,0xD1,0x00,0x00,0x00,0x00,0x00,0xD5,0xD3,0xD3,0xD2,0xD1,0xD0,0xD0,0xD1,0xD2,0xD3,0x00,0x00,0x00,
  0x00,0x00,0xD4,0xD1,0xD0,0xD0,0xD1,0xE0,0xD0,0xD0,0xD2,0x00,0x00,0x00,0xD3,0xD4,0xD5,0xD4,0xD1,0xD1,0xD4,0xD2,0xD0,0xD2,
  0x00,0x00,0xD3,0xD1,0xD5,0xD3,0xD4,0xD4,0xD4,0xD4,0xC0,0xC0,0x00,0x00,0x00,0x00,0x00,0xD3,0xD5,0xD2,0xD1,0xD1,0xD1,0xD4,
  0xC0,0xC0,0x00,0x00,0x00,0x00,0x00,0x00,0xD2,0xD2,0xD3,0xD0,0xD4,0xD4,0xD0,0xD4,0x00,0x00,0x00,0x00,0xD5,0xD4,0xD1,0xD2,
  0xD3,0xD4,0xD0,0xD3,0xD4,0xD0,0xD3,0x00,0x00,0xD4,0xD1,0xD0,0xD4,0x00,0x00,0xD3,0xD3,0xD3,0xD1,0x00,0x00,0x00,0x00,0x00,
  0x00,0x00,0xD4,0xD4,0xD2,0x00,0x00,0x00,0x00,0xD2,0xD1,0xD1,0x00,0x00,0x00,0xD4,0xD1,0xD1,0xD1,0xD1,0x00,0x00,0xD2,0xD2,
  0xD2,0xD1,0xD2,0x00,0x00,0xD4,0xD4,0xD4,0xD2,0xD1,0xD1,0x00,0xD3,0xD3,0x00,0x00,0x00,0x00,0x00,0x00,0x00,0x00,0x00,0xD4,
  0xD1,0x00,0xD4,0xD4,0x00,0x00,0x00,0x00,0x00,0x00,0x00,0x00,0xD4,0xD2,0xD2,0xD2,0xD1,0xD1,0xD3,0x00,0x00,0x00,0x00,0x00,
  0x00,0xD4,0xD4,0xD2,0xD0,0xD6,0xD0,0xD6,0xD1,0xD2,0x00,0x00,0x00,0x00,0x00,0xD4,0xD2,0xD1,0xD0,0xD6,0xD0,0xD6,0xD0,0xD1,
  0x00,0x00,0x00,0x00,0x00,0xD5,0xD3,0xD3,0xD2,0xD1,0xD0,0xD0,0xD1,0xD2,0xD3,0x00,0x00,0x00,0x00,0xD5,0xD4,0xD1,0xD0,0xD0,
  0xD1,0xE0,0xD0,0xD0,0xD2,0x00,0x00,0x00,0x00,0x00,0xD5,0xD4,0xD1,0xD1,0xD4,0xD2,0xD0,0xD2,0x00,0x00,0x00,0xD3,0xD3,0x00,
  0xD5,0xD5,0xD4,0xD4,0xC0,0xC0,0x00,0x00,0x00,0x00,0xD3,0xD1,0xD4,0xD4,0xD4,0xD2,0xD4,0x00,0xC0,0xC0,0x00,0x00,0x00,0x00,
  0x00,0xD4,0xD5,0xD2,0xD1,0xD0,0xD2,0xD4,0x00,0x00,0x00,0x00,0x00,0x00,0x00,0xD5,0xD5,0xD3,0xD1,0xD0,0xD1,0xD3,0xD1,0xD3,
  0x00,0x00,0x00,0xD3,0xD1,0xD1,0xD3,0x00,0xD3,0xD3,0xD4,0xD1,0xD3,0xD1,0xD3,0x00,0x00,0x00,0xD4,0xD4,0x00,0x00,0x00,0x00,
  0x00,0x00,0x00,0x00,0x00,0x00,0x00,0x00,0x00,0xD4,0xD4,0x00,0x00,0x00,0x00,0x00,0x00,0xD2,0xD2,0x00,0x00,0x00,0xD4,0xD1,
  0xD2,0x00,0x00,0x00,0x00,0xD2,0xD2,0xD1,0x00,0x00,0x00,0x00,0xD4,0xD1,0xD1,0x00,0x00,0xD2,0xD2,0x00,0x00,0x00,0x00,0x00,
  0x00,0x00,0x00,0xD1,0xD1,0x00,0xD3,0xD3,0x00,0x00,0x00,0x00,0x00,0x00,0x00,0x00,0xD4,0xD1,0x00,0xD4,0xD4,0x00,0x00,0x00,
  0x00,0x00,0x00,0x00,0xD4,0xD2,0xD2,0xD2,0xD1,0xD1,0xD3,0x00,0x00,0x00,0x00,0x00,0xD4,0xD4,0xD2,0xD0,0xD6,0xD0,0xD6,0xD1,
  0xD2,0x00,0x00,0x00,0x00,0xD4,0xD2,0xD1,0xD0,0xD6,0xD0,0xD6,0xD0,0xD1,0x00,0x00,0x00,0x00,0xD5,0xD3,0xD3,0xD2,0xD1,0xD0,
  0xD0,0xD1,0xD2,0xD3,0x00,0x00,0x00,0xD5,0xD4,0xD1,0xD0,0xD0,0xD1,0xE0,0xD0,0xD0,0xD2,0x00,0xD2,0xD3,0xD4,0xD5,0xD4,0xD1,
  0xD1,0xD4,0xD2,0xD0,0xD2,0x00,0xD3,0xD1,0xD5,0xD3,0xD4,0xD4,0xD4,0xD4,0xC0,0xC0,0x00,0x00,0x00,0x00,0xD4,0xD5,0xD2,0xD1,
  0xD1,0xD1,0xD4,0xC0,0xC0,0x00,0x00,0x00,0x00,0xD5,0xD4,0xD1,0xD2,0xD2,0xD0,0xD1,0xD4,0x00,0x00,0x00,0x00,0xD3,0xD1,0xD0,
  0xD4,0x00,0xD2,0xD2,0xD0,0xD3,0xD4,0xD3,0x00,0x00,0x00,0x00,0x00,0x00,0x00,0x00,0x00,0xD3,0xD0,0xD3,0xD0,0xD3,0x00,0x00,
  0xD4,0xD1,0xD1,0xD1,0x00,0x00,0x00,0x00,0x00,0xD2,0xD1,0x00,0x00,0xD4,0xD1,0xD1,0xD1,0xD1,0xD1,0x00,0x00,0x00,0xD2,0xD2,
  0xD2,0xD1,0x00,0x00,0xD1,0xD1,0x00,0x00,0xD2,0xD2,0xD2,0xD1,0xD1,0x00,0x00,0xD1,0xD1,0x00,0x00,0x00,0x00,0xD4,0xD2,0xD2,
  0xD6,0xD1,0xD6,0xD3,0x00,0x00,0x00,0x00,0x00,0x00,0xD4,0xD4,0xD2,0xD0,0xD6,0xD0,0xD6,0xD1,0xD1,0x00,0x00,0x00,0x00,0x00,
  0xD4,0xD2,0xD1,0xD2,0xD2,0xD0,0xD0,0xD2,0xD0,0xD1,0x00,0x00,0x00,0x00,0xD5,0xD3,0xD1,0xD0,0xD0,0xD0,0xE0,0xD0,0xD1,0xD1,
  0x00,0x00,0x00,0x00,0xD5,0xD4,0xD2,0xD2,0xD2,0xD2,0xD0,0xD0,0xD2,0x00,0x00,0x00,0x00,0x00,0xD4,0xD4,0xD4,0xD2,0xD4,0xD4,
  0xC0,0xC0,0x00,0x00,0x00,0x00,0xD3,0xD1,0xD4,0xD3,0xD2,0xD0,0xD2,0xD4,0xC0,0xC0,0x00,0x00,0x00,0x00,0x00,0xD3,0xD4,0xD1,
  0xD0,0xD0,0xD1,0xD1,0xD2,0xD1,0x00,0x00,0x00,0x00,0x00,0x00,0xD1,0xD2,0xD3,0xD3,0xD3,0x00,0x00,0x00,0x00,0x00,0x00,0x00,
  0xD0,0xD1,0xD3,0xD3,0xD1,0xD3,0x00,0x00,0x00,0x00,0x00,0x00,0x00,0xD0,0xD1,0xD3,0xD3,0xD1,0xD3,0x00,0x00,0x00,0x00,0x00,
  0x00,0x00,0x00,0x00,0x00,0x00,0x00,0xD4,0xD4,0xD2,0x00,0x00,0x00,0x00,0xD2,0xD1,0xD1,0x00,0x00,0x00,0x00,0xD4,0xD1,0xD1,
  0xD1,0xD1,0x00,0x00,0xD2,0xD2,0xD2,0xD1,0xD1,0x00,0x00,0x00,0xD4,0xD4,0xD4,0xD2,0xD1,0xD1,0x00,0xD3,0xD3,0x00,0x00,0x00,
  0x00,0x00,0x00,0x00,0x00,0x00,0x00,0xD4,0xD1,0x00,0xD4,0xD4,0x00,0x00,0x00,0x00,0x00,0x00,0x00,0x00,0x00,0xD4,0xD2,0xD2,
  0xD2,0xD1,0xD1,0xD3,0x00,0x00,0x00,0x00,0x00,0x00,0x00,0xD4,0xD4,0xD2,0xD0,0xD6,0xD0,0xD6,0xD1,0xD2,0x00,0x00,0x00,0x00,
  0x00,0x00,0xD4,0xD2,0xD1,0xD0,0xD6,0xD0,0xD6,0xD0,0xD1,0x00,0x00,0x00,0x00,0x00,0x00,0xD5,0xD3,0xD3,0xD2,0xD1,0xD0,0xD0,
  0xD1,0xD2,0xD3,0x00,0x00,0x00,0x00,0x00,0xD5,0xD4,0xD1,0xD0,0xD0,0xD1,0xE0,0xD0,0xD0,0xD2,0x00,0x00,0x00,0x00,0x00,0x00,
  0xD5,0xD4,0xD1,0xD1,0xD4,0xD2,0xD0,0xD2,0x00,0x00,0x00,0xD3,0xD1,0xD4,0xD4,0xD4,0xD2,0xD4,0xD4,0xC0,0xC0,0x00,0x00,0x00,
  0x00,0x00,0x00,0xD4,0xD5,0xD2,0xD1,0xD0,0xD2,0xD4,0xC0,0xC0,0x00,0x00,0x00,0x00,0x00,0xD1,0xD2,0xD3,0xD1,0xD2,0xD0,0xD1,
  0xD3,0xD1,0x00,0x00,0x00,0x00,0xD1,0xD1,0xD1,0xD3,0xD1,0xD1,0xD3,0xD3,0xD1,0xD1,0xD3,0xD1,0x00,0x00,0x00,0x00,0x00,0x00,
  0x00,0x00,0x00,0xD1,0xD1,0xD1,0x00,0x00,0x00,0x00,0xD1,0xD1,0x00,0x00,0x00,0x00,0x00,0x00,0x00,0xD4,0xD1,0xD1,0xD1,0x00,
  0xD1,0xD1,0xD1,0xD1,0x00,0x00,0x00,0x00,0x00,0x00,0x00,0x00,0xD4,0xD1,0xD1,0x00,0xD1,0xD1,0x00,0x00,0x00,0x00,0x00,0x00,
  0x00,0x00,0x00,0x00,0x00,0xD1,0xD1,0x00,0xD2,0xD2,0x00,0x00,0x00,0x00,0x00,0x00,0x00,0x00,0x00,0x00,0x00,0xD2,0xD1,0x00,
  0xD4,0xD4,0x00,0x00,0x00,0x00,0x00,0x00,0x00,0x00,0x00,0x00,0xD4,0xD2,0xD2,0xD2,0xD1,0xD1,0x00,0x00,0x00,0x00,0x00,0x00,
  0x00,0x00,0x00,0xD4,0xD4,0xD2,0xD0,0xD0,0xD0,0xD0,0xD1,0x00,0x00,0x00,0x00,0x00,0x00,0x00,0x00,0xD4,0xD2,0xD1,0xD0,0xD6,
  0xD0,0xD6,0xD0,0xD1,0x00,0x00,0x00,0x00,0x00,0xD1,0xD0,0xD5,0xD3,0xD1,0xD0,0xD6,0xD0,0xD6,0xD0,0xD0,0x00,0xD2,0xD0,0xD0,
  0x00,0x00,0xD0,0xD5,0xD4,0xD1,0xD1,0xD1,0xD0,0xD0,0xD2,0xD2,0x00,0x00,0xD2,0xD0,0xD0,0x00,0xD3,0xD5,0xD5,0xD1,0xD0,0xD0,
  0xD1,0xE0,0xD0,0xD1,0xD2,0x00,0x00,0xD3,0xD3,0xD4,0xD2,0xD4,0xD5,0xD4,0xD1,0xD1,0xD2,0xD2,0xD2,0xD2,0x00,0x00,0x00,0x00,
  0xD0,0xD4,0xD0,0xD2,0xD2,0xD2,0xD2,0x00,0xC0,0xC0,0x00,0x00,0x00,0x00,0x00,0x00,0x00,0xD4,0xD2,0xD0,0xD2,0xD4,0xD4,0xD2,
  0xC0,0xC0,0x00,0x00,0x00,0x00,0x00,0x00,0x00,0x00,0xD4,0xD4,0xD3,0xD0,0xD2,0xD4,0xD3,0x00,0x00,0x00,0x00,0x00,0x00,0x00,
  0x00,0x00,0x00,0x00,0x00,0xD3,0xD0,0x00,0xD3,0xD0,0x00,0x00,0x00,0x00,0x00,0x00,0x00,0x00,0x00,0x00,0x00,0xD1,0xD1,0x00,
  0x00,0x00,0xD1,0x00,0x00,0x00,0x00,0x00,0x00,0x00,0x00,0x00,0x00,0xD4,0xD1,0xD1,0xD1,0x00,0xD1,0xD1,0xD1,0x00,0x00,0x00,
  0x00,0x00,0x00,0x00,0x00,0x00,0x00,0xD4,0xD1,0xD1,0x00,0xD1,0xD1,0x00,0x00,0x00,0x00,0x00,0x00,0x00,0x00,0x00,0x00,0x00,
  0xD1,0xD1,0x00,0x00,0xD2,0xD1,0xD2,0x00,0x00,0x00,0x00,0x00,0x00,0x00,0x00,0x00,0x00,0xD1,0xD2,0x00,0x00,0xD4,0xD1,0xD2,
  0x00,0x00,0x00,0x00,0x00,0x00,0x00,0x00,0x00,0x00,0xD4,0xD2,0xD2,0xD2,0xD1,0xD1,0x00,0x00,0x00,0x00,0x00,0x00,0x00,0x00,
  0x00,0x00,0xD4,0xD4,0xD2,0xD0,0xD0,0xD0,0xD0,0xD1,0x00,0x00,0x00,0x00,0x00,0x00,0x00,0x00,0x00,0xD4,0xD2,0xD1,0xD0,0xD6,
  0xD0,0xD6,0xD0,0xD1,0x00,0x00,0x00,0x00,0x00,0x00,0x00,0xD2,0xD5,0xD3,0xD1,0xD0,0xD6,0xD0,0xD6,0xD0,0xD0,0x00,0xD2,0xD0,
  0xD0,0x00,0x00,0x00,0x00,0xD5,0xD4,0xD1,0xD1,0xD1,0xD0,0xD0,0xD2,0xD2,0x00,0x00,0xD2,0xD0,0xD0,0x00,0x00,0xD3,0xD5,0xD5,
  0xD1,0xD0,0xD0,0xD1,0xE0,0xD0,0xD1,0xD2,0x00,0x00,0x00,0xD3,0xD3,0xD4,0xD2,0xD4,0xD5,0xD4,0xD1,0xD1,0xD2,0xD2,0xD2,0xD2,
  0x00,0x00,0x00,0x00,0x00,0xD0,0xD4,0xD0,0xD2,0xD2,0xD2,0xD2,0x00,0xC0,0xC0,0x00,0x00,0x00,0x00,0x00,0x00,0x00,0x00,0xD4,
  0xD2,0xD0,0xD2,0xD4,0xD4,0xD2,0xC0,0xC0,0x00,0x00,0x00,0x00,0x00,0x00,0x00,0x00,0x00,0xD4,0xD4,0xD2,0xD2,0x00,0xD4,0xD3,
  0xD0,0x00,0x00,0x00,0x00,0x00,0x00,0x00,0x00,0x00,0x00,0x00,0xD2,0xD0,0x00,0x00,0xD3,0xD3,0xD0,0x00,0x00,0x00,0x00,0x00,
  0x00,0x00,0x00,0x00,0x00,0xD1,0x00,0x00,0x00,0x00,0x00,0x00,0x00,0x00,0x00,0x00,0x00,0x00,0x00,0xD1,0x00,0x00,0xD1,0x00,
  0x00,0xD1,0x00,0x00,0x00,0x00,0x00,0x00,0x00,0xD4,0x00,0x00,0x00,0xD1,0x00,0x00,0x00,0xD1,0x00,0x00,0x00,0x00,0x00,0x00,
  0x00,0xD4,0xD1,0xD1,0xD2,0x00,0x00,0x00,0x00,0x00,0x00,0x00,0x00,0xD1,0xD1,0xD1,0xD4,0x00,0xD4,0xD4,0xD2,0xD2,0xD1,0xD1,
  0xD2,0x00,0x00,0xD4,0xD2,0xD2,0xD2,0xD2,0xD4,0xD4,0x00,0x00,0x00,0x00,0xD4,0xD4,0xD2,0xD2,0xD1,0xD1,0xD1,0xD2,0xD3,0x00,
  0x00,0x00,0x00,0x00,0x00,0x00,0x00,0xD4,0xD2,0xD1,0xD1,0xD1,0xD1,0xD1,0xD2,0xD1,0x00,0x00,0x00,0x00,0x00,0x00,0xD3,0xD3,
  0xD5,0xD3,0xD1,0xD3,0xD6,0xD0,0xD6,0xD3,0xD2,0x00,0x00,0x00,0x00,0x00,0xD3,0xD1,0xD3,0xD5,0xD4,0xD1,0xD0,0xD0,0xD1,0xE0,
  0xD0,0xD0,0xD2,0x00,0x00,0x00,0x00,0x00,0xD3,0xD5,0xD3,0xD5,0xD4,0xD1,0xD1,0xD4,0xD2,0xD2,0xD2,0xD3,0x00,0x00,0x00,0x00,
  0x00,0x00,0xD5,0xD2,0xD0,0xD0,0xD3,0xD4,0xC0,0xC0,0x00,0x00,0x00,0x00,0x00,0x00,0x00,0x00,0x00,0xD5,0xD4,0xD3,0xD2,0xD6,
  0xD3,0xC0,0xC0,0xD3,0xD3,0xD3,0x00,0x00,0x00,0xD4,0xD1,0xD0,0xD2,0xD4,0xD4,0xD4,0xD0,0xD4,0xD3,0xD0,0xD2,0xD2,0xD0,0xD3,
  0x00,0x00,0x00,0xD1,0xD1,0xD2,0x00,0x00,0x00,0x00,0xD2,0xD4,0xD4,0x00,0x00,0xD1,0xD1,0xD2,0xD2,0xD2,0x00,0x00,0xD1,0xD1,
  0xD1,0xD1,0xD4,0x00,0x00,0x00,0x00,0xD3,0xD3,0x00,0xD1,0xD1,0xD2,0xD4,0xD4,0xD4,0x00,0x00,0x00,0x00,0xD4,0xD4,0x00,0xD1,
  0xD4,0x00,0x00,0x00,0x00,0x00,0x00,0x00,0xD3,0xD1,0xD1,0xD2,0xD2,0xD2,0xD4,0x00,0x00,0x00,0x00,0x00,0xD2,0xD1,0xD6,0xD0,
  0xD6,0xD0,0xD2,0xD4,0xD4,0x00,0x00,0x00,0x00,0xD1,0xD0,0xD6,0xD0,0xD6,0xD0,0xD1,0xD2,0xD4,0x00,0x00,0x00,0xD3,0xD2,0xD1,
  0xD0,0xD0,0xD1,0xD2,0xD3,0xD3,0xD5,0x00,0x00,0x00,0xD2,0xD0,0xD0,0xE0,0xD1,0xD0,0xD0,0xD1,0xD4,0xD5,0x00,0x00,0x00,0x00,
  0xD2,0xD0,0xD2,0xD4,0xD1,0xD1,0xD4,0xD5,0x00,0x00,0x00,0x00,0x00,0x00,0x00,0xC0,0xC0,0xD4,0xD4,0xD5,0xD5,0xD4,0xD3,0xD2,
  0x00,0x00,0x00,0x00,0xC0,0xC0,0xD3,0xD2,0xD0,0xD2,0xD3,0xD5,0xD1,0xD3,0x00,0x00,0x00,0x00,0xD3,0xD1,0xD3,0xD0,0xD0,0xD2,
  0xD5,0xD4,0x00,0x00,0x00,0xD3,0xD3,0xD3,0xD2,0xD6,0xD2,0xD3,0xD4,0xD5,0x00,0x00,0x00,0xD3,0xD0,0xD2,0xD3,0xD0,0xD4,0xD0,
  0xD4,0xD0,0xD1,0xD4,0x00,0x00,0xD1,0xD1,0xD2,0xD2,0x00,0x00,0xD1,0xD2,0xD4,0xD4,0x00,0x00,0x00,0xD1,0xD1,0xD2,0xD3,0xD3,
  0x00,0xD1,0xD1,0xD1,0xD1,0xD1,0xD4,0x00,0x00,0x00,0x00,0x00,0xD4,0xD4,0x00,0xD1,0xD4,0x00,0xD4,0xD4,0xD4,0x00,0x00,0x00,
  0x00,0xD3,0xD1,0xD1,0xD2,0xD2,0xD2,0xD4,0x00,0x00,0x00,0x00,0x00,0x00,0xD2,0xD1,0xD6,0xD0,0xD6,0xD0,0xD2,0xD4,0xD4,0x00,
  0x00,0x00,0x00,0x00,0xD1,0xD0,0xD6,0xD0,0xD6,0xD0,0xD1,0xD2,0xD4,0x00,0x00,0x00,0x00,0xD3,0xD2,0xD1,0xD0,0xD0,0xD1,0xD2,
  0xD3,0xD3,0xD5,0x00,0x00,0x00,0x00,0xD2,0xD0,0xD0,0xE0,0xD1,0xD0,0xD0,0xD1,0xD4,0x00,0x00,0x00,0x00,0x00,0x00,0xD2,0xD0,
  0xD2,0xD4,0xD1,0xD1,0xD4,0xD5,0xD4,0xD3,0x00,0x00,0x00,0x00,0x00,0x00,0xC0,0xC0,0xD4,0xD4,0xD4,0xD4,0xD3,0xD5,0xD1,0xD3,
  0x00,0x00,0x00,0x00,0xC0,0xC0,0xD4,0xD1,0xD1,0xD1,0xD2,0xD5,0xD3,0x00,0x00,0x00,0x00,0x00,0xD4,0xD0,0xD4,0xD4,0xD0,0xD3,
  0xD2,0xD2,0x00,0x00,0x00,0x00,0x00,0xD3,0xD0,0xD4,0xD3,0xD0,0xD4,0xD3,0xD2,0xD1,0xD4,0xD5,0x00,0x00,0x00,0x00,0x00,0xD1,
  0xD3,0xD3,0xD3,0x00,0x00,0xD4,0xD0,0xD1,0xD4,0x00,0xD1,0xD1,0xD2,0x00,0x00,0x00,0x00,0xD2,0xD4,0xD4,0x00,0x00,0x00,0xD2,
  0xD1,0xD2,0xD2,0xD2,0x00,0x00,0xD1,0xD1,0xD1,0xD1,0xD4,0x00,0x00,0x00,0x00,0x00,0xD3,0xD3,0x00,0xD1,0xD1,0xD2,0xD4,0xD4,
  0xD4,0x00,0x00,0x00,0x00,0x00,0xD4,0xD4,0x00,0xD1,0xD4,0x00,0x00,0x00,0x00,0x00,0x00,0x00,0x00,0xD3,0xD1,0xD1,0xD2,0xD2,
  0xD2,0xD4,0x00,0x00,0x00,0x00,0x00,0x00,0xD2,0xD1,0xD6,0xD0,0xD6,0xD0,0xD2,0xD4,0xD4,0x00,0x00,0x00,0x00,0x00,0xD1,0xD0,
  0xD6,0xD0,0xD6,0xD0,0xD1,0xD2,0xD4,0x00,0x00,0x00,0x00,0xD3,0xD2,0xD1,0xD0,0xD0,0xD1,0xD2,0xD3,0xD3,0xD5,0x00,0x00,0x00,
  0x00,0xD2,0xD0,0xD0,0xE0,0xD1,0xD0,0xD0,0xD1,0xD4,0xD5,0x00,0x00,0x00,0x00,0x00,0xD2,0xD0,0xD2,0xD4,0xD1,0xD1,0xD4,0xD5,
  0x00,0x00,0x00,0x00,0x00,0x00,0x00,0x00,0xC0,0xC0,0xD4,0xD4,0xD5,0xD5,0x00,0xD3,0xD3,0x00,0x00,0x00,0x00,0x00,0xC0,0xC0,
  0x00,0xD4,0xD2,0xD4,0xD4,0xD4,0xD1,0xD3,0x00,0x00,0x00,0x00,0x00,0x00,0xD4,0xD2,0xD0,0xD1,0xD2,0xD5,0xD4,0x00,0x00,0x00,
  0x00,0x00,0xD3,0xD1,0xD3,0xD1,0xD0,0xD1,0xD3,0xD5,0xD5,0x00,0x00,0x00,0x00,0xD3,0xD1,0xD3,0xD1,0xD4,0xD3,0xD3,0x00,0xD3,
  0xD1,0xD1,0xD3,0x00,0x00,0x00,0x00,0x00,0x00,0x00,0x00,0x00,0x00,0x00,0xD4,0xD4,0x00,0x00,0xD2,0xD2,0x00,0x00,0x00,0x00,
  0x00,0x00,0xD4,0xD4,0x00,0x00,0x00,0xD1,0xD2,0xD2,0x00,0x00,0x00,0x00,0xD2,0xD1,0xD4,0x00,0x00,0x00,0x00,0x00,0xD2,0xD2,
  0x00,0x00,0xD1,0xD1,0xD4,0x00,0x00,0x00,0x00,0x00,0x00,0xD3,0xD3,0x00,0xD1,0xD1,0x00,0x00,0x00,0x00,0x00,0x00,0x00,0x00,
  0xD4,0xD4,0x00,0xD1,0xD4,0x00,0x00,0x00,0x00,0x00,0x00,0x00,0xD3,0xD1,0xD1,0xD2,0xD2,0xD2,0xD4,0x00,0x00,0x00,0x00,0x00,
  0xD2,0xD1,0xD6,0xD0,0xD6,0xD0,0xD2,0xD4,0xD4,0x00,0x00,0x00,0x00,0xD1,0xD0,0xD6,0xD0,0xD6,0xD0,0xD1,0xD2,0xD4,0x00,0x00,
  0x00,0xD3,0xD2,0xD1,0xD0,0xD0,0xD1,0xD2,0xD3,0xD3,0xD5,0x00,0x00,0x00,0xD2,0xD0,0xD0,0xE0,0xD1,0xD0,0xD0,0xD1,0xD4,0xD5,
  0x00,0x00,0x00,0x00,0xD2,0xD0,0xD2,0xD4,0xD1,0xD1,0xD4,0xD5,0xD4,0xD3,0xD2,0x00,0x00,0x00,0x00,0xC0,0xC0,0xD4,0xD4,0xD4,
  0xD4,0xD3,0xD5,0xD1,0xD3,0x00,0x00,0x00,0xC0,0xC0,0xD4,0xD1,0xD1,0xD1,0xD2,0xD5,0xD4,0x00,0x00,0x00,0x00,0x00,0xD4,0xD1,
  0xD0,0xD2,0xD2,0xD1,0xD4,0xD5,0x00,0x00,0x00,0xD3,0xD4,0xD3,0xD0,0xD2,0xD2,0x00,0xD4,0xD0,0xD1,0xD3,0x00,0xD3,0xD0,0xD3,
  0xD0,0xD3,0x00,0x00,0x00,0x00,0x00,0x00,0x00,0x00,0x00,0xD1,0xD2,0x00,0x00,0x00,0x00,0x00,0xD1,0xD1,0xD1,0xD4,0x00,0x00,
  0xD1,0xD2,0xD2,0xD2,0x00,0x00,0x00,0xD1,0xD1,0xD1,0xD1,0xD1,0xD4,0xD1,0xD1,0x00,0x00,0xD1,0xD1,0xD2,0xD2,0xD2,0x00,0x00,
  0xD1,0xD1,0x00,0x00,0x00,0x00,0xD3,0xD6,0xD1,0xD6,0xD2,0xD2,0xD4,0x00,0x00,0x00,0x00,0x00,0x00,0xD1,0xD1,0xD6,0xD0,0xD6,
  0xD0,0xD2,0xD4,0xD4,0x00,0x00,0x00,0x00,0xD1,0xD0,0xD2,0xD0,0xD0,0xD2,0xD2,0xD1,0xD2,0xD4,0x00,0x00,0x00,0x00,0xD1,0xD1,
  0xD0,0xE0,0xD0,0xD0,0xD0,0xD1,0xD3,0xD5,0x00,0x00,0x00,0x00,0x00,0xD2,0xD2,0xD2,0xD2,0xD2,0xD2,0xD2,0xD4,0xD5,0x00,0x00,
  0x00,0x00,0x00,0x00,0xC0,0xC0,0xD4,0xD4,0xD2,0xD4,0xD4,0xD4,0x00,0x00,0x00,0x00,0x00,0x00,0xC0,0xC0,0xD4,0xD2,0xD0,0xD2,
  0xD3,0xD4,0xD1,0xD3,0x00,0x00,0x00,0x00,0xD1,0xD2,0xD1,0xD1,0xD0,0xD0,0xD1,0xD4,0xD3,0x00,0x00,0x00,0x00,0x00,0x00,0x00,
  0x00,0xD3,0xD3,0xD3,0xD2,0xD1,0x00,0x00,0x00,0x00,0x00,0x00,0x00,0x00,0x00,0x00,0xD3,0xD1,0xD3,0xD3,0xD1,0xD0,0x00,0x00,
  0x00,0x00,0x00,0x00,0x00,0x00,0x00,0xD3,0xD1,0xD3,0xD3,0xD1,0xD0,0x00,0xD1,0xD1,0xD2,0x00,0x00,0x00,0x00,0xD2,0xD4,0xD4,
  0x00,0x00,0x00,0x00,0xD1,0xD1,0xD2,0xD2,0xD2,0x00,0x00,0xD1,0xD1,0xD1,0xD1,0xD4,0x00,0x00,0x00,0x00,0x00,0x00,0xD3,0xD3,
  0x00,0xD1,0xD1,0xD2,0xD4,0xD4,0xD4,0x00,0x00,0x00,0x00,0x00,0x00,0xD4,0xD4,0x00,0xD1,0xD4,0x00,0x00,0x00,0x00,0x00,0x00,
  0x00,0x00,0x00,0xD3,0xD1,0xD1,0xD2,0xD2,0xD2,0xD4,0x00,0x00,0x00,0x00,0x00,0x00,0x00,0x00,0xD1,0xD6,0xD0,0xD6,0xD0,0xD2,
  0xD4,0xD4,0x00,0x00,0x00,0x00,0x00,0x00,0xD2,0xD0,0xD6,0xD0,0xD6,0xD0,0xD1,0xD2,0xD4,0x00,0x00,0x00,0x00,0x00,0xD3,0xD2,
  0xD1,0xD0,0xD0,0xD1,0xD2,0xD3,0xD3,0xD5,0x00,0x00,0x00,0x00,0x00,0xD2,0xD0,0xD0,0xE0,0xD1,0xD0,0xD0,0xD1,0xD4,0xD5,0x00,
  0x00,0x00,0x00,0x00,0x00,0xD2,0xD0,0xD2,0xD4,0xD1,0xD1,0xD4,0xD5,0x00,0x00,0x00,0x00,0x00,0x00,0x00,0x00,0x00,0xC0,0xC0,
  0xD4,0xD4,0xD2,0xD4,0xD4,0xD4,0xD1,0xD3,0x00,0x00,0x00,0x00,0x00,0xC0,0xC0,0xD4,0xD2,0xD0,0xD1,0xD2,0xD5,0xD4,0x00,0x00,
  0x00,0x00,0x00,0x00,0x00,0xD1,0xD3,0xD1,0xD0,0xD2,0xD1,0xD3,0xD2,0xD1,0x00,0x00,0x00,0x00,0x00,0xD1,0xD3,0xD1,0xD1,0xD3,
  0xD3,0xD1,0xD1,0xD3,0xD1,0xD1,0xD1,0x00,0xD1,0xD1,0x00,0x00,0x00,0x00,0xD1,0xD1,0xD1,0x00,0x00,0x00,0x00,0x00,0x00,0x00,
  0xD1,0xD1,0xD1,0xD1,0x00,0xD1,0xD1,0xD1,0xD4,0x00,0x00,0x00,0x00,0x00,0x00,0x00,0x00,0x00,0xD1,0xD1,0x00,0xD1,0xD1,0xD4,
  0x00,0x00,0x00,0x00,0x00,0x00,0x00,0x00,0x00,0x00,0xD2,0xD2,0x00,0xD1,0xD1,0x00,0x00,0x00,0x00,0x00,0x00,0x00,0x00,0x00,
  0x00,0x00,0xD4,0xD4,0x00,0xD1,0xD2,0x00,0x00,0x00,0x00,0x00,0x00,0x00,0x00,0x00,0x00,0x00,0xD1,0xD1,0xD2,0xD2,0xD2,0xD4,
  0x00,0x00,0x00,0x00,0x00,0x00,0x00,0x00,0x00,0xD1,0xD0,0xD0,0xD0,0xD0,0xD2,0xD4,0xD4,0x00,0x00,0x00,0x00,0x00,0x00,0x00,
  0xD1,0xD0,0xD6,0xD0,0xD6,0xD0,0xD1,0xD2,0xD4,0x00,0x00,0x00,0x00,0x00,0x00,0x00,0xD0,0xD0,0xD6,0xD0,0xD6,0xD0,0xD1,0xD3,
  0xD5,0xD0,0xD1,0x00,0x00,0x00,0x00,0x00,0xD2,0xD2,0xD0,0xD0,0xD1,0xD1,0xD1,0xD4,0xD5,0xD0,0x00,0x00,0xD0,0xD0,0xD2,0xD2,
  0xD1,0xD0,0xE0,0xD1,0xD0,0xD0,0xD1,0xD5,0xD5,0xD3,0x00,0xD0,0xD0,0xD2,0x00,0x00,0xD2,0xD2,0xD2,0xD2,0xD1,0xD1,0xD4,0xD5,
  0xD4,0xD2,0xD4,0xD3,0xD3,0x00,0x00,0x00,0x00,0x00,0xC0,0xC0,0x00,0xD2,0xD2,0xD2,0xD2,0xD0,0xD4,0xD0,0x00,0x00,0x00,0x00,
  0x00,0x00,0xC0,0xC0,0xD2,0xD4,0xD4,0xD2,0xD0,0xD2,0xD4,0x00,0x00,0x00,0x00,0x00,0x00,0x00,0x00,0xD3,0xD4,0xD2,0xD0,0xD3,
  0xD4,0xD4,0x00,0x00,0x00,0x00,0x00,0x00,0x00,0x00,0xD0,0xD3,0x00,0xD0,0xD3,0x00,0x00,0x00,0x00,0x00,0x00,0x00,0x00,0x00,
  0x00,0x00,0xD1,0x00,0x00,0x00,0xD1,0xD1,0x00,0x00,0x00,0x00,0x00,0x00,0x00,0x00,0x00,0x00,0xD1,0xD1,0xD1,0x00,0xD1,0xD1,
  0xD1,0xD4,0x00,0x00,0x00,0x00,0x00,0x00,0x00,0x00,0x00,0x00,0xD1,0xD1,0x00,0xD1,0xD1,0xD4,0x00,0x00,0x00,0x00,0x00,0x00,
  0x00,0x00,0x00,0x00,0xD2,0xD1,0xD2,0x00,0x00,0xD1,0xD1,0x00,0x00,0x00,0x00,0x00,0x00,0x00,0x00,0x00,0x00,0xD2,0xD1,0xD4,
  0x00,0x00,0xD2,0xD1,0x00,0x00,0x00,0x00,0x00,0x00,0x00,0x00,0x00,0x00,0x00,0xD1,0xD1,0xD2,0xD2,0xD2,0xD4,0x00,0x00,0x00,
  0x00,0x00,0x00,0x00,0x00,0x00,0x00,0xD1,0xD0,0xD0,0xD0,0xD0,0xD2,0xD4,0xD4,0x00,0x00,0x00,0x00,0x00,0x00,0x00,0x00,0xD1,
  0xD0,0xD6,0xD0,0xD6,0xD0,0xD1,0xD2,0xD4,0x00,0x00,0x00,0x00,0x00,0x00,0x00,0x00,0xD0,0xD0,0xD6,0xD0,0xD6,0xD0,0xD1,0xD3,
  0xD5,0xD2,0x00,0x00,0x00,0x00,0x00,0x00,0x00,0xD2,0xD2,0xD0,0xD0,0xD1,0xD1,0xD1,0xD4,0xD5,0x00,0x00,0x00,0x00,0xD0,0xD0,
  0xD2,0xD2,0xD1,0xD0,0xE0,0xD1,0xD0,0xD0,0xD1,0xD5,0xD5,0xD3,0x00,0x00,0xD0,0xD0,0xD2,0x00,0x00,0xD2,0xD2,0xD2,0xD2,0xD1,
  0xD1,0xD4,0xD5,0xD4,0xD2,0xD4,0xD3,0xD3,0x00,0x00,0x00,0x00,0x00,0x00,0xC0,0xC0,0x00,0xD2,0xD2,0xD2,0xD2,0xD0,0xD4,0xD0,
  0x00,0x00,0x00,0x00,0x00,0x00,0x00,0xC0,0xC0,0xD2,0xD4,0xD4,0xD2,0xD0,0xD2,0xD4,0x00,0x00,0x00,0x00,0x00,0x00,0x00,0x00,
  0xD0,0xD3,0xD4,0x00,0xD2,0xD2,0xD4,0xD4,0x00,0x00,0x00,0x00,0x00,0x00,0x00,0x00,0xD0,0xD3,0xD3,0x00,0x00,0xD0,0xD2,0x00,
  0x00,0x00,0x00,0x00,0x00,0x00,0x00,0x00,0x00,0x00,0x00,0x00,0x00,0x00,0x00,0xD1,0x00,0x00,0x00,0x00,0x00,0x00,0x00,0x00,
  0x00,0x00,0x00,0x00,0x00,0xD1,0x00,0x00,0xD1,0x00,0x00,0xD1,0x00,0x00,0x00,0x00,0x00,0x00,0x00,0x00,0x00,0x00,0x00,0xD1,
  0x00,0x00,0x00,0xD1,0x00,0x00,0x00,0xD4,0x00,0x00,0xD4,0xD1,0xD1,0xD1,0x00,0x00,0x00,0x00,0x00,0x00,0x00,0x00,0xD2,0xD1,
  0xD1,0xD4,0x00,0xD4,0xD4,0xD2,0xD2,0xD2,0xD2,0xD4,0x00,0x00,0xD2,0xD1,0xD1,0xD2,0xD2,0xD4,0xD4,0x00,0x00,0x00,0x00,0x00,
  0xD3,0xD2,0xD1,0xD1,0xD1,0xD2,0xD2,0xD4,0xD4,0x00,0x00,0x00,0x00,0x00,0x00,0x00,0x00,0xD1,0xD2,0xD1,0xD1,0xD1,0xD1,0xD1,
  0xD2,0xD4,0x00,0x00,0x00,0x00,0x00,0x00,0x00,0x00,0xD2,0xD3,0xD6,0xD0,0xD6,0xD3,0xD1,0xD3,0xD5,0xD3,0xD3,0x00,0x00,0x00,
  0x00,0x00,0xD2,0xD0,0xD0,0xE0,0xD1,0xD0,0xD0,0xD1,0xD4,0xD5,0xD3,0xD1,0xD3,0x00,0x00,0x00,0x00,0xD3,0xD2,0xD2,0xD2,0xD4,
  0xD1,0xD1,0xD4,0xD5,0xD3,0xD5,0xD3,0x00,0x00,0x00,0x00,0x00,0x00,0x00,0x00,0xC0,0xC0,0xD4,0xD3,0xD0,0xD0,0xD2,0xD5,0x00,
  0x00,0x00,0x00,0x00,0x00,0xD3,0xD3,0xD3,0xC0,0xC0,0xD3,0xD6,0xD2,0xD3,0xD4,0xD5,0x00,0x00,0x00,0x00,0x00,0xD3,0xD0,0xD2,
  0xD2,0xD0,0xD3,0xD4,0xD0,0xD4,0xD4,0xD4,0xD2,0xD0,0xD1,0xD4,0x00,0x00,0xDC,0xDC,0xDA,0x00,0x00,0x00,0x00,0xDA,0xD9,0xD9,
  0x00,0x00,0xDC,0xD9,0xD9,0xD9,0xD9,0x00,0x00,0xDA,0xDA,0xDA,0xD9,0xD9,0x00,0xDC,0xDC,0xDC,0xDA,0xD9,0xD9,0x00,0xDB,0xDB,
  0x00,0x00,0x00,0x00,0x00,0x00,0x00,0x00,0xDC,0xD9,0x00,0xDC,0xDC,0x00,0x00,0x00,0x00,0x00,0x00,0x00,0xDC,0xDA,0xDA,0xDA,
  0xD9,0xD9,0xDB,0x00,0x00,0x00,0x00,0x00,0xDC,0xDC,0xDA,0xD8,0xDE,0xD8,0xDE,0xD9,0xDA,0x00,0x00,0x00,0x00,0xDC,0xDA,0xD9,
  0xD8,0xDE,0xD8,0xDE,0xD8,0xD9,0x00,0x00,0x00,0x00,0xDD,0xDB,0xDB,0xDA,0xD9,0xD8,0xD8,0xD9,0xDA,0xDB,0x00,0x00,0x00,0xDD,
  0xDC,0xD9,0xD8,0xD8,0xD9,0xE0,0xD8,0xD8,0xDA,0x00,0x00,0x00,0x00,0xDD,0xDC,0xD9,0xD9,0xDC,0xDA,0xD8,0xDA,0x00,0x00,0xDA,
  0xDB,0xDC,0xDD,0xDD,0xDC,0xDC,0xC0,0xC0,0x00,0x00,0x00,0xDB,0xD9,0xDD,0xDB,0xDA,0xD8,0xDA,0xDB,0xC0,0xC0,0x00,0x00,0x00,
  0x00,0xDC,0xDD,0xDA,0xD8,0xD8,0xDB,0xD9,0xDB,0x00,0x00,0x00,0x00,0x00,0x00,0xDD,0xDC,0xDB,0xDA,0xDE,0xDA,0xDB,0xDB,0xDB,
  0x00,0x00,0x00,0xDC,0xD9,0xD8,0xDC,0xD8,0xDC,0xD8,0xDB,0xDA,0xD8,0xDB,0x00,0x00,0x00,0x00,0xDC,0xDC,0xDA,0xD9,0x00,0x00,
  0xDA,0xDA,0xD9,0xD9,0x00,0x00,0x00,0xDC,0xD9,0xD9,0xD9,0xD9,0xD9,0x00,0xDB,0xDB,0xDA,0xD9,0xD9,0x00,0x00,0xDC,0xDC,0xDC,
  0x00,0xDC,0xD9,0x00,0xDC,0xDC,0x00,0x00,0x00,0x00,0x00,0x00,0x00,0x00,0xDC,0xDA,0xDA,0xDA,0xD9,0xD9,0xDB,0x00,0x00,0x00,
  0x00,0x00,0x00,0xDC,0xDC,0xDA,0xD8,0xDE,0xD8,0xDE,0xD9,0xDA,0x00,0x00,0x00,0x00,0x00,0xDC,0xDA,0xD9,0xD8,0xDE,0xD8,0xDE,
  0xD8,0xD9,0x00,0x00,0x00,0x00,0x00,0xDD,0xDB,0xDB,0xDA,0xD9,0xD8,0xD8,0xD9,0xDA,0xDB,0x00,0x00,0x00,0x00,0x00,0xDC,0xD9,
  0xD8,0xD8,0xD9,0xE0,0xD8,0xD8,0xDA,0x00,0x00,0x00,0xDB,0xDC,0xDD,0xDC,0xD9,0xD9,0xDC,0xDA,0xD8,0xDA,0x00,0x00,0xDB,0xD9,
  0xDD,0xDB,0xDC,0xDC,0xDC,0xDC,0xC0,0xC0,0x00,0x00,0x00,0x00,0x00,0xDB,0xDD,0xDA,0xD9,0xD9,0xD9,0xDC,0xC0,0xC0,0x00,0x00,
  0x00,0x00,0x00,0x00,0xDA,0xDA,0xDB,0xD8,0xDC,0xDC,0xD8,0xDC,0x00,0x00,0x00,0x00,0xDD,0xDC,0xD9,0xDA,0xDB,0xDC,0xD8,0xDB,
  0xDC,0xD8,0xDB,0x00,0x00,0xDC,0xD9,0xD8,0xDC,0x00,0x00,0xDB,0xDB,0xDB,0xD9,0x00,0x00,0x00,0x00,0x00,0x00,0x00,0xDC,0xDC,
  0xDA,0x00,0x00,0x00,0x00,0xDA,0xD9,0xD9,0x00,0x00,0x00,0xDC,0xD9,0xD9,0xD9,0xD9,0x00,0x00,0xDA,0xDA,0xDA,0xD9,0xDA,0x00,
  0x00,0xDC,0xDC,0xDC,0xDA,0xD9,0xD9,0x00,0xDB,0xDB,0x00,0x00,0x00,0x00,0x00,0x00,0x00,0x00,0x00,0xDC,0xD9,0x00,0xDC,0xDC,
  0x00,0x00,0x00,0x00,0x00,0x00,0x00,0x00,0xDC,0xDA,0xDA,0xDA,0xD9,0xD9,0xDB,0x00,0x00,0x00,0x00,0x00,0x00,0xDC,0xDC,0xDA,
  0xD8,0xDE,0xD8,0xDE,0xD9,0xDA,0x00,0x00,0x00,0x00,0x00,0xDC,0xDA,0xD9,0xD8,0xDE,0xD8,0xDE,0xD8,0xD9,0x00,0x00,0x00,0x00,
  0x00,0xDD,0xDB,0xDB,0xDA,0xD9,0xD8,0xD8,0xD9,0xDA,0xDB,0x00,0x00,0x00,0x00,0xDD,0xDC,0xD9,0xD8,0xD8,0xD9,0xE0,0xD8,0xD8,
  0xDA,0x00,0x00,0x00,0x00,0x00,0xDD,0xDC,0xD9,0xD9,0xDC,0xDA,0xD8,0xDA,0x00,0x00,0x00,0xDB,0xDB,0x00,0xDD,0xDD,0xDC,0xDC,
  0xC0,0xC0,0x00,0x00,0x00,0x00,0xDB,0xD9,0xDC,0xDC,0xDC,0xDA,0xDC,0x00,0xC0,0xC0,0x00,0x00,0x00,0x00,0x00,0xDC,0xDD,0xDA,
  0xD9,0xD8,0xDA,0xDC,0x00,0x00,0x00,0x00,0x00,0x00,0x00,0xDD,0xDD,0xDB,0xD9,0xD8,0xD9,0xDB,0xD9,0xDB,0x00,0x00,0x00,0xDB,
  0xD9,0xD9,0xDB,0x00,0xDB,0xDB,0xDC,0xD9,0xDB,0xD9,0xDB,0x00,0x00,0x00,0xDC,0xDC,0x00,0x00,0x00,0x00,0x00,0x00,0x00,0x00,
  0x00,0x00,0x00,0x00,0x00,0xDC,0xDC,0x00,0x00,0x00,0x00,0x00,0x00,0xDA,0xDA,0x00,0x00,0x00,0xDC,0xD9,0xDA,0x00,0x00,0x00,
  0x00,0xDA,0xDA,0xD9,0x00,0x00,0x00,0x00,0xDC,0xD9,0xD9,0x00,0x00,0xDA,0xDA,0x00,0x00,0x00,0x00,0x00,0x00,0x00,0x00,0xD9,
  0xD9,0x00,0xDB,0xDB,0x00,0x00,0x00,0x00,0x00,0x00,0x00,0x00,0xDC,0xD9,0x00,0xDC,0xDC,0x00,0x00,0x00,0x00,0x00,0x00,0x00,
  0xDC,0xDA,0xDA,0xDA,0xD9,0xD9,0xDB,0x00,0x00,0x00,0x00,0x00,0xDC,0xDC,0xDA,0xD8,0xDE,0xD8,0xDE,0xD9,0xDA,0x00,0x00,0x00,
  0x00,0xDC,0xDA,0xD9,0xD8,0xDE,0xD8,0xDE,0xD8,0xD9,0x00,0x00,0x00,0x00,0xDD,0xDB,0xDB,0xDA,0xD9,0xD8,0xD8,0xD9,0xDA,0xDB,
  0x00,0x00,0x00,0xDD,0xDC,0xD9,0xD8,0xD8,0xD9,0xE0,0xD8,0xD8,0xDA,0x00,0xDA,0xDB,0xDC,0xDD,0xDC,0xD9,0xD9,0xDC,0xDA,0xD8,
  0xDA,0x00,0xDB,0xD9,0xDD,0xDB,0xDC,0xDC,0xDC,0xDC,0xC0,0xC0,0x00,0x00,0x00,0x00,0xDC,0xDD,0xDA,0xD9,0xD9,0xD9,0xDC,0xC0,
  0xC0,0x00,0x00,0x00,0x00,0xDD,0xDC,0xD9,0xDA,0xDA,0xD8,0xD9,0xDC,0x00,0x00,0x00,0x00,0xDB,0xD9,0xD8,0xDC,0x00,0xDA,0xDA,
  0xD8,0xDB,0xDC,0xDB,0x00,0x00,0x00,0x00,0x00,0x00,0x00,0x00,0x00,0xDB,0xD8,0xDB,0xD8,0xDB,0x00,0x00,0xDC,0xD9,0xD9,0xD9,
  0x00,0x00,0x00,0x00,0x00,0xDA,0xD9,0x00,0x00,0xDC,0xD9,0xD9,0xD9,0xD9,0xD9,0x00,0x00,0x00,0xDA,0xDA,0xDA,0xD9,0x00,0x00,
  0xD9,0xD9,0x00,0x00,0xDA,0xDA,0xDA,0xD9,0xD9,0x00,0x00,0xD9,0xD9,0x00,0x00,0x00,0x00,0xDC,0xDA,0xDA,0xDE,0xD9,0xDE,0xDB,
  0x00,0x00,0x00,0x00,0x00,0x00,0xDC,0xDC,0xDA,0xD8,0xDE,0xD8,0xDE,0xD9,0xD9,0x00,0x00,0x00,0x00,0x00,0xDC,0xDA,0xD9,0xDA,
  0xDA,0xD8,0xD8,0xDA,0xD8,0xD9,0x00,0x00,0x00,0x00,0xDD,0xDB,0xD9,0xD8,0xD8,0xD8,0xE0,0xD8,0xD9,0xD9,0x00,0x00,0x00,0x00,
  0xDD,0xDC,0xDA,0xDA,0xDA,0xDA,0xD8,0xD8,0xDA,0x00,0x00,0x00,0x00,0x00,0xDC,0xDC,0xDC,0xDA,0xDC,0xDC,0xC0,0xC0,0x00,0x00,
  0x00,0x00,0xDB,0xD9,0xDC,0xDB,0xDA,0xD8,0xDA,0xDC,0xC0,0xC0,0x00,0x00,0x00,0x00,0x00,0xDB,0xDC,0xD9,0xD8,0xD8,0xD9,0xD9,
  0xDA,0xD9,0x00,0x00,0x00,0x00,0x00,0x00,0xD9,0xDA,0xDB,0xDB,0xDB,0x00,0x00,0x00,0x00,0x00,0x00,0x00,0xD8,0xD9,0xDB,0xDB,
  0xD9,0xDB,0x00,0x00,0x00,0x00,0x00,0x00,0x00,0xD8,0xD9,0xDB,0xDB,0xD9,0xDB,0x00,0x00,0x00,0x00,0x00,0x00,0x00,0x00,0x00,
  0x00,0x00,0x00,0xDC,0xDC,0xDA,0x00,0x00,0x00,0x00,0xDA,0xD9,0xD9,0x00,0x00,0x00,0x00,0xDC,0xD9,0xD9,0xD9,0xD9,0x00,0x00,
  0xDA,0xDA,0xDA,0xD9,0xD9,0x00,0x00,0x00,0xDC,0xDC,0xDC,0xDA,0xD9,0xD9,0x00,0xDB,0xDB,0x00,0x00,0x00,0x00,0x00,0x00,0x00,
  0x00,0x00,0x00,0xDC,0xD9,0x00,0xDC,0xDC,0x00,0x00,0x00,0x00,0x00,0x00,0x00,0x00,0x00,0xDC,0xDA,0xDA,0xDA,0xD9,0xD9,0xDB,
  0x00,0x00,0x00,0x00,0x00,0x00,0x00,0xDC,0xDC,0xDA,0xD8,0xDE,0xD8,0xDE,0xD9,0xDA,0x00,0x00,0x00,0x00,0x00,0x00,0xDC,0xDA,
  0xD9,0xD8,0xDE,0xD8,0xDE,0xD8,0xD9,0x00,0x00,0x00,0x00,0x00,0x00,0xDD,0xDB,0xDB,0xDA,0xD9,0xD8,0xD8,0xD9,0xDA,0xDB,0x00,
  0x00,0x00,0x00,0x00,0xDD,0xDC,0xD9,0xD8,0xD8,0xD9,0xE0,0xD8,0xD8,0xDA,0x00,0x00,0x00,0x00,0x00,0x00,0xDD,0xDC,0xD9,0xD9,
  0xDC,0xDA,0xD8,0xDA,0x00,0x00,0x00,0xDB,0xD9,0xDC,0xDC,0xDC,0xDA,0xDC,0xDC,0xC0,0xC0,0x00,0x00,0x00,0x00,0x00,0x00,0xDC,
  0xDD,0xDA,0xD9,0xD8,0xDA,0xDC,0xC0,0xC0,0x00,0x00,0x00,0x00,0x00,0xD9,0xDA,0xDB,0xD9,0xDA,0xD8,0xD9,0xDB,0xD9,0x00,0x00,
  0x00,0x00,0xD9,0xD9,0xD9,0xDB,0xD9,0xD9,0xDB,0xDB,0xD9,0xD9,0xDB,0xD9,0x00,0x00,0x00,0x00,0x00,0x00,0x00,0x00,0x00,0xD9,
  0xD9,0xD9,0x00,0x00,0x00,0x00,0xD9,0xD9,0x00,0x00,0x00,0x00,0x00,0x00,0x00,0xDC,0xD9,0xD9,0xD9,0x00,0xD9,0xD9,0xD9,0xD9,
  0x00,0x00,0x00,0x00,0x00,0x00,0x00,0x00,0xDC,0xD9,0xD9,0x00,0xD9,0xD9,0x00,0x00,0x00,0x00,0x00,0x00,0x00,0x00,0x00,0x00,
  0x00,0xD9,0xD9,0x00,0xDA,0xDA,0x00,0x00,0x00,0x00,0x00,0x00,0x00,0x00,0x00,0x00,0x00,0xDA,0xD9,0x00,0xDC,0xDC,0x00,0x00,
  0x00,0x00,0x00,0x00,0x00,0x00,0x00,0x00,0xDC,0xDA,0xDA,0xDA,0xD9,0xD9,0x00,0x00,0x00,0x00,0x00,0x00,0x00,0x00,0x00,0xDC,
  0xDC,0xDA,0xD8,0xD8,0xD8,0xD8,0xD9,0x00,0x00,0x00,0x00,0x00,0x00,0x00,0x00,0xDC,0xDA,0xD9,0xD8,0xDE,0xD8,0xDE,0xD8,0xD9,
  0x00,0x00,0x00,0x00,0x00,0xD9,0xD8,0xDD,0xDB,0xD9,0xD8,0xDE,0xD8,0xDE,0xD8,0xD8,0x00,0xDA,0xD8,0xD8,0x00,0x00,0xD8,0xDD,
  0xDC,0xD9,0xD9,0xD9,0xD8,0xD8,0xDA,0xDA,0x00,0x00,0xDA,0xD8,0xD8,0x00,0xDB,0xDD,0xDD,0xD9,0xD8,0xD8,0xD9,0xE0,0xD8,0xD9,
  0xDA,0x00,0x00,0xDB,0xDB,0xDC,0xDA,0xDC,0xDD,0xDC,0xD9,0xD9,0xDA,0xDA,0xDA,0xDA,0x00,0x00,0x00,0x00,0xD8,0xDC,0xD8,0xDA,
  0xDA,0xDA,0xDA,0x00,0xC0,0xC0,0x00,0x00,0x00,0x00,0x00,0x00,0x00,0xDC,0xDA,0xD8,0xDA,0xDC,0xDC,0xDA,0xC0,0xC0,0x00,0x00,
  0x00,0x00,0x00,0x00,0x00,0x00,0xDC,0xDC,0xDB,0xD8,0xDA,0xDC,0xDB,0x00,0x00,0x00,0x00,0x00,0x00,0x00,0x00,0x00,0x00,0x00,
  0x00,0xDB,0xD8,0x00,0xDB,0xD8,0x00,0x00,0x00,0x00,0x00,0x00,0x00,0x00,0x00,0x00,0x00,0xD9,0xD9,0x00,0x00,0x00,0xD9,0x00,
  0x00,0x00,0x00,0x00,0x00,0x00,0x00,0x00,0x00,0xDC,0xD9,0xD9,0xD9,0x00,0xD9,0xD9,0xD9,0x00,0x00,0x00,0x00,0x00,0x00,0x00,
  0x00,0x00,0x00,0xDC,0xD9,0xD9,0x00,0xD9,0xD9,0x00,0x00,0x00,0x00,0x00,0x00,0x00,0x00,0x00,0x00,0x00,0xD9,0xD9,0x00,0x00,
  0xDA,0xD9,0xDA,0x00,0x00,0x00,0x00,0x00,0x00,0x00,0x00,0x00,0x00,0xD9,0xDA,0x00,0x00,0xDC,0xD9,0xDA,0x00,0x00,0x00,0x00,
  0x00,0x00,0x00,0x00,0x00,0x00,0xDC,0xDA,0xDA,0xDA,0xD9,0xD9,0x00,0x00,0x00,0x00,0x00,0x00,0x00,0x00,0x00,0x00,0xDC,0xDC,
  0xDA,0xD8,0xD8,0xD8,0xD8,0xD9,0x00,0x00,0x00,0x00,0x00,0x00,0x00,0x00,0x00,0xDC,0xDA,0xD9,0xD8,0xDE,0xD8,0xDE,0xD8,0xD9,
  0x00,0x00,0x00,0x00,0x00,0x00,0x00,0xDA,0xDD,0xDB,0xD9,0xD8,0xDE,0xD8,0xDE,0xD8,0xD8,0x00,0xDA,0xD8,0xD8,0x00,0x00,0x00,
  0x00,0xDD,0xDC,0xD9,0xD9,0xD9,0xD8,0xD8,0xDA,0xDA,0x00,0x00,0xDA,0xD8,0xD8,0x00,0x00,0xDB,0xDD,0xDD,0xD9,0xD8,0xD8,0xD9,
  0xE0,0xD8,0xD9,0xDA,0x00,0x00,0x00,0xDB,0xDB,0xDC,0xDA,0xDC,0xDD,0xDC,0xD9,0xD9,0xDA,0xDA,0xDA,0xDA,0x00,0x00,0x00,0x00,
  0x00,0xD8,0xDC,0xD8,0xDA,0xDA,0xDA,0xDA,0x00,0xC0,0xC0,0x00,0x00,0x00,0x00,0x00,0x00,0x00,0x00,0xDC,0xDA,0xD8,0xDA,0xDC,
  0xDC,0xDA,0xC0,0xC0,0x00,0x00,0x00,0x00,0x00,0x00,0x00,0x00,0x00,0xDC,0xDC,0xDA,0xDA,0x00,0xDC,0xDB,0xD8,0x00,0x00,0x00,
  0x00,0x00,0x00,0x00,0x00,0x00,0x00,0x00,0xDA,0xD8,0x00,0x00,0xDB,0xDB,0xD8,0x00,0x00,0x00,0x00,0x00,0x00,0x00,0x00,0x00,
  0x00,0xD9,0x00,0x00,0x00,0x00,0x00,0x00,0x00,0x00,0x00,0x00,0x00,0x00,0x00,0xD9,0x00,0x00,0xD9,0x00,0x00,0xD9,0x00,0x00,
  0x00,0x00,0x00,0x00,0x00,0xDC,0x00,0x00,0x00,0xD9,0x00,0x00,0x00,0xD9,0x00,0x00,0x00,0x00,0x00,0x00,0x00,0xDC,0xD9,0xD9,
  0xDA,0x00,0x00,0x00,0x00,0x00,0x00,0x00,0x00,0xD9,0xD9,0xD9,0xDC,0x00,0xDC,0xDC,0xDA,0xDA,0xD9,0xD9,0xDA,0x00,0x00,0xDC,
  0xDA,0xDA,0xDA,0xDA,0xDC,0xDC,0x00,0x00,0x00,0x00,0xDC,0xDC,0xDA,0xDA,0xD9,0xD9,0xD9,0xDA,0xDB,0x00,0x00,0x00,0x00,0x00,
  0x00,0x00,0x00,0xDC,0xDA,0xD9,0xD9,0xD9,0xD9,0xD9,0xDA,0xD9,0x00,0x00,0x00,0x00,0x00,0x00,0xDB,0xDB,0xDD,0xDB,0xD9,0xDB,
  0xDE,0xD8,0xDE,0xDB,0xDA,0x00,0x00,0x00,0x00,0x00,0xDB,0xD9,0xDB,0xDD,0xDC,0xD9,0xD8,0xD8,0xD9,0xE0,0xD8,0xD8,0xDA,0x00,
  0x00,0x00,0x00,0x00,0xDB,0xDD,0xDB,0xDD,0xDC,0xD9,0xD9,0xDC,0xDA,0xDA,0xDA,0xDB,0x00,0x00,0x00,0x00,0x00,0x00,0xDD,0xDA,
  0xD8,0xD8,0xDB,0xDC,0xC0,0xC0,0x00,0x00,0x00,0x00,0x00,0x00,0x00,0x00,0x00,0xDD,0xDC,0xDB,0xDA,0xDE,0xDB,0xC0,0xC0,0xDB,
  0xDB,0xDB,0x00,0x00,0x00,0xDC,0xD9,0xD8,0xDA,0xDC,0xDC,0xDC,0xD8,0xDC,0xDB,0xD8,0xDA,0xDA,0xD8,0xDB,0x00,0x00,0x00,0xD9,
  0xD9,0xDA,0x00,0x00,0x00,0x00,0xDA,0xDC,0xDC,0x00,0x00,0xD9,0xD9,0xDA,0xDA,0xDA,0x00,0x00,0xD9,0xD9,0xD9,0xD9,0xDC,0x00,
  0x00,0x00,0x00,0xDB,0xDB,0x00,0xD9,0xD9,0xDA,0xDC,0xDC,0xDC,0x00,0x00,0x00,0x00,0xDC,0xDC,0x00,0xD9,0xDC,0x00,0x00,0x00,
  0x00,0x00,0x00,0x00,0xDB,0xD9,0xD9,0xDA,0xDA,0xDA,0xDC,0x00,0x00,0x00,0x00,0x00,0xDA,0xD9,0xDE,0xD8,0xDE,0xD8,0xDA,0xDC,
  0xDC,0x00,0x00,0x00,0x00,0xD9,0xD8,0xDE,0xD8,0xDE,0xD8,0xD9,0xDA,0xDC,0x00,0x00,0x00,0xDB,0xDA,0xD9,0xD8,0xD8,0xD9,0xDA,
  0xDB,0xDB,0xDD,0x00,0x00,0x00,0xDA,0xD8,0xD8,0xE0,0xD9,0xD8,0xD8,0xD9,0xDC,0xDD,0x00,0x00,0x00,0x00,0xDA,0xD8,0xDA,0xDC,
  0xD9,0xD9,0xDC,0xDD,0x00,0x00,0x00,0x00,0x00,0x00,0x00,0xC0,0xC0,0xDC,0xDC,0xDD,0xDD,0xDC,0xDB,0xDA,0x00,0x00,0x00,0x00,
  0xC0,0xC0,0xDB,0xDA,0xD8,0xDA,0xDB,0xDD,0xD9,0xDB,0x00,0x00,0x00,0x00,0xDB,0xD9,0xDB,0xD8,0xD8,0xDA,0xDD,0xDC,0x00,0x00,
  0x00,0xDB,0xDB,0xDB,0xDA,0xDE,0xDA,0xDB,0xDC,0xDD,0x00,0x00,0x00,0xDB,0xD8,0xDA,0xDB,0xD8,0xDC,0xD8,0xDC,0xD8,0xD9,0xDC,
  0x00,0x00,0xD9,0xD9,0xDA,0xDA,0x00,0x00,0xD9,0xDA,0xDC,0xDC,0x00,0x00,0x00,0xD9,0xD9,0xDA,0xDB,0xDB,0x00,0xD9,0xD9,0xD9,
  0xD9,0xD9,0xDC,0x00,0x00,0x00,0x00,0x00,0xDC,0xDC,0x00,0xD9,0xDC,0x00,0xDC,0xDC,0xDC,0x00,0x00,0x00,0x00,0xDB,0xD9,0xD9,
  0xDA,0xDA,0xDA,0xDC,0x00,0x00,0x00,0x00,0x00,0x00,0xDA,0xD9,0xDE,0xD8,0xDE,0xD8,0xDA,0xDC,0xDC,0x00,0x00,0x00,0x00,0x00,
  0xD9,0xD8,0xDE,0xD8,0xDE,0xD8,0xD9,0xDA,0xDC,0x00,0x00,0x00,0x00,0xDB,0xDA,0xD9,0xD8,0xD8,0xD9,0xDA,0xDB,0xDB,0xDD,0x00,
  0x00,0x00,0x00,0xDA,0xD8,0xD8,0xE0,0xD9,0xD8,0xD8,0xD9,0xDC,0x00,0x00,0x00,0x00,0x00,0x00,0xDA,0xD8,0xDA,0xDC,0xD9,0xD9,
  0xDC,0xDD,0xDC,0xDB,0x00,0x00,0x00,0x00,0x00,0x00,0xC0,0xC0,0xDC,0xDC,0xDC,0xDC,0xDB,0xDD,0xD9,0xDB,0x00,0x00,0x00,0x00,
  0xC0,0xC0,0xDC,0xD9,0xD9,0xD9,0xDA,0xDD,0xDB,0x00,0x00,0x00,0x00,0x00,0xDC,0xD8,0xDC,0xDC,0xD8,0xDB,0xDA,0xDA,0x00,0x00,
  0x00,0x00,0x00,0xDB,0xD8,0xDC,0xDB,0xD8,0xDC,0xDB,0xDA,0xD9,0xDC,0xDD,0x00,0x00,0x00,0x00,0x00,0xD9,0xDB,0xDB,0xDB,0x00,
  0x00,0xDC,0xD8,0xD9,0xDC,0x00,0xD9,0xD9,0xDA,0x00,0x00,0x00,0x00,0xDA,0xDC,0xDC,0x00,0x00,0x00,0xDA,0xD9,0xDA,0xDA,0xDA,
  0x00,0x00,0xD9,0xD9,0xD9,0xD9,0xDC,0x00,0x00,0x00,0x00,0x00,0xDB,0xDB,0x00,0xD9,0xD9,0xDA,0xDC,0xDC,0xDC,0x00,0x00,0x00,
  0x00,0x00,0xDC,0xDC,0x00,0xD9,0xDC,0x00,0x00,0x00,0x00,0x00,0x00,0x00,0x00,0xDB,0xD9,0xD9,0xDA,0xDA,0xDA,0xDC,0x00,0x00,
  0x00,0x00,0x00,0x00,0xDA,0xD9,0xDE,0xD8,0xDE,0xD8,0xDA,0xDC,0xDC,0x00,0x00,0x00,0x00,0x00,0xD9,0xD8,0xDE,0xD8,0xDE,0xD8,
  0xD9,0xDA,0xDC,0x00,0x00,0x00,0x00,0xDB,0xDA,0xD9,0xD8,0xD8,0xD9,0xDA,0xDB,0xDB,0xDD,0x00,0x00,0x00,0x00,0xDA,0xD8,0xD8,
  0xE0,0xD9,0xD8,0xD8,0xD9,0xDC,0xDD,0x00,0x00,0x00,0x00,0x00,0xDA,0xD8,0xDA,0xDC,0xD9,0xD9,0xDC,0xDD,0x00,0x00,0x00,0x00,
  0x00,0x00,0x00,0x00,0xC0,0xC0,0xDC,0xDC,0xDD,0xDD,0x00,0xDB,0xDB,0x00,0x00,0x00,0x00,0x00,0xC0,0xC0,0x00,0xDC,0xDA,0xDC,
  0xDC,0xDC,0xD9,0xDB,0x00,0x00,0x00,0x00,0x00,0x00,0xDC,0xDA,0xD8,0xD9,0xDA,0xDD,0xDC,0x00,0x00,0x00,0x00,0x00,0xDB,0xD9,
  0xDB,0xD9,0xD8,0xD9,0xDB,0xDD,0xDD,0x00,0x00,0x00,0x00,0xDB,0xD9,0xDB,0xD9,0xDC,0xDB,0xDB,0x00,0xDB,0xD9,0xD9,0xDB,0x00,
  0x00,0x00,0x00,0x00,0x00,0x00,0x00,0x00,0x00,0x00,0xDC,0xDC,0x00,0x00,0xDA,0xDA,0x00,0x00,0x00,0x00,0x00,0x00,0xDC,0xDC,
  0x00,0x00,0x00,0xD9,0xDA,0xDA,0x00,0x00,0x00,0x00,0xDA,0xD9,0xDC,0x00,0x00,0x00,0x00,0x00,0xDA,0xDA,0x00,0x00,0xD9,0xD9,
  0xDC,0x00,0x00,0x00,0x00,0x00,0x00,0xDB,0xDB,0x00,0xD9,0xD9,0x00,0x00,0x00,0x00,0x00,0x00,0x00,0x00,0xDC,0xDC,0x00,0xD9,
  0xDC,0x00,0x00,0x00,0x00,0x00,0x00,0x00,0xDB,0xD9,0xD9,0xDA,0xDA,0xDA,0xDC,0x00,0x00,0x00,0x00,0x00,0xDA,0xD9,0xDE,0xD8,
  0xDE,0xD8,0xDA,0xDC,0xDC,0x00,0x00,0x00,0x00,0xD9,0xD8,0xDE,0xD8,0xDE,0xD8,0xD9,0xDA,0xDC,0x00,0x00,0x00,0xDB,0xDA,0xD9,
  0xD8,0xD8,0xD9,0xDA,0xDB,0xDB,0xDD,0x00,0x00,0x00,0xDA,0xD8,0xD8,0xE0,0xD9,0xD8,0xD8,0xD9,0xDC,0xDD,0x00,0x00,0x00,0x00,
  0xDA,0xD8,0xDA,0xDC,0xD9,0xD9,0xDC,0xDD,0xDC,0xDB,0xDA,0x00,0x00,0x00,0x00,0xC0,0xC0,0xDC,0xDC,0xDC,0xDC,0xDB,0xDD,0xD9,
  0xDB,0x00,0x00,0x00,0xC0,0xC0,0xDC,0xD9,0xD9,0xD9,0xDA,0xDD,0xDC,0x00,0x00,0x00,0x00,0x00,0xDC,0xD9,0xD8,0xDA,0xDA,0xD9,
  0xDC,0xDD,0x00,0x00,0x00,0xDB,0xDC,0xDB,0xD8,0xDA,0xDA,0x00,0xDC,0xD8,0xD9,0xDB,0x00,0xDB,0xD8,0xDB,0xD8,0xDB,0x00,0x00,
  0x00,0x00,0x00,0x00,0x00,0x00,0x00,0xD9,0xDA,0x00,0x00,0x00,0x00,0x00,0xD9,0xD9,0xD9,0xDC,0x00,0x00,0xD9,0xDA,0xDA,0xDA,
  0x00,0x00,0x00,0xD9,0xD9,0xD9,0xD9,0xD9,0xDC,0xD9,0xD9,0x00,0x00,0xD9,0xD9,0xDA,0xDA,0xDA,0x00,0x00,0xD9,0xD9,0x00,0x00,
  0x00,0x00,0xDB,0xDE,0xD9,0xDE,0xDA,0xDA,0xDC,0x00,0x00,0x00,0x00,0x00,0x00,0xD9,0xD9,0xDE,0xD8,0xDE,0xD8,0xDA,0xDC,0xDC,
  0x00,0x00,0x00,0x00,0xD9,0xD8,0xDA,0xD8,0xD8,0xDA,0xDA,0xD9,0xDA,0xDC,0x00,0x00,0x00,0x00,0xD9,0xD9,0xD8,0xE0,0xD8,0xD8,
  0xD8,0xD9,0xDB,0xDD,0x00,0x00,0x00,0x00,0x00,0xDA,0xDA,0xDA,0xDA,0xDA,0xDA,0xDA,0xDC,0xDD,0x00,0x00,0x00,0x00,0x00,0x00,
  0xC0,0xC0,0xDC,0xDC,0xDA,0xDC,0xDC,0xDC,0x00,0x00,0x00,0x00,0x00,0x00,0xC0,0xC0,0xDC,0xDA,0xD8,0xDA,0xDB,0xDC,0xD9,0xDB,
  0x00,0x00,0x00,0x00,0xD9,0xDA,0xD9,0xD9,0xD8,0xD8,0xD9,0xDC,0xDB,0x00,0x00,0x00,0x00,0x00,0x00,0x00,0x00,0xDB,0xDB,0xDB,
  0xDA,0xD9,0x00,0x00,0x00,0x00,0x00,0x00,0x00,0x00,0x00,0x00,0xDB,0xD9,0xDB,0xDB,0xD9,0xD8,0x00,0x00,0x00,0x00,0x00,0x00,
  0x00,0x00,0x00,0xDB,0xD9,0xDB,0xDB,0xD9,0xD8,0x00,0xD9,0xD9,0xDA,0x00,0x00,0x00,0x00,0xDA,0xDC,0xDC,0x00,0x00,0x00,0x00,
  0xD9,0xD9,0xDA,0xDA,0xDA,0x00,0x00,0xD9,0xD9,0xD9,0xD9,0xDC,0x00,0x00,0x00,0x00,0x00,0x00,0xDB,0xDB,0x00,0xD9,0xD9,0xDA,
  0xDC,0xDC,0xDC,0x00,0x00,0x00,0x00,0x00,0x00,0xDC,0xDC,0x00,0xD9,0xDC,0x00,0x00,0x00,0x00,0x00,0x00,0x00,0x00,0x00,0xDB,
  0xD9,0xD9,0xDA,0xDA,0xDA,0xDC,0x00,0x00,0x00,0x00,0x00,0x00,0x00,0x00,0xD9,0xDE,0xD8,0xDE,0xD8,0xDA,0xDC,0xDC,0x00,0x00,
  0x00,0x00,0x00,0x00,0xDA,0xD8,0xDE,0xD8,0xDE,0xD8,0xD9,0xDA,0xDC,0x00,0x00,0x00,0x00,0x00,0xDB,0xDA,0xD9,0xD8,0xD8,0xD9,
  0xDA,0xDB,0xDB,0xDD,0x00,0x00,0x00,0x00,0x00,0xDA,0xD8,0xD8,0xE0,0xD9,0xD8,0xD8,0xD9,0xDC,0xDD,0x00,0x00,0x00,0x00,0x00,
  0x00,0xDA,0xD8,0xDA,0xDC,0xD9,0xD9,0xDC,0xDD,0x00,0x00,0x00,0x00,0x00,0x00,0x00,0x00,0x00,0xC0,0xC0,0xDC,0xDC,0xDA,0xDC,
  0xDC,0xDC,0xD9,0xDB,0x00,0x00,0x00,0x00,0x00,0xC0,0xC0,0xDC,0xDA,0xD8,0xD9,0xDA,0xDD,0xDC,0x00,0x00,0x00,0x00,0x00,0x00,
  0x00,0xD9,0xDB,0xD9,0xD8,0xDA,0xD9,0xDB,0xDA,0xD9,0x00,0x00,0x00,0x00,0x00,0xD9,0xDB,0xD9,0xD9,0xDB,0xDB,0xD9,0xD9,0xDB,
  0xD9,0xD9,0xD9,0x00,0xD9,0xD9,0x00,0x00,0x00,0x00,0xD9,0xD9,0xD9,0x00,0x00,0x00,0x00,0x00,0x00,0x00,0xD9,0xD9,0xD9,0xD9,
  0x00,0xD9,0xD9,0xD9,0xDC,0x00,0x00,0x00,0x00,0x00,0x00,0x00,0x00,0x00,0xD9,0xD9,0x00,0xD9,0xD9,0xDC,0x00,0x00,0x00,0x00,
  0x00,0x00,0x00,0x00,0x00,0x00,0xDA,0xDA,0x00,0xD9,0xD9,0x00,0x00,0x00,0x00,0x00,0x00,0x00,0x00,0x00,0x00,0x00,0xDC,0xDC,
  0x00,0xD9,0xDA,0x00,0x00,0x00,0x00,0x00,0x00,0x00,0x00,0x00,0x00,0x00,0xD9,0xD9,0xDA,0xDA,0xDA,0xDC,0x00,0x00,0x00,0x00,
  0x00,0x00,0x00,0x00,0x00,0xD9,0xD8,0xD8,0xD8,0xD8,0xDA,0xDC,0xDC,0x00,0x00,0x00,0x00,0x00,0x00,0x00,0xD9,0xD8,0xDE,0xD8,
  0xDE,0xD8,0xD9,0xDA,0xDC,0x00,0x00,0x00,0x00,0x00,0x00,0x00,0xD8,0xD8,0xDE,0xD8,0xDE,0xD8,0xD9,0xDB,0xDD,0xD8,0xD9,0x00,
  0x00,0x00,0x00,0x00,0xDA,0xDA,0xD8,0xD8,0xD9,0xD9,0xD9,0xDC,0xDD,0xD8,0x00,0x00,0xD8,0xD8,0xDA,0xDA,0xD9,0xD8,0xE0,0xD9,
  0xD8,0xD8,0xD9,0xDD,0xDD,0xDB,0x00,0xD8,0xD8,0xDA,0x00,0x00,0xDA,0xDA,0xDA,0xDA,0xD9,0xD9,0xDC,0xDD,0xDC,0xDA,0xDC,0xDB,
  0xDB,0x00,0x00,0x00,0x00,0x00,0xC0,0xC0,0x00,0xDA,0xDA,0xDA,0xDA,0xD8,0xDC,0xD8,0x00,0x00,0x00,0x00,0x00,0x00,0xC0,0xC0,
  0xDA,0xDC,0xDC,0xDA,0xD8,0xDA,0xDC,0x00,0x00,0x00,0x00,0x00,0x00,0x00,0x00,0xDB,0xDC,0xDA,0xD8,0xDB,0xDC,0xDC,0x00,0x00,
  0x00,0x00,0x00,0x00,0x00,0x00,0xD8,0xDB,0x00,0xD8,0xDB,0x00,0x00,0x00,0x00,0x00,0x00,0x00,0x00,0x00,0x00,0x00,0xD9,0x00,
  0x00,0x00,0xD9,0xD9,0x00,0x00,0x00,0x00,0x00,0x00,0x00,0x00,0x00,0x00,0xD9,0xD9,0xD9,0x00,0xD9,0xD9,0xD9,0xDC,0x00,0x00,
  0x00,0x00,0x00,0x00,0x00,0x00,0x00,0x00,0xD9,0xD9,0x00,0xD9,0xD9,0xDC,0x00,0x00,0x00,0x00,0x00,0x00,0x00,0x00,0x00,0x00,
  0xDA,0xD9,0xDA,0x00,0x00,0xD9,0xD9,0x00,0x00,0x00,0x00,0x00,0x00,0x00,0x00,0x00,0x00,0xDA,0xD9,0xDC,0x00,0x00,0xDA,0xD9,
  0x00,0x00,0x00,0x00,0x00,0x00,0x00,0x00,0x00,0x00,0x00,0xD9,0xD9,0xDA,0xDA,0xDA,0xDC,0x00,0x00,0x00,0x00,0x00,0x00,0x00,
  0x00,0x00,0x00,0xD9,0xD8,0xD8,0xD8,0xD8,0xDA,0xDC,0xDC,0x00,0x00,0x00,0x00,0x00,0x00,0x00,0x00,0xD9,0xD8,0xDE,0xD8,0xDE,
  0xD8,0xD9,0xDA,0xDC,0x00,0x00,0x00,0x00,0x00,0x00,0x00,0x00,0xD8,0xD8,0xDE,0xD8,0xDE,0xD8,0xD9,0xDB,0xDD,0xDA,0x00,0x00,
  0x00,0x00,0x00,0x00,0x00,0xDA,0xDA,0xD8,0xD8,0xD9,0xD9,0xD9,0xDC,0xDD,0x00,0x00,0x00,0x00,0xD8,0xD8,0xDA,0xDA,0xD9,0xD8,
  0xE0,0xD9,0xD8,0xD8,0xD9,0xDD,0xDD,0xDB,0x00,0x00,0xD8,0xD8,0xDA,0x00,0x00,0xDA,0xDA,0xDA,0xDA,0xD9,0xD9,0xDC,0xDD,0xDC,
  0xDA,0xDC,0xDB,0xDB,0x00,0x00,0x00,0x00,0x00,0x00,0xC0,0xC0,0x00,0xDA,0xDA,0xDA,0xDA,0xD8,0xDC,0xD8,0x00,0x00,0x00,0x00,
  0x00,0x00,0x00,0xC0,0xC0,0xDA,0xDC,0xDC,0xDA,0xD8,0xDA,0xDC,0x00,0x00,0x00,0x00,0x00,0x00,0x00,0x00,0xD8,0xDB,0xDC,0x00,
  0xDA,0xDA,0xDC,0xDC,0x00,0x00,0x00,0x00,0x00,0x00,0x00,0x00,0xD8,0xDB,0xDB,0x00,0x00,0xD8,0xDA,0x00,0x00,0x00,0x00,0x00,
  0x00,0x00,0x00,0x00,0x00,0x00,0x00,0x00,0x00,0x00,0x00,0xD9,0x00,0x00,0x00,0x00,0x00,0x00,0x00,0x00,0x00,0x00,0x00,0x00,
  0x00,0xD9,0x00,0x00,0xD9,0x00,0x00,0xD9,0x00,0x00,0x00,0x00,0x00,0x00,0x00,0x00,0x00,0x00,0x00,0xD9,0x00,0x00,0x00,0xD9,
  0x00,0x00,0x00,0xDC,0x00,0x00,0xDC,0xD9,0xD9,0xD9,0x00,0x00,0x00,0x00,0x00,0x00,0x00,0x00,0xDA,0xD9,0xD9,0xDC,0x00,0xDC,
  0xDC,0xDA,0xDA,0xDA,0xDA,0xDC,0x00,0x00,0xDA,0xD9,0xD9,0xDA,0xDA,0xDC,0xDC,0x00,0x00,0x00,0x00,0x00,0xDB,0xDA,0xD9,0xD9,
  0xD9,0xDA,0xDA,0xDC,0xDC,0x00,0x00,0x00,0x00,0x00,0x00,0x00,0x00,0xD9,0xDA,0xD9,0xD9,0xD9,0xD9,0xD9,0xDA,0xDC,0x00,0x00,
  0x00,0x00,0x00,0x00,0x00,0x00,0xDA,0xDB,0xDE,0xD8,0xDE,0xDB,0xD9,0xDB,0xDD,0xDB,0xDB,0x00,0x00,0x00,0x00,0x00,0xDA,0xD8,
  0xD8,0xE0,0xD9,0xD8,0xD8,0xD9,0xDC,0xDD,0xDB,0xD9,0xDB,0x00,0x00,0x00,0x00,0xDB,0xDA,0xDA,0xDA,0xDC,0xD9,0xD9,0xDC,0xDD,
  0xDB,0xDD,0xDB,0x00,0x00,0x00,0x00,0x00,0x00,0x00,0x00,0xC0,0xC0,0xDC,0xDB,0xD8,0xD8,0xDA,0xDD,0x00,0x00,0x00,0x00,0x00,
  0x00,0xDB,0xDB,0xDB,0xC0,0xC0,0xDB,0xDE,0xDA,0xDB,0xDC,0xDD,0x00,0x00,0x00,0x00,0x00,0xDB,0xD8,0xDA,0xDA,0xD8,0xDB,0xDC,
  0xD8,0xDC,0xDC,0xDC,0xDA,0xD8,0xD9,0xDC,
};
const JnbGobEntry rabbit_gob[72] = {
  {13,15,-2,-1,0},
  {14,14,-2,0,195},
  {14,16,-2,2,391},
  {13,16,-3,2,615},
  {14,14,-3,-2,823},
  {15,14,-1,0,1019},
  {16,16,0,0,1229},
  {17,16,1,0,1485},
  {17,13,-1,-3,1757},
  {13,15,-1,-1,1978},
  {14,14,0,0,2173},
  {14,16,0,2,2369},
  {13,16,0,2,2593},
  {14,14,1,-1,2801},
  {15,14,0,1,2997},
  {16,16,0,2,3207},
  {17,16,0,2,3463},
  {17,13,2,-4,3735},
  {13,15,-2,-1,3956},
  {14,14,-2,0,4151},
  {14,16,-2,2,4347},
  {13,16,-3,2,4571},
  {14,14,-3,-2,4779},
  {15,14,-1,0,4975},
  {16,16,0,0,5185},
  {17,16,1,0,5441},
  {17,13,-1,-3,5713},
  {13,15,-1,-1,5934},
  {14,14,0,0,6129},
  {14,16,0,2,6325},
  {13,16,0,2,6549},
  {14,14,1,-1,6757},
  {15,14,0,1,6953},
  {16,16,0,2,7163},
  {17,16,0,2,7419},
  {17,13,2,-4,7691},
  {13,15,-2,-1,7912},
  {14,14,-2,0,8107},
  {14,16,-2,2,8303},
  {13,16,-3,2,8527},
  {14,14,-3,-2,8735},
  {15,14,-1,0,8931},
  {16,16,0,0,9141},
  {17,16,1,0,9397},
  {17,13,-1,-3,9669},
  {13,15,-1,-1,9890},
  {14,14,0,0,10085},
  {14,16,0,2,10281},
  {13,16,0,2,10505},
  {14,14,1,-1,10713},
  {15,14,0,1,10909},
  {16,16,0,2,11119},
  {17,16,0,2,11375},
  {17,13,2,-4,11647},
  {13,15,-2,-1,11868},
  {14,14,-2,-1,12063},
  {14,16,-2,2,12259},
  {13,16,-3,2,12483},
  {14,14,-3,-2,12691},
  {15,14,-1,0,12887},
  {16,16,0,0,13097},
  {17,16,1,0,13353},
  {17,13,-1,-3,13625},
  {13,15,-1,-1,13846},
  {14,14,0,0,14041},
  {14,16,0,2,14237},
  {13,16,0,2,14461},
  {14,14,1,-1,14669},
  {15,14,0,1,14865},
  {16,16,0,2,15075},
  {17,16,0,2,15331},
  {17,13,2,-4,15603},
};

const uint8_t objects_pixels[4492] = {
  0x00,0x00,0x00,0x00,0x00,0x00,0x00,0x00,0x00,0x00,0x00,0x00,0x00,0x00,0x00,0x00,0x00,0x00,0x00,0x00,0x00,0x00,0x00,0x00,
  0x00,0x00,0x00,0x00,0x00,0x00,0x00,0x00,0x00,0x00,0x00,0x00,0x46,0x46,0x46,0x46,0x46,0x46,0x46,0x48,0x48,0x48,0x48,0x48,
  0x00,0x00,0x00,0x46,0x46,0x4A,0x4A,0x4A,0x4A,0x4A,0x48,0x48,0x48,0x49,0x4A,0x4A,0x4A,0x49,0x4A,0x00,0x49,0x49,0x49,0x48,
  0x48,0x46,0x46,0x46,0x45,0x45,0x45,0x46,0x46,0x47,0x4C,0x4D,0x00,0x00,0x00,0x49,0x49,0x4B,0x4B,0x4B,0x4B,0x4B,0x4D,0x4E,
  0x4E,0x4F,0x4E,0x00,0x00,0x00,0x00,0x00,0x00,0x00,0x00,0x16,0x16,0x18,0x18,0x19,0x1A,0x00,0x00,0x00,0x00,0x00,0x00,0x00,
  0x00,0x46,0x46,0x46,0x46,0x46,0x46,0x46,0x48,0x48,0x48,0x48,0x48,0x00,0x00,0x00,0x46,0x46,0x4A,0x4A,0x4A,0x4A,0x4A,0x48,
  0x48,0x48,0x49,0x4A,0x4A,0x4A,0x49,0x4A,0x00,0x49,0x49,0x49,0x48,0x48,0x46,0x46,0x46,0x45,0x45,0x45,0x46,0x46,0x47,0x4C,
  0x4D,0x00,0x00,0x00,0x49,0x49,0x4B,0x4B,0x4B,0x4B,0x4B,0x4D,0x4E,0x4E,0x4F,0x4E,0x00,0x00,0x00,0x00,0x00,0x00,0x00,0x00,
  0x16,0x16,0x18,0x18,0x19,0x1A,0x00,0x00,0x00,0x00,0x00,0x00,0x00,0x00,0x14,0x16,0x16,0x18,0x19,0x1A,0x1B,0x1B,0x00,0x00,
  0x00,0x00,0x00,0x00,0x00,0x00,0x16,0x18,0x18,0x18,0x19,0x1B,0x00,0x00,0x00,0x00,0x00,0x00,0x00,0x00,0x00,0x00,0x00,0x00,
  0x19,0x1B,0x1A,0x19,0x18,0x18,0x18,0x18,0x18,0x00,0x00,0x00,0x00,0x00,0x00,0x00,0x00,0x46,0x46,0x46,0x46,0x46,0x46,0x46,
  0x48,0x48,0x48,0x48,0x48,0x00,0x00,0x00,0x46,0x46,0x4A,0x4A,0x4A,0x4A,0x4A,0x48,0x48,0x48,0x49,0x4A,0x4A,0x4A,0x49,0x4A,
  0x00,0x49,0x49,0x49,0x48,0x48,0x46,0x46,0x46,0x45,0x45,0x45,0x46,0x46,0x47,0x4C,0x4D,0x00,0x00,0x00,0x49,0x49,0x4B,0x4B,
  0x4B,0x4B,0x4B,0x4D,0x4E,0x4E,0x4F,0x4E,0x00,0x00,0x00,0x00,0x00,0x00,0x00,0x00,0x16,0x16,0x18,0x18,0x19,0x1A,0x00,0x00,
  0x00,0x00,0x00,0x00,0x00,0x00,0x14,0x16,0x16,0x18,0x19,0x1A,0x1B,0x1B,0x00,0x00,0x00,0x00,0x00,0x00,0x00,0x00,0x16,0x18,
  0x18,0x18,0x19,0x1B,0x00,0x00,0x00,0x00,0x00,0x00,0x00,0x00,0x00,0x00,0x00,0x00,0x19,0x1B,0x1A,0x19,0x18,0x18,0x18,0x18,
  0x18,0x00,0x00,0x00,0x00,0x00,0x00,0x00,0x00,0x00,0x00,0x00,0x1A,0x1B,0x1B,0x1A,0x19,0x18,0x18,0x19,0x19,0x00,0x00,0x00,
  0x00,0x00,0x00,0x00,0x00,0x00,0x00,0x00,0x00,0x16,0x18,0x18,0x18,0x19,0x1A,0x00,0x00,0x00,0x00,0x00,0x00,0x00,0x16,0x16,
  0x16,0x16,0x14,0x19,0x1A,0x1B,0x1A,0x00,0x00,0x00,0x00,0x00,0x14,0x16,0x16,0x18,0x19,0x1A,0x1B,0x1B,0x1B,0x00,0x00,0x00,
  0x00,0x00,0x00,0x00,0x00,0x46,0x46,0x46,0x46,0x46,0x46,0x46,0x48,0x48,0x48,0x48,0x48,0x00,0x00,0x00,0x46,0x46,0x4A,0x4A,
  0x4A,0x4A,0x4A,0x48,0x48,0x48,0x49,0x4A,0x4A,0x4A,0x49,0x4A,0x00,0x49,0x49,0x49,0x48,0x48,0x46,0x46,0x46,0x45,0x45,0x45,
  0x46,0x46,0x47,0x4C,0x4D,0x00,0x00,0x00,0x49,0x49,0x4B,0x4B,0x4B,0x4B,0x4B,0x4D,0x4E,0x4E,0x4F,0x4E,0x00,0x00,0x00,0x00,
  0x00,0x00,0x00,0x00,0x16,0x16,0x18,0x18,0x19,0x1A,0x00,0x00,0x00,0x00,0x00,0x00,0x00,0x00,0x14,0x16,0x16,0x18,0x19,0x1A,
  0x1B,0x1B,0x00,0x00,0x00,0x00,0x00,0x00,0x00,0x00,0x16,0x18,0x18,0x18,0x19,0x1B,0x00,0x00,0x00,0x00,0x00,0x00,0x00,0x00,
  0x00,0x00,0x00,0x00,0x19,0x1B,0x1A,0x19,0x18,0x18,0x18,0x18,0x18,0x00,0x00,0x00,0x00,0x00,0x00,0x00,0x00,0x00,0x00,0x00,
  0x1A,0x1B,0x1B,0x1A,0x19,0x18,0x18,0x19,0x19,0x00,0x00,0x00,0x00,0x00,0x00,0x00,0x00,0x00,0x00,0x00,0x00,0x16,0x18,0x18,
  0x18,0x19,0x1A,0x00,0x00,0x00,0x00,0x46,0x46,0x46,0x46,0x46,0x46,0x46,0x48,0x48,0x48,0x48,0x48,0x00,0x00,0x00,0x46,0x46,
  0x4A,0x4A,0x4A,0x4A,0x4A,0x48,0x48,0x48,0x49,0x4A,0x4A,0x4A,0x49,0x4A,0x00,0x49,0x49,0x49,0x48,0x48,0x46,0x46,0x46,0x45,
  0x45,0x45,0x46,0x46,0x47,0x4C,0x4D,0x00,0x00,0x00,0x49,0x49,0x4B,0x4B,0x4B,0x4B,0x4B,0x4D,0x4E,0x4E,0x4F,0x4E,0x00,0x00,
  0x00,0x00,0x00,0x00,0x00,0x00,0x16,0x16,0x18,0x18,0x19,0x1A,0x00,0x00,0x00,0x00,0x00,0x00,0x00,0x00,0x14,0x16,0x16,0x18,
  0x19,0x1A,0x1B,0x1B,0x00,0x00,0x00,0x00,0x00,0x00,0x00,0x00,0x16,0x18,0x18,0x18,0x19,0x1B,0x00,0x00,0x00,0x00,0x00,0x00,
  0x00,0x00,0x00,0x00,0x00,0x00,0x19,0x1B,0x1A,0x19,0x18,0x18,0x18,0x18,0x18,0x00,0x00,0x00,0x00,0x00,0x00,0x00,0x00,0x00,
  0x00,0x00,0x00,0x00,0x00,0x00,0x00,0x00,0x00,0x00,0x00,0x00,0x00,0x00,0x00,0x00,0x46,0x46,0x46,0x46,0x46,0x46,0x46,0x48,
  0x48,0x48,0x48,0x48,0x00,0x00,0x00,0x46,0x46,0x4A,0x4A,0x4A,0x4A,0x4A,0x48,0x48,0x48,0x49,0x4A,0x4A,0x4A,0x49,0x4A,0x00,
  0x49,0x49,0x49,0x48,0x48,0x46,0x46,0x46,0x45,0x45,0x45,0x46,0x46,0x47,0x4C,0x4D,0x00,0x00,0x00,0x49,0x49,0x4B,0x4B,0x4B,
  0x4B,0x4B,0x4D,0x4E,0x4E,0x4F,0x4E,0x00,0x00,0x00,0x00,0x00,0x00,0x00,0x00,0x16,0x16,0x18,0x18,0x19,0x1A,0x00,0x00,0x00,
  0x00,0x00,0x00,0x00,0x00,0x14,0x16,0x16,0x18,0x19,0x1A,0x1B,0x1B,0x00,0x00,0x00,0x00,0x00,0x00,0x00,0x00,0x00,0x00,0x00,
  0x00,0x91,0x00,0x00,0x00,0x00,0x00,0x00,0x00,0x00,0x91,0x00,0x91,0x91,0x91,0x00,0x91,0x00,0x00,0x90,0x91,0x00,0x91,0x92,
  0x90,0x93,0x91,0x92,0x90,0x00,0x91,0x00,0x90,0x93,0x91,0x92,0x91,0x93,0x93,0x92,0x93,0x91,0x91,0x00,0x00,0x91,0x93,0x91,
  0x90,0x93,0x92,0x93,0x90,0x90,0x00,0x00,0x00,0x00,0x93,0x93,0x93,0x92,0x93,0x90,0x91,0x00,0x00,0x00,0x00,0x00,0x00,0x00,
  0x00,0x91,0x00,0x00,0x00,0x00,0x91,0x00,0x00,0x00,0x00,0x00,0x00,0x00,0x00,0x00,0x00,0x00,0x00,0x90,0x00,0x00,0x00,0x00,
  0x00,0x00,0x00,0x00,0x00,0x00,0x00,0x91,0x00,0x00,0x90,0x93,0x91,0x00,0x00,0x91,0x00,0x00,0x00,0x00,0x91,0x00,0x00,0x90,
  0x91,0x91,0x91,0x93,0x91,0x93,0x92,0x90,0x00,0x00,0x91,0x90,0x90,0x90,0x90,0x91,0x93,0x93,0x91,0x93,0x93,0x93,0x92,0x93,
  0x90,0x91,0x00,0x00,0x00,0x91,0x93,0x91,0x91,0x93,0x90,0x93,0x93,0x92,0x92,0x93,0x91,0x90,0x00,0x00,0x00,0x91,0x93,0x91,
  0x90,0x93,0x91,0x93,0x92,0x92,0x90,0x91,0x90,0x90,0x00,0x00,0x00,0x00,0x91,0x93,0x91,0x91,0x93,0x91,0x93,0x91,0x91,0x90,
  0x90,0x00,0x00,0x00,0x00,0x00,0x00,0x00,0x00,0x00,0x91,0x00,0x00,0x00,0x00,0x00,0x91,0x00,0x00,0x00,0x00,0x00,0x00,0x00,
  0x00,0x00,0x00,0x00,0x00,0x00,0x00,0x00,0x00,0x91,0x00,0x00,0x00,0x00,0x00,0x00,0x00,0x00,0x00,0x00,0x00,0x00,0x00,0x00,
  0x93,0x00,0x00,0x00,0x91,0x90,0x91,0x00,0x00,0x00,0x91,0x00,0x91,0x00,0x00,0x00,0x91,0x00,0x00,0x00,0x90,0x91,0x00,0x91,
  0x90,0x90,0x93,0x91,0x00,0x93,0x91,0x00,0x00,0x00,0x93,0x00,0x90,0x91,0x00,0x00,0x93,0x91,0x00,0x91,0x92,0x93,0x93,0x91,
  0x00,0x90,0x91,0x00,0x00,0x90,0x91,0x00,0x90,0x93,0x91,0x00,0x93,0x91,0x93,0x91,0x92,0x93,0x93,0x92,0x90,0x93,0x92,0x00,
  0x90,0x91,0x00,0x90,0x00,0x00,0x91,0x93,0x92,0x93,0x92,0x93,0x90,0x92,0x93,0x92,0x93,0x93,0x92,0x92,0x90,0x00,0x00,0x00,
  0x00,0x00,0x91,0x93,0x93,0x90,0x93,0x91,0x92,0x92,0x93,0x92,0x90,0x92,0x93,0x90,0x90,0x00,0x00,0x00,0x00,0x00,0x00,0x91,
  0x93,0x93,0x92,0x93,0x93,0x92,0x93,0x93,0x92,0x93,0x90,0x90,0x00,0x00,0x00,0x00,0x00,0x00,0x00,0x91,0x91,0x91,0x91,0x91,
  0x93,0x92,0x93,0x92,0x93,0x90,0x91,0x90,0x00,0x00,0x00,0x00,0x00,0x00,0x00,0x00,0x00,0x00,0x00,0x91,0x00,0x00,0x00,0x91,
  0x00,0x00,0x91,0x00,0x00,0x00,0x00,0x00,0x00,0x00,0x00,0x00,0x00,0x00,0x00,0x00,0x00,0x91,0x00,0x00,0x00,0x00,0x91,0x00,
  0x00,0x00,0x00,0x91,0x00,0x00,0x00,0x00,0x00,0x00,0x00,0x91,0x00,0x00,0x00,0x00,0x91,0x00,0x00,0x00,0x00,0x91,0x00,0x00,
  0x00,0x00,0x91,0x00,0x00,0x91,0x00,0x91,0x00,0x00,0x91,0x00,0x00,0x00,0x00,0x90,0x00,0x00,0x00,0x90,0x90,0x91,0x00,0x00,
  0x91,0x91,0x00,0x00,0x00,0x00,0x91,0x00,0x00,0x90,0x00,0x00,0x00,0x90,0x90,0x93,0x00,0x91,0x90,0x93,0x91,0x00,0x00,0x93,
  0x91,0x00,0x00,0x00,0x91,0x91,0x00,0x00,0x91,0x92,0x00,0x00,0x91,0x93,0x93,0x93,0x91,0x93,0x93,0x93,0x91,0x00,0x93,0x92,
  0x93,0x93,0x91,0x90,0x00,0x00,0x90,0x91,0x92,0x00,0x93,0x92,0x92,0x93,0x93,0x92,0x90,0x93,0x92,0x92,0x93,0x93,0x92,0x93,
  0x91,0x90,0x90,0x00,0x00,0x00,0x91,0x91,0x93,0x93,0x90,0x92,0x92,0x92,0x93,0x93,0x93,0x93,0x92,0x92,0x92,0x90,0x93,0x91,
  0x90,0x00,0x00,0x90,0x00,0x00,0x91,0x93,0x93,0x93,0x93,0x92,0x90,0x93,0x93,0x93,0x93,0x92,0x92,0x92,0x93,0x91,0x90,0x90,
  0x00,0x00,0x00,0x00,0x00,0x00,0x91,0x93,0x93,0x93,0x92,0x92,0x93,0x93,0x93,0x93,0x92,0x92,0x93,0x93,0x91,0x90,0x00,0x00,
  0x00,0x00,0x00,0x00,0x00,0x00,0x91,0x91,0x91,0x91,0x91,0x91,0x93,0x93,0x92,0x93,0x93,0x91,0x91,0x90,0x90,0x00,0x00,0x00,
  0x00,0x00,0x00,0x00,0x00,0x00,0x00,0x00,0x00,0x00,0x00,0x00,0x00,0x00,0x00,0x00,0x91,0x00,0x00,0x00,0x00,0x00,0x00,0x00,
  0x00,0x00,0x00,0x00,0x00,0x00,0x00,0x00,0x00,0x91,0x00,0x00,0x00,0x00,0x00,0x00,0x00,0x00,0x00,0x00,0x00,0x00,0x00,0x00,
  0x00,0x00,0x00,0x00,0x00,0x00,0x00,0x00,0x00,0x00,0x00,0x00,0x00,0x00,0x00,0x91,0x00,0x00,0x00,0x00,0x00,0x00,0x00,0x00,
  0x91,0x00,0x00,0x00,0x00,0x00,0x00,0x00,0x00,0x00,0x00,0x91,0x00,0x00,0x00,0x00,0x90,0x00,0x00,0x00,0x00,0x91,0x00,0x00,
  0x00,0x00,0x00,0x00,0x00,0x00,0x91,0x00,0x00,0x00,0x00,0x90,0x90,0x00,0x00,0x00,0x90,0x93,0x92,0x00,0x00,0x00,0x90,0x00,
  0x00,0x00,0x00,0x00,0x93,0x00,0x00,0x90,0x93,0x00,0x00,0x00,0x91,0x92,0x91,0x93,0x91,0x93,0x93,0x93,0x92,0x00,0x92,0x90,
  0x91,0x00,0x00,0x93,0x93,0x91,0x00,0x00,0x90,0x93,0x00,0x00,0x91,0x93,0x91,0x91,0x91,0x93,0x93,0x90,0x93,0x91,0x93,0x91,
  0x93,0x91,0x93,0x93,0x91,0x90,0x00,0x00,0x00,0x91,0x93,0x91,0x93,0x91,0x93,0x93,0x93,0x93,0x93,0x93,0x93,0x93,0x92,0x93,
  0x93,0x93,0x92,0x93,0x91,0x91,0x90,0x00,0x00,0x90,0x00,0x91,0x93,0x90,0x93,0x92,0x92,0x90,0x93,0x93,0x90,0x93,0x93,0x92,
  0x93,0x92,0x92,0x92,0x90,0x91,0x90,0x00,0x00,0x00,0x00,0x00,0x00,0x91,0x93,0x93,0x93,0x92,0x92,0x92,0x93,0x93,0x93,0x92,
  0x93,0x92,0x92,0x93,0x91,0x91,0x90,0x00,0x00,0x00,0x00,0x00,0x00,0x00,0x91,0x91,0x93,0x93,0x93,0x92,0x92,0x93,0x93,0x93,
  0x92,0x92,0x93,0x93,0x92,0x90,0x90,0x90,0x00,0x00,0x00,0x90,0x00,0x00,0x00,0x00,0x91,0x91,0x91,0x91,0x91,0x91,0x91,0x93,
  0x93,0x92,0x93,0x91,0x91,0x91,0x90,0x91,0x91,0x00,0x00,0x00,0x00,0x00,0x00,0x00,0x00,0x00,0x00,0x00,0x00,0x00,0x00,0x00,
  0x00,0x00,0x00,0x00,0x00,0x91,0x00,0x00,0x00,0x00,0x00,0x00,0x00,0x00,0x00,0x00,0x00,0x00,0x00,0x00,0x00,0x00,0x91,0x00,
  0x00,0x00,0x00,0x00,0x00,0x00,0x00,0x00,0x00,0x00,0x00,0x00,0x00,0x00,0x00,0x91,0x00,0x00,0x00,0x00,0x00,0x00,0x00,0x00,
  0x00,0x00,0x00,0x00,0x00,0x00,0x00,0x00,0x91,0x00,0x00,0x00,0x00,0x00,0x00,0x00,0x00,0x00,0x00,0x00,0x00,0x00,0x00,0x00,
  0x00,0x00,0x00,0x00,0x00,0x91,0x00,0x00,0x00,0x00,0x90,0x90,0x91,0x00,0x00,0x00,0x00,0x91,0x00,0x00,0x00,0x00,0x00,0x00,
  0x00,0x00,0x00,0x93,0x00,0x00,0x00,0x91,0x90,0x91,0x00,0x00,0x90,0x90,0x93,0x93,0x91,0x91,0x00,0x93,0x90,0x00,0x00,0x00,
  0x00,0x91,0x00,0x00,0x00,0x00,0x90,0x00,0x00,0x91,0x90,0x93,0x91,0x91,0x91,0x91,0x93,0x93,0x93,0x93,0x91,0x92,0x90,0x91,
  0x93,0x93,0x93,0x00,0x91,0x00,0x00,0x00,0x00,0x90,0x91,0x91,0x91,0x93,0x93,0x91,0x91,0x91,0x93,0x93,0x90,0x93,0x93,0x91,
  0x92,0x93,0x93,0x92,0x93,0x93,0x93,0x90,0x00,0x00,0x00,0x00,0x91,0x93,0x93,0x92,0x92,0x93,0x93,0x91,0x93,0x93,0x93,0x93,
  0x93,0x92,0x92,0x92,0x93,0x93,0x92,0x90,0x93,0x91,0x90,0x00,0x00,0x00,0x00,0x00,0x91,0x90,0x93,0x92,0x90,0x92,0x93,0x93,
  0x92,0x93,0x93,0x93,0x92,0x92,0x92,0x92,0x92,0x93,0x93,0x91,0x90,0x00,0x00,0x00,0x90,0x00,0x00,0x91,0x93,0x93,0x93,0x92,
  0x92,0x93,0x93,0x93,0x90,0x93,0x92,0x92,0x92,0x92,0x92,0x92,0x91,0x91,0x91,0x90,0x00,0x00,0x00,0x00,0x00,0x00,0x00,0x91,
  0x91,0x91,0x92,0x92,0x93,0x93,0x93,0x93,0x92,0x92,0x92,0x92,0x91,0x91,0x91,0x91,0x90,0x90,0x00,0x00,0x91,0x91,0x00,0x00,
  0x00,0x00,0x00,0x00,0x00,0x00,0x00,0x00,0x00,0x00,0x00,0x00,0x00,0x00,0x00,0x91,0x00,0x00,0x00,0x00,0x00,0x00,0x00,0x91,
  0x00,0x00,0x00,0x00,0x00,0x00,0x00,0x00,0x00,0x91,0x00,0x00,0x00,0x00,0x00,0x00,0x00,0x00,0x00,0x00,0x00,0x00,0x00,0x00,
  0x00,0x00,0x00,0x00,0x00,0x00,0x00,0x00,0x00,0x00,0x00,0x00,0x00,0x00,0x00,0x00,0x00,0x00,0x00,0x00,0x00,0x00,0x91,0x00,
  0x00,0x00,0x00,0x00,0x00,0x00,0x00,0x00,0x00,0x00,0x00,0x00,0x00,0x00,0x00,0x00,0x00,0x00,0x00,0x00,0x00,0x00,0x00,0x00,
  0x00,0x00,0x00,0x90,0x91,0x00,0x00,0x00,0x00,0x00,0x91,0x00,0x00,0x00,0x00,0x00,0x00,0x00,0x00,0x00,0x93,0x00,0x00,0x00,
  0x00,0x91,0x00,0x00,0x00,0x00,0x00,0x90,0x90,0x93,0x91,0x91,0x91,0x00,0x90,0x90,0x00,0x00,0x00,0x00,0x90,0x00,0x00,0x00,
  0x00,0x90,0x00,0x00,0x00,0x90,0x90,0x91,0x00,0x90,0x90,0x93,0x93,0x93,0x93,0x93,0x92,0x91,0x91,0x90,0x93,0x91,0x93,0x93,
  0x90,0x00,0x00,0x00,0x00,0x00,0x91,0x90,0x93,0x91,0x90,0x92,0x91,0x93,0x93,0x93,0x93,0x93,0x90,0x93,0x93,0x92,0x92,0x92,
  0x92,0x92,0x92,0x93,0x90,0x90,0x00,0x00,0x00,0x00,0x00,0x00,0x90,0x93,0x93,0x92,0x92,0x90,0x93,0x93,0x90,0x93,0x93,0x93,
  0x93,0x93,0x92,0x92,0x92,0x92,0x92,0x90,0x91,0x90,0x00,0x00,0x00,0x00,0x91,0x91,0x00,0x00,0x91,0x91,0x91,0x91,0x91,0x91,
  0x91,0x93,0x93,0x93,0x93,0x93,0x91,0x91,0x91,0x91,0x91,0x91,0x90,0x90,0x90,0x00,0x91,0x91,0x91,0x00,0x00,0x00,0x00,0x00,
  0x00,0x00,0x00,0x00,0x00,0x00,0x00,0x00,0x91,0x00,0x00,0x00,0x00,0x00,0x00,0x00,0x00,0x00,0x00,0x00,0x00,0x00,0x00,0x00,
  0x00,0x00,0x00,0x00,0x00,0x00,0x91,0x00,0x00,0x00,0x00,0x00,0x00,0x00,0x00,0x00,0x00,0x00,0x91,0x00,0x00,0x00,0x00,0x00,
  0x00,0x00,0x00,0x91,0x00,0x00,0x00,0x00,0x00,0x00,0x00,0x00,0x00,0x00,0x00,0x00,0x00,0x00,0x00,0x00,0x00,0x00,0x00,0x00,
  0x00,0x00,0x00,0x00,0x00,0x00,0x00,0x00,0x00,0x00,0x00,0x00,0x00,0x00,0x00,0x00,0x00,0x00,0x00,0x00,0x00,0x00,0x00,0x00,
  0x00,0x00,0x00,0x91,0x00,0x00,0x00,0x00,0x00,0x00,0x00,0x00,0x00,0x00,0x00,0x00,0x00,0x00,0x00,0x00,0x00,0x90,0x00,0x00,
  0x00,0x00,0x91,0x00,0x00,0x00,0x00,0x90,0x90,0x93,0x91,0x91,0x00,0x00,0x00,0x00,0x00,0x00,0x00,0x00,0x00,0x90,0x00,0x00,
  0x00,0x00,0x00,0x91,0x93,0x91,0x93,0x93,0x90,0x91,0x90,0x93,0x91,0x90,0x93,0x93,0x92,0x90,0x92,0x92,0x92,0x93,0x93,0x93,
  0x93,0x90,0x90,0x00,0x00,0x00,0x91,0x91,0x91,0x00,0x91,0x91,0x91,0x91,0x93,0x92,0x93,0x92,0x92,0x92,0x93,0x91,0x91,0x91,
  0x91,0x91,0x91,0x91,0x91,0x91,0x91,0x90,0x91,0x00,0x00,0x91,0x00,0x00,0x00,0x00,0x00,0x00,0x00,0x00,0x00,0x00,0x00,0x00,
  0x00,0x91,0x91,0x91,0x00,0x00,0x00,0x00,0x00,0x00,0x00,0x00,0x00,0x00,0x00,0x00,0x00,0x00,0x00,0x00,0x00,0x00,0x00,0x91,
  0x00,0x00,0x00,0x00,0x00,0x00,0x00,0x00,0x00,0x90,0x00,0x00,0x91,0x00,0x00,0x00,0x00,0x00,0x00,0x00,0x00,0x00,0x00,0x00,
  0x00,0x00,0x91,0x00,0x00,0x00,0x00,0x00,0x00,0x00,0x00,0x91,0x91,0x90,0x90,0x93,0x93,0x93,0x90,0x00,0x00,0x00,0x00,0x00,
  0x00,0x00,0x90,0x91,0x91,0x00,0x00,0x91,0x91,0x91,0x91,0x91,0x91,0x91,0x91,0x91,0x91,0x91,0x91,0x91,0x91,0x91,0x91,0x91,
  0x91,0x91,0x91,0x91,0x91,0x91,0x90,0x91,0x00,0x00,0x00,0x00,0x00,0x00,0x00,0x00,0x00,0x00,0x00,0x00,0x00,0x00,0x00,0x91,
  0x00,0x00,0x00,0x00,0x00,0x00,0x00,0x00,0x00,0x00,0x00,0x00,0x00,0x00,0x10,0x12,0x12,0x14,0x00,0x12,0x12,0x00,0x12,0x10,
  0x14,0x14,0x12,0x14,0x14,0x16,0x00,0x14,0x16,0x00,0x00,0x12,0x12,0x12,0x00,0x12,0x10,0x16,0x14,0x14,0x12,0x16,0x00,0x12,
  0x14,0x12,0x14,0x12,0x12,0x16,0x00,0x14,0x14,0x16,0x00,0x00,0x11,0x12,0x12,0x00,0x11,0x13,0x00,0x14,0x14,0x12,0x00,0x00,
  0x00,0x16,0x12,0x14,0x00,0x14,0x16,0x00,0x14,0x16,0x16,0x00,0x00,0x10,0x12,0x12,0x00,0x11,0x00,0x00,0x00,0x14,0x12,0x00,
  0x00,0x00,0x16,0x14,0x00,0x00,0x00,0x16,0x00,0x14,0x16,0x16,0x00,0x00,0x00,0x9A,0x9A,0x00,0x99,0x00,0x00,0x9A,0x9A,0x9A,
  0x99,0x99,0x00,0x9A,0x9A,0x9A,0x9A,0x99,0x99,0x00,0x00,0x9A,0x9A,0x9A,0x9A,0xB6,0x00,0x00,0x00,0xB6,0xB6,0xB6,0xB6,0xB6,
  0x00,0x00,0x9A,0x9A,0x00,0x98,0x98,0x98,0x9A,0x9A,0x9A,0x9A,0x9A,0x98,0x98,0x00,0x00,0x9A,0x9A,0x9A,0x9A,0x9A,0xB6,0x00,
  0x00,0x00,0x00,0xB6,0xB6,0xB6,0xB6,0xB6,0x9B,0x9B,0x9B,0x9B,0x98,0x98,0x98,0x98,0x98,0x00,0x9B,0x9B,0x9B,0x9B,0x9B,0xB6,
  0x98,0x00,0x00,0x00,0x00,0xB6,0xB6,0xB6,0xB6,0xB6,0x00,0x00,0x00,0x00,0xB6,0xB6,0xB6,0xB6,0x00,0x00,0x98,0x98,0x98,0x98,
  0x98,0xB6,0xB6,0x98,0x98,0x98,0x98,0x9B,0x9B,0x9B,0x9B,0x00,0x00,0x00,0xB6,0xB6,0xB6,0xB6,0x00,0x00,0x98,0x98,0x98,0x98,
  0x98,0xB6,0xB6,0x98,0x98,0x98,0x98,0x98,0x9A,0x9A,0x00,0x00,0x00,0x98,0x98,0x00,0x9A,0x9A,0x9A,0x00,0x00,0xB6,0xB6,0xB6,
  0xB6,0x00,0x00,0x99,0x99,0x99,0x99,0xB6,0xB6,0x99,0x99,0x99,0x99,0x9A,0x9A,0x00,0x00,0x99,0x99,0x99,0x9A,0x9A,0x00,0x00,
  0x00,0x99,0x99,0x00,0x9A,0x00,0x00,0x99,0x00,0x9A,0x9A,0x00,0x00,0x00,0x99,0x99,0x9A,0x9A,0x9A,0x00,0x00,0x99,0x99,0x9A,
  0x9A,0x9A,0x9A,0x00,0xB6,0x9A,0x9A,0x9A,0x9A,0x00,0xB6,0xB6,0xB6,0xB6,0xB6,0x00,0x00,0x98,0x98,0x98,0x00,0x9A,0x9A,0x00,
  0x00,0x00,0x98,0x98,0x9A,0x9A,0x9A,0x9A,0x9A,0x00,0xB6,0x9A,0x9A,0x9A,0x9A,0x9A,0x00,0xB6,0xB6,0xB6,0xB6,0xB6,0x00,0x00,
  0x00,0x98,0x98,0x98,0x98,0x98,0x9B,0x9B,0x9B,0x9B,0x00,0x98,0xB6,0x9B,0x9B,0x9B,0x9B,0x9B,0x00,0x00,0xB6,0xB6,0xB6,0xB6,
  0xB6,0x00,0x00,0x00,0x00,0xB6,0xB6,0xB6,0xB6,0x00,0x00,0x00,0xB6,0xB6,0x98,0x98,0x98,0x98,0x98,0x00,0x9B,0x9B,0x9B,0x9B,
  0x98,0x98,0x98,0x98,0x00,0xB6,0xB6,0xB6,0xB6,0x00,0x00,0x00,0xB6,0xB6,0x98,0x98,0x98,0x98,0x98,0x00,0x00,0x9A,0x9A,0x98,
  0x98,0x98,0x98,0x98,0x9A,0x9A,0x9A,0x00,0x98,0x98,0x00,0x00,0x00,0xB6,0xB6,0xB6,0xB6,0x00,0x00,0xB6,0xB6,0x99,0x99,0x99,
  0x99,0x00,0x00,0x9A,0x9A,0x99,0x99,0x99,0x99,0x00,0x9A,0x9A,0x99,0x99,0x99,0x00,0x00,0x9A,0x00,0x99,0x99,0x00,0x00,0x00,
  0x00,0x9E,0x9E,0x00,0x9D,0x00,0x00,0x9E,0x9E,0x9E,0x9D,0x9D,0x00,0x9E,0x9E,0x9E,0x9E,0x9D,0x9D,0x00,0x00,0x9E,0x9E,0x9E,
  0x9E,0xB6,0x00,0x00,0x00,0xB6,0xB6,0xB6,0xB6,0xB6,0x00,0x00,0x9E,0x9E,0x00,0x9C,0x9C,0x9C,0x9E,0x9E,0x9E,0x9E,0x9E,0x9C,
  0x9C,0x00,0x00,0x9E,0x9E,0x9E,0x9E,0x9E,0xB6,0x00,0x00,0x00,0x00,0xB6,0xB6,0xB6,0xB6,0xB6,0x9F,0x9F,0x9F,0x9F,0x9C,0x9C,
  0x9C,0x9C,0x9C,0x00,0x9F,0x9F,0x9F,0x9F,0x9F,0xB6,0x9C,0x00,0x00,0x00,0x00,0xB6,0xB6,0xB6,0xB6,0xB6,0x00,0x00,0x00,0x00,
  0xB6,0xB6,0xB6,0xB6,0x00,0x00,0x9C,0x9C,0x9C,0x9C,0x9C,0xB6,0xB6,0x9C,0x9C,0x9C,0x9C,0x9F,0x9F,0x9F,0x9F,0x00,0x00,0x00,
  0xB6,0xB6,0xB6,0xB6,0x00,0x00,0x9D,0x9D,0x9D,0x9D,0x9D,0xB6,0xB6,0x9D,0x9D,0x9D,0x9D,0x9D,0x9F,0x9F,0x00,0x00,0x00,0x9D,
  0x9D,0x00,0x9F,0x9F,0x9F,0x00,0x00,0xB6,0xB6,0xB6,0xB6,0x00,0x00,0x9D,0x9D,0x9D,0x9D,0xB6,0xB6,0x9D,0x9D,0x9D,0x9D,0x9E,
  0x9E,0x00,0x00,0x9D,0x9D,0x9D,0x9E,0x9E,0x00,0x00,0x00,0x9D,0x9D,0x00,0x9E,0x00,0x00,0x9D,0x00,0x9E,0x9E,0x00,0x00,0x00,
  0x9D,0x9D,0x9E,0x9E,0x9E,0x00,0x00,0x9D,0x9D,0x9E,0x9E,0x9E,0x9E,0x00,0xB6,0x9E,0x9E,0x9E,0x9E,0x00,0xB6,0xB6,0xB6,0xB6,
  0xB6,0x00,0x00,0x9C,0x9C,0x9C,0x00,0x9E,0x9E,0x00,0x00,0x00,0x9C,0x9C,0x9E,0x9E,0x9E,0x9E,0x9E,0x00,0xB6,0x9E,0x9E,0x9E,
  0x9E,0x9E,0x00,0xB6,0xB6,0xB6,0xB6,0xB6,0x00,0x00,0x00,0x9C,0x9C,0x9C,0x9C,0x9C,0x9F,0x9F,0x9F,0x9F,0x00,0x9C,0xB6,0x9F,
  0x9F,0x9F,0x9F,0x9F,0x00,0x00,0xB6,0xB6,0xB6,0xB6,0xB6,0x00,0x00,0x00,0x00,0xB6,0xB6,0xB6,0xB6,0x00,0x00,0x00,0xB6,0xB6,
  0x9C,0x9C,0x9C,0x9C,0x9C,0x00,0x9F,0x9F,0x9F,0x9F,0x9C,0x9C,0x9C,0x9C,0x00,0xB6,0xB6,0xB6,0xB6,0x00,0x00,0x00,0xB6,0xB6,
  0x9D,0x9D,0x9D,0x9D,0x9D,0x00,0x00,0x9F,0x9F,0x9D,0x9D,0x9D,0x9D,0x9D,0x9F,0x9F,0x9F,0x00,0x9D,0x9D,0x00,0x00,0x00,0xB6,
  0xB6,0xB6,0xB6,0x00,0x00,0xB6,0xB6,0x9D,0x9D,0x9D,0x9D,0x00,0x00,0x9E,0x9E,0x9D,0x9D,0x9D,0x9D,0x00,0x9E,0x9E,0x9D,0x9D,
  0x9D,0x00,0x00,0x9E,0x00,0x9D,0x9D,0x00,0x00,0x00,0x00,0xB5,0xB5,0x12,0x12,0x00,0xB3,0xB3,0x12,0x10,0x12,0xB5,0xB5,0x12,
  0x10,0x10,0x00,0x00,0xB3,0xB4,0x12,0x12,0x00,0x00,0x00,0xB5,0x00,0x00,0x00,0x00,0xB5,0xB3,0xB3,0xB5,0x00,0xB5,0xB3,0x12,
  0x10,0x12,0x12,0x00,0xB4,0x10,0x10,0x12,0x00,0x00,0x00,0x12,0x12,0x00,0x00,0x00,0xB5,0x00,0x00,0xB3,0xB5,0xB3,0x00,0xB4,
  0x12,0xB3,0xB5,0x12,0x10,0x12,0xB5,0x12,0x10,0x10,0x12,0x00,0x00,0x12,0x12,0x00,0x00,0xB5,0x00,0x00,0x00,0xB4,0xB3,0xB5,
  0x00,0x12,0x10,0x12,0xB3,0xB5,0x12,0x10,0x10,0xB3,0x00,0x00,0x12,0x12,0xB5,0x00,0x00,0x00,0x12,0x00,0x00,0x00,0x12,0x12,
  0xB4,0xB3,0x00,0x00,0x10,0x10,0x12,0xB5,0xB5,0x12,0x10,0x12,0xB3,0xB3,0x00,0x12,0x12,0xB5,0xB5,0x00,0x00,0x00,0x00,0x12,
  0x12,0x00,0x00,0x00,0x12,0x10,0x10,0xB4,0x00,0x12,0x12,0x10,0x12,0xB3,0xB5,0x00,0xB5,0xB3,0xB3,0xB5,0x00,0x00,0x00,0x00,
  0xB5,0x00,0x00,0x12,0x12,0x00,0x00,0x12,0x10,0x10,0x12,0xB5,0x12,0x10,0x12,0xB5,0xB3,0x12,0xB4,0x00,0xB3,0xB5,0xB3,0x00,
  0x00,0xB5,0x00,0x00,0x00,0x12,0x00,0x00,0x00,0xB5,0x12,0x12,0x00,0x00,0xB3,0x10,0x10,0x12,0xB5,0xB3,0x12,0x10,0x12,0x00,
  0xB5,0xB3,0xB4,0x00,0x00,0x00,0xB5,0x00,0x00,0x00,0x00,0xB5,0xB5,0xCA,0xCA,0x00,0xB3,0xB3,0xCA,0xC8,0xCA,0xB5,0xB5,0xCA,
  0xC8,0xC8,0x00,0x00,0xB3,0xB4,0xCA,0xCA,0x00,0x00,0x00,0xB5,0x00,0x00,0x00,0x00,0xB5,0xB3,0xB3,0xB5,0x00,0xB5,0xB3,0xCA,
  0xC8,0xCA,0xCA,0x00,0xB4,0xC8,0xC8,0xCA,0x00,0x00,0x00,0xCA,0xCA,0x00,0x00,0x00,0xB5,0x00,0x00,0xB3,0xB5,0xB3,0x00,0xB4,
  0xCA,0xB3,0xB5,0xCA,0xC8,0xCA,0xB5,0xCA,0xC8,0xC8,0xCA,0x00,0x00,0xCA,0xCA,0x00,0x00,0xB5,0x00,0x00,0x00,0xB4,0xB3,0xB5,
  0x00,0xCA,0xC8,0xCA,0xB3,0xB5,0xCA,0xC8,0xC8,0xB3,0x00,0x00,0xCA,0xCA,0xB5,0x00,0x00,0x00,0xCA,0x00,0x00,0x00,0xCA,0xCA,
  0xB4,0xB3,0x00,0x00,0xC8,0xC8,0xCA,0xB5,0xB5,0xCA,0xC8,0xCA,0xB3,0xB3,0x00,0xCA,0xCA,0xB5,0xB5,0x00,0x00,0x00,0x00,0xCA,
  0xCA,0x00,0x00,0x00,0xCA,0xC8,0xC8,0xB4,0x00,0xCA,0xCA,0xC8,0xCA,0xB3,0xB5,0x00,0xB5,0xB3,0xB3,0xB5,0x00,0x00,0x00,0x00,
  0xB5,0x00,0x00,0xCA,0xCA,0x00,0x00,0xCA,0xC8,0xC8,0xCA,0xB5,0xCA,0xC8,0xCA,0xB5,0xB3,0xCA,0xB4,0x00,0xB3,0xB5,0xB3,0x00,
  0x00,0xB5,0x00,0x00,0x00,0xCA,0x00,0x00,0x00,0xB5,0xCA,0xCA,0x00,0x00,0xB3,0xC8,0xC8,0xCA,0xB5,0xB3,0xCA,0xC8,0xCA,0x00,
  0xB5,0xB3,0xB4,0x00,0x00,0x00,0xB5,0x00,0x00,0x00,0x00,0xB5,0xB5,0xD2,0xD2,0x00,0xB3,0xB3,0xD2,0xD0,0xD2,0xB5,0xB5,0xD2,
  0xD0,0xD0,0x00,0x00,0xB3,0xB4,0xD2,0xD2,0x00,0x00,0x00,0xB5,0x00,0x00,0x00,0x00,0xB5,0xB3,0xB3,0xB5,0x00,0xB5,0xB3,0xD2,
  0xD0,0xD2,0xD2,0x00,0xB4,0xD0,0xD0,0xD2,0x00,0x00,0x00,0xD2,0xD2,0x00,0x00,0x00,0xB5,0x00,0x00,0xB3,0xB5,0xB3,0x00,0xB4,
  0xD2,0xB3,0xB5,0xD2,0xD0,0xD2,0xB5,0xD2,0xD0,0xD0,0xD2,0x00,0x00,0xD2,0xD2,0x00,0x00,0xB5,0x00,0x00,0x00,0xB4,0xB3,0xB5,
  0x00,0xD2,0xD0,0xD2,0xB3,0xB5,0xD2,0xD0,0xD0,0xB3,0x00,0x00,0xD2,0xD2,0xB5,0x00,0x00,0x00,0xD2,0x00,0x00,0x00,0xD2,0xD2,
  0xB4,0xB3,0x00,0x00,0xD0,0xD0,0xD2,0xB5,0xB5,0xD2,0xD0,0xD2,0xB3,0xB3,0x00,0xD2,0xD2,0xB5,0xB5,0x00,0x00,0x00,0x00,0xD2,
  0xD2,0x00,0x00,0x00,0xD2,0xD0,0xD0,0xB4,0x00,0xD2,0xD2,0xD0,0xD2,0xB3,0xB5,0x00,0xB5,0xB3,0xB3,0xB5,0x00,0x00,0x00,0x00,
  0xB5,0x00,0x00,0xD2,0xD2,0x00,0x00,0xD2,0xD0,0xD0,0xD2,0xB5,0xD2,0xD0,0xD2,0xB5,0xB3,0xD2,0xB4,0x00,0xB3,0xB5,0xB3,0x00,
  0x00,0xB5,0x00,0x00,0x00,0xD2,0x00,0x00,0x00,0xB5,0xD2,0xD2,0x00,0x00,0xB3,0xD0,0xD0,0xD2,0xB5,0xB3,0xD2,0xD0,0xD2,0x00,
  0xB5,0xB3,0xB4,0x00,0x00,0x00,0xB5,0x00,0x00,0x00,0x00,0xB5,0xB5,0xDA,0xDA,0x00,0xB3,0xB3,0xDA,0xD8,0xDA,0xB5,0xB5,0xDA,
  0xD8,0xD8,0x00,0x00,0xB3,0xB4,0xDA,0xDA,0x00,0x00,0x00,0xB5,0x00,0x00,0x00,0x00,0xB5,0xB3,0xB3,0xB5,0x00,0xB5,0xB3,0xDA,
  0xD8,0xDA,0xDA,0x00,0xB4,0xD8,0xD8,0xDA,0x00,0x00,0x00,0xDA,0xDA,0x00,0x00,0x00,0xB5,0x00,0x00,0xB3,0xB5,0xB3,0x00,0xB4,
  0xDA,0xB3,0xB5,0xDA,0xD8,0xDA,0xB5,0xDA,0xD8,0xD8,0xDA,0x00,0x00,0xDA,0xDA,0x00,0x00,0xB5,0x00,0x00,0x00,0xB4,0xB3,0xB5,
  0x00,0xDA,0xD8,0xDA,0xB3,0xB5,0xDA,0xD8,0xD8,0xB3,0x00,0x00,0xDA,0xDA,0xB5,0x00,0x00,0x00,0xDA,0x00,0x00,0x00,0xDA,0xDA,
  0xB4,0xB3,0x00,0x00,0xD8,0xD8,0xDA,0xB5,0xB5,0xDA,0xD8,0xDA,0xB3,0xB3,0x00,0xDA,0xDA,0xB5,0xB5,0x00,0x00,0x00,0x00,0xDA,
  0xDA,0x00,0x00,0x00,0xDA,0xD8,0xD8,0xB4,0x00,0xDA,0xDA,0xD8,0xDA,0xB3,0xB5,0x00,0xB5,0xB3,0xB3,0xB5,0x00,0x00,0x00,0x00,
  0xB5,0x00,0x00,0xDA,0xDA,0x00,0x00,0xDA,0xD8,0xD8,0xDA,0xB5,0xDA,0xD8,0xDA,0xB5,0xB3,0xDA,0xB4,0x00,0xB3,0xB5,0xB3,0x00,
  0x00,0xB5,0x00,0x00,0x00,0xDA,0x00,0x00,0x00,0xB5,0xDA,0xDA,0x00,0x00,0xB3,0xD8,0xD8,0xDA,0xB5,0xB3,0xDA,0xD8,0xDA,0x00,
  0xB5,0xB3,0xB4,0x00,0x00,0x00,0xB5,0x00,0x00,0x00,0x00,0xB3,0xB3,0x00,0xB3,0xB2,0xB2,0xB3,0xB4,0xB3,0xB2,0xB3,0xB4,0xB5,
  0x00,0xB4,0xB5,0xB5,0xB5,0x00,0x00,0xB3,0x00,0x00,0xB3,0xB3,0xB5,0xB3,0xB3,0xB5,0xB5,0x00,0xB5,0xB5,0x00,0x00,0xB5,0xB3,
  0xB5,0xB4,0xB5,0xB4,
};
const JnbGobEntry objects_gob[80] = {
  {17,7,0,3,0},
  {17,8,0,4,119},
  {17,12,0,8,255},
  {17,10,0,6,459},
  {17,8,0,4,629},
  {17,7,0,3,765},
  {12,6,5,5,884},
  {16,8,7,7,956},
  {20,10,9,9,1084},
  {23,11,11,10,1284},
  {25,12,12,11,1537},
  {27,11,13,10,1837},
  {29,10,14,8,2134},
  {30,7,15,5,2424},
  {29,4,16,2,2634},
  {2,2,0,0,2750},
  {4,4,1,1,2754},
  {5,5,2,2,2770},
  {5,5,2,2,2795},
  {5,5,2,2,2820},
  {7,5,4,4,2845},
  {8,4,5,3,2880},
  {9,3,5,2,2912},
  {8,3,5,1,2939},
  {8,4,5,1,2963},
  {7,5,4,1,2995},
  {7,5,2,4,3030},
  {8,4,2,3,3065},
  {9,3,3,2,3097},
  {8,3,2,1,3124},
  {8,4,2,1,3148},
  {7,5,2,1,3180},
  {7,5,4,4,3215},
  {8,4,5,3,3250},
  {9,3,5,2,3282},
  {8,3,5,1,3309},
  {8,4,5,1,3333},
  {7,5,4,1,3365},
  {7,5,2,4,3400},
  {8,4,2,3,3435},
  {9,3,3,2,3467},
  {8,3,2,1,3494},
  {8,4,2,1,3518},
  {7,5,2,1,3550},
  {6,4,3,2,3585},
  {6,5,3,3,3609},
  {4,6,2,3,3639},
  {5,6,2,3,3663},
  {6,4,2,2,3693},
  {6,5,2,2,3717},
  {4,6,1,2,3747},
  {5,6,2,3,3771},
  {6,4,3,2,3801},
  {6,5,3,2,3825},
  {4,6,2,3,3855},
  {5,6,3,3,3879},
  {6,4,4,2,3909},
  {6,5,4,3,3933},
  {4,6,3,3,3963},
  {5,6,3,3,3987},
  {6,4,3,2,4017},
  {6,5,3,2,4041},
  {4,6,3,2,4071},
  {5,6,4,2,4095},
  {6,4,5,1,4125},
  {6,5,5,2,4149},
  {4,6,4,3,4179},
  {5,6,3,3,4203},
  {6,4,3,2,4233},
  {6,5,3,2,4257},
  {4,6,2,2,4287},
  {5,6,4,2,4311},
  {6,4,5,1,4341},
  {6,5,5,2,4365},
  {4,6,3,3,4395},
  {5,6,3,3,4419},
  {5,4,2,1,4449},
  {4,4,2,1,4469},
  {2,3,1,1,4485},
  {1,1,0,0,4491},
};

const uint8_t numbers_pixels[3520] = {
  0x19,0x19,0x19,0x19,0x19,0x19,0x19,0x19,0x19,0x19,0x19,0x19,0x19,0x19,0x19,0x19,0x19,0x19,0x14,0x15,0x15,0x14,0x15,0x15,
  0x14,0x14,0x19,0x1B,0x1B,0x19,0x19,0x19,0x19,0x14,0x14,0x14,0x14,0x14,0x14,0x14,0x15,0x15,0x16,0x19,0x1B,0x1B,0x19,0x19,
  0x19,0x14,0x15,0x19,0x1B,0x1B,0x1B,0x1B,0x19,0x16,0x16,0x16,0x1B,0x1B,0x1F,0x19,0x19,0x14,0x16,0x1B,0x1B,0x1B,0x1B,0x1B,
  0x1B,0x19,0x16,0x16,0x1B,0x1B,0x1F,0x19,0x19,0x14,0x16,0x1B,0x1B,0x1F,0x1F,0x1F,0x1F,0x1B,0x15,0x16,0x1B,0x1B,0x1F,0x19,
  0x19,0x14,0x16,0x1B,0x1B,0x1F,0x19,0x19,0x19,0x19,0x14,0x16,0x1B,0x1B,0x1F,0x19,0x19,0x14,0x16,0x19,0x1B,0x1B,0x19,0x19,
  0x19,0x19,0x14,0x16,0x1B,0x1B,0x1F,0x19,0x19,0x19,0x15,0x19,0x1B,0x1B,0x1F,0x19,0x19,0x19,0x14,0x16,0x1B,0x1B,0x1F,0x19,
  0x19,0x19,0x14,0x16,0x1B,0x1B,0x1F,0x19,0x19,0x19,0x14,0x15,0x19,0x1B,0x1F,0x19,0x19,0x19,0x14,0x16,0x19,0x1B,0x1F,0x19,
  0x19,0x19,0x15,0x14,0x16,0x1B,0x1B,0x19,0x19,0x19,0x14,0x16,0x16,0x1B,0x1F,0x19,0x19,0x19,0x19,0x14,0x16,0x1B,0x1B,0x1F,
  0x19,0x19,0x14,0x16,0x19,0x1B,0x1F,0x19,0x19,0x19,0x19,0x14,0x16,0x1B,0x1B,0x1F,0x19,0x15,0x14,0x16,0x1B,0x1F,0x1F,0x19,
  0x19,0x19,0x19,0x14,0x16,0x1B,0x1B,0x1F,0x19,0x14,0x15,0x16,0x1B,0x1F,0x19,0x19,0x19,0x19,0x19,0x14,0x16,0x1B,0x1B,0x1F,
  0x19,0x14,0x16,0x16,0x1B,0x1F,0x19,0x19,0x19,0x19,0x19,0x14,0x16,0x1B,0x1B,0x1F,0x19,0x14,0x16,0x16,0x19,0x1B,0x19,0x19,
  0x19,0x19,0x14,0x15,0x16,0x1B,0x1B,0x1F,0x19,0x14,0x16,0x16,0x16,0x15,0x14,0x14,0x14,0x14,0x15,0x16,0x19,0x1B,0x1B,0x1F,
  0x19,0x14,0x15,0x16,0x16,0x16,0x16,0x15,0x15,0x16,0x19,0x19,0x1B,0x1B,0x1B,0x1F,0x19,0x19,0x19,0x16,0x16,0x19,0x1B,0x1B,
  0x1B,0x1B,0x1B,0x1B,0x1B,0x1B,0x1B,0x1F,0x19,0x19,0x1B,0x1B,0x1B,0x1B,0x1B,0x1B,0x1B,0x1B,0x1B,0x1B,0x1B,0x1B,0x1F,0x1F,
  0x19,0x19,0x19,0x1F,0x1F,0x1F,0x1F,0x1F,0x1F,0x1F,0x1F,0x1F,0x1F,0x1F,0x1F,0x19,0x19,0x19,0x19,0x19,0x19,0x19,0x19,0x19,
  0x19,0x19,0x19,0x19,0x19,0x19,0x19,0x19,0x19,0x19,0x19,0x19,0x15,0x14,0x14,0x14,0x15,0x16,0x19,0x19,0x19,0x19,0x19,0x19,
  0x19,0x19,0x19,0x19,0x14,0x16,0x16,0x16,0x16,0x19,0x1F,0x19,0x19,0x19,0x19,0x19,0x19,0x19,0x19,0x16,0x14,0x15,0x16,0x16,
  0x16,0x1B,0x1F,0x19,0x19,0x19,0x19,0x19,0x19,0x19,0x19,0x19,0x16,0x14,0x15,0x16,0x19,0x1B,0x1F,0x19,0x19,0x19,0x19,0x19,
  0x19,0x19,0x19,0x1B,0x1B,0x1B,0x14,0x16,0x1B,0x1B,0x1F,0x19,0x19,0x19,0x19,0x19,0x19,0x19,0x19,0x19,0x1F,0x19,0x14,0x16,
  0x1B,0x1B,0x1F,0x19,0x19,0x19,0x19,0x19,0x19,0x19,0x19,0x19,0x19,0x19,0x14,0x16,0x1B,0x1B,0x1F,0x19,0x19,0x19,0x19,0x19,
  0x19,0x19,0x19,0x19,0x19,0x19,0x14,0x16,0x1B,0x1B,0x1F,0x19,0x19,0x19,0x19,0x19,0x19,0x19,0x19,0x19,0x19,0x19,0x14,0x16,
  0x1B,0x1B,0x1F,0x19,0x19,0x19,0x19,0x19,0x19,0x19,0x19,0x19,0x19,0x19,0x14,0x16,0x1B,0x1B,0x1F,0x19,0x19,0x19,0x19,0x19,
  0x19,0x19,0x19,0x19,0x19,0x19,0x14,0x16,0x1B,0x1B,0x1F,0x19,0x19,0x19,0x19,0x19,0x19,0x19,0x19,0x19,0x19,0x19,0x14,0x16,
  0x1B,0x1B,0x1F,0x19,0x19,0x19,0x19,0x19,0x19,0x19,0x19,0x19,0x19,0x19,0x14,0x16,0x19,0x1B,0x1F,0x19,0x19,0x19,0x19,0x19,
  0x19,0x19,0x19,0x19,0x19,0x19,0x14,0x16,0x16,0x1B,0x1B,0x19,0x19,0x19,0x19,0x19,0x19,0x19,0x19,0x19,0x19,0x19,0x14,0x16,
  0x16,0x1B,0x1B,0x1F,0x19,0x19,0x19,0x19,0x19,0x19,0x19,0x19,0x19,0x14,0x15,0x16,0x16,0x1B,0x1B,0x1F,0x19,0x19,0x19,0x19,
  0x19,0x19,0x19,0x14,0x14,0x15,0x16,0x16,0x16,0x19,0x1B,0x1B,0x19,0x19,0x19,0x19,0x19,0x19,0x19,0x15,0x16,0x16,0x16,0x16,
  0x16,0x19,0x1B,0x1B,0x1B,0x1F,0x19,0x19,0x19,0x19,0x19,0x19,0x16,0x16,0x19,0x1B,0x1B,0x1B,0x1B,0x1B,0x1B,0x1F,0x19,0x19,
  0x19,0x19,0x19,0x1B,0x1B,0x1B,0x1B,0x1B,0x1B,0x1B,0x1B,0x1B,0x1B,0x1F,0x19,0x19,0x19,0x19,0x19,0x19,0x1F,0x1F,0x1F,0x1F,
  0x1F,0x1F,0x1F,0x1F,0x1F,0x1F,0x19,0x19,0x19,0x19,0x19,0x19,0x19,0x19,0x19,0x19,0x19,0x19,0x19,0x19,0x19,0x19,0x19,0x19,
  0x19,0x19,0x19,0x19,0x19,0x19,0x14,0x14,0x14,0x14,0x15,0x16,0x19,0x1B,0x19,0x19,0x19,0x19,0x14,0x14,0x14,0x15,0x16,0x16,
  0x16,0x15,0x14,0x16,0x16,0x19,0x1B,0x19,0x19,0x14,0x15,0x16,0x16,0x19,0x1B,0x1B,0x1B,0x19,0x14,0x16,0x16,0x16,0x1B,0x1F,
  0x19,0x15,0x16,0x16,0x16,0x1B,0x1B,0x1B,0x1B,0x1B,0x14,0x16,0x16,0x16,0x1B,0x1F,0x19,0x19,0x16,0x16,0x19,0x1B,0x1B,0x1F,
  0x1F,0x19,0x14,0x16,0x16,0x19,0x1B,0x1F,0x19,0x1B,0x19,0x19,0x1B,0x1B,0x1F,0x1F,0x19,0x19,0x14,0x16,0x16,0x1B,0x1B,0x1F,
  0x19,0x19,0x1B,0x1B,0x1B,0x1F,0x1F,0x19,0x19,0x19,0x14,0x16,0x16,0x1B,0x1B,0x1F,0x19,0x19,0x19,0x1F,0x1F,0x1F,0x19,0x19,
  0x19,0x14,0x15,0x16,0x19,0x1B,0x1F,0x1F,0x19,0x19,0x19,0x19,0x19,0x19,0x19,0x19,0x14,0x15,0x16,0x19,0x1B,0x1B,0x1F,0x19,
  0x19,0x19,0x19,0x19,0x19,0x19,0x19,0x14,0x15,0x16,0x19,0x1B,0x1B,0x1F,0x1F,0x19,0x19,0x19,0x19,0x19,0x19,0x19,0x14,0x15,
  0x16,0x19,0x1B,0x1B,0x1B,0x1F,0x19,0x19,0x19,0x19,0x19,0x19,0x15,0x14,0x15,0x19,0x1B,0x1B,0x1B,0x1B,0x1F,0x1F,0x19,0x19,
  0x19,0x19,0x19,0x15,0x14,0x15,0x19,0x1B,0x1B,0x1B,0x1F,0x1F,0x1F,0x19,0x19,0x19,0x19,0x19,0x15,0x14,0x15,0x19,0x1B,0x1B,
  0x1F,0x1F,0x1F,0x19,0x19,0x19,0x19,0x19,0x19,0x14,0x14,0x15,0x19,0x1B,0x1B,0x1F,0x1F,0x19,0x19,0x19,0x19,0x19,0x19,0x19,
  0x19,0x14,0x15,0x16,0x16,0x1B,0x1F,0x1F,0x19,0x19,0x19,0x15,0x14,0x15,0x19,0x19,0x19,0x15,0x16,0x16,0x15,0x14,0x14,0x14,
  0x14,0x14,0x15,0x16,0x16,0x19,0x1B,0x1F,0x19,0x14,0x14,0x14,0x14,0x15,0x16,0x16,0x16,0x16,0x16,0x16,0x19,0x1B,0x1B,0x1F,
  0x19,0x16,0x16,0x16,0x16,0x16,0x16,0x19,0x1B,0x1B,0x1B,0x1B,0x1B,0x1B,0x1B,0x1F,0x19,0x19,0x1B,0x1B,0x1B,0x1B,0x1B,0x1B,
  0x1B,0x1B,0x1B,0x1B,0x1B,0x1B,0x1B,0x1F,0x19,0x19,0x1F,0x1F,0x1F,0x1F,0x1F,0x1F,0x1F,0x1F,0x1F,0x1F,0x1F,0x1F,0x1F,0x1F,
  0x19,0x19,0x19,0x19,0x19,0x19,0x19,0x19,0x19,0x19,0x19,0x19,0x19,0x19,0x19,0x19,0x19,0x19,0x15,0x14,0x14,0x14,0x14,0x14,
  0x14,0x14,0x15,0x16,0x19,0x1B,0x19,0x19,0x19,0x16,0x14,0x15,0x16,0x16,0x16,0x16,0x16,0x15,0x14,0x15,0x16,0x19,0x1B,0x19,
  0x19,0x16,0x15,0x16,0x16,0x19,0x1B,0x1B,0x1B,0x19,0x19,0x14,0x16,0x16,0x1B,0x1F,0x19,0x1B,0x19,0x19,0x1B,0x1B,0x1B,0x1B,
  0x1B,0x1B,0x1B,0x19,0x15,0x16,0x1B,0x1F,0x19,0x19,0x1B,0x1B,0x1B,0x1B,0x1F,0x1F,0x1F,0x1F,0x1F,0x1B,0x15,0x16,0x1B,0x1F,
  0x19,0x19,0x19,0x1F,0x1F,0x1F,0x1F,0x19,0x19,0x19,0x19,0x15,0x16,0x19,0x1B,0x1F,0x19,0x19,0x19,0x19,0x19,0x19,0x19,0x19,
  0x19,0x19,0x19,0x14,0x16,0x1B,0x1B,0x1F,0x19,0x19,0x19,0x19,0x19,0x16,0x16,0x16,0x19,0x19,0x14,0x15,0x19,0x1B,0x1B,0x1F,
  0x19,0x19,0x19,0x19,0x16,0x15,0x14,0x14,0x14,0x14,0x15,0x16,0x1B,0x1B,0x1B,0x1F,0x19,0x19,0x19,0x19,0x1B,0x16,0x16,0x16,
  0x16,0x15,0x14,0x16,0x1B,0x1B,0x1F,0x1F,0x19,0x19,0x19,0x19,0x1B,0x1B,0x1B,0x1B,0x1B,0x16,0x14,0x15,0x1B,0x1B,0x1F,0x19,
  0x19,0x19,0x19,0x19,0x19,0x1F,0x1F,0x1B,0x1B,0x1B,0x15,0x14,0x19,0x1B,0x1B,0x19,0x19,0x19,0x19,0x19,0x19,0x19,0x19,0x19,
  0x1F,0x1F,0x1B,0x14,0x16,0x1B,0x1B,0x1F,0x19,0x19,0x19,0x19,0x19,0x19,0x19,0x19,0x19,0x19,0x19,0x14,0x15,0x19,0x1B,0x1F,
  0x19,0x15,0x14,0x14,0x15,0x19,0x19,0x19,0x19,0x19,0x19,0x14,0x15,0x19,0x1B,0x1F,0x19,0x14,0x15,0x15,0x14,0x15,0x16,0x19,
  0x19,0x19,0x14,0x15,0x16,0x1B,0x1B,0x1F,0x19,0x19,0x16,0x16,0x15,0x14,0x14,0x14,0x14,0x14,0x15,0x16,0x19,0x1B,0x1B,0x1F,
  0x19,0x1B,0x19,0x16,0x16,0x16,0x16,0x16,0x16,0x16,0x19,0x1B,0x1B,0x1B,0x1B,0x1F,0x19,0x19,0x1B,0x1B,0x1B,0x1B,0x1B,0x1B,
  0x1B,0x1B,0x1B,0x1B,0x1B,0x1B,0x1F,0x1F,0x19,0x19,0x19,0x1B,0x1B,0x1B,0x1B,0x1B,0x1B,0x1B,0x1B,0x1B,0x1F,0x1F,0x1F,0x19,
  0x19,0x19,0x19,0x19,0x1F,0x1F,0x1F,0x1F,0x1F,0x1F,0x1F,0x1F,0x1F,0x19,0x19,0x19,0x19,0x19,0x19,0x19,0x19,0x19,0x19,0x19,
  0x19,0x19,0x19,0x19,0x19,0x19,0x19,0x19,0x19,0x19,0x19,0x15,0x16,0x16,0x19,0x19,0x19,0x19,0x19,0x15,0x15,0x16,0x19,0x19,
  0x19,0x19,0x19,0x14,0x16,0x16,0x1B,0x1F,0x19,0x19,0x19,0x14,0x16,0x16,0x1B,0x1F,0x19,0x19,0x16,0x14,0x16,0x19,0x1B,0x1F,
  0x19,0x19,0x19,0x14,0x16,0x19,0x1B,0x1F,0x19,0x19,0x15,0x14,0x16,0x1B,0x1B,0x1F,0x19,0x19,0x19,0x14,0x16,0x1B,0x1B,0x1F,
  0x19,0x19,0x14,0x15,0x19,0x1B,0x1B,0x1F,0x19,0x19,0x14,0x14,0x16,0x1B,0x1B,0x1F,0x19,0x19,0x14,0x16,0x1B,0x1B,0x1F,0x1F,
  0x19,0x19,0x14,0x14,0x19,0x1B,0x1F,0x1F,0x19,0x16,0x14,0x16,0x1B,0x1B,0x1F,0x19,0x19,0x19,0x14,0x14,0x1B,0x1B,0x1F,0x19,
  0x19,0x15,0x14,0x19,0x1B,0x1F,0x1F,0x19,0x19,0x19,0x14,0x14,0x1B,0x1B,0x1F,0x19,0x19,0x14,0x14,0x16,0x1B,0x1F,0x38,0x14,
  0x14,0x14,0x15,0x14,0x1B,0x1B,0x1B,0x19,0x19,0x14,0x15,0x16,0x19,0x14,0x14,0x15,0x16,0x16,0x14,0x15,0x1B,0x1B,0x1B,0x1F,
  0x19,0x19,0x14,0x14,0x14,0x15,0x19,0x1B,0x1B,0x19,0x14,0x16,0x1B,0x1B,0x1B,0x1F,0x19,0x19,0x19,0x19,0x19,0x19,0x1B,0x1B,
  0x1B,0x1B,0x14,0x16,0x19,0x1B,0x1B,0x1F,0x19,0x19,0x19,0x1B,0x1B,0x1B,0x1B,0x1F,0x1F,0x1F,0x14,0x16,0x1B,0x1B,0x1F,0x1F,
  0x19,0x19,0x19,0x19,0x1F,0x1F,0x1F,0x1F,0x19,0x19,0x14,0x16,0x1B,0x1B,0x1F,0x19,0x19,0x19,0x19,0x19,0x19,0x19,0x19,0x19,
  0x19,0x14,0x15,0x16,0x1B,0x1B,0x1F,0x19,0x19,0x19,0x19,0x19,0x19,0x19,0x19,0x19,0x19,0x14,0x16,0x19,0x1B,0x1B,0x1F,0x19,
  0x19,0x19,0x19,0x19,0x19,0x19,0x19,0x19,0x19,0x14,0x16,0x1B,0x1B,0x1F,0x1F,0x19,0x19,0x19,0x19,0x19,0x19,0x19,0x19,0x19,
  0x19,0x15,0x16,0x1B,0x1B,0x1F,0x19,0x19,0x19,0x19,0x19,0x19,0x19,0x19,0x19,0x19,0x19,0x16,0x19,0x1B,0x1B,0x1F,0x19,0x19,
  0x19,0x19,0x19,0x19,0x19,0x19,0x19,0x19,0x19,0x19,0x1B,0x1B,0x1B,0x1F,0x19,0x19,0x19,0x19,0x19,0x19,0x19,0x19,0x19,0x19,
  0x19,0x19,0x1F,0x1F,0x1F,0x1F,0x19,0x19,0x19,0x19,0x19,0x19,0x19,0x19,0x19,0x19,0x19,0x19,0x19,0x19,0x19,0x19,0x19,0x19,
  0x19,0x19,0x19,0x19,0x19,0x19,0x19,0x15,0x14,0x14,0x14,0x15,0x16,0x19,0x19,0x19,0x19,0x16,0x14,0x14,0x14,0x14,0x15,0x15,
  0x16,0x16,0x16,0x16,0x19,0x1B,0x1B,0x1F,0x19,0x15,0x14,0x15,0x16,0x16,0x16,0x19,0x1B,0x1B,0x1B,0x1B,0x1B,0x1B,0x1B,0x1F,
  0x19,0x14,0x15,0x16,0x19,0x1B,0x1B,0x1B,0x1B,0x1B,0x1B,0x1F,0x1F,0x1F,0x1F,0x1F,0x19,0x14,0x16,0x16,0x1B,0x1B,0x1F,0x1F,
  0x1F,0x1F,0x1F,0x1F,0x19,0x19,0x19,0x19,0x19,0x14,0x15,0x16,0x19,0x1F,0x1F,0x19,0x19,0x19,0x19,0x19,0x19,0x19,0x19,0x19,
  0x19,0x15,0x14,0x14,0x14,0x14,0x15,0x19,0x19,0x19,0x19,0x19,0x19,0x19,0x19,0x19,0x19,0x19,0x16,0x16,0x16,0x16,0x15,0x15,
  0x14,0x14,0x15,0x19,0x1B,0x19,0x19,0x19,0x19,0x19,0x19,0x16,0x16,0x16,0x16,0x16,0x16,0x15,0x14,0x15,0x19,0x1B,0x19,0x19,
  0x19,0x19,0x1B,0x1B,0x1B,0x1B,0x1B,0x1B,0x1B,0x19,0x16,0x14,0x16,0x19,0x1B,0x19,0x19,0x19,0x19,0x1F,0x1F,0x1F,0x1B,0x1B,
  0x1B,0x1B,0x1B,0x14,0x16,0x16,0x1B,0x1F,0x19,0x19,0x19,0x19,0x19,0x19,0x19,0x1F,0x1F,0x1F,0x19,0x14,0x16,0x16,0x1B,0x1F,
  0x19,0x19,0x19,0x19,0x19,0x19,0x19,0x19,0x19,0x19,0x19,0x14,0x15,0x19,0x1B,0x1F,0x19,0x19,0x14,0x14,0x14,0x19,0x19,0x19,
  0x19,0x19,0x19,0x14,0x15,0x1B,0x1B,0x1F,0x19,0x14,0x15,0x15,0x14,0x1F,0x19,0x19,0x19,0x19,0x19,0x14,0x16,0x1B,0x1B,0x1F,
  0x19,0x14,0x16,0x16,0x14,0x1F,0x19,0x19,0x19,0x14,0x14,0x15,0x19,0x1B,0x1B,0x1F,0x19,0x15,0x16,0x16,0x15,0x14,0x14,0x14,
  0x14,0x15,0x19,0x1B,0x1B,0x1B,0x1B,0x1F,0x19,0x16,0x16,0x16,0x16,0x16,0x16,0x16,0x16,0x19,0x1B,0x1B,0x1B,0x1B,0x1B,0x1F,
  0x19,0x19,0x19,0x19,0x1B,0x1B,0x1B,0x1B,0x1B,0x1B,0x1B,0x1B,0x1B,0x1B,0x1F,0x1F,0x19,0x19,0x1B,0x1B,0x1B,0x1B,0x1B,0x1B,
  0x1B,0x1B,0x1B,0x1B,0x1F,0x1F,0x1F,0x19,0x19,0x19,0x19,0x1F,0x1F,0x1F,0x1F,0x1F,0x1F,0x1F,0x1F,0x1F,0x1F,0x19,0x19,0x19,
  0x19,0x19,0x19,0x19,0x19,0x19,0x19,0x19,0x19,0x19,0x19,0x19,0x19,0x19,0x19,0x19,0x19,0x19,0x19,0x19,0x15,0x14,0x14,0x14,
  0x14,0x14,0x14,0x14,0x14,0x15,0x19,0x19,0x19,0x19,0x19,0x15,0x14,0x15,0x15,0x16,0x16,0x16,0x16,0x16,0x15,0x14,0x15,0x19,
  0x19,0x19,0x15,0x14,0x15,0x16,0x19,0x1B,0x1B,0x1B,0x1B,0x1B,0x19,0x16,0x14,0x1F,0x19,0x19,0x14,0x15,0x19,0x1B,0x1B,0x1B,
  0x1B,0x1B,0x1B,0x1B,0x1B,0x19,0x15,0x1F,0x19,0x19,0x14,0x16,0x1B,0x1B,0x1B,0x1F,0x1F,0x1F,0x1F,0x1B,0x1B,0x1B,0x19,0x1F,
  0x19,0x19,0x14,0x16,0x1B,0x1B,0x1F,0x1F,0x19,0x19,0x19,0x19,0x1F,0x1F,0x1F,0x1F,0x19,0x19,0x15,0x16,0x19,0x1B,0x1F,0x19,
  0x19,0x19,0x19,0x19,0x19,0x19,0x19,0x19,0x19,0x15,0x16,0x16,0x15,0x14,0x14,0x14,0x14,0x14,0x14,0x14,0x19,0x19,0x19,0x19,
  0x19,0x14,0x16,0x16,0x16,0x16,0x16,0x16,0x16,0x16,0x16,0x15,0x14,0x19,0x19,0x19,0x19,0x14,0x16,0x16,0x19,0x1B,0x1B,0x1B,
  0x1B,0x19,0x16,0x16,0x14,0x19,0x1B,0x19,0x19,0x14,0x16,0x19,0x1B,0x1B,0x1B,0x1B,0x1B,0x1B,0x19,0x15,0x14,0x16,0x1B,0x1F,
  0x19,0x14,0x16,0x1B,0x1B,0x1B,0x1F,0x1F,0x1F,0x1F,0x1B,0x14,0x15,0x16,0x1B,0x1F,0x19,0x14,0x16,0x1B,0x1B,0x1F,0x1F,0x19,
  0x19,0x19,0x19,0x14,0x15,0x19,0x1B,0x1F,0x19,0x14,0x16,0x19,0x1B,0x1F,0x19,0x19,0x19,0x19,0x19,0x14,0x15,0x1B,0x1B,0x1F,
  0x19,0x14,0x16,0x16,0x1B,0x1B,0x19,0x19,0x19,0x19,0x19,0x14,0x16,0x1B,0x1B,0x1F,0x19,0x14,0x16,0x16,0x19,0x1B,0x1F,0x19,
  0x19,0x19,0x14,0x15,0x19,0x1B,0x1B,0x1F,0x19,0x14,0x15,0x16,0x16,0x16,0x15,0x14,0x14,0x14,0x15,0x19,0x1B,0x1B,0x1B,0x1F,
  0x19,0x19,0x14,0x14,0x14,0x14,0x14,0x15,0x16,0x19,0x1B,0x1B,0x1B,0x1B,0x1B,0x1F,0x19,0x19,0x19,0x19,0x16,0x16,0x19,0x1B,
  0x1B,0x1B,0x1B,0x1B,0x1B,0x1B,0x1B,0x1F,0x19,0x19,0x19,0x1B,0x1B,0x1B,0x1B,0x1B,0x1B,0x1B,0x1B,0x1B,0x1B,0x1B,0x1F,0x1F,
  0x19,0x19,0x19,0x19,0x1F,0x1F,0x1F,0x1F,0x1F,0x1F,0x1F,0x1F,0x1F,0x1F,0x1F,0x19,0x19,0x19,0x19,0x19,0x19,0x19,0x19,0x19,
  0x19,0x19,0x19,0x19,0x19,0x19,0x19,0x19,0x19,0x19,0x19,0x19,0x19,0x19,0x15,0x14,0x14,0x14,0x14,0x14,0x15,0x16,0x19,0x19,
  0x19,0x14,0x14,0x14,0x15,0x15,0x16,0x16,0x16,0x16,0x16,0x15,0x14,0x16,0x1B,0x1F,0x19,0x14,0x16,0x16,0x16,0x16,0x16,0x19,
  0x1B,0x1B,0x1B,0x16,0x14,0x16,0x1B,0x1F,0x19,0x15,0x16,0x19,0x1B,0x1B,0x1B,0x1B,0x1B,0x1B,0x1B,0x19,0x14,0x16,0x1B,0x1F,
  0x19,0x19,0x1B,0x1B,0x1B,0x1B,0x1B,0x1F,0x1F,0x1F,0x1F,0x14,0x14,0x19,0x1B,0x1F,0x19,0x19,0x1F,0x1F,0x1F,0x1F,0x1F,0x1F,
  0x19,0x19,0x19,0x14,0x15,0x1B,0x1B,0x1F,0x19,0x19,0x19,0x19,0x19,0x19,0x19,0x19,0x19,0x19,0x19,0x14,0x16,0x1B,0x1B,0x1F,
  0x19,0x19,0x19,0x19,0x19,0x19,0x19,0x19,0x19,0x19,0x19,0x14,0x16,0x1B,0x1B,0x1F,0x19,0x19,0x19,0x19,0x19,0x19,0x19,0x19,
  0x19,0x14,0x14,0x15,0x19,0x1B,0x1B,0x1F,0x19,0x19,0x19,0x19,0x19,0x19,0x19,0x14,0x14,0x15,0x16,0x19,0x1B,0x1B,0x1B,0x1F,
  0x19,0x19,0x19,0x19,0x19,0x15,0x14,0x15,0x15,0x19,0x1B,0x1B,0x1B,0x1B,0x1F,0x1F,0x19,0x19,0x19,0x19,0x19,0x14,0x15,0x19,
  0x1B,0x1B,0x1B,0x1B,0x1F,0x1F,0x1F,0x19,0x19,0x19,0x19,0x19,0x19,0x14,0x16,0x1B,0x1B,0x1B,0x1F,0x1F,0x1F,0x19,0x19,0x19,
  0x19,0x19,0x19,0x19,0x19,0x14,0x16,0x1B,0x1B,0x1F,0x1F,0x19,0x19,0x19,0x19,0x19,0x19,0x19,0x19,0x19,0x19,0x15,0x19,0x1B,
  0x1B,0x1F,0x19,0x19,0x19,0x19,0x19,0x19,0x19,0x19,0x19,0x19,0x15,0x16,0x1B,0x1B,0x1F,0x1F,0x19,0x19,0x19,0x19,0x19,0x19,
  0x19,0x19,0x19,0x19,0x14,0x16,0x1B,0x1B,0x1F,0x19,0x19,0x19,0x19,0x19,0x19,0x19,0x19,0x19,0x19,0x19,0x16,0x19,0x1B,0x1B,
  0x1F,0x19,0x19,0x19,0x19,0x19,0x19,0x19,0x19,0x19,0x19,0x19,0x19,0x1B,0x1B,0x1B,0x1F,0x19,0x19,0x19,0x19,0x19,0x19,0x19,
  0x19,0x19,0x19,0x19,0x19,0x1B,0x1B,0x1B,0x1F,0x19,0x19,0x19,0x19,0x19,0x19,0x19,0x19,0x19,0x19,0x19,0x19,0x1F,0x1F,0x1F,
  0x1F,0x19,0x19,0x19,0x19,0x19,0x19,0x19,0x19,0x19,0x19,0x19,0x19,0x19,0x19,0x19,0x19,0x19,0x19,0x19,0x19,0x19,0x19,0x19,
  0x19,0x19,0x14,0x14,0x14,0x14,0x14,0x14,0x14,0x14,0x14,0x19,0x19,0x19,0x19,0x19,0x19,0x14,0x14,0x15,0x16,0x16,0x16,0x16,
  0x16,0x16,0x15,0x14,0x16,0x19,0x19,0x19,0x19,0x14,0x15,0x19,0x1B,0x1B,0x1B,0x1B,0x19,0x16,0x16,0x16,0x15,0x19,0x1B,0x19,
  0x19,0x14,0x16,0x1B,0x1B,0x1B,0x1B,0x1B,0x1B,0x1B,0x19,0x16,0x16,0x19,0x1B,0x1F,0x19,0x14,0x16,0x1B,0x1B,0x1F,0x1F,0x1F,
  0x1F,0x1F,0x1B,0x15,0x16,0x1B,0x1B,0x1F,0x19,0x14,0x16,0x19,0x1B,0x1F,0x19,0x19,0x19,0x19,0x19,0x14,0x16,0x1B,0x1B,0x1F,
  0x19,0x14,0x15,0x16,0x19,0x1B,0x19,0x19,0x19,0x19,0x19,0x14,0x19,0x1B,0x1B,0x1F,0x19,0x14,0x14,0x15,0x16,0x15,0x14,0x14,
  0x14,0x14,0x14,0x15,0x1B,0x1B,0x1B,0x1F,0x19,0x19,0x14,0x14,0x16,0x16,0x15,0x15,0x15,0x15,0x16,0x16,0x1B,0x1B,0x1F,0x1F,
  0x19,0x19,0x19,0x14,0x15,0x16,0x16,0x16,0x16,0x16,0x16,0x16,0x1B,0x1B,0x1F,0x19,0x19,0x19,0x15,0x14,0x19,0x1B,0x1B,0x1B,
  0x1B,0x1B,0x19,0x16,0x1B,0x1B,0x1B,0x19,0x19,0x19,0x14,0x14,0x1B,0x1B,0x1B,0x1F,0x1F,0x1F,0x1B,0x16,0x19,0x1B,0x1B,0x1F,
  0x19,0x15,0x14,0x15,0x1B,0x1B,0x1F,0x1F,0x19,0x19,0x19,0x15,0x16,0x1B,0x1B,0x1F,0x19,0x14,0x14,0x16,0x1B,0x1F,0x1F,0x19,
  0x19,0x19,0x19,0x14,0x16,0x1B,0x1B,0x1F,0x19,0x14,0x15,0x16,0x1B,0x1F,0x19,0x19,0x19,0x19,0x19,0x15,0x19,0x1B,0x1B,0x1F,
  0x19,0x14,0x16,0x16,0x19,0x1B,0x19,0x19,0x19,0x19,0x14,0x16,0x1B,0x1B,0x1B,0x1F,0x19,0x15,0x16,0x16,0x16,0x16,0x15,0x14,
  0x14,0x14,0x15,0x19,0x1B,0x1B,0x1B,0x1F,0x19,0x19,0x16,0x16,0x16,0x16,0x16,0x16,0x16,0x16,0x19,0x1B,0x1B,0x1B,0x1F,0x1F,
  0x19,0x19,0x1B,0x19,0x16,0x19,0x1B,0x1B,0x1B,0x1B,0x1B,0x1B,0x1B,0x1B,0x1F,0x19,0x19,0x19,0x19,0x1B,0x1B,0x1B,0x1B,0x1B,
  0x1B,0x1B,0x1B,0x1B,0x1B,0x1F,0x1F,0x19,0x19,0x19,0x19,0x19,0x1F,0x1F,0x1F,0x1F,0x1F,0x1F,0x1F,0x1F,0x1F,0x1F,0x19,0x19,
  0x19,0x19,0x19,0x19,0x19,0x19,0x19,0x19,0x19,0x19,0x19,0x19,0x19,0x19,0x19,0x19,0x19,0x19,0x19,0x14,0x14,0x14,0x14,0x14,
  0x14,0x14,0x14,0x14,0x15,0x19,0x19,0x19,0x19,0x19,0x14,0x14,0x15,0x16,0x16,0x16,0x16,0x16,0x16,0x16,0x16,0x16,0x19,0x19,
  0x19,0x19,0x14,0x15,0x19,0x1B,0x1B,0x1B,0x1B,0x19,0x16,0x16,0x16,0x16,0x1B,0x1F,0x19,0x14,0x14,0x16,0x1B,0x1B,0x1B,0x1B,
  0x1B,0x1B,0x19,0x15,0x16,0x16,0x1B,0x1F,0x19,0x14,0x15,0x16,0x1B,0x1B,0x1F,0x1F,0x1F,0x1F,0x1B,0x15,0x16,0x16,0x1B,0x1F,
  0x19,0x14,0x16,0x16,0x1B,0x1B,0x1F,0x19,0x19,0x19,0x19,0x14,0x16,0x16,0x1B,0x1F,0x19,0x14,0x16,0x16,0x1B,0x1F,0x1F,0x19,
  0x19,0x19,0x19,0x14,0x16,0x19,0x1B,0x1F,0x19,0x15,0x16,0x16,0x19,0x1B,0x19,0x19,0x19,0x19,0x19,0x14,0x16,0x1B,0x1B,0x1F,
  0x19,0x19,0x16,0x16,0x16,0x15,0x14,0x14,0x14,0x14,0x14,0x15,0x16,0x1B,0x1B,0x1F,0x19,0x1B,0x19,0x16,0x16,0x16,0x19,0x1B,
  0x1B,0x1B,0x14,0x16,0x16,0x1B,0x1B,0x1F,0x19,0x19,0x1B,0x1B,0x1B,0x1B,0x1B,0x1B,0x1B,0x1B,0x14,0x16,0x19,0x1B,0x1F,0x1F,
  0x19,0x19,0x19,0x1F,0x1B,0x1B,0x1B,0x1B,0x1B,0x1B,0x14,0x16,0x1B,0x1B,0x1F,0x19,0x19,0x19,0x19,0x19,0x19,0x1F,0x1F,0x1F,
  0x1F,0x1F,0x15,0x16,0x1B,0x1B,0x1F,0x19,0x19,0x19,0x19,0x19,0x19,0x19,0x19,0x19,0x19,0x19,0x16,0x16,0x1B,0x1B,0x1F,0x19,
  0x19,0x19,0x19,0x19,0x19,0x19,0x19,0x19,0x19,0x19,0x16,0x19,0x1B,0x1B,0x1F,0x19,0x19,0x19,0x19,0x19,0x19,0x19,0x19,0x19,
  0x19,0x15,0x16,0x1B,0x1B,0x1B,0x1F,0x19,0x19,0x19,0x19,0x19,0x19,0x19,0x19,0x19,0x19,0x15,0x16,0x1B,0x1B,0x1F,0x1F,0x19,
  0x19,0x19,0x19,0x19,0x19,0x19,0x19,0x19,0x19,0x14,0x16,0x1B,0x1B,0x1F,0x19,0x19,0x19,0x19,0x19,0x19,0x19,0x19,0x19,0x19,
  0x19,0x16,0x19,0x1B,0x1B,0x1F,0x19,0x19,0x19,0x19,0x19,0x19,0x19,0x19,0x19,0x19,0x19,0x19,0x1B,0x1B,0x1B,0x1F,0x19,0x19,
  0x19,0x19,0x19,0x19,0x19,0x19,0x19,0x19,0x19,0x19,0x1F,0x1F,0x1F,0x1F,0x19,0x19,
};
const JnbGobEntry numbers_gob[10] = {
  {16,22,0,0,0},
  {16,22,0,0,352},
  {16,22,0,0,704},
  {16,22,0,0,1056},
  {16,22,0,0,1408},
  {16,22,0,0,1760},
  {16,22,0,0,2112},
  {16,22,0,0,2464},
  {16,22,0,0,2816},
  {16,22,0,0,3168},
};

const uint8_t font_pixels[5319] = {
  0x00,0x00,0xF3,0xF2,0x00,0xF2,0xFA,0xF6,0x00,0xF4,0xFA,0xF4,0x00,0xF5,0xFA,0xF1,0x00,0xF7,0xF9,0x00,0x00,0xF8,0xF6,0x00,
  0x00,0xFA,0xF2,0x00,0xF1,0xF5,0xF1,0x00,0xF5,0xFA,0xF3,0x00,0xF4,0xF5,0x00,0x00,0xF1,0xF3,0xF1,0xF3,0xF1,0xF6,0xFA,0xF6,
  0xFA,0xF4,0xF8,0xF9,0xF5,0xFA,0xF1,0xF6,0xF4,0xF4,0xF6,0x00,0xF1,0xF3,0xF1,0xF4,0xFA,0xF4,0xF5,0xFA,0xF1,0xF4,0xF6,0x00,
  0x00,0x00,0x00,0xF1,0xF3,0x00,0x00,0xF2,0xFA,0xF6,0x00,0xF1,0xFA,0xF8,0x00,0x00,0xF6,0xFA,0xF1,0x00,0xF1,0xFA,0xF7,0x00,
  0x00,0xF4,0xFA,0xF4,0x00,0x00,0xF7,0xFA,0xF2,0x00,0x00,0xF8,0xFA,0x00,0x00,0x00,0xF8,0xFA,0x00,0x00,0x00,0xF5,0xFA,0x00,
  0x00,0x00,0xF2,0xFA,0xF3,0x00,0x00,0x00,0xF7,0xF3,0x00,0x00,0x00,0xF1,0x00,0xF3,0xF1,0x00,0x00,0x00,0x00,0xF8,0xF6,0x00,
  0x00,0x00,0x00,0xF6,0xF9,0x00,0x00,0x00,0x00,0xF5,0xFA,0xF1,0x00,0x00,0x00,0xF5,0xFA,0xF3,0x00,0x00,0x00,0xF6,0xFA,0xF3,
  0x00,0x00,0x00,0xF8,0xFA,0xF1,0x00,0x00,0xF1,0xFA,0xF8,0x00,0x00,0x00,0xF4,0xFA,0xF4,0x00,0x00,0xF1,0xF9,0xF8,0x00,0x00,
  0x00,0xF6,0xFA,0xF2,0x00,0x00,0xF4,0xF8,0xF2,0x00,0x00,0x00,0x00,0xF2,0xF3,0x00,0xF9,0xF9,0x00,0xF7,0xF6,0xF1,0xF8,0xF2,
  0xF1,0xF1,0x00,0xF3,0xF5,0xF5,0xF5,0xF4,0xF7,0xFA,0xFA,0xFA,0xF6,0xF2,0xF3,0xF3,0xF3,0xF1,0x00,0xF3,0xF2,0xF1,0xFA,0xF7,
  0xF1,0xF5,0xF3,0x00,0x00,0x00,0x00,0xF2,0xF1,0x00,0x00,0x00,0xF1,0xFA,0xF3,0x00,0x00,0x00,0xF5,0xF8,0x00,0x00,0x00,0xF1,
  0xFA,0xF3,0x00,0x00,0x00,0xF5,0xF8,0x00,0x00,0x00,0x00,0xF9,0xF4,0x00,0x00,0x00,0xF4,0xF9,0x00,0x00,0x00,0x00,0xF9,0xF4,
  0x00,0x00,0x00,0xF4,0xF9,0x00,0x00,0x00,0x00,0xF4,0xF3,0x00,0x00,0x00,0x00,0x00,0x00,0x00,0xF1,0xF3,0xF1,0x00,0x00,0x00,
  0xF4,0xFA,0xFA,0xFA,0xF3,0x00,0xF1,0xFA,0xF7,0xF1,0xF9,0xF9,0x00,0xF6,0xFA,0xF1,0x00,0xF8,0xFA,0x00,0xFA,0xF9,0x00,0x00,
  0xF9,0xFA,0xF2,0xFA,0xF7,0x00,0xF1,0xFA,0xF8,0xF3,0xFA,0xF5,0x00,0xF3,0xFA,0xF4,0xF2,0xFA,0xF6,0x00,0xF8,0xFA,0xF1,0x00,
  0xF8,0xFA,0xF8,0xFA,0xF4,0x00,0x00,0x00,0xF4,0xF5,0xF1,0x00,0x00,0x00,0x00,0x00,0xF1,0xF2,0x00,0x00,0xF4,0xFA,0xF6,0xF1,
  0xF7,0xFA,0xFA,0xF4,0xF8,0xFA,0xF9,0xFA,0xF3,0xF4,0xF1,0xF8,0xFA,0x00,0x00,0x00,0xFA,0xF8,0x00,0x00,0xF2,0xFA,0xF6,0x00,
  0x00,0xF4,0xFA,0xF4,0x00,0x00,0xF6,0xFA,0xF3,0x00,0x00,0xF4,0xF5,0x00,0x00,0x00,0x00,0xF1,0xF3,0xF2,0x00,0x00,0x00,0xF2,
  0xFA,0xFA,0xFA,0xF6,0x00,0x00,0xF8,0xFA,0xF1,0xF6,0xFA,0xF2,0x00,0xF3,0xF4,0x00,0xF6,0xFA,0xF3,0x00,0x00,0x00,0xF3,0xFA,
  0xF9,0x00,0x00,0x00,0xF2,0xFA,0xFA,0xF2,0x00,0x00,0xF2,0xFA,0xFA,0xF4,0x00,0x00,0xF1,0xF9,0xFA,0xF4,0x00,0x00,0x00,0xF5,
  0xFA,0xFA,0xFA,0xFA,0xF7,0x00,0xF4,0xF5,0xF5,0xF5,0xF5,0xF3,0x00,0x00,0x00,0x00,0xF1,0xF3,0xF1,0x00,0x00,0x00,0xF4,0xFA,
  0xFA,0xFA,0xF4,0x00,0xF1,0xFA,0xF8,0x00,0xF9,0xFA,0x00,0x00,0xF1,0xF1,0x00,0xF8,0xFA,0x00,0x00,0x00,0xF1,0xF6,0xFA,0xF4,
  0x00,0x00,0x00,0xF3,0xFA,0xFA,0xF1,0x00,0x00,0x00,0x00,0xF3,0xFA,0xF5,0xF1,0xF9,0xF6,0x00,0xF4,0xFA,0xF4,0x00,0xF8,0xFA,
  0xF8,0xFA,0xF7,0x00,0x00,0x00,0xF4,0xF5,0xF3,0x00,0x00,0x00,0x00,0x00,0x00,0x00,0xF3,0xF2,0x00,0x00,0x00,0x00,0xF6,0xFA,
  0xF6,0x00,0x00,0x00,0xF4,0xFA,0xFA,0xF4,0x00,0x00,0xF2,0xFA,0xFA,0xFA,0xF2,0x00,0xF1,0xFA,0xF6,0xF8,0xFA,0x00,0xF1,0xF8,
  0xF8,0xF1,0xFA,0xF8,0x00,0xF4,0xFA,0xF8,0xF8,0xFA,0xFA,0xF5,0xF5,0xF8,0xF8,0xF9,0xFA,0xF8,0xF4,0x00,0x00,0x00,0xF6,0xFA,
  0xF3,0x00,0x00,0x00,0x00,0xF4,0xF5,0x00,0x00,0x00,0x00,0xF2,0xF3,0xF3,0xF3,0xF2,0x00,0x00,0xFA,0xFA,0xFA,0xFA,0xF6,0x00,
  0xF2,0xFA,0xF4,0xF3,0xF3,0xF1,0x00,0xF5,0xFA,0xF3,0xF2,0x00,0x00,0x00,0xF8,0xFA,0xFA,0xFA,0xF6,0x00,0x00,0xF5,0xF3,0x00,
  0xF7,0xFA,0xF2,0x00,0xF3,0xF1,0x00,0xF5,0xFA,0xF3,0xF4,0xFA,0xF3,0x00,0xF9,0xFA,0x00,0xF1,0xFA,0xFA,0xF9,0xFA,0xF3,0x00,
  0x00,0xF1,0xF4,0xF4,0xF1,0x00,0x00,0x00,0x00,0x00,0xF2,0xF3,0x00,0x00,0x00,0xF1,0xF8,0xFA,0xFA,0xF8,0x00,0x00,0xF6,0xFA,
  0xF2,0xF6,0xFA,0xF1,0xF1,0xFA,0xF8,0xF3,0xF1,0x00,0x00,0xF3,0xFA,0xFA,0xFA,0xFA,0xF4,0x00,0xF5,0xFA,0xF7,0xF1,0xF9,0xFA,
  0x00,0xF5,0xFA,0xF3,0x00,0xF8,0xFA,0x00,0xF4,0xFA,0xF3,0xF1,0xFA,0xF8,0x00,0xF1,0xF9,0xFA,0xF9,0xFA,0xF2,0x00,0x00,0xF1,
  0xF4,0xF4,0xF1,0x00,0x00,0xF1,0xF3,0xF3,0xF3,0xF3,0xF3,0xF1,0xF4,0xFA,0xFA,0xFA,0xFA,0xFA,0xF4,0xF1,0xF3,0xF3,0xF3,0xFA,
  0xF8,0x00,0x00,0x00,0x00,0xF7,0xFA,0xF1,0x00,0x00,0x00,0xF3,0xFA,0xF4,0x00,0x00,0x00,0x00,0xF9,0xF9,0x00,0x00,0x00,0x00,
  0xF3,0xFA,0xF4,0x00,0x00,0x00,0x00,0xF7,0xFA,0xF1,0x00,0x00,0x00,0x00,0xFA,0xF8,0x00,0x00,0x00,0x00,0xF1,0xF5,0xF3,0x00,
  0x00,0x00,0x00,0x00,0x00,0x00,0xF2,0xF3,0xF1,0x00,0x00,0xF1,0xF8,0xFA,0xFA,0xFA,0xF3,0x00,0xF4,0xFA,0xF4,0xF1,0xFA,0xF8,
  0x00,0xF4,0xFA,0xF3,0xF2,0xFA,0xF6,0x00,0xF1,0xF9,0xFA,0xFA,0xF6,0x00,0x00,0xF8,0xFA,0xF3,0xF8,0xFA,0xF1,0xF2,0xFA,0xF6,
  0x00,0xF5,0xFA,0xF3,0xF3,0xFA,0xF6,0x00,0xF8,0xFA,0xF1,0x00,0xF8,0xFA,0xF8,0xFA,0xF4,0x00,0x00,0xF1,0xF4,0xF5,0xF3,0x00,
  0x00,0x00,0x00,0x00,0xF3,0xF2,0x00,0x00,0x00,0xF1,0xF8,0xFA,0xFA,0xF7,0x00,0x00,0xF6,0xFA,0xF2,0xF4,0xFA,0xF3,0x00,0xFA,
  0xF8,0x00,0xF3,0xFA,0xF5,0x00,0xFA,0xF8,0x00,0xF5,0xFA,0xF5,0x00,0xF6,0xFA,0xF8,0xFA,0xFA,0xF4,0x00,0x00,0xF4,0xF5,0xF8,
  0xFA,0xF1,0xF3,0xF8,0xF3,0xF1,0xFA,0xF8,0x00,0xF1,0xFA,0xF9,0xF9,0xF9,0xF1,0x00,0x00,0xF1,0xF5,0xF4,0xF1,0x00,0x00,0x00,
  0xF2,0xF8,0xF4,0x00,0xF5,0xFA,0xF3,0x00,0x00,0x00,0x00,0x00,0x00,0x00,0x00,0xF1,0xF3,0xF1,0x00,0xF4,0xFA,0xF4,0x00,0xF3,
  0xF5,0xF1,0x00,0x00,0xF2,0xF8,0xF4,0x00,0xF5,0xFA,0xF3,0x00,0x00,0x00,0x00,0x00,0x00,0x00,0x00,0xF1,0xF3,0xF1,0x00,0xF4,
  0xFA,0xF4,0x00,0xF3,0xFA,0xF1,0x00,0xF4,0xF6,0x00,0x00,0xF2,0x00,0x00,0x00,0x00,0x00,0x00,0xF4,0xF9,0xF9,0xF8,0xF8,0xFA,
  0xF7,0xF1,0x00,0x00,0x00,0xF6,0xF8,0xF3,0xF1,0xF3,0x00,0x00,0xF4,0xFA,0xF1,0x00,0xF4,0xF8,0xF1,0xF6,0xFA,0xF8,0xF8,0xFA,
  0xF7,0xF5,0xF6,0x00,0xF9,0xF3,0xF4,0xFA,0xF4,0x00,0xF6,0xFA,0xF5,0xF1,0xFA,0xF1,0xF9,0x00,0xF8,0xFA,0x00,0x00,0xF5,0xFA,
  0xF3,0x00,0xFA,0xF3,0xF8,0x00,0xFA,0xF8,0x00,0x00,0xF6,0xFA,0xF1,0xF2,0xF8,0xF3,0xF8,0x00,0xFA,0xF8,0x00,0xF1,0xFA,0xF9,
  0x00,0xF7,0xF4,0x00,0xFA,0xF1,0xF6,0xFA,0xF6,0xF8,0xFA,0xF9,0xF8,0xF6,0x00,0x00,0xF5,0xF8,0xF1,0xF4,0xF5,0xF3,0xF4,0xF5,
  0xF2,0xF1,0xF4,0x00,0x00,0xF6,0xF9,0xF4,0xF1,0x00,0x00,0xF1,0xF4,0xF9,0xF4,0x00,0x00,0x00,0xF3,0xF7,0xFA,0xFA,0xFA,0xF9,
  0xF6,0xF3,0x00,0x00,0x00,0x00,0x00,0xF6,0xF8,0xF8,0x00,0x00,0x00,0x00,0x00,0xF3,0xFA,0xFA,0xFA,0xF1,0x00,0x00,0x00,0x00,
  0xF8,0xFA,0xF6,0xFA,0xF3,0x00,0x00,0x00,0xF4,0xFA,0xF6,0xF4,0xFA,0xF4,0x00,0x00,0x00,0xF9,0xFA,0xF1,0xF3,0xFA,0xF5,0x00,
  0x00,0xF4,0xFA,0xF9,0xF5,0xF5,0xFA,0xF8,0x00,0x00,0xF9,0xFA,0xFA,0xFA,0xFA,0xFA,0xF9,0x00,0xF4,0xFA,0xF5,0x00,0x00,0x00,
  0xF8,0xFA,0x00,0xF9,0xFA,0xF1,0x00,0x00,0x00,0xF6,0xFA,0xF3,0x00,0xF1,0xF8,0xF8,0xF8,0xF8,0xF7,0xF3,0x00,0x00,0xF3,0xFA,
  0xF9,0xF8,0xF8,0xFA,0xFA,0xF3,0x00,0xF5,0xFA,0xF3,0x00,0x00,0xF3,0xFA,0xF5,0x00,0xF7,0xFA,0xF4,0xF3,0xF3,0xF8,0xFA,0xF1,
  0x00,0xF9,0xFA,0xFA,0xFA,0xFA,0xFA,0xF4,0x00,0xF1,0xFA,0xF8,0xF3,0xF3,0xF3,0xF8,0xFA,0xF1,0xF3,0xFA,0xF5,0x00,0x00,0x00,
  0xF6,0xFA,0xF3,0xF5,0xFA,0xF7,0xF5,0xF5,0xF6,0xFA,0xF9,0x00,0xF7,0xFA,0xFA,0xFA,0xFA,0xFA,0xF7,0xF2,0x00,0x00,0x00,0xF2,
  0xF7,0xFA,0xFA,0xF8,0xF2,0x00,0x00,0xF2,0xFA,0xFA,0xF6,0xF6,0xFA,0xFA,0xF1,0x00,0xF9,0xFA,0xF2,0x00,0x00,0xF4,0xFA,0xF3,
  0xF2,0xFA,0xF6,0x00,0x00,0x00,0x00,0x00,0x00,0xF5,0xFA,0xF3,0x00,0x00,0x00,0x00,0x00,0x00,0xF5,0xFA,0xF3,0x00,0x00,0x00,
  0x00,0x00,0x00,0xF4,0xFA,0xF4,0x00,0x00,0x00,0xF7,0xF5,0x00,0xF1,0xFA,0xFA,0xF4,0xF3,0xF8,0xFA,0xF4,0x00,0x00,0xF4,0xFA,
  0xFA,0xFA,0xFA,0xF5,0x00,0x00,0x00,0x00,0xF1,0xF3,0xF3,0x00,0x00,0x00,0x00,0x00,0x00,0xF4,0xF8,0xF8,0xF8,0xF7,0xF3,0x00,
  0x00,0x00,0xF8,0xFA,0xF8,0xF8,0xFA,0xFA,0xF3,0x00,0x00,0xFA,0xF8,0x00,0x00,0xF1,0xFA,0xF8,0x00,0xF2,0xFA,0xF6,0x00,0x00,
  0x00,0xF8,0xFA,0x00,0xF4,0xFA,0xF4,0x00,0x00,0x00,0xF8,0xFA,0x00,0xF6,0xFA,0xF3,0x00,0x00,0xF1,0xFA,0xF8,0x00,0xF8,0xFA,
  0x00,0x00,0x00,0xF6,0xFA,0xF4,0x00,0xFA,0xFA,0xF5,0xF5,0xF8,0xFA,0xF8,0x00,0xF2,0xFA,0xFA,0xFA,0xFA,0xF9,0xF5,0xF1,0x00,
  0x00,0x00,0xF6,0xF8,0xF8,0xF8,0xF8,0xF8,0xF4,0x00,0x00,0xFA,0xFA,0xF8,0xF8,0xF8,0xF8,0xF2,0x00,0xF3,0xFA,0xF6,0x00,0x00,
  0x00,0x00,0x00,0x00,0xF4,0xFA,0xF6,0xF3,0xF3,0xF3,0xF1,0x00,0x00,0xF6,0xFA,0xFA,0xFA,0xFA,0xFA,0xF4,0x00,0x00,0xF8,0xFA,
  0xF3,0xF3,0xF3,0xF3,0xF1,0x00,0x00,0xFA,0xF8,0x00,0x00,0x00,0x00,0x00,0x00,0xF3,0xFA,0xF8,0xF5,0xF5,0xF5,0xF5,0xF1,0x00,
  0xF4,0xFA,0xFA,0xFA,0xFA,0xFA,0xFA,0xF1,0x00,0x00,0x00,0xF6,0xF8,0xF8,0xF8,0xF8,0xF8,0x00,0x00,0xFA,0xFA,0xF8,0xF8,0xF8,
  0xF6,0x00,0xF3,0xFA,0xF6,0x00,0x00,0x00,0x00,0x00,0xF4,0xFA,0xF6,0xF3,0xF3,0xF3,0xF1,0x00,0xF6,0xFA,0xFA,0xFA,0xFA,0xFA,
  0xF1,0x00,0xF8,0xFA,0xF3,0xF3,0xF3,0xF3,0x00,0x00,0xFA,0xF8,0x00,0x00,0x00,0x00,0x00,0xF3,0xFA,0xF6,0x00,0x00,0x00,0x00,
  0x00,0xF4,0xFA,0xF4,0x00,0x00,0x00,0x00,0x00,0x00,0x00,0xF3,0xF8,0xFA,0xFA,0xF7,0xF2,0x00,0x00,0xF4,0xFA,0xF9,0xF6,0xF6,
  0xFA,0xFA,0xF1,0xF1,0xFA,0xF9,0xF1,0x00,0x00,0xF5,0xFA,0xF3,0xF4,0xFA,0xF4,0x00,0x00,0x00,0x00,0x00,0x00,0xF7,0xFA,0xF1,
  0x00,0xF4,0xF8,0xF8,0xF8,0xF3,0xF8,0xFA,0x00,0x00,0xF6,0xF8,0xFA,0xFA,0xF2,0xF7,0xFA,0xF1,0x00,0x00,0x00,0xF8,0xFA,0x00,
  0xF3,0xFA,0xF8,0xF3,0xF3,0xF6,0xFA,0xF8,0x00,0x00,0xF6,0xFA,0xFA,0xFA,0xFA,0xF8,0xF3,0x00,0x00,0x00,0xF1,0xF3,0xF3,0xF1,
  0x00,0x00,0x00,0x00,0xF3,0xF8,0xF3,0x00,0x00,0xF1,0xF8,0xF5,0x00,0xF5,0xFA,0xF3,0x00,0x00,0xF3,0xFA,0xF5,0x00,0xF8,0xFA,
  0xF1,0x00,0x00,0xF5,0xFA,0xF3,0x00,0xFA,0xFA,0xF3,0xF3,0xF3,0xF8,0xFA,0xF1,0xF1,0xFA,0xFA,0xFA,0xFA,0xFA,0xFA,0xFA,0x00,
  0xF3,0xFA,0xF6,0xF3,0xF3,0xF3,0xFA,0xF8,0x00,0xF5,0xFA,0xF3,0x00,0x00,0xF3,0xFA,0xF5,0x00,0xF8,0xFA,0xF1,0x00,0x00,0xF5,
  0xFA,0xF3,0x00,0xFA,0xF9,0x00,0x00,0x00,0xF7,0xFA,0xF1,0x00,0x00,0x00,0xF6,0xF7,0x00,0x00,0xFA,0xF8,0x00,0xF3,0xFA,0xF5,
  0x00,0xF4,0xFA,0xF4,0x00,0xF6,0xFA,0xF2,0x00,0xF8,0xFA,0x00,0x00,0xFA,0xF8,0x00,0xF3,0xFA,0xF6,0x00,0xF4,0xFA,0xF4,0x00,
  0x00,0x00,0x00,0x00,0x00,0xF1,0xF8,0xF5,0x00,0x00,0x00,0x00,0x00,0xF3,0xFA,0xF5,0x00,0x00,0x00,0x00,0x00,0xF5,0xFA,0xF3,
  0x00,0x00,0x00,0x00,0x00,0xF7,0xFA,0xF1,0x00,0x00,0x00,0x00,0x00,0xF9,0xF9,0x00,0x00,0x00,0x00,0x00,0xF1,0xFA,0xF7,0x00,
  0xF1,0xF4,0xF3,0x00,0xF3,0xFA,0xF4,0x00,0xF3,0xFA,0xF7,0xF3,0xF8,0xFA,0xF1,0x00,0x00,0xF8,0xFA,0xFA,0xFA,0xF4,0x00,0x00,
  0x00,0x00,0xF2,0xF3,0xF1,0x00,0x00,0x00,0x00,0x00,0xF4,0xF8,0xF1,0x00,0xF1,0xF7,0xF8,0xF2,0x00,0x00,0xF8,0xFA,0x00,0xF1,
  0xF8,0xFA,0xF4,0x00,0x00,0x00,0xFA,0xF8,0xF1,0xF8,0xFA,0xF4,0x00,0x00,0x00,0xF2,0xFA,0xF8,0xFA,0xFA,0xF3,0x00,0x00,0x00,
  0x00,0xF4,0xFA,0xFA,0xFA,0xFA,0xF5,0x00,0x00,0x00,0x00,0xF6,0xFA,0xF8,0xF1,0xFA,0xFA,0xF1,0x00,0x00,0x00,0xF8,0xFA,0xF1,
  0x00,0xF5,0xFA,0xF5,0x00,0x00,0x00,0xFA,0xF8,0x00,0x00,0xF1,0xFA,0xFA,0xF1,0x00,0xF2,0xFA,0xF6,0x00,0x00,0x00,0xF5,0xFA,
  0xF5,0x00,0x00,0x00,0xF6,0xF7,0x00,0x00,0x00,0x00,0x00,0xFA,0xF8,0x00,0x00,0x00,0x00,0xF3,0xFA,0xF6,0x00,0x00,0x00,0x00,
  0xF4,0xFA,0xF4,0x00,0x00,0x00,0x00,0xF6,0xFA,0xF2,0x00,0x00,0x00,0x00,0xF8,0xFA,0x00,0x00,0x00,0x00,0x00,0xFA,0xF8,0x00,
  0x00,0x00,0x00,0xF3,0xFA,0xF8,0xF5,0xF5,0xF5,0xF5,0xF4,0xFA,0xFA,0xFA,0xFA,0xFA,0xF8,0x00,0x00,0xF6,0xF8,0xF8,0xF2,0x00,
  0xF1,0xF8,0xF8,0xF7,0x00,0x00,0xFA,0xFA,0xFA,0xF3,0x00,0xF6,0xFA,0xFA,0xF8,0x00,0xF3,0xFA,0xF8,0xFA,0xF3,0xF1,0xFA,0xF8,
  0xFA,0xF5,0x00,0xF4,0xFA,0xF6,0xFA,0xF3,0xF4,0xFA,0xF6,0xFA,0xF4,0x00,0xF6,0xFA,0xF4,0xFA,0xF5,0xF9,0xF7,0xF6,0xFA,0xF2,
  0x00,0xF8,0xFA,0xF3,0xFA,0xF8,0xFA,0xF3,0xF8,0xFA,0x00,0x00,0xFA,0xF8,0xF1,0xFA,0xFA,0xF9,0x00,0xFA,0xF8,0x00,0xF3,0xFA,
  0xF5,0x00,0xFA,0xFA,0xF4,0xF3,0xFA,0xF6,0x00,0xF4,0xFA,0xF3,0x00,0xFA,0xFA,0xF1,0xF4,0xFA,0xF4,0x00,0x00,0x00,0xF4,0xF8,
  0xF3,0x00,0x00,0xF3,0xF8,0xF3,0x00,0x00,0xF8,0xFA,0xF7,0x00,0x00,0xF5,0xFA,0xF3,0x00,0x00,0xFA,0xFA,0xFA,0xF1,0x00,0xF8,
  0xFA,0x00,0x00,0xF2,0xFA,0xF8,0xFA,0xF5,0x00,0xFA,0xF9,0x00,0x00,0xF4,0xFA,0xF4,0xF7,0xF9,0xF1,0xFA,0xF7,0x00,0x00,0xF6,
  0xFA,0xF3,0xF4,0xFA,0xF6,0xFA,0xF5,0x00,0x00,0xF8,0xFA,0x00,0x00,0xFA,0xFA,0xFA,0xF3,0x00,0x00,0xFA,0xF8,0x00,0x00,0xF6,
  0xFA,0xFA,0xF1,0x00,0xF2,0xFA,0xF6,0x00,0x00,0xF2,0xFA,0xF9,0x00,0x00,0x00,0x00,0xF4,0xF8,0xFA,0xFA,0xF6,0x00,0x00,0x00,
  0xF6,0xFA,0xF8,0xF5,0xF8,0xFA,0xF6,0x00,0xF3,0xFA,0xF8,0x00,0x00,0x00,0xF8,0xFA,0xF1,0xF6,0xFA,0xF1,0x00,0x00,0x00,0xF5,
  0xFA,0xF3,0xFA,0xF9,0x00,0x00,0x00,0x00,0xF6,0xFA,0xF3,0xFA,0xF8,0x00,0x00,0x00,0x00,0xF8,0xFA,0x00,0xF9,0xF9,0x00,0x00,
  0x00,0xF3,0xFA,0xF6,0x00,0xF5,0xFA,0xF7,0xF3,0xF5,0xFA,0xFA,0xF1,0x00,0xF1,0xF7,0xFA,0xFA,0xFA,0xF8,0xF2,0x00,0x00,0x00,
  0x00,0xF1,0xF3,0xF1,0x00,0x00,0x00,0x00,0x00,0x00,0xF4,0xF8,0xF8,0xF8,0xF8,0xF5,0xF1,0x00,0x00,0xF8,0xFA,0xF8,0xF8,0xF9,
  0xFA,0xF5,0x00,0x00,0xFA,0xF8,0x00,0x00,0xF1,0xFA,0xF8,0x00,0xF2,0xFA,0xF6,0x00,0x00,0xF3,0xFA,0xF6,0x00,0xF4,0xFA,0xF9,
  0xF8,0xF8,0xFA,0xFA,0xF1,0x00,0xF6,0xFA,0xF8,0xF8,0xF8,0xF6,0xF1,0x00,0x00,0xF8,0xFA,0x00,0x00,0x00,0x00,0x00,0x00,0x00,
  0xFA,0xF8,0x00,0x00,0x00,0x00,0x00,0x00,0xF2,0xFA,0xF6,0x00,0x00,0x00,0x00,0x00,0x00,0x00,0x00,0xF3,0xF7,0xFA,0xFA,0xF7,
  0xF1,0x00,0x00,0xF4,0xFA,0xFA,0xF6,0xF6,0xFA,0xF8,0x00,0xF1,0xFA,0xFA,0xF1,0x00,0x00,0xF6,0xFA,0xF3,0xF4,0xFA,0xF4,0x00,
  0x00,0x00,0xF3,0xFA,0xF5,0xF7,0xFA,0xF1,0x00,0x00,0x00,0xF3,0xFA,0xF5,0xF8,0xFA,0x00,0x00,0x00,0x00,0xF6,0xFA,0xF3,0xF7,
  0xFA,0xF1,0xF2,0xF8,0xF1,0xFA,0xF9,0x00,0xF3,0xFA,0xF8,0xF4,0xF8,0xFA,0xFA,0xF3,0x00,0x00,0xF5,0xFA,0xFA,0xFA,0xFA,0xF9,
  0xF1,0x00,0x00,0x00,0xF1,0xF3,0xF2,0xF2,0xFA,0xF5,0x00,0x00,0xF3,0xF8,0xF8,0xF8,0xF8,0xF8,0xF4,0x00,0x00,0xF5,0xFA,0xF8,
  0xF8,0xF8,0xFA,0xFA,0xF3,0x00,0xF8,0xFA,0xF1,0x00,0x00,0xF3,0xFA,0xF5,0x00,0xFA,0xF9,0x00,0x00,0xF1,0xF7,0xFA,0xF4,0xF1,
  0xFA,0xFA,0xFA,0xFA,0xFA,0xFA,0xF6,0x00,0xF3,0xFA,0xF8,0xF5,0xF9,0xFA,0xF2,0x00,0x00,0xF5,0xFA,0xF3,0x00,0xF1,0xFA,0xF6,
  0x00,0x00,0xF8,0xFA,0xF1,0x00,0x00,0xF6,0xFA,0xF1,0x00,0xFA,0xF9,0x00,0x00,0x00,0xF2,0xFA,0xF6,0x00,0x00,0xF1,0xF7,0xFA,
  0xFA,0xF8,0xF2,0x00,0x00,0xF8,0xFA,0xF6,0xF6,0xFA,0xFA,0x00,0x00,0xFA,0xF8,0x00,0x00,0xF4,0xF8,0xF2,0x00,0xF9,0xFA,0xF6,
  0xF1,0x00,0x00,0x00,0x00,0xF2,0xF9,0xFA,0xFA,0xF6,0xF1,0x00,0x00,0x00,0x00,0xF4,0xF9,0xFA,0xF6,0x00,0xF5,0xF4,0x00,0x00,
  0xF1,0xFA,0xF8,0x00,0xF9,0xFA,0xF4,0xF3,0xF5,0xFA,0xF5,0x00,0xF3,0xFA,0xFA,0xFA,0xFA,0xF7,0xF1,0x00,0x00,0x00,0xF2,0xF3,
  0xF1,0x00,0x00,0x00,0xF2,0xF8,0xF8,0xF8,0xF8,0xF8,0xF8,0xF4,0xF4,0xF8,0xF8,0xFA,0xFA,0xF8,0xF8,0xF2,0x00,0x00,0xF2,0xFA,
  0xF6,0x00,0x00,0x00,0x00,0x00,0xF4,0xFA,0xF4,0x00,0x00,0x00,0x00,0x00,0xF6,0xFA,0xF3,0x00,0x00,0x00,0x00,0x00,0xF8,0xFA,
  0x00,0x00,0x00,0x00,0x00,0x00,0xFA,0xF8,0x00,0x00,0x00,0x00,0x00,0xF2,0xFA,0xF6,0x00,0x00,0x00,0x00,0x00,0xF4,0xFA,0xF4,
  0x00,0x00,0x00,0x00,0x00,0xF3,0xF8,0xF4,0x00,0x00,0xF1,0xF8,0xF6,0x00,0xF5,0xFA,0xF3,0x00,0x00,0xF3,0xFA,0xF5,0x00,0xF8,
  0xFA,0xF1,0x00,0x00,0xF5,0xFA,0xF3,0x00,0xFA,0xF9,0x00,0x00,0x00,0xF6,0xFA,0xF1,0xF1,0xFA,0xF7,0x00,0x00,0x00,0xF8,0xFA,
  0x00,0xF3,0xFA,0xF5,0x00,0x00,0xF1,0xFA,0xF8,0x00,0xF5,0xFA,0xF3,0x00,0x00,0xF4,0xFA,0xF4,0x00,0xF3,0xFA,0xF8,0xF3,0xF4,
  0xFA,0xFA,0xF1,0x00,0x00,0xF6,0xFA,0xFA,0xFA,0xF9,0xF2,0x00,0x00,0x00,0x00,0xF1,0xF3,0xF2,0x00,0x00,0x00,0x00,0xF4,0xF8,
  0xF2,0x00,0x00,0x00,0xF3,0xF8,0xF3,0xF3,0xFA,0xF5,0x00,0x00,0x00,0xF9,0xFA,0xF1,0xF1,0xFA,0xF6,0x00,0x00,0xF4,0xFA,0xF5,
  0x00,0x00,0xFA,0xF8,0x00,0x00,0xF9,0xFA,0xF1,0x00,0x00,0xF8,0xFA,0x00,0xF4,0xFA,0xF5,0x00,0x00,0x00,0xF6,0xFA,0xF1,0xF9,
  0xFA,0xF1,0x00,0x00,0x00,0xF5,0xFA,0xF6,0xFA,0xF5,0x00,0x00,0x00,0x00,0xF3,0xFA,0xFA,0xFA,0xF1,0x00,0x00,0x00,0x00,0xF1,
  0xFA,0xFA,0xF5,0x00,0x00,0x00,0x00,0xF2,0xF8,0xF4,0x00,0x00,0xF5,0xF8,0xF4,0x00,0x00,0xF5,0xF8,0xF3,0xFA,0xF5,0x00,0xF1,
  0xFA,0xFA,0xF5,0x00,0xF1,0xFA,0xF6,0xF1,0xFA,0xF5,0x00,0xF6,0xFA,0xFA,0xF5,0x00,0xF5,0xFA,0xF1,0x00,0xFA,0xF5,0xF1,0xFA,
  0xF6,0xFA,0xF7,0xF1,0xFA,0xF6,0x00,0x00,0xFA,0xF5,0xF6,0xFA,0xF1,0xFA,0xF8,0xF4,0xFA,0xF2,0x00,0x00,0xFA,0xF6,0xFA,0xF6,
  0x00,0xFA,0xF8,0xF9,0xF8,0x00,0x00,0x00,0xFA,0xFA,0xFA,0xF1,0x00,0xF8,0xFA,0xFA,0xF3,0x00,0x00,0x00,0xF8,0xFA,0xF8,0x00,
  0x00,0xF8,0xFA,0xF8,0x00,0x00,0x00,0x00,0xF8,0xFA,0xF3,0x00,0x00,0xF8,0xFA,0xF3,0x00,0x00,0x00,0x00,0xF6,0xF8,0xF1,0x00,
  0x00,0xF4,0xF8,0xF6,0x00,0xF4,0xFA,0xF6,0x00,0xF4,0xFA,0xF8,0xF1,0x00,0x00,0xF9,0xFA,0xF3,0xFA,0xFA,0xF2,0x00,0x00,0x00,
  0xF4,0xFA,0xFA,0xFA,0xF2,0x00,0x00,0x00,0x00,0xF1,0xFA,0xFA,0xF4,0x00,0x00,0x00,0x00,0x00,0xF8,0xFA,0xFA,0xF5,0x00,0x00,
  0x00,0x00,0xF6,0xFA,0xF6,0xFA,0xFA,0xF1,0x00,0x00,0xF4,0xFA,0xF8,0xF1,0xF5,0xFA,0xF5,0x00,0x00,0xFA,0xF8,0xF1,0x00,0xF1,
  0xFA,0xFA,0xF1,0x00,0xF8,0xF6,0x00,0x00,0x00,0xF3,0xF8,0xF6,0xF7,0xFA,0xF2,0x00,0xF1,0xFA,0xFA,0xF1,0xF3,0xFA,0xF6,0x00,
  0xF7,0xFA,0xF3,0x00,0x00,0xF8,0xFA,0xF6,0xFA,0xF6,0x00,0x00,0x00,0xF4,0xFA,0xFA,0xF8,0xF1,0x00,0x00,0x00,0x00,0xFA,0xFA,
  0xF2,0x00,0x00,0x00,0x00,0x00,0xFA,0xF8,0x00,0x00,0x00,0x00,0x00,0xF2,0xFA,0xF6,0x00,0x00,0x00,0x00,0x00,0xF4,0xFA,0xF4,
  0x00,0x00,0x00,0x00,0x00,0x00,0xF6,0xF8,0xF8,0xF8,0xF8,0xF8,0xF2,0x00,0x00,0xF8,0xF8,0xF8,0xF8,0xFA,0xFA,0x00,0x00,0x00,
  0x00,0x00,0xF1,0xF8,0xFA,0xF4,0x00,0x00,0x00,0x00,0x00,0xF6,0xFA,0xF6,0x00,0x00,0x00,0x00,0x00,0xF5,0xFA,0xF8,0x00,0x00,
  0x00,0x00,0x00,0xF4,0xFA,0xF8,0xF1,0x00,0x00,0x00,0x00,0xF2,0xFA,0xFA,0xF2,0x00,0x00,0x00,0x00,0x00,0xF9,0xFA,0xF8,0xF5,
  0xF5,0xF5,0xF3,0x00,0xF2,0xFA,0xFA,0xFA,0xFA,0xFA,0xFA,0xF3,0x00,0x00,0xF1,0xF6,0xF8,0xF7,0xF3,0x00,0xF1,0xFA,0xFA,0xF5,
  0xF8,0xFA,0xF1,0x00,0xF3,0xF1,0xF1,0xF6,0xFA,0xF3,0xF2,0xF8,0xFA,0xF9,0xFA,0xFA,0x00,0xFA,0xF9,0xF1,0xF1,0xFA,0xF8,0x00,
  0xFA,0xF9,0xF3,0xF7,0xFA,0xF6,0x00,0xF4,0xFA,0xFA,0xF6,0xFA,0xF6,0x00,0x00,0x00,0xF4,0xF8,0xF1,0x00,0x00,0x00,0x00,0x00,
  0xF8,0xFA,0x00,0x00,0x00,0x00,0x00,0x00,0xFA,0xF9,0xF5,0xF8,0xF4,0x00,0x00,0xF2,0xFA,0xFA,0xF6,0xF8,0xFA,0xF3,0x00,0xF4,
  0xFA,0xF6,0x00,0xF3,0xFA,0xF5,0x00,0xF6,0xFA,0xF3,0x00,0xF3,0xFA,0xF5,0x00,0xF8,0xFA,0xF3,0x00,0xF6,0xFA,0xF3,0x00,0xFA,
  0xFA,0xF7,0xF3,0xFA,0xF8,0x00,0xF2,0xFA,0xF7,0xF8,0xFA,0xF8,0xF2,0x00,0x00,0xF1,0xF5,0xF8,0xF7,0xF2,0xF1,0xF8,0xFA,0xF6,
  0xFA,0xFA,0xF4,0xFA,0xF4,0x00,0xF3,0xF4,0xF7,0xFA,0xF1,0x00,0x00,0x00,0xF8,0xFA,0x00,0x00,0xF3,0x00,0xF5,0xFA,0xF4,0xF6,
  0xFA,0xF5,0xF1,0xF7,0xFA,0xFA,0xF5,0x00,0x00,0x00,0x00,0x00,0x00,0xF4,0xF8,0xF1,0x00,0x00,0x00,0x00,0x00,0xF8,0xFA,0x00,
  0x00,0xF3,0xF7,0xF7,0xF2,0xFA,0xF8,0x00,0xF2,0xFA,0xF8,0xF6,0xFA,0xFA,0xF6,0x00,0xF7,0xFA,0xF1,0x00,0xF8,0xFA,0xF4,0x00,
  0xFA,0xF8,0x00,0x00,0xF8,0xFA,0xF3,0x00,0xFA,0xF8,0x00,0x00,0xF9,0xFA,0x00,0x00,0xF9,0xFA,0xF3,0xF6,0xFA,0xF8,0x00,0x00,
  0xF2,0xFA,0xFA,0xF8,0xFA,0xF6,0x00,0x00,0x00,0xF1,0xF6,0xF8,0xF6,0xF2,0x00,0xF1,0xF8,0xFA,0xF5,0xFA,0xF9,0x00,0xF4,0xFA,
  0xF4,0x00,0xF6,0xFA,0xF3,0xF8,0xFA,0xF8,0xF8,0xF9,0xFA,0xF3,0xF8,0xFA,0xF3,0xF3,0xF3,0xF3,0xF1,0xF4,0xFA,0xF6,0xF3,0xF8,
  0xF6,0x00,0x00,0xF6,0xFA,0xFA,0xF7,0xF1,0x00,0x00,0xF1,0xF6,0xF8,0xF6,0x00,0xF5,0xFA,0xF6,0xF4,0xF4,0xF9,0xFA,0xF6,0xF1,
  0xF8,0xFA,0xFA,0xF8,0xF1,0xF1,0xFA,0xF6,0x00,0x00,0xF3,0xFA,0xF4,0x00,0x00,0xF5,0xFA,0xF3,0x00,0x00,0xF8,0xFA,0xF1,0x00,
  0x00,0xFA,0xF9,0x00,0x00,0x00,0x00,0x00,0xF3,0xF7,0xF7,0xF1,0xF5,0xF4,0x00,0xF2,0xFA,0xF8,0xF6,0xF9,0xFA,0xF6,0x00,0xF7,
  0xFA,0xF1,0x00,0xF7,0xFA,0xF4,0x00,0xFA,0xF8,0x00,0x00,0xF6,0xFA,0xF3,0x00,0xFA,0xF8,0x00,0x00,0xF9,0xFA,0x00,0x00,0xF9,
  0xFA,0xF3,0xF6,0xFA,0xF8,0x00,0x00,0xF2,0xFA,0xFA,0xF8,0xFA,0xF6,0x00,0xF4,0xF7,0xF2,0x00,0xF6,0xFA,0xF3,0x00,0xF2,0xFA,
  0xFA,0xFA,0xFA,0xF8,0x00,0x00,0x00,0x00,0xF3,0xF3,0xF1,0x00,0x00,0x00,0x00,0xF3,0xF8,0xF3,0x00,0x00,0x00,0x00,0xF5,0xFA,
  0xF3,0x00,0x00,0x00,0x00,0xF8,0xFA,0xF2,0xF7,0xF7,0xF1,0x00,0xFA,0xFA,0xF7,0xF7,0xFA,0xF6,0xF1,0xFA,0xF9,0x00,0xF2,0xFA,
  0xF7,0xF3,0xFA,0xF5,0x00,0xF3,0xFA,0xF5,0xF5,0xFA,0xF3,0x00,0xF5,0xFA,0xF3,0xF8,0xFA,0xF1,0x00,0xF8,0xFA,0xF1,0xFA,0xF9,
  0x00,0x00,0xFA,0xF9,0x00,0x00,0xF1,0xF8,0xF5,0x00,0xF1,0xF5,0xF3,0x00,0xF3,0xF5,0xF1,0x00,0xF7,0xFA,0xF1,0x00,0xF9,0xFA,
  0x00,0xF1,0xFA,0xF8,0x00,0xF3,0xFA,0xF5,0x00,0xF5,0xFA,0xF3,0x00,0xF7,0xFA,0xF1,0x00,0x00,0x00,0x00,0xF6,0xF8,0x00,0x00,
  0x00,0xF5,0xF4,0x00,0x00,0xF1,0xF5,0xF3,0x00,0x00,0xF4,0xFA,0xF4,0x00,0x00,0xF6,0xFA,0xF2,0x00,0x00,0xF8,0xFA,0x00,0x00,
  0x00,0xFA,0xF8,0x00,0x00,0xF2,0xFA,0xF6,0x00,0x00,0xF4,0xFA,0xF4,0x00,0xF3,0xF9,0xFA,0xF1,0x00,0xFA,0xFA,0xF6,0x00,0x00,
  0xF3,0xF2,0x00,0x00,0x00,0x00,0x00,0xF4,0xF8,0xF1,0x00,0x00,0x00,0x00,0x00,0xF8,0xFA,0x00,0x00,0x00,0x00,0x00,0x00,0xFA,
  0xF8,0x00,0xF4,0xF5,0xF2,0x00,0xF2,0xFA,0xF6,0xF6,0xFA,0xF6,0x00,0x00,0xF4,0xFA,0xFA,0xFA,0xF6,0x00,0x00,0x00,0xF6,0xFA,
  0xFA,0xFA,0xF3,0x00,0x00,0x00,0xF8,0xFA,0xF5,0xFA,0xF6,0x00,0x00,0x00,0xFA,0xF8,0x00,0xF8,0xFA,0x00,0x00,0xF2,0xFA,0xF6,
  0x00,0xF4,0xFA,0xF3,0x00,0x00,0x00,0xF6,0xF7,0x00,0x00,0xFA,0xF8,0x00,0xF3,0xFA,0xF5,0x00,0xF4,0xFA,0xF4,0x00,0xF6,0xFA,
  0xF2,0x00,0xF8,0xFA,0x00,0x00,0xFA,0xF8,0x00,0xF3,0xFA,0xF6,0x00,0xF4,0xFA,0xF4,0x00,0x00,0x00,0xF5,0xF4,0xF3,0xF8,0xF5,
  0xF1,0xF6,0xF8,0xF3,0x00,0xF3,0xFA,0xF9,0xF6,0xF9,0xFA,0xF8,0xF5,0xFA,0xFA,0x00,0xF4,0xFA,0xF6,0x00,0xF7,0xFA,0xF4,0x00,
  0xF8,0xFA,0x00,0xF6,0xFA,0xF3,0x00,0xF8,0xFA,0x00,0x00,0xFA,0xF8,0x00,0xF8,0xFA,0x00,0x00,0xFA,0xF8,0x00,0xF3,0xFA,0xF5,
  0x00,0xFA,0xF8,0x00,0xF3,0xFA,0xF6,0x00,0xF4,0xFA,0xF3,0xF2,0xFA,0xF6,0x00,0xF4,0xFA,0xF4,0x00,0xF6,0xFA,0xF1,0x00,0xF1,
  0xF5,0xF3,0xF5,0xF8,0xF4,0x00,0x00,0xF5,0xFA,0xF9,0xF6,0xFA,0xFA,0xF1,0x00,0xF6,0xFA,0xF4,0x00,0xF7,0xFA,0xF2,0x00,0xF8,
  0xFA,0x00,0x00,0xF8,0xFA,0x00,0x00,0xFA,0xF8,0x00,0x00,0xFA,0xF8,0x00,0xF3,0xFA,0xF6,0x00,0xF3,0xFA,0xF6,0x00,0xF4,0xFA,
  0xF4,0x00,0xF4,0xFA,0xF4,0x00,0x00,0xF1,0xF6,0xF8,0xF6,0xF2,0x00,0xF2,0xFA,0xF9,0xF5,0xF9,0xFA,0xF1,0xF7,0xFA,0xF1,0x00,
  0xF3,0xFA,0xF4,0xFA,0xF8,0x00,0x00,0xF3,0xFA,0xF5,0xFA,0xF8,0x00,0x00,0xF6,0xFA,0xF3,0xF7,0xFA,0xF4,0xF4,0xFA,0xF8,0x00,
  0xF1,0xF7,0xFA,0xFA,0xF6,0xF1,0x00,0x00,0x00,0xF4,0xF5,0xF3,0xF8,0xF6,0xF1,0x00,0x00,0xFA,0xFA,0xF6,0xF7,0xFA,0xF5,0x00,
  0xF2,0xFA,0xF6,0x00,0xF1,0xFA,0xF8,0x00,0xF4,0xFA,0xF4,0x00,0x00,0xFA,0xF8,0x00,0xF6,0xFA,0xF3,0x00,0xF3,0xFA,0xF6,0x00,
  0xF8,0xFA,0xF8,0xF3,0xF8,0xFA,0xF1,0x00,0xFA,0xF8,0xF6,0xFA,0xF9,0xF2,0x00,0xF2,0xFA,0xF6,0x00,0x00,0x00,0x00,0x00,0xF4,
  0xFA,0xF4,0x00,0x00,0x00,0x00,0x00,0xF1,0xF3,0xF1,0x00,0x00,0x00,0x00,0x00,0x00,0x00,0xF5,0xF8,0xF5,0xF1,0xF5,0xF3,0x00,
  0xF6,0xFA,0xF6,0xF8,0xF9,0xFA,0xF3,0xF2,0xFA,0xF6,0x00,0xF1,0xFA,0xFA,0xF1,0xF4,0xFA,0xF3,0x00,0x00,0xFA,0xF9,0x00,0xF5,
  0xFA,0xF3,0x00,0xF3,0xFA,0xF6,0x00,0xF4,0xFA,0xF7,0xF3,0xF8,0xFA,0xF4,0x00,0x00,0xF6,0xFA,0xF9,0xF8,0xFA,0xF2,0x00,0x00,
  0x00,0x00,0x00,0xF9,0xFA,0x00,0x00,0x00,0x00,0x00,0xF1,0xFA,0xF7,0x00,0x00,0x00,0x00,0x00,0xF1,0xF3,0xF1,0x00,0x00,0x00,
  0xF1,0xF5,0xF3,0xF6,0xF6,0x00,0xF5,0xFA,0xFA,0xF8,0xF4,0x00,0xF6,0xFA,0xF5,0x00,0x00,0x00,0xF8,0xFA,0xF1,0x00,0x00,0x00,
  0xFA,0xF8,0x00,0x00,0x00,0xF3,0xFA,0xF6,0x00,0x00,0x00,0xF4,0xFA,0xF4,0x00,0x00,0x00,0x00,0xF1,0xF6,0xF8,0xF8,0xF4,0x00,
  0x00,0xF8,0xFA,0xF5,0xF8,0xFA,0xF3,0x00,0xFA,0xFA,0xF3,0xF1,0xF1,0x00,0x00,0xF5,0xFA,0xFA,0xFA,0xF4,0x00,0x00,0xF2,0xF1,
  0xF4,0xFA,0xFA,0x00,0xF8,0xFA,0xF4,0xF3,0xF9,0xF9,0x00,0xF2,0xF7,0xFA,0xFA,0xF8,0xF2,0x00,0x00,0x00,0x00,0xF3,0x00,0x00,
  0xF1,0xF8,0xF5,0x00,0xF3,0xF7,0xFA,0xF7,0xF1,0xF6,0xFA,0xFA,0xF8,0xF1,0x00,0xF8,0xFA,0x00,0x00,0x00,0xFA,0xF8,0x00,0x00,
  0xF3,0xFA,0xF5,0x00,0x00,0xF5,0xFA,0xF6,0xF1,0x00,0xF3,0xFA,0xFA,0xF3,0x00,0x00,0xF4,0xF5,0x00,0x00,0xF4,0xF5,0x00,0xFA,
  0xF8,0x00,0x00,0xFA,0xF8,0xF2,0xFA,0xF6,0x00,0xF1,0xFA,0xF6,0xF4,0xFA,0xF4,0x00,0xF3,0xFA,0xF4,0xF6,0xFA,0xF1,0x00,0xF6,
  0xFA,0xF3,0xF8,0xFA,0xF3,0xF5,0xFA,0xFA,0xF1,0xF4,0xFA,0xFA,0xF5,0xF9,0xF9,0x00,0xF3,0xF5,0xF1,0x00,0x00,0xF3,0xF5,0xF3,
  0xFA,0xF4,0x00,0xF1,0xFA,0xF6,0xF1,0xFA,0xF5,0x00,0xF7,0xFA,0xF1,0x00,0xF9,0xF7,0xF3,0xFA,0xF4,0x00,0x00,0xF7,0xF8,0xF9,
  0xF8,0x00,0x00,0x00,0xF5,0xFA,0xFA,0xF3,0x00,0x00,0x00,0xF3,0xFA,0xF6,0x00,0x00,0x00,0xF4,0xF4,0x00,0x00,0xF4,0xF4,0x00,
  0xF2,0xF5,0xF2,0xF6,0xF9,0x00,0xF3,0xFA,0xF8,0x00,0xF8,0xFA,0xF1,0xF5,0xFA,0x00,0xF8,0xFA,0xF8,0xF2,0xFA,0xF5,0x00,0xF4,
  0xFA,0xF2,0xFA,0xF8,0xF8,0xF6,0xFA,0xF1,0x00,0xF3,0xFA,0xF9,0xF8,0xF5,0xF9,0xFA,0xF5,0x00,0x00,0xF3,0xFA,0xFA,0xF4,0xF3,
  0xFA,0xFA,0xF1,0x00,0x00,0x00,0xFA,0xF9,0x00,0xF3,0xFA,0xF5,0x00,0x00,0x00,0x00,0xF1,0xF5,0xF3,0x00,0x00,0xF3,0xF5,0x00,
  0x00,0xF8,0xFA,0xF1,0xF4,0xFA,0xF4,0x00,0x00,0xF3,0xFA,0xF8,0xFA,0xF4,0x00,0x00,0x00,0x00,0xF8,0xFA,0xF4,0x00,0x00,0x00,
  0x00,0xF2,0xFA,0xFA,0xF5,0x00,0x00,0x00,0xF2,0xFA,0xF6,0xF8,0xFA,0xF1,0x00,0xF2,0xFA,0xF6,0x00,0xF3,0xFA,0xF5,0x00,0x00,
  0xF1,0xF5,0xF3,0x00,0x00,0xF4,0xF5,0x00,0xF1,0xFA,0xF6,0x00,0xF3,0xFA,0xF6,0x00,0x00,0xFA,0xF8,0x00,0xF6,0xFA,0xF1,0x00,
  0x00,0xFA,0xF9,0xF1,0xFA,0xF5,0x00,0x00,0x00,0xF8,0xFA,0xF6,0xFA,0xF1,0x00,0x00,0x00,0xF8,0xFA,0xFA,0xF5,0x00,0x00,0x00,
  0x00,0xF5,0xFA,0xF9,0x00,0x00,0x00,0x00,0xF1,0xF8,0xFA,0xF4,0x00,0x00,0x00,0xF4,0xFA,0xFA,0xF6,0x00,0x00,0x00,0x00,0xF1,
  0xF3,0xF2,0x00,0x00,0x00,0x00,0x00,0x00,0xF3,0xF5,0xF5,0xF5,0xF5,0xF3,0x00,0xF6,0xF8,0xF8,0xFA,0xFA,0xF3,0x00,0x00,0x00,
  0xF6,0xFA,0xF6,0x00,0x00,0x00,0xF4,0xFA,0xF8,0x00,0x00,0x00,0xF2,0xFA,0xFA,0xF1,0x00,0x00,0xF1,0xFA,0xFA,0xF4,0xF3,0xF2,
  0x00,0xF4,0xFA,0xFA,0xFA,0xFA,0xF6,0x00,0xF3,0xF8,0xF5,0x00,0xF3,0xF4,0xF8,0xF5,0xF8,0xF8,0xF5,0xF8,0xF4,0xF3,0x00,0xF5,
  0xF8,0xF3,0x00,0x00,0x00,0xF8,0xF4,0xF4,0xF8,0x00,0x00,0xF2,0xF8,0xF2,0xF6,0xF6,0x00,0x00,0xF4,0xF7,0xF8,0xF6,0xF1,0x00,
  0xF5,0xFA,0xF7,0xF6,0xFA,0xF6,0x00,0xF1,0xF3,0x00,0xF2,0xFA,0xF8,0x00,0xF6,0xFA,0xFA,0xF9,0xFA,0xF5,0xF4,0xFA,0xF5,0x00,
  0xF6,0xFA,0xF3,0xF4,0xFA,0xF5,0xF4,0xFA,0xFA,0xF1,0xF1,0xF8,0xFA,0xF8,0xF8,0xFA,0xF1,0x00,0x00,0x00,0x00,0xF6,0xF6,0x00,
  0x00,0x00,0x00,0xF3,0xF6,0xF6,0xF3,0x00,0x00,0x00,0x00,0xF6,0xF6,0x00,0x00,0x00,0xF3,0xF6,0xF8,0xF6,0xF2,0x00,0xF3,0xFA,
  0xF8,0xF5,0xFA,0xF9,0x00,0xF1,0xF3,0xF1,0xF1,0xF8,0xFA,0x00,0xF4,0xF9,0xFA,0xF9,0xFA,0xF8,0xF2,0xFA,0xF7,0xF1,0xF3,0xFA,
  0xF5,0xF2,0xFA,0xF7,0xF3,0xF8,0xFA,0xF3,0x00,0xF6,0xFA,0xF9,0xF7,0xFA,0xF3,0x00,0x00,0x00,0x00,0xF6,0xFA,0xF1,0xFA,0xF4,
  0x00,0x00,0x00,0x00,0xF4,0xF4,0xF1,0xF5,0xF1,0x00,0x00,0x00,0x00,0xF3,0xF8,0xF8,0xF4,0x00,0x00,0x00,0x00,0x00,0xF8,0xFA,
  0xFA,0xF6,0x00,0x00,0x00,0x00,0xF3,0xFA,0xF6,0xFA,0xF8,0x00,0x00,0x00,0x00,0xF9,0xFA,0xF1,0xF9,0xF9,0x00,0x00,0x00,0xF4,
  0xFA,0xF6,0x00,0xF8,0xFA,0x00,0x00,0x00,0xF9,0xFA,0xF6,0xF5,0xF8,0xFA,0xF3,0x00,0xF4,0xFA,0xFA,0xFA,0xFA,0xFA,0xFA,0xF4,
  0x00,0xF9,0xFA,0xF1,0x00,0x00,0xF3,0xFA,0xF5,0xF4,0xFA,0xF5,0x00,0x00,0x00,0xF1,0xFA,0xF8,0x00,0x00,0x00,0x00,0x00,0xF3,
  0xF4,0xF1,0x00,0x00,0x00,0x00,0x00,0x00,0xF8,0xF5,0xF4,0x00,0x00,0x00,0x00,0x00,0xF1,0xFA,0xF9,0xF7,0x00,0x00,0x00,0x00,
  0x00,0xF5,0xFA,0xFA,0xF8,0x00,0x00,0x00,0x00,0xF1,0xFA,0xF9,0xF8,0xFA,0x00,0x00,0x00,0x00,0xF6,0xFA,0xF4,0xF6,0xFA,0xF1,
  0x00,0x00,0xF1,0xFA,0xF9,0x00,0xF5,0xFA,0xF3,0x00,0x00,0xF6,0xFA,0xF8,0xF5,0xF6,0xFA,0xF5,0x00,0xF1,0xFA,0xFA,0xFA,0xFA,
  0xFA,0xFA,0xF6,0x00,0xF6,0xFA,0xF3,0x00,0x00,0x00,0xFA,0xF8,0xF1,0xFA,0xF8,0x00,0x00,0x00,0x00,0xF8,0xFA,0x00,0x00,0xF2,
  0xF8,0xF2,0xF6,0xF6,0x00,0x00,0xF4,0xF8,0x00,0xF8,0xF4,0x00,0x00,0xF4,0xF8,0xF8,0xF4,0x00,0x00,0xF6,0xFA,0xF6,0xF6,0xFA,
  0xF6,0xF2,0xFA,0xF6,0x00,0x00,0xF8,0xFA,0xF5,0xFA,0xF3,0x00,0x00,0xF8,0xFA,0xF5,0xFA,0xF3,0x00,0xF1,0xFA,0xF8,0xF2,0xFA,
  0xF8,0xF3,0xF8,0xFA,0xF3,0x00,0xF4,0xF9,0xFA,0xF9,0xF3,0x00,0x00,0x00,0x00,0xF3,0xFA,0xF2,0xF8,0xF7,0x00,0x00,0x00,0x00,
  0xF3,0xF5,0x00,0xF5,0xF3,0x00,0x00,0x00,0xF3,0xF7,0xFA,0xFA,0xF7,0xF1,0x00,0x00,0xF4,0xFA,0xF9,0xF5,0xF6,0xFA,0xF8,0x00,
  0xF1,0xFA,0xFA,0xF1,0x00,0x00,0xF5,0xFA,0xF3,0xF4,0xFA,0xF4,0x00,0x00,0x00,0xF3,0xFA,0xF5,0xF7,0xFA,0xF1,0x00,0x00,0x00,
  0xF3,0xFA,0xF5,0xF8,0xFA,0x00,0x00,0x00,0x00,0xF6,0xFA,0xF3,0xF6,0xFA,0xF1,0x00,0x00,0xF1,0xFA,0xF9,0x00,0xF3,0xFA,0xF8,
  0xF3,0xF4,0xF9,0xFA,0xF3,0x00,0x00,0xF5,0xFA,0xFA,0xFA,0xF9,0xF3,0x00,0x00,
};
const JnbGobEntry font_gob[81] = {
  {4,10,0,-1,0},
  {5,4,0,-1,40},
  {3,4,0,-1,60},
  {5,12,0,0,72},
  {6,12,0,0,132},
  {3,5,0,-8,204},
  {5,3,0,-4,219},
  {3,3,0,-8,234},
  {6,10,0,-1,243},
  {7,10,0,-1,303},
  {5,10,0,-1,373},
  {7,10,0,-1,423},
  {7,10,0,-1,493},
  {7,10,0,-1,563},
  {7,10,0,-1,633},
  {7,10,0,-1,703},
  {7,10,0,-1,773},
  {7,10,0,-1,843},
  {7,10,0,-1,913},
  {4,7,0,-3,983},
  {4,9,0,-3,1011},
  {12,11,0,0,1047},
  {9,9,0,-1,1179},
  {9,9,0,-1,1260},
  {9,10,0,-1,1341},
  {9,9,0,-1,1431},
  {9,9,0,-1,1512},
  {8,9,0,-1,1593},
  {9,10,0,-1,1665},
  {9,9,0,-1,1755},
  {4,9,0,-1,1836},
  {8,10,0,-1,1872},
  {10,9,0,-1,1952},
  {7,9,0,-1,2042},
  {11,9,0,-1,2105},
  {10,9,0,-1,2204},
  {9,10,0,-1,2294},
  {9,9,0,-1,2384},
  {9,10,0,-1,2465},
  {9,9,0,-1,2555},
  {8,10,0,-1,2636},
  {8,9,0,-1,2716},
  {9,10,0,-1,2788},
  {9,9,0,-1,2878},
  {12,9,0,-1,2959},
  {9,9,0,-1,3067},
  {8,9,0,-1,3148},
  {9,9,0,-1,3220},
  {7,7,0,-3,3301},
  {8,9,0,-1,3350},
  {6,7,0,-3,3422},
  {8,9,0,-1,3464},
  {7,7,0,-3,3536},
  {5,9,0,-1,3585},
  {8,10,0,-3,3630},
  {7,9,0,-1,3710},
  {4,9,0,-1,3773},
  {5,12,0,-1,3809},
  {8,9,0,-1,3869},
  {4,9,0,-1,3941},
  {11,7,0,-3,3977},
  {8,7,0,-3,4054},
  {7,7,0,-3,4110},
  {8,10,0,-3,4159},
  {8,10,0,-3,4239},
  {6,7,0,-3,4319},
  {7,7,0,-3,4361},
  {5,9,0,-1,4410},
  {7,7,0,-3,4455},
  {7,7,0,-3,4504},
  {10,7,0,-3,4553},
  {8,7,0,-3,4623},
  {8,10,0,-3,4679},
  {7,7,0,-3,4759},
  {6,3,0,-4,4808},
  {7,9,0,-1,4826},
  {7,10,0,0,4889},
  {9,11,0,1,4959},
  {9,11,0,1,5058},
  {7,9,0,-1,5157},
  {9,11,0,1,5220},
};

