/* Automatisch erzeugt von tools/convert_assets.py - nicht von Hand aendern.
 * Inhalt: Originaldaten von Jump 'n Bump (c) 1998 Brainchild Design, GPL2+.
 */
#include "assets_title.h"

const uint16_t jnb_title[67200] = {
  0x632C,0x528A,0x4A49,0x4A48,0x4A49,0x4A49,0x4A69,0x630C,0x6B6D,0x6B4D,0x6B6D,0x6B6D,0x5ACB,0x4228,0x4A49,0x4A49,
  0x4A49,0x4A49,0x4208,0x2965,0x2985,0x2986,0x2985,0x2986,0x1291,0x0359,0x0358,0x0358,0x0358,0x0358,0x0358,0x0358,
  0x0358,0x0358,0x0358,0x0358,0x0358,0x0358,0x0358,0x0358,0x0358,0x0358,0x0358,0x0358,0x0358,0x0358,0x0358,0x0358,
  0x0358,0x0358,0x0358,0x0358,0x0358,0x0358,0x0358,0x0358,0x0358,0x0358,0x0358,0x0358,0x0358,0x0358,0x0358,0x0358,
  0x0358,0x0358,0x0358,0x0358,0x0358,0x0358,0x0358,0x0358,0x0358,0x0358,0x0358,0x0358,0x0358,0x0358,0x0358,0x0358,
  0x0358,0x0358,0x0358,0x0358,0x0358,0x0358,0x0358,0x0358,0x0358,0x0358,0x0358,0x0358,0x0358,0x0358,0x0358,0x0358,
  0x0358,0x0358,0x0358,0x0358,0x0358,0x0358,0x0358,0x0358,0x0358,0x0B58,0x0358,0x0358,0x0358,0x0358,0x0358,0x0358,
  0x0358,0x0358,0x0358,0x0358,0x0358,0x0358,0x0358,0x0358,0x0358,0x0358,0x0358,0x0358,0x0358,0x0358,0x0358,0x0358,
  0x0358,0x0358,0x0358,0x0358,0x0358,0x0358,0x0358,0x0358,0x0358,0x0358,0x0358,0x0358,0x0358,0x0358,0x0358,0x0358,
  0x0358,0x0358,0x0358,0x0358,0x0358,0x0358,0x0358,0x0358,0x0358,0x0358,0x0358,0x0358,0x0358,0x0358,0x0358,0x0358,
  0x0358,0x0358,0x0358,0x0358,0x0358,0x0358,0x0358,0x0358,0x0358,0x0358,0x0359,0x0358,0x0358,0x0358,0x0358,0x0358,
  0x0358,0x0358,0x0358,0x0358,0x0358,0x0358,0x0358,0x0358,0x0358,0x0358,0x0358,0x0358,0x0358,0x0358,0x0358,0x0358,
  0x0358,0x0358,0x0358,0x0358,0x0358,0x0358,0x0358,0x0358,0x0358,0x0358,0x0358,0x0358,0x0358,0x0358,0x0358,0x0358,
  0x0358,0x0358,0x0358,0x0358,0x0358,0x0358,0x0358,0x0358,0x0358,0x0358,0x0358,0x0358,0x0358,0x0358,0x0358,0x0358,
  0x0358,0x0358,0x0358,0x0358,0x0358,0x0358,0x0358,0x0358,0x0358,0x0358,0x0358,0x0358,0x0358,0x0358,0x0358,0x0B58,
  0x632C,0x528A,0x4A49,0x4A49,0x4A69,0x4A49,0x4A69,0x630C,0x6B6D,0x6B4D,0x6B4D,0x6B6D,0x5ACB,0x4A49,0x4A49,0x4A49,
  0x4A49,0x4A49,0x4208,0x2965,0x2985,0x2986,0x2985,0x2986,0x1AB1,0x0358,0x0358,0x0358,0x0358,0x0358,0x0358,0x0358,
  0x0358,0x0358,0x0358,0x0358,0x0358,0x0358,0x0358,0x0358,0x0358,0x0358,0x0358,0x0358,0x0358,0x0358,0x0358,0x0358,
  0x0358,0x0358,0x0358,0x0358,0x0358,0x0358,0x0358,0x0358,0x0358,0x0358,0x0358,0x0358,0x0358,0x0358,0x0358,0x0358,
  0x0358,0x0358,0x0358,0x0358,0x0358,0x0358,0x0358,0x0358,0x0358,0x0358,0x0358,0x0358,0x0358,0x0358,0x0358,0x0358,
  0x0358,0x0358,0x0358,0x0358,0x0358,0x0358,0x0358,0x0358,0x0358,0x0358,0x0358,0x0358,0x0358,0x0358,0x0358,0x0358,
  0x0358,0x0358,0x0358,0x0358,0x0358,0x0358,0x0358,0x0358,0x0358,0x0358,0x0358,0x0358,0x0358,0x0358,0x0358,0x0358,
  0x0358,0x0358,0x0358,0x0358,0x0358,0x0358,0x0358,0x0358,0x0358,0x0358,0x0358,0x0358,0x0358,0x0358,0x0358,0x0358,
  0x0358,0x0358,0x0358,0x0358,0x0358,0x0358,0x0358,0x0358,0x0358,0x0358,0x0358,0x0358,0x0358,0x0358,0x0358,0x0358,
  0x0358,0x0358,0x0358,0x0358,0x0358,0x0358,0x0358,0x0358,0x0358,0x0358,0x0358,0x0358,0x0358,0x0358,0x0358,0x0358,
  0x0358,0x0358,0x0358,0x0358,0x0358,0x0358,0x0358,0x0358,0x0358,0x0358,0x0358,0x0358,0x0358,0x0358,0x0358,0x0358,
  0x0358,0x0358,0x0358,0x0358,0x0358,0x0358,0x0358,0x0358,0x0358,0x0358,0x0358,0x0358,0x0358,0x0358,0x0358,0x0358,
  0x0358,0x0358,0x0358,0x0358,0x0358,0x0358,0x0358,0x0358,0x0358,0x0358,0x0358,0x0358,0x0358,0x0358,0x0358,0x0358,
  0x0358,0x0358,0x0358,0x0358,0x0358,0x0358,0x0358,0x0358,0x0358,0x0358,0x0358,0x0358,0x0358,0x0358,0x0358,0x0358,
  0x0358,0x0358,0x0358,0x0358,0x0358,0x0358,0x0358,0x0358,0x0358,0x0358,0x0358,0x0358,0x0358,0x0B58,0x0358,0x0B58,
  0x632C,0x52AA,0x4A49,0x4A49,0x4A49,0x4A49,0x4A69,0x630C,0x6B4D,0x6B6D,0x6B4D,0x6B6D,0x5ACB,0x4A49,0x4A49,0x4A49,
  0x4A69,0x4A69,0x4208,0x2965,0x2986,0x2986,0x2986,0x2986,0x1AB1,0x0358,0x0358,0x0358,0x0358,0x0358,0x0358,0x0358,
  0x0358,0x0358,0x0358,0x0358,0x0358,0x0358,0x0358,0x0358,0x0358,0x0358,0x0358,0x0358,0x0358,0x0358,0x0358,0x0358,
  0x0358,0x0358,0x0358,0x0358,0x0358,0x0358,0x0358,0x0358,0x0358,0x0358,0x0358,0x0358,0x0358,0x0358,0x0358,0x0358,
  0x0358,0x0358,0x0358,0x0358,0x0358,0x0358,0x0358,0x0358,0x0358,0x0358,0x0358,0x0358,0x0358,0x0358,0x0358,0x0358,
  0x0358,0x0358,0x0358,0x0358,0x0358,0x0358,0x0358,0x0358,0x0358,0x0358,0x0358,0x0358,0x0358,0x0358,0x0358,0x0358,
  0x0358,0x0358,0x0358,0x0358,0x0358,0x0358,0x0358,0x0358,0x0358,0x0358,0x0358,0x0358,0x0358,0x0358,0x0358,0x0358,
  0x0358,0x0358,0x0358,0x0358,0x0358,0x0358,0x0358,0x0358,0x0358,0x0358,0x0358,0x0358,0x0358,0x0358,0x0358,0x0358,
  0x0358,0x0358,0x0358,0x0358,0x0358,0x0358,0x0358,0x0358,0x0358,0x0358,0x0358,0x0358,0x0358,0x0358,0x0358,0x0358,
  0x0358,0x0358,0x0358,0x0358,0x0358,0x0358,0x0358,0x0358,0x0358,0x0358,0x0358,0x0358,0x0358,0x0358,0x0358,0x0358,
  0x0358,0x0358,0x0358,0x0358,0x0358,0x0358,0x0358,0x0358,0x0358,0x0358,0x0358,0x0358,0x0358,0x0358,0x0358,0x0358,
  0x0358,0x0358,0x0358,0x0358,0x0358,0x0358,0x0358,0x0358,0x0358,0x0358,0x0358,0x0358,0x0358,0x0358,0x0358,0x0358,
  0x0358,0x0358,0x0358,0x0358,0x0358,0x0358,0x0358,0x0358,0x0358,0x0358,0x0358,0x0358,0x0358,0x0358,0x0358,0x0358,
  0x0358,0x0358,0x0358,0x0358,0x0358,0x0358,0x0358,0x0358,0x0358,0x0358,0x0358,0x0358,0x0358,0x0358,0x0358,0x0358,
  0x0358,0x0358,0x0358,0x0358,0x0358,0x0358,0x0358,0x0358,0x0358,0x0358,0x0358,0x0358,0x0358,0x0358,0x0358,0x0B58,
  0x632D,0x52AA,0x4A48,0x4A49,0x4A69,0x4A49,0x4A69,0x630C,0x6B6D,0x6B6D,0x6B4D,0x6B6D,0x5ACA,0x4A49,0x4A49,0x4A49,
  0x4A69,0x4A69,0x4208,0x2965,0x2986,0x2986,0x2985,0x2966,0x1290,0x0358,0x0358,0x0358,0x0358,0x0358,0x0358,0x0358,
  0x0358,0x0358,0x0358,0x0358,0x0358,0x0358,0x0358,0x0358,0x0358,0x0358,0x0358,0x0358,0x0358,0x0358,0x0358,0x0358,
  0x0358,0x0358,0x0358,0x0358,0x0358,0x0358,0x0358,0x0358,0x0358,0x0358,0x0358,0x0358,0x0358,0x0358,0x0358,0x0358,
  0x0358,0x0358,0x0358,0x0358,0x0358,0x0358,0x0358,0x0358,0x0358,0x0358,0x0358,0x0358,0x0358,0x0358,0x0358,0x0358,
  0x0358,0x0358,0x0358,0x0358,0x0358,0x0358,0x0358,0x0358,0x0358,0x0358,0x0358,0x0358,0x0358,0x0358,0x0358,0x0358,
  0x0358,0x0358,0x0358,0x0358,0x0358,0x0358,0x0358,0x0358,0x0358,0x0358,0x0358,0x0358,0x0358,0x0358,0x0358,0x0358,
  0x0358,0x0358,0x0358,0x0358,0x0358,0x0358,0x0358,0x0358,0x0358,0x0358,0x0358,0x0358,0x0358,0x0358,0x0358,0x0358,
  0x0358,0x0358,0x0358,0x0358,0x0358,0x0358,0x0358,0x0358,0x0358,0x0358,0x0358,0x0358,0x0358,0x0358,0x0358,0x0358,
  0x0358,0x0358,0x0358,0x0358,0x0358,0x0358,0x0358,0x0358,0x0358,0x0358,0x0358,0x0358,0x0358,0x0358,0x0358,0x0358,
  0x0358,0x0358,0x0358,0x0358,0x0358,0x0358,0x0358,0x0358,0x0358,0x0358,0x0358,0x0358,0x0358,0x0358,0x0358,0x0358,
  0x0358,0x0358,0x0358,0x0358,0x0358,0x0358,0x0358,0x0358,0x0358,0x0358,0x0358,0x0358,0x0358,0x0358,0x0358,0x0358,
  0x0358,0x0358,0x0358,0x0358,0x0358,0x0358,0x0358,0x0358,0x0358,0x0358,0x0358,0x0358,0x0358,0x0358,0x0358,0x0358,
  0x0358,0x0358,0x0358,0x0358,0x0358,0x0358,0x0358,0x0358,0x0358,0x0358,0x0358,0x0358,0x0358,0x0358,0x0358,0x0358,
  0x0358,0x0358,0x0358,0x0358,0x0358,0x0358,0x0358,0x0358,0x0358,0x0358,0x0358,0x0358,0x0358,0x0358,0x0358,0x0B58,
  0x632C,0x52AA,0x4A49,0x4A49,0x4A49,0x4A69,0x4A69,0x630C,0x6B6D,0x6B6D,0x6B6D,0x6B6D,0x5ACB,0x4A49,0x4A49,0x4A49,
  0x4A49,0x4A49,0x4208,0x2965,0x2986,0x2986,0x2965,0x2986,0x1290,0x0358,0x0358,0x0358,0x0358,0x0358,0x0358,0x0358,
  0x0358,0x0358,0x0358,0x0358,0x0358,0x0358,0x0358,0x0358,0x0358,0x0358,0x0358,0x0358,0x0358,0x0358,0x0358,0x0358,
  0x0358,0x0358,0x0358,0x0358,0x0358,0x0358,0x0358,0x0358,0x0358,0x0358,0x0358,0x0358,0x0358,0x0358,0x0358,0x0358,
  0x0358,0x0358,0x0358,0x0358,0x0358,0x0358,0x0358,0x0358,0x0358,0x0358,0x0358,0x0358,0x0358,0x0358,0x0358,0x0358,
  0x0358,0x0358,0x0358,0x0358,0x0358,0x0358,0x0358,0x0358,0x0358,0x0358,0x0358,0x0358,0x0358,0x0358,0x0358,0x0358,
  0x0358,0x0358,0x0358,0x0358,0x0358,0x0358,0x0358,0x0358,0x0358,0x0358,0x0358,0x0358,0x0358,0x0358,0x0358,0x0358,
  0x0358,0x0358,0x0358,0x0358,0x0358,0x0358,0x0358,0x0358,0x0358,0x0358,0x0358,0x0358,0x0358,0x0358,0x0358,0x0358,
  0x0358,0x0358,0x0358,0x0358,0x0358,0x0358,0x0358,0x0358,0x0358,0x0358,0x0358,0x0358,0x0358,0x0358,0x0358,0x0358,
  0x0358,0x0358,0x0358,0x0358,0x0358,0x0358,0x0358,0x0358,0x0358,0x0358,0x0358,0x0358,0x0358,0x0358,0x0358,0x0358,
  0x0358,0x0358,0x0358,0x0358,0x0358,0x0358,0x0358,0x0358,0x0358,0x0358,0x0358,0x0358,0x0358,0x0358,0x0358,0x0358,
  0x0358,0x0358,0x0358,0x0358,0x0358,0x0358,0x0358,0x0358,0x0358,0x0358,0x0358,0x0358,0x0358,0x0358,0x0358,0x0358,
  0x0358,0x0358,0x0358,0x0358,0x0358,0x0358,0x0358,0x0358,0x0358,0x0358,0x0358,0x0358,0x0358,0x0358,0x0358,0x0358,
  0x0358,0x0358,0x0358,0x0358,0x0358,0x0358,0x0358,0x0358,0x0358,0x0358,0x0358,0x0358,0x0358,0x0358,0x0358,0x0358,
  0x0358,0x0358,0x0358,0x0358,0x0358,0x0358,0x0358,0x0358,0x0358,0x0358,0x0358,0x0358,0x0358,0x0358,0x0358,0x0358,
  0x632C,0x52AA,0x4A49,0x4A49,0x4A49,0x4A69,0x4A69,0x630C,0x6B4D,0x6B4D,0x6B6D,0x6B6D,0x5ACB,0x4A49,0x4A49,0x4A49,
  0x4A49,0x4A49,0x4208,0x2965,0x3186,0x2986,0x2985,0x2986,0x1A90,0x0358,0x0358,0x0358,0x0358,0x0358,0x0358,0x0358,
  0x0358,0x0358,0x0358,0x0358,0x0358,0x0358,0x0358,0x0358,0x0358,0x0358,0x0358,0x0358,0x0358,0x0358,0x0358,0x0358,
  0x0358,0x0358,0x0358,0x0358,0x0358,0x0358,0x0358,0x0358,0x0358,0x0358,0x0358,0x0358,0x0358,0x0358,0x0358,0x0358,
  0x0358,0x0358,0x0358,0x0358,0x0358,0x0358,0x0358,0x0358,0x0358,0x0358,0x0358,0x0358,0x0358,0x0358,0x0358,0x0358,
  0x0358,0x0358,0x0358,0x0358,0x0358,0x0358,0x0358,0x0358,0x0358,0x0358,0x0358,0x0358,0x0358,0x0358,0x0358,0x0358,
  0x0358,0x0358,0x0358,0x0358,0x0358,0x0358,0x0358,0x0358,0x0358,0x0358,0x0358,0x0358,0x0358,0x0358,0x0358,0x0358,
  0x0358,0x0358,0x0358,0x0358,0x0358,0x0358,0x0358,0x0358,0x0358,0x0358,0x0358,0x0358,0x0358,0x0358,0x0358,0x0358,
  0x0358,0x0358,0x0358,0x0358,0x0358,0x0358,0x0358,0x0358,0x0358,0x0358,0x0358,0x0358,0x0358,0x0358,0x0358,0x0358,
  0x0358,0x0358,0x0358,0x0358,0x0358,0x0358,0x0358,0x0358,0x0358,0x0358,0x0358,0x0358,0x0358,0x0358,0x0358,0x0358,
  0x0358,0x0358,0x0358,0x0358,0x0358,0x0358,0x0358,0x0358,0x0358,0x0358,0x0358,0x0358,0x0358,0x0358,0x0358,0x0358,
  0x0358,0x0358,0x0358,0x0358,0x0358,0x0358,0x0358,0x0358,0x0358,0x0358,0x0358,0x0358,0x0358,0x0358,0x0358,0x0358,
  0x0358,0x0358,0x0358,0x0358,0x0358,0x0358,0x0358,0x0358,0x0358,0x0358,0x0358,0x0358,0x0358,0x0358,0x0358,0x0358,
  0x0358,0x0358,0x0358,0x0358,0x0358,0x0358,0x0358,0x0358,0x0358,0x0358,0x0358,0x0358,0x0358,0x0358,0x0358,0x0358,
  0x0358,0x0358,0x0358,0x0358,0x0358,0x0358,0x0358,0x0358,0x0358,0x0358,0x0358,0x0358,0x0358,0x0358,0x0358,0x0358,
  0x632C,0x52AA,0x4A49,0x4A49,0x4A69,0x4A49,0x4A69,0x630C,0x6B4D,0x6B6D,0x6B6D,0x6B6D,0x5ACB,0x4A49,0x4A49,0x4A49,
  0x4A49,0x4A49,0x4208,0x2965,0x3186,0x2986,0x2985,0x2986,0x1A90,0x0358,0x0358,0x0358,0x0358,0x0358,0x0358,0x0358,
  0x0358,0x0358,0x0358,0x0358,0x0358,0x0358,0x0358,0x0358,0x0358,0x0358,0x0358,0x0358,0x0358,0x0358,0x0358,0x0358,
  0x0358,0x0358,0x0358,0x0358,0x0358,0x0358,0x0358,0x0358,0x0358,0x0358,0x0358,0x0358,0x0358,0x0358,0x0358,0x0358,
  0x0358,0x0358,0x0358,0x0358,0x0358,0x0358,0x0358,0x0358,0x0358,0x0358,0x0358,0x0358,0x0358,0x0358,0x0358,0x0358,
  0x0358,0x0358,0x0358,0x0358,0x0358,0x0358,0x0358,0x0358,0x0358,0x0358,0x0358,0x0358,0x0358,0x0358,0x0358,0x0358,
  0x0358,0x0358,0x0358,0x0358,0x0358,0x0358,0x0358,0x0358,0x0358,0x0358,0x0358,0x0358,0x0358,0x0358,0x0358,0x0358,
  0x0358,0x0358,0x0358,0x0358,0x0358,0x0358,0x0358,0x0358,0x0358,0x0358,0x0358,0x0358,0x0358,0x0358,0x0358,0x0358,
  0x0358,0x0358,0x0358,0x0358,0x0358,0x0358,0x0358,0x0358,0x0358,0x0358,0x0358,0x0358,0x0358,0x0358,0x0358,0x0358,
  0x0358,0x0358,0x0358,0x0358,0x0358,0x0358,0x0358,0x0358,0x0358,0x0358,0x0358,0x0358,0x0358,0x0358,0x0358,0x0358,
  0x0358,0x0358,0x0358,0x0358,0x0358,0x0358,0x0358,0x0358,0x0359,0x0358,0x0358,0x0358,0x0358,0x0358,0x0358,0x0358,
  0x0358,0x0358,0x0358,0x0358,0x0358,0x0358,0x0358,0x0358,0x0358,0x0358,0x0358,0x0358,0x0358,0x0358,0x0358,0x0358,
  0x0358,0x0358,0x0358,0x0358,0x0358,0x0358,0x0358,0x0358,0x0358,0x0358,0x0358,0x0358,0x0358,0x0358,0x0358,0x0358,
  0x0358,0x0358,0x0358,0x0358,0x0358,0x0358,0x0358,0x0358,0x0358,0x0358,0x0358,0x0358,0x0358,0x0358,0x0358,0x0358,
  0x0358,0x0358,0x0358,0x0358,0x0358,0x0358,0x0358,0x0358,0x0358,0x0358,0x0358,0x0358,0x0358,0x0358,0x0358,0x0B58,
  0x632C,0x52AA,0x4A49,0x4A69,0x4A69,0x4A69,0x4A69,0x630C,0x6B4D,0x6B6D,0x6B6D,0x6B6D,0x5ACB,0x4A48,0x4A49,0x4A49,
  0x4A49,0x4A49,0x4208,0x3185,0x3186,0x2986,0x2986,0x2986,0x1A90,0x0358,0x0358,0x0358,0x0358,0x0358,0x0358,0x0358,
  0x0358,0x0358,0x0358,0x0358,0x0358,0x0358,0x0358,0x0358,0x0358,0x0358,0x0358,0x0358,0x0358,0x0358,0x0358,0x0358,
  0x0358,0x0358,0x0358,0x0358,0x0358,0x0358,0x0358,0x0358,0x0358,0x0358,0x0358,0x0358,0x0358,0x0358,0x0358,0x0358,
  0x0358,0x0358,0x0358,0x0358,0x0358,0x0358,0x0358,0x0358,0x0358,0x0358,0x0359,0x0358,0x0358,0x0358,0x0358,0x0358,
  0x0358,0x0358,0x0358,0x0358,0x0358,0x0358,0x0358,0x0358,0x0358,0x0358,0x0358,0x0358,0x0358,0x0358,0x0358,0x0358,
  0x0358,0x0358,0x0358,0x0358,0x0358,0x0358,0x0358,0x0358,0x0358,0x0358,0x0358,0x0358,0x0358,0x0358,0x0358,0x0358,
  0x0359,0x0358,0x0358,0x0358,0x0358,0x0358,0x0358,0x0358,0x0358,0x0358,0x0358,0x0358,0x0358,0x0358,0x0358,0x0358,
  0x0358,0x0358,0x0358,0x0358,0x0358,0x0358,0x0358,0x0358,0x0358,0x0358,0x0358,0x0358,0x0358,0x0358,0x0358,0x0358,
  0x0358,0x0358,0x0358,0x0358,0x0338,0x0358,0x0358,0x0358,0x0358,0x0358,0x0358,0x0358,0x0358,0x0358,0x0358,0x0358,
  0x0358,0x0358,0x0358,0x0358,0x0358,0x0358,0x0358,0x0358,0x0358,0x0358,0x0358,0x0358,0x0358,0x0359,0x0358,0x0358,
  0x0358,0x0358,0x0358,0x0358,0x0358,0x0358,0x0358,0x0358,0x0358,0x0358,0x0358,0x0358,0x0358,0x0358,0x0358,0x0358,
  0x0358,0x0358,0x0358,0x0358,0x0358,0x0358,0x0358,0x0358,0x0358,0x0358,0x0358,0x0358,0x0358,0x0358,0x0358,0x0358,
  0x0358,0x0358,0x0358,0x0358,0x0358,0x0358,0x0358,0x0358,0x0358,0x0358,0x0358,0x0358,0x0358,0x0358,0x0358,0x0358,
  0x0358,0x0358,0x0358,0x0358,0x0358,0x0358,0x0358,0x0358,0x0358,0x0358,0x0358,0x0358,0x0358,0x0358,0x0358,0x0B58,
  0x632C,0x528A,0x4A49,0x4A49,0x4A69,0x4A49,0x4A69,0x630C,0x6B6D,0x6B4D,0x6B6D,0x6B6D,0x5ACB,0x4A49,0x4A49,0x4A49,
  0x4A69,0x4A49,0x4208,0x3165,0x2986,0x2986,0x2985,0x2986,0x1A90,0x0358,0x0358,0x0358,0x0358,0x0358,0x0358,0x0358,
  0x0358,0x0358,0x0358,0x0358,0x0358,0x0358,0x0358,0x0358,0x0358,0x0358,0x0358,0x0358,0x0358,0x0358,0x0358,0x0358,
  0x0358,0x0358,0x0358,0x0358,0x0358,0x0358,0x0358,0x0358,0x0358,0x0358,0x0358,0x0358,0x0358,0x0358,0x0358,0x0358,
  0x0358,0x0358,0x0358,0x0358,0x0358,0x0358,0x0358,0x0358,0x0358,0x0358,0x0358,0x0358,0x0358,0x0358,0x0358,0x0358,
  0x0358,0x0358,0x0358,0x0358,0x0358,0x0358,0x0358,0x0358,0x0358,0x0358,0x0358,0x0358,0x0358,0x0358,0x0358,0x0358,
  0x0358,0x0358,0x0358,0x0358,0x0358,0x0358,0x0358,0x0338,0x0338,0x0358,0x0358,0x0358,0x0358,0x0358,0x0338,0x0338,
  0x0358,0x0358,0x0358,0x0358,0x0358,0x0358,0x0358,0x0358,0x0358,0x0358,0x0358,0x0358,0x0358,0x0358,0x0358,0x0358,
  0x0358,0x0358,0x0358,0x0358,0x0358,0x0358,0x0358,0x0358,0x0358,0x0358,0x0358,0x0338,0x0338,0x0338,0x0358,0x0338,
  0x0358,0x0358,0x0338,0x0338,0x0338,0x0358,0x0358,0x0358,0x0338,0x0358,0x0338,0x0338,0x0358,0x0358,0x0358,0x0358,
  0x0358,0x0358,0x0358,0x0358,0x0358,0x0358,0x0358,0x0358,0x0358,0x0358,0x0358,0x0358,0x0358,0x0358,0x0358,0x0358,
  0x0358,0x0358,0x0358,0x0358,0x0358,0x0358,0x0358,0x0358,0x0358,0x0358,0x0358,0x0358,0x0358,0x0358,0x0358,0x0358,
  0x0358,0x0358,0x0358,0x0358,0x0358,0x0358,0x0358,0x0358,0x0358,0x0358,0x0358,0x0358,0x0358,0x0358,0x0358,0x0358,
  0x0338,0x0358,0x0358,0x0358,0x0358,0x0358,0x0358,0x0358,0x0358,0x0358,0x0358,0x0358,0x0358,0x0358,0x0358,0x0358,
  0x0358,0x0358,0x0358,0x0358,0x0358,0x0358,0x0358,0x0358,0x0358,0x0358,0x0358,0x0358,0x0358,0x0358,0x0358,0x0B58,
  0x630C,0x528A,0x4A49,0x4A49,0x4A49,0x4A69,0x4A69,0x630C,0x6B4D,0x6B4D,0x6B4D,0x6B6D,0x5AEB,0x4A49,0x4A49,0x4A49,
  0x4A69,0x4A69,0x4208,0x2965,0x2986,0x3186,0x2986,0x2986,0x1A90,0x0358,0x0358,0x0358,0x0358,0x0358,0x0358,0x0358,
  0x0358,0x0358,0x0358,0x0358,0x0358,0x0358,0x0358,0x0358,0x0358,0x0358,0x0358,0x0358,0x0338,0x0358,0x0358,0x0358,
  0x0358,0x0358,0x0358,0x0358,0x0358,0x0358,0x0358,0x0358,0x0358,0x0358,0x0358,0x0358,0x0358,0x0358,0x0358,0x0358,
  0x0358,0x0358,0x0358,0x0358,0x0358,0x0358,0x0358,0x0358,0x0358,0x0358,0x0358,0x0358,0x0358,0x0358,0x0358,0x0358,
  0x0358,0x0358,0x0358,0x0358,0x0358,0x0358,0x0358,0x0358,0x0358,0x0358,0x0338,0x0358,0x0338,0x0358,0x0358,0x0358,
  0x0358,0x0358,0x0358,0x0358,0x0358,0x0358,0x0338,0x0338,0x0338,0x0338,0x0338,0x0358,0x0358,0x0358,0x0338,0x0358,
  0x0358,0x0358,0x0358,0x0358,0x0358,0x0358,0x0358,0x0358,0x0358,0x0358,0x0358,0x0358,0x0358,0x0358,0x0358,0x0358,
  0x0358,0x0358,0x0358,0x0358,0x0358,0x0358,0x0358,0x0358,0x0358,0x0358,0x0358,0x0358,0x0358,0x0338,0x0358,0x0338,
  0x0358,0x0358,0x0358,0x0358,0x0358,0x0358,0x0338,0x0338,0x0358,0x0358,0x0358,0x0338,0x0358,0x0358,0x0358,0x0358,
  0x0358,0x0358,0x0358,0x0358,0x0358,0x0358,0x0358,0x0358,0x0358,0x0358,0x0358,0x0358,0x0358,0x0358,0x0358,0x0358,
  0x0358,0x0358,0x0358,0x0358,0x0358,0x0358,0x0358,0x0358,0x0358,0x0358,0x0358,0x0358,0x0358,0x0358,0x0358,0x0358,
  0x0358,0x0358,0x0358,0x0358,0x0338,0x0358,0x0358,0x0358,0x0358,0x0358,0x0358,0x0358,0x0358,0x0358,0x0358,0x0338,
  0x0358,0x0358,0x0358,0x0358,0x0358,0x0358,0x0358,0x0358,0x0358,0x0358,0x0358,0x0358,0x0358,0x0358,0x0358,0x0358,
  0x0358,0x0358,0x0358,0x0358,0x0358,0x0358,0x0358,0x0358,0x0358,0x0358,0x0358,0x0358,0x0358,0x0358,0x0358,0x0B58,
  0x632C,0x528A,0x4A49,0x4A49,0x4A49,0x4A69,0x4A69,0x630C,0x6B6D,0x6B6D,0x6B4D,0x6B6D,0x5AEB,0x4A69,0x4A69,0x4A69,
  0x528A,0x4A69,0x4208,0x2965,0x3185,0x3186,0x3186,0x2986,0x1A91,0x0358,0x0358,0x0358,0x0358,0x0338,0x0358,0x0358,
  0x0358,0x0358,0x0358,0x0358,0x0358,0x0358,0x0358,0x0358,0x0358,0x0358,0x0358,0x0358,0x0338,0x0358,0x0358,0x0358,
  0x0338,0x0358,0x0358,0x0358,0x0358,0x0358,0x0358,0x0358,0x0358,0x0358,0x0358,0x0358,0x0358,0x0358,0x0358,0x0358,
  0x0358,0x0338,0x0358,0x0358,0x0338,0x0358,0x0338,0x0358,0x0358,0x0358,0x0358,0x0358,0x0358,0x0358,0x0358,0x0358,
  0x0358,0x0358,0x0358,0x0358,0x0358,0x0358,0x0358,0x0358,0x0358,0x0358,0x0338,0x0338,0x0358,0x0358,0x0358,0x0358,
  0x0358,0x0358,0x0358,0x0358,0x0358,0x0358,0x0B57,0x0B37,0x0B57,0x0B37,0x0B57,0x0B57,0x0B57,0x0B57,0x0B57,0x0358,
  0x0358,0x0358,0x0358,0x0358,0x0358,0x0358,0x0358,0x0358,0x0358,0x0358,0x0358,0x0358,0x0358,0x0358,0x0358,0x0358,
  0x0358,0x0358,0x0358,0x0358,0x0358,0x0358,0x0358,0x0358,0x0358,0x0B58,0x1357,0x1357,0x1337,0x1337,0x1337,0x1337,
  0x1337,0x1337,0x0B37,0x0B37,0x0B37,0x1337,0x1337,0x1357,0x1337,0x0B57,0x0358,0x0358,0x0358,0x0358,0x0358,0x0358,
  0x0358,0x0358,0x0358,0x0358,0x0358,0x0358,0x0358,0x0358,0x0358,0x0358,0x0358,0x0358,0x0358,0x0358,0x0358,0x0358,
  0x0358,0x0358,0x0338,0x0358,0x0358,0x0358,0x0358,0x0358,0x0358,0x0358,0x0358,0x0358,0x0358,0x0358,0x0358,0x0358,
  0x0358,0x0358,0x0358,0x0358,0x0358,0x0358,0x0358,0x0358,0x0358,0x0338,0x0358,0x0358,0x0338,0x0358,0x0358,0x0358,
  0x0338,0x0338,0x0358,0x0358,0x0358,0x0358,0x0358,0x0358,0x0358,0x0358,0x0358,0x0358,0x0358,0x0358,0x0358,0x0358,
  0x0358,0x0358,0x0358,0x0358,0x0358,0x0358,0x0358,0x0358,0x0358,0x0358,0x0358,0x0358,0x0358,0x0358,0x0358,0x0B58,
  0x630C,0x528A,0x4A49,0x4A49,0x4A49,0x4A49,0x4A69,0x630C,0x6B4D,0x6B4D,0x6B4D,0x6B6D,0x5AEB,0x18E3,0x0861,0x1061,
  0x0861,0x0861,0x0841,0x0020,0x0020,0x0020,0x0041,0x10C3,0x1A91,0x0339,0x0358,0x0358,0x0358,0x0358,0x0358,0x0358,
  0x0358,0x0358,0x0358,0x0358,0x0358,0x0358,0x0358,0x0358,0x0358,0x0358,0x0358,0x0358,0x0358,0x0358,0x0338,0x0358,
  0x0358,0x0358,0x0358,0x0358,0x0358,0x0358,0x0358,0x0358,0x0358,0x0358,0x0358,0x0358,0x0358,0x0358,0x0358,0x0358,
  0x0358,0x0358,0x0358,0x0358,0x0358,0x0358,0x0338,0x0338,0x0358,0x0358,0x0358,0x0358,0x0358,0x0358,0x0358,0x0358,
  0x0358,0x0358,0x0358,0x0358,0x0358,0x0358,0x0358,0x0358,0x0358,0x0358,0x0358,0x0358,0x0358,0x0358,0x0358,0x0358,
  0x0358,0x0358,0x0358,0x0358,0x0358,0x0B57,0x00A6,0x0064,0x0064,0x0084,0x0084,0x0084,0x0064,0x0064,0x00A6,0x0B37,
  0x0358,0x0358,0x0358,0x0338,0x0358,0x0358,0x0358,0x0358,0x0358,0x0358,0x0358,0x0358,0x0358,0x0359,0x0358,0x0358,
  0x0358,0x0358,0x0358,0x0358,0x0358,0x0358,0x0358,0x0358,0x0358,0x0A30,0x0085,0x0084,0x0064,0x0064,0x0064,0x0084,
  0x0064,0x0064,0x0064,0x0064,0x0064,0x0084,0x0084,0x0084,0x0084,0x00C7,0x0B37,0x0358,0x0358,0x0358,0x0358,0x0358,
  0x0358,0x0358,0x0358,0x0358,0x0358,0x0358,0x0358,0x0358,0x0358,0x0358,0x0358,0x0358,0x0358,0x0358,0x0358,0x0358,
  0x0358,0x0358,0x0358,0x0358,0x0358,0x0358,0x0358,0x0358,0x0358,0x0358,0x0358,0x0358,0x0358,0x0358,0x0358,0x0358,
  0x0358,0x0358,0x0358,0x0338,0x0358,0x0358,0x0358,0x0358,0x0358,0x0358,0x0338,0x0358,0x0358,0x0358,0x0358,0x0358,
  0x0358,0x0358,0x0358,0x0358,0x0358,0x0358,0x0358,0x0358,0x0358,0x0358,0x0358,0x0358,0x0358,0x0358,0x0358,0x0358,
  0x0358,0x0358,0x0358,0x0358,0x0358,0x0358,0x0358,0x0358,0x0358,0x0358,0x0358,0x0358,0x0358,0x0358,0x0358,0x0B58,
  0x632C,0x52AA,0x4A49,0x4A49,0x4A49,0x4A69,0x4A69,0x630C,0x6B4D,0x6B6D,0x6B6D,0x6B6D,0x62EB,0x10A2,0x0022,0x10E7,
  0x08E7,0x08C6,0x08C6,0x08C6,0x08E6,0x10E6,0x0021,0x0862,0x1AB1,0x0359,0x0338,0x0338,0x0338,0x0358,0x0358,0x0358,
  0x0358,0x0338,0x0358,0x0358,0x0338,0x0338,0x0338,0x0338,0x0338,0x0338,0x0338,0x0358,0x0358,0x0358,0x0358,0x0358,
  0x0338,0x0338,0x0338,0x0338,0x0338,0x0338,0x0358,0x0358,0x0338,0x0358,0x0358,0x0358,0x0338,0x0358,0x0358,0x0358,
  0x0358,0x0358,0x0358,0x0338,0x0338,0x0338,0x0338,0x0358,0x0358,0x0358,0x0338,0x0358,0x0338,0x0358,0x0358,0x0358,
  0x0358,0x0358,0x0358,0x0358,0x0338,0x0338,0x0338,0x0338,0x0358,0x0358,0x0358,0x0358,0x0358,0x0338,0x0358,0x0338,
  0x0358,0x0358,0x0358,0x0358,0x0358,0x1337,0x0022,0x18C3,0x31A6,0x39C7,0x39C7,0x31A6,0x3186,0x18C3,0x0022,0x0B16,
  0x0358,0x0358,0x0358,0x0358,0x0338,0x0358,0x0358,0x0358,0x0358,0x0338,0x0338,0x0358,0x0338,0x0338,0x0338,0x0338,
  0x0358,0x0338,0x0358,0x0338,0x0358,0x0358,0x0358,0x0358,0x0358,0x09ED,0x0000,0x3166,0x31A6,0x31A6,0x31A6,0x31A6,
  0x31A6,0x31A6,0x31A6,0x31A6,0x3186,0x3186,0x3186,0x18C3,0x1082,0x0021,0x1A4F,0x1251,0x1272,0x0B38,0x0358,0x0358,
  0x0358,0x0358,0x0358,0x0358,0x0358,0x0338,0x0358,0x0358,0x0338,0x0358,0x0358,0x0358,0x0338,0x0338,0x0358,0x0358,
  0x0358,0x0358,0x0338,0x0338,0x0338,0x0358,0x0338,0x0358,0x0358,0x0358,0x0358,0x0358,0x0358,0x0358,0x0358,0x0358,
  0x0338,0x0358,0x0358,0x0338,0x0358,0x0358,0x0358,0x0358,0x0358,0x0358,0x0338,0x0358,0x0358,0x0338,0x0358,0x0338,
  0x0358,0x0338,0x0338,0x0358,0x0358,0x0358,0x0358,0x0338,0x0358,0x0338,0x0338,0x0358,0x0338,0x0358,0x0358,0x0358,
  0x0358,0x0358,0x0358,0x0358,0x0358,0x0358,0x0358,0x0358,0x0358,0x0358,0x0358,0x0358,0x0358,0x0358,0x0358,0x0358,
  0x632C,0x52AA,0x4A49,0x4A69,0x4A69,0x4A49,0x4A69,0x630C,0x6B4D,0x6B6D,0x6B6D,0x6B6D,0x62EB,0x10A2,0x08E6,0x33D7,
  0x2BD8,0x2BB7,0x2B97,0x2B97,0x2BD8,0x33D7,0x08A4,0x0862,0x1AB1,0x0359,0x0358,0x0358,0x0338,0x0358,0x0358,0x0358,
  0x0338,0x0338,0x0338,0x0338,0x0338,0x0338,0x0338,0x0338,0x0338,0x0338,0x0338,0x0338,0x0358,0x0358,0x0358,0x0358,
  0x0338,0x0358,0x0358,0x0358,0x0358,0x0358,0x0358,0x0358,0x0358,0x0358,0x0358,0x0358,0x0338,0x0358,0x0338,0x0358,
  0x0358,0x0358,0x0338,0x0358,0x0338,0x0338,0x0338,0x0358,0x0358,0x0358,0x0358,0x0338,0x0358,0x0338,0x0358,0x0358,
  0x0358,0x0358,0x0338,0x0338,0x0358,0x0358,0x0338,0x0358,0x0358,0x0358,0x0358,0x0358,0x0358,0x0358,0x0358,0x0358,
  0x0358,0x0358,0x0358,0x0358,0x0358,0x1357,0x0022,0x6B4D,0xFFFF,0xFFFF,0xFFFF,0xFFFF,0xFFFF,0x738E,0x0001,0x1316,
  0x0358,0x0358,0x0338,0x0338,0x0358,0x0358,0x0358,0x0358,0x0358,0x0358,0x0338,0x0338,0x0338,0x0338,0x0338,0x0358,
  0x0358,0x0358,0x0358,0x0338,0x0358,0x0358,0x0358,0x0358,0x0358,0x09CD,0x0000,0xD6BA,0xFFFF,0xFFFF,0xFFFF,0xFFFF,
  0xFFFF,0xFFFF,0xFFFF,0xFFFF,0xFFFF,0xFFFF,0xF7BE,0x8C50,0x5289,0x0000,0x0000,0x0000,0x0064,0x0B57,0x0359,0x0358,
  0x0338,0x0358,0x0358,0x0358,0x0338,0x0338,0x0338,0x0338,0x0338,0x0338,0x0358,0x0358,0x0358,0x0358,0x0338,0x0338,
  0x0358,0x0358,0x0338,0x0338,0x0358,0x0358,0x0358,0x0338,0x0358,0x0358,0x0358,0x0358,0x0358,0x0358,0x0358,0x0358,
  0x0338,0x0358,0x0358,0x0358,0x0358,0x0338,0x0358,0x0358,0x0358,0x0358,0x0358,0x0358,0x0338,0x0358,0x0358,0x0338,
  0x0358,0x0338,0x0358,0x0358,0x0358,0x0358,0x0358,0x0358,0x0358,0x0358,0x0338,0x0358,0x0358,0x0358,0x0358,0x0358,
  0x0358,0x0358,0x0358,0x0358,0x0358,0x0358,0x0358,0x0358,0x0358,0x0358,0x0358,0x0358,0x0358,0x0358,0x0358,0x0358,
  0x632C,0x52AA,0x4A69,0x4A49,0x4A49,0x4A49,0x4A69,0x630C,0x6B6D,0x6B6D,0x6B6D,0x6B6D,0x62EB,0x10A2,0x08E6,0x2BD8,
  0x23D9,0x23D8,0x23D8,0x23D8,0x23D9,0x2BF8,0x08A5,0x0862,0x1A91,0x0B58,0x0358,0x0358,0x0358,0x0338,0x0358,0x0338,
  0x0338,0x0358,0x0358,0x0358,0x0358,0x0338,0x0338,0x0B38,0x0338,0x0338,0x0338,0x0338,0x0338,0x0338,0x0338,0x0338,
  0x0338,0x0338,0x0338,0x0338,0x0358,0x0358,0x0B58,0x0B58,0x0358,0x0338,0x0338,0x0338,0x0358,0x0358,0x0338,0x0338,
  0x0338,0x0338,0x0338,0x0338,0x0358,0x0358,0x0358,0x0358,0x0358,0x0358,0x0358,0x0358,0x0358,0x0358,0x0358,0x0358,
  0x0358,0x0358,0x0338,0x0338,0x0338,0x0338,0x0358,0x0358,0x0358,0x0358,0x0358,0x0358,0x0358,0x0358,0x0338,0x0358,
  0x0358,0x0358,0x0358,0x0358,0x0358,0x1356,0x0022,0x6B4D,0xFFFF,0xFFFF,0xFFFF,0xFFFF,0xFFFF,0x73AE,0x0002,0x1336,
  0x0358,0x0338,0x0338,0x0358,0x0358,0x0358,0x0358,0x0338,0x0358,0x0338,0x0358,0x0358,0x0358,0x0358,0x0358,0x0358,
  0x0358,0x0358,0x0358,0x0338,0x0338,0x0358,0x0358,0x0358,0x0B58,0x09CD,0x0000,0xD6BA,0xFFFF,0xFFFF,0xFFFF,0xFFFF,
  0xFFFF,0xFFFF,0xFFFF,0xFFFF,0xFFFF,0xFFFF,0xFFFF,0xE73C,0xDEDB,0xCE59,0x736D,0x2945,0x0064,0x1378,0x0379,0x0358,
  0x0358,0x0358,0x0358,0x0338,0x0338,0x0338,0x0338,0x0338,0x0338,0x0338,0x0358,0x0358,0x0358,0x0358,0x0358,0x0358,
  0x0338,0x0358,0x0338,0x0338,0x0338,0x0338,0x0338,0x0338,0x0338,0x0338,0x0338,0x0338,0x0338,0x0338,0x0338,0x0358,
  0x0358,0x0338,0x0358,0x0358,0x0338,0x0338,0x0338,0x0338,0x0338,0x0338,0x0338,0x0338,0x0338,0x0358,0x0358,0x0358,
  0x0358,0x0358,0x0358,0x0358,0x0358,0x0358,0x0338,0x0338,0x0338,0x0358,0x0358,0x0358,0x0358,0x0358,0x0358,0x0358,
  0x0358,0x0358,0x0358,0x0358,0x0358,0x0358,0x0358,0x0358,0x0358,0x0358,0x0358,0x0358,0x0358,0x0358,0x0358,0x0B58,
  0x632C,0x52AA,0x4A49,0x4A49,0x4A49,0x4A69,0x4A69,0x630C,0x6B6D,0x6B6D,0x6B6D,0x6B6D,0x62EB,0x10A2,0x08E6,0x33D8,
  0x23D8,0x23D8,0x23D8,0x23D8,0x23F9,0x2BF8,0x08A4,0x0841,0x1169,0x09CD,0x09ED,0x09ED,0x09ED,0x09CD,0x09CD,0x09ED,
  0x09ED,0x09ED,0x09ED,0x09ED,0x09CD,0x09CD,0x09CD,0x09CD,0x09CD,0x09CD,0x09CD,0x09CD,0x09CD,0x09CD,0x09CD,0x09CD,
  0x09CD,0x09CD,0x09CD,0x09CD,0x09CD,0x09ED,0x09ED,0x09ED,0x09CD,0x09CD,0x09CD,0x09CD,0x09CD,0x09CD,0x09CD,0x09CD,
  0x09CD,0x09CD,0x09CD,0x09CD,0x09CD,0x09CD,0x09CD,0x09EE,0x0AD4,0x0358,0x0358,0x0A72,0x09CD,0x09CD,0x09CD,0x09CD,
  0x09CD,0x09CD,0x09CD,0x09CD,0x09CD,0x09CD,0x09CD,0x09CD,0x09CD,0x09CD,0x09ED,0x09ED,0x09EE,0x0B16,0x0358,0x0358,
  0x0358,0x0358,0x0358,0x0358,0x0358,0x1357,0x0022,0x6B6D,0xFFFF,0xFFFF,0xFFFF,0xFFFF,0xFFFF,0x73AE,0x0021,0x11ED,
  0x09ED,0x09CD,0x09CD,0x09CD,0x09CD,0x09CD,0x09CD,0x09CD,0x09CD,0x09CD,0x09CD,0x09CD,0x09ED,0x09CD,0x09ED,0x09ED,
  0x0A71,0x0358,0x0358,0x0358,0x0358,0x0358,0x0358,0x0358,0x0358,0x09CD,0x0000,0xD6BA,0xFFFF,0xFFFF,0xFFFF,0xFFFF,
  0xFFFF,0xFFFF,0xFFFF,0xFFFF,0xFFFF,0xFFFF,0xFFFF,0xFFFF,0xFFFF,0xFFDF,0xAD76,0x4A49,0x0022,0x120E,0x0A0F,0x09EE,
  0x09ED,0x09CD,0x09CD,0x09CD,0x09CD,0x09CD,0x09CD,0x09CC,0x09CD,0x09CD,0x09CD,0x09CD,0x09ED,0x09ED,0x09ED,0x09ED,
  0x09CD,0x09CD,0x09CD,0x09CD,0x09CD,0x09CD,0x09CD,0x09CD,0x09CD,0x09CD,0x09CD,0x09CD,0x09CD,0x09CD,0x09CD,0x09CD,
  0x09CD,0x09ED,0x09CD,0x09CD,0x09CD,0x09CD,0x09CD,0x09CD,0x09ED,0x09ED,0x09EE,0x09EE,0x09ED,0x09CD,0x09CE,0x0AF5,
  0x0358,0x0B58,0x0A0F,0x09CD,0x09CD,0x09CD,0x09CD,0x09CD,0x09CD,0x09CD,0x09CD,0x09CD,0x09CD,0x09CD,0x09CD,0x09CD,
  0x09CD,0x09ED,0x09EE,0x09EE,0x0B57,0x0358,0x0358,0x0358,0x0358,0x0358,0x0358,0x0358,0x0358,0x0358,0x0358,0x0358,
  0x6B2D,0x52AA,0x4A49,0x4A69,0x4A69,0x4A69,0x4A69,0x630C,0x6B6D,0x6B4D,0x6B6D,0x6B6D,0x62EB,0x10A2,0x08C6,0x33D8,
  0x23D8,0x23D8,0x2BD8,0x2BD9,0x23D9,0x2BB7,0x08A4,0x0000,0x0000,0x0001,0x0001,0x0002,0x0002,0x0002,0x0002,0x0001,
  0x0000,0x0000,0x0000,0x0000,0x0000,0x0000,0x0000,0x0000,0x0000,0x0000,0x0000,0x0000,0x0000,0x0000,0x0000,0x0000,
  0x0000,0x0000,0x0000,0x0000,0x0000,0x0000,0x0000,0x0000,0x0000,0x0000,0x0000,0x0000,0x0000,0x0000,0x0000,0x0000,
  0x0000,0x0000,0x0000,0x0000,0x0000,0x0000,0x0000,0x0001,0x122F,0x0B78,0x0B58,0x094A,0x0000,0x0000,0x0000,0x0000,
  0x0000,0x0001,0x0001,0x0000,0x0000,0x0000,0x0000,0x0000,0x0000,0x0021,0x0000,0x0000,0x0001,0x12B2,0x0B58,0x0358,
  0x0358,0x0358,0x0358,0x0358,0x0358,0x1357,0x0043,0x6B6D,0xFFFF,0xFFFF,0xFFFF,0xFFFF,0xFFFF,0x738E,0x0000,0x0000,
  0x0000,0x0000,0x0000,0x0000,0x0000,0x0000,0x0000,0x0000,0x0000,0x0000,0x0000,0x0000,0x0000,0x0000,0x0000,0x0000,
  0x0908,0x1337,0x0358,0x0358,0x0358,0x0358,0x0358,0x0358,0x0358,0x09CD,0x0000,0xD6BA,0xFFFF,0xFFFF,0xFFFF,0xFFFF,
  0xFFFF,0xFFFF,0xFFFF,0xFFFF,0xFFFF,0xFFFF,0xFFFF,0xFFFF,0xFFFF,0xFFFF,0xD71D,0x5B2D,0x0000,0x0000,0x0000,0x0000,
  0x0000,0x0000,0x0000,0x0000,0x0000,0x0000,0x0000,0x0000,0x0000,0x0000,0x0000,0x0001,0x0021,0x0001,0x0001,0x0001,
  0x0001,0x0000,0x0000,0x0000,0x0000,0x0000,0x0000,0x0000,0x0000,0x0000,0x0000,0x0000,0x0000,0x0000,0x0000,0x0000,
  0x0000,0x0000,0x0000,0x0000,0x0000,0x0000,0x0000,0x0000,0x0000,0x0000,0x0021,0x0021,0x0000,0x0000,0x0001,0x1A2F,
  0x1358,0x1358,0x0064,0x0000,0x0001,0x0001,0x0001,0x0001,0x0001,0x0001,0x0001,0x0000,0x0000,0x0001,0x0001,0x0001,
  0x0002,0x0002,0x0001,0x0022,0x1B35,0x0B58,0x0358,0x0358,0x0358,0x0358,0x0358,0x0358,0x0358,0x0358,0x0358,0x0B58,
  0x6B2D,0x52AA,0x4A49,0x4A49,0x4A69,0x4A69,0x4A69,0x630C,0x6B6D,0x6B6D,0x6B6D,0x6B6D,0x630B,0x10A2,0x08C6,0x33D8,
  0x2BD8,0x2BD8,0x23D8,0x2BD8,0x23B9,0x2BB7,0x08A4,0x0000,0x0000,0x2AAF,0x2B33,0x2B34,0x2B33,0x2B13,0x2AD2,0x7496,
  0x426A,0x0000,0x0000,0x52CB,0xB5F8,0xB5F8,0xADD8,0xADB7,0xB5F8,0xB5D8,0x94B3,0x0000,0x0000,0x2124,0xB5D8,0xADD8,
  0xADD8,0xADB7,0xBE38,0xC638,0xC618,0x2104,0x2944,0x7BAE,0xBDF7,0xD69A,0xCE79,0xCE59,0x9CD3,0x736D,0x0000,0x3185,
  0x7BAE,0xCE38,0xCE59,0xCE59,0xCE79,0xA514,0x62EC,0x0000,0x0043,0x010A,0x1358,0x094A,0x2945,0xCE79,0xBE18,0xB5D7,
  0xB5F9,0xA5B8,0xA597,0xCE79,0x2965,0x18E3,0x738D,0xAD55,0xCE59,0xCE59,0x7BCF,0x4208,0x0000,0x0063,0x09AD,0x0B58,
  0x0358,0x0358,0x0358,0x0358,0x0358,0x1357,0x0043,0x630C,0xDEFB,0xFFFF,0xFFFF,0xFFFF,0xDEDB,0x5AEB,0x0000,0x0000,
  0x7BCF,0xD69A,0xCE79,0xCE79,0xCE79,0xCE79,0xCE59,0x9CF3,0x0000,0x4A28,0x738D,0xBDF7,0xCE79,0xBDD7,0x7BCF,0x1082,
  0x0001,0x0085,0x0AD5,0x0358,0x0358,0x0358,0x0358,0x0359,0x0358,0x09CD,0x0000,0xD6BA,0xFFFF,0xFFFF,0xFFFF,0xFFFF,
  0xFFFF,0xFFFF,0xFFFF,0xFFFF,0xFFFF,0xFFFF,0xFFFF,0xFFFF,0xFFFF,0xFFFF,0xD73E,0xA556,0x7BCF,0x0000,0x0000,0x18C3,
  0xCE79,0xCE59,0xCE59,0xCE59,0xCE59,0xCE59,0xCE59,0x2945,0x0000,0x0000,0x8C92,0xA5B8,0x9537,0x8D37,0x84D6,0x6C34,
  0x74B6,0x4ACD,0x0000,0x0000,0x52AA,0xD69A,0xD69A,0xCE79,0xCE79,0xCE79,0xC638,0xB596,0x0000,0x4228,0x7BCF,0xBE38,
  0xC639,0xBE39,0xB618,0x8C51,0x6B4C,0x0000,0x52AA,0x840F,0xCE79,0xCE79,0xCE79,0xCE79,0x9471,0x528A,0x0000,0x0022,
  0x096B,0x1B78,0x0085,0x31E9,0x8D37,0x74B6,0x6435,0x4BD4,0x22D1,0x1A90,0x1A6F,0x0001,0x1148,0x2290,0x2AF2,0x2B13,
  0x2B34,0x1AB2,0x0949,0x0001,0x0084,0x09EF,0x0358,0x0358,0x0358,0x0358,0x0358,0x0358,0x0358,0x0358,0x0358,0x0B58,
  0x6B2D,0x52AA,0x4A49,0x4A49,0x4A69,0x4A69,0x4A69,0x630C,0x6B6D,0x6B6D,0x6B6D,0x6B6D,0x62EB,0x10A2,0x08C6,0x33D8,
  0x2BD8,0x2BD8,0x2BD8,0x23D8,0x23D9,0x2BB7,0x08A4,0x0000,0x0001,0x3374,0x2BF9,0x3419,0x54BA,0x5499,0x5478,0x9DFC,
  0x52CD,0x0000,0x0000,0x634D,0xD71D,0xD73E,0xE77E,0xEF9E,0xEF9E,0xEF7E,0xBE18,0x0000,0x0000,0x2966,0xD71E,0xD73E,
  0xD73E,0xD73E,0xE77E,0xEF9E,0xE73D,0x738E,0x73AE,0xC617,0xF79E,0xFFFF,0xFFFF,0xFFFF,0xDEBA,0xAD75,0x5AEB,0x8410,
  0xBD95,0xFFDF,0xFFFF,0xFFFF,0xFFFF,0xE6FC,0xA514,0x39C7,0x18E3,0x0043,0x1A2F,0x08C6,0x2124,0xFFDF,0xE73D,0xDF5E,
  0xD71E,0xBEBD,0xC6DD,0xFFFF,0x7BCF,0x6B6D,0xB595,0xEF7D,0xFFFF,0xFFFF,0xBDF7,0x8C30,0x4208,0x0020,0x08C6,0x09EE,
  0x0AF5,0x0358,0x0358,0x0358,0x0359,0x1357,0x0022,0x52AA,0xBDB7,0xFFFF,0xFFFF,0xFFFF,0xAD75,0x4A69,0x0000,0x0000,
  0x94B2,0xFFFF,0xFFFF,0xFFFF,0xFFFF,0xFFFF,0xFFFF,0xDEFB,0x528A,0x8C51,0xAD76,0xE77E,0xFFDF,0xF77D,0xBD96,0x528A,
  0x3165,0x0000,0x11AB,0x0A51,0x0B58,0x0359,0x0359,0x0359,0x0358,0x09CD,0x0000,0xD69A,0xFFFF,0xFFFF,0xFFFF,0xFFFF,
  0xFFFF,0xFFFF,0xCE58,0x94B2,0xCE58,0xEF5D,0xFFFF,0xFFFF,0xFFFF,0xFFFF,0xD73E,0xC67A,0xAD96,0x0000,0x0000,0x2124,
  0xFFFF,0xFFFF,0xFFFF,0xFFFF,0xFFFF,0xFFFF,0xFFFF,0x31A6,0x0000,0x0000,0xAD97,0xD71D,0xBEBD,0xAE5D,0xA61C,0x95DB,
  0x8DBC,0x5B71,0x0000,0x0000,0x6B4D,0xFFFF,0xFFFF,0xFFFF,0xFFFF,0xFFFF,0xFFFF,0xEF7D,0x528A,0x8430,0xAD96,0xE77E,
  0xDF7E,0xDF5E,0xD75E,0xCE9A,0xB595,0x630B,0x9CF3,0xC617,0xFFFF,0xFFFF,0xFFFF,0xFFFF,0xCE78,0x9CD2,0x31A6,0x0861,
  0x08A6,0x1230,0x0043,0x426B,0xAE5C,0x8DBB,0x7D5B,0x64FB,0x33F8,0x2397,0x1B35,0x0949,0x1A4F,0x2376,0x2BD8,0x2BD9,
  0x2BF9,0x1B98,0x1270,0x1128,0x0000,0x0907,0x0A0F,0x0B37,0x0359,0x0358,0x0358,0x0358,0x0358,0x0358,0x0358,0x0358,
  0x6B2D,0x52AA,0x4A49,0x4A49,0x4A69,0x4A69,0x4A69,0x630C,0x6B6D,0x6B6D,0x6B6D,0x6B6D,0x62EB,0x10A2,0x08C6,0x33D8,
  0x2BD8,0x23D8,0x2BD8,0x2BD8,0x23D9,0x2BB7,0x08A5,0x0000,0x0001,0x3354,0x2BF8,0x33F8,0x7D9B,0x8DBB,0x8DBB,0xA63C,
  0x52ED,0x0000,0x0000,0x6B8E,0xD71D,0xD71D,0xEF9E,0xFFFF,0xFFFF,0xFFFF,0xD6BA,0x0000,0x0000,0x2966,0xD73E,0xD71E,
  0xD73E,0xD73E,0xD73E,0xD71E,0xCEFD,0xEFBF,0xFFFF,0xFFFF,0xFFFF,0xFFFF,0xFFFF,0xFFFF,0xFFFF,0xFFFF,0xFFFF,0xFFDF,
  0xFFDF,0xFFFF,0xFFFF,0xFFFF,0xFFFF,0xFFFF,0xFFDF,0xA514,0x4A49,0x0000,0x0000,0x0000,0x18E3,0xF7DF,0xDF1D,0xCEFD,
  0xD71E,0xBE9D,0xC6DD,0xFFFF,0xFFFF,0xFFFF,0xFFFF,0xFFFF,0xFFFF,0xFFFF,0xFFFF,0xE71C,0xA4F3,0x0861,0x0000,0x0001,
  0x1271,0x0358,0x0358,0x0358,0x0359,0x1357,0x0022,0x4A28,0x8C51,0xFFFF,0xFFFF,0xFFFF,0x8C50,0x39E7,0x0000,0x0000,
  0x94B2,0xFFFF,0xFFFF,0xFFFF,0xFFFF,0xFFFF,0xFFFF,0xFFFF,0xFFFF,0xE75E,0xD71D,0xD71D,0xF7DF,0xFFFF,0xFFDF,0xBD96,
  0x7B8E,0x0000,0x0000,0x08C7,0x0B58,0x0359,0x0359,0x0359,0x0358,0x09CD,0x0000,0xD6BA,0xFFFF,0xFFFF,0xFFFF,0xFFFF,
  0xFFFF,0xFFFF,0x7BEF,0x0000,0x83EF,0xCE38,0xFFFF,0xFFFF,0xFFFF,0xFFFF,0xD71D,0xD73E,0xCE9B,0x0000,0x0000,0x2124,
  0xFFFF,0xFFFF,0xFFFF,0xFFFF,0xFFFF,0xFFFF,0xFFFF,0x31A6,0x0000,0x0000,0xA576,0xD73E,0xD73E,0xAE7D,0xA63D,0xA63D,
  0x8DBC,0x5371,0x0000,0x0000,0x632C,0xFFFF,0xFFFF,0xFFFF,0xFFFF,0xFFFF,0xFFFF,0xFFFF,0xFFFF,0xE77E,0xD71D,0xD71E,
  0xD71E,0xD71E,0xCF1D,0xEFBE,0xFFFF,0xFFFF,0xFFFF,0xFFFF,0xFFFF,0xFFFF,0xFFFF,0xFFFF,0xFFFF,0xEF5C,0xA513,0x2945,
  0x0000,0x0001,0x0000,0x426B,0xAE3C,0x8DBB,0x7D5B,0x64FA,0x4439,0x2BF9,0x1398,0x1B98,0x23D8,0x2BD9,0x2BD9,0x2BD9,
  0x2BF9,0x2BF9,0x23B8,0x2354,0x0022,0x0000,0x0001,0x1315,0x0358,0x0358,0x0358,0x0358,0x0358,0x0358,0x0358,0x0B58,
  0x6B2D,0x52AA,0x4A49,0x4A49,0x4A49,0x4A69,0x4A69,0x630C,0x6B6D,0x6B4D,0x6B4D,0x6B6D,0x630B,0x10A2,0x08C6,0x33D8,
  0x2BD8,0x2BD8,0x2BD8,0x2BD8,0x23D9,0x2BB7,0x08A4,0x0000,0x0001,0x2B13,0x3C39,0x6D3B,0x85BC,0x9DFC,0xAE5D,0xAE5C,
  0x52ED,0x0000,0x0000,0x634E,0xD71D,0xF7FF,0xFFFF,0xFFFF,0xFFFF,0xFFFF,0xD6BA,0x0000,0x0000,0x2965,0xDF3E,0xD73E,
  0xD71E,0xD71E,0xCF1E,0xCF1E,0xCEFD,0xF7DF,0xFFFF,0xFFFF,0xFFFF,0xFFFF,0xFFFF,0xFFFF,0xFFFF,0xFFFF,0xFFFF,0xFFFF,
  0xFFFF,0xFFFF,0xFFFF,0xFFFF,0xFFFF,0xFFFF,0xFFFF,0xF7BE,0xAD75,0x6B4D,0x0000,0x0000,0x2124,0xFFDF,0xDF5E,0xD71E,
  0xCF1E,0xCEFE,0xD73E,0xFFFF,0xFFFF,0xFFFF,0xFFFF,0xFFFF,0xFFFF,0xFFFF,0xFFFF,0xFFDF,0xFFDF,0x8410,0x4208,0x0000,
  0x1271,0x0358,0x0358,0x0358,0x0358,0x1336,0x0022,0x0000,0x0020,0xCE9A,0xD6FC,0xD6DB,0x1082,0x0020,0x0000,0x0000,
  0x94B2,0xFFFF,0xFFFF,0xFFFF,0xFFFF,0xFFFF,0xFFFF,0xFFFF,0xFFFF,0xE77E,0xD71D,0xCF1D,0xEFBE,0xFFFF,0xFFFF,0xFFDF,
  0xD69A,0x8410,0x1082,0x08C6,0x0B58,0x0359,0x0359,0x0359,0x0358,0x09CD,0x0000,0xD6BA,0xFFFF,0xFFFF,0xFFFF,0xFFFF,
  0xFFFF,0xFFFF,0x7BEF,0x0000,0x0020,0x8C51,0xFFFF,0xFFFF,0xFFFF,0xFFFF,0xCF1D,0xD73E,0xBE5A,0x0000,0x0000,0x2104,
  0xFFFF,0xFFFF,0xFFFF,0xFFFF,0xFFFF,0xFFFF,0xFFFF,0x31A6,0x0000,0x0000,0xA576,0xD71D,0xD73E,0xAE5D,0xA63D,0xA63D,
  0x859C,0x5350,0x0000,0x0000,0x632C,0xFFFF,0xFFFF,0xFFFF,0xFFFF,0xFFFF,0xFFFF,0xFFFF,0xFFFF,0xEF9E,0xD73E,0xD71E,
  0xCF1E,0xD71D,0xF7DF,0xFFFF,0xFFFF,0xFFFF,0xFFFF,0xFFFF,0xFFFF,0xFFFF,0xFFFF,0xFFFF,0xFFFF,0xFFDF,0xF7BE,0x9492,
  0x630B,0x0000,0x0020,0x424A,0xA63C,0x857B,0x753B,0x64DA,0x5CBA,0x4C7A,0x3C3A,0x1BB8,0x1BD9,0x1BD9,0x1BD9,0x23D9,
  0x23D9,0x23D9,0x23D9,0x23B8,0x1AD2,0x1148,0x0001,0x12F4,0x0358,0x0358,0x0358,0x0358,0x0358,0x0358,0x0358,0x0B58,
  0x6B2D,0x52AA,0x4A49,0x4A49,0x4A69,0x4A49,0x4A69,0x630C,0x6B4D,0x6B4D,0x6B4D,0x6B6D,0x630B,0x10A2,0x08C6,0x33D8,
  0x2BD8,0x2BD8,0x2BD8,0x2BD9,0x23D9,0x2BD8,0x08A5,0x0000,0x0001,0x3B94,0x5459,0x753B,0x85BC,0x9DFC,0xAE5C,0xAE3C,
  0x52ED,0x0000,0x0000,0x634D,0xE77E,0xFFFF,0xFFFF,0xFFFF,0xFFFF,0xFFFF,0xD6BA,0x0000,0x0000,0x3186,0xEF9E,0xDF5E,
  0xCF1E,0xCF1E,0xCF1E,0xCF1E,0xD73D,0x94B3,0x9CF3,0xCE59,0xF79E,0xFFFF,0xFFFF,0xFFFF,0xFFFF,0xFFFF,0xFFFF,0xBDD7,
  0x8430,0xCE79,0xE73C,0xFFFF,0xFFFF,0xFFFF,0xFFFF,0xFFFF,0xD69A,0x9492,0x0000,0x0000,0x2124,0xFFFF,0xEFBE,0xE77E,
  0xD71D,0xCEFE,0xDF3E,0xFFFF,0x9CD3,0x9CD3,0xCE59,0xF7BE,0xFFFF,0xFFFF,0xFFFF,0xFFFF,0xFFFF,0xC618,0x5ACA,0x0000,
  0x1271,0x0358,0x0358,0x0358,0x0358,0x0B16,0x096B,0x08A5,0x0000,0xB596,0xB5B6,0xB5B6,0x0841,0x08A5,0x0928,0x0000,
  0x94B2,0xFFFF,0xFFFF,0xFFFF,0xFFFF,0xFFFF,0xFFFF,0xE73C,0x8430,0xAD96,0xB5F8,0xCEFD,0xEFBE,0xFFFF,0xFFFF,0xFFFF,
  0xEF5D,0xBDF7,0x18E3,0x08C6,0x0B58,0x0359,0x0359,0x0359,0x0358,0x09CD,0x0000,0xD69A,0xFFFF,0xFFFF,0xFFFF,0xFFFF,
  0xFFFF,0xFFFF,0x7BEF,0x0000,0x0000,0x8C51,0xFFFF,0xFFFF,0xFFFF,0xFFFF,0xD71D,0xD71E,0xBE3A,0x0000,0x0000,0x18E3,
  0xFFFF,0xFFFF,0xFFFF,0xFFFF,0xFFFF,0xFFFF,0xFFFF,0x31A6,0x0000,0x0000,0xA576,0xD73D,0xD71E,0xA63C,0xA63D,0xA63D,
  0x85BC,0x5371,0x0000,0x0000,0x632C,0xFFFF,0xFFFF,0xFFFF,0xFFFF,0xFFFF,0xFFFF,0xF79E,0x8430,0xA575,0xB5F8,0xD73E,
  0xCF1E,0xD71D,0xFFFF,0xFFFF,0xFFFF,0xFFFF,0x9CF3,0x8C51,0xCE59,0xEF7D,0xFFFF,0xFFFF,0xFFFF,0xFFFF,0xFFFF,0xB5D7,
  0x7BCF,0x0000,0x0000,0x3A2A,0xAE3C,0x857A,0x753B,0x6CFA,0x6D1A,0x64DA,0x5499,0x120D,0x1AF3,0x1BB8,0x3C5A,0x3C5A,
  0x3C5A,0x23B8,0x23D9,0x23D9,0x1B76,0x11AB,0x0002,0x12F4,0x0359,0x0358,0x0358,0x0358,0x0358,0x0358,0x0358,0x0B58,
  0x6B4C,0x52AA,0x4A49,0x4A49,0x4A49,0x4A69,0x4A69,0x630B,0x6B4D,0x6B4D,0x6B4D,0x6B6D,0x630B,0x18C3,0x08C6,0x33D8,
  0x2BD8,0x2BD8,0x2BD8,0x2BD8,0x23D9,0x2BD8,0x08A5,0x0000,0x0001,0x5C35,0x64DA,0x755B,0x859C,0x95FC,0xAE3C,0xAE3C,
  0x52ED,0x0000,0x0000,0x738E,0xFFFF,0xFFFF,0xFFFF,0xFFFF,0xFFFF,0xFFFF,0xD6BA,0x0000,0x0000,0x39C7,0xFFFF,0xE77E,
  0xD71D,0xCF1E,0xD71E,0xD73E,0xDF5E,0x1904,0x2965,0x9CB2,0xE73C,0xFFFF,0xFFFF,0xFFFF,0xFFFF,0xFFFF,0xFFFF,0x7BCF,
  0x0000,0x9492,0xC638,0xFFFF,0xFFFF,0xFFFF,0xFFFF,0xFFFF,0xFFFF,0xD6BA,0x0000,0x0000,0x2124,0xFFFF,0xFFFF,0xFFDF,
  0xD71D,0xD71E,0xDF5E,0xFFFF,0x3186,0x2145,0x8C71,0xEF5D,0xFFFF,0xFFFF,0xFFFF,0xFFFF,0xFFFF,0xFFFF,0x8430,0x0001,
  0x1271,0x0358,0x0358,0x0358,0x0358,0x0338,0x0B37,0x11CC,0x0000,0x8C2F,0x9470,0x9470,0x0021,0x118C,0x12D3,0x0001,
  0x94B2,0xFFFF,0xFFFF,0xFFFF,0xFFFF,0xFFFF,0xFFFF,0xD69A,0x0000,0x632D,0x8C92,0xD71D,0xEFBF,0xFFFF,0xFFFF,0xFFFF,
  0xFFFF,0xFFFF,0x2945,0x08C6,0x0B58,0x0359,0x0359,0x0359,0x0358,0x09CD,0x0000,0xD69A,0xFFFF,0xFFFF,0xFFFF,0xFFFF,
  0xFFFF,0xFFFF,0x7BEF,0x0000,0x0000,0x9492,0xFFFF,0xFFFF,0xFFFF,0xF7FF,0xD71D,0xD73E,0xBE39,0x0000,0x0000,0x2104,
  0xFFFF,0xFFFF,0xFFFF,0xFFFF,0xFFFF,0xFFFF,0xFFFF,0x31A6,0x0000,0x0000,0xA576,0xD71E,0xD71E,0xAE3C,0xA61C,0xA63D,
  0x8DDC,0x5B91,0x0000,0x0000,0x632C,0xFFFF,0xFFFF,0xFFFF,0xFFFF,0xFFFF,0xFFFF,0xE73C,0x0000,0x5AEB,0x8472,0xDF7F,
  0xCF1E,0xD71D,0xFFFF,0xFFFF,0xFFFF,0xFFFF,0x39E7,0x10A2,0x9CD2,0xDEDB,0xFFFF,0xFFFF,0xFFFF,0xFFFF,0xFFFF,0xE77E,
  0x9CF4,0x0000,0x0000,0x3A2A,0xA63C,0x857A,0x7D5A,0x7D5A,0x857B,0x857B,0x8D7A,0x0022,0x19CB,0x2396,0x651B,0x6D1B,
  0x651B,0x23B7,0x23D9,0x23D9,0x23F9,0x19ED,0x0002,0x12F4,0x0358,0x0358,0x0358,0x0358,0x0358,0x0358,0x0358,0x0B58,
  0x6B4D,0x52AA,0x4A49,0x4A49,0x4A49,0x4A49,0x4A69,0x630C,0x6B6D,0x6B4D,0x6B4D,0x6B6D,0x630B,0x10C3,0x08C6,0x33D8,
  0x23D8,0x2BD8,0x23D8,0x23D8,0x23D9,0x2BF8,0x08C5,0x0000,0x0021,0x6CB7,0x753B,0x753A,0x859C,0x95DC,0xAE3C,0xAE3C,
  0x52CD,0x0000,0x0000,0x73AE,0xFFFF,0xFFFF,0xFFFF,0xFFFF,0xFFFF,0xFFFF,0xD6BA,0x0000,0x0000,0x31C6,0xFFFF,0xFFFF,
  0xEFBF,0xCEFD,0xD71E,0xD73E,0xDF5E,0x2104,0x0000,0x0020,0xCE59,0xFFFF,0xFFFF,0xFFFF,0xFFFF,0xFFFF,0xFFFF,0x7BCF,
  0x0000,0x0000,0x8430,0xFFFF,0xFFFF,0xFFFF,0xFFFF,0xFFFF,0xFFFF,0xDEDA,0x0000,0x0000,0x2124,0xFFFF,0xFFFF,0xFFFF,
  0xFFFF,0xDF5E,0xDF5E,0xFFFF,0x3186,0x0020,0x0020,0xCE59,0xFFFF,0xFFFF,0xFFFF,0xFFFF,0xFFFF,0xFFFF,0x8C51,0x0001,
  0x1271,0x0358,0x0358,0x0358,0x0358,0x0358,0x0358,0x09CD,0x0000,0x0020,0x0020,0x0000,0x0000,0x09CD,0x12F4,0x0001,
  0x9492,0xFFFF,0xFFFF,0xFFFF,0xFFFF,0xFFFF,0xFFFF,0xD69A,0x0000,0x0000,0x2104,0xDF3E,0xD73E,0xE77E,0xFFFF,0xFFFF,
  0xFFFF,0xFFFF,0x2965,0x08C6,0x0B58,0x0359,0x0359,0x0359,0x0358,0x09CD,0x0000,0xD6BA,0xFFFF,0xFFFF,0xFFFF,0xFFFF,
  0xFFFF,0xFFFF,0x8410,0x0020,0x8410,0xC638,0xFFFF,0xFFFF,0xE77E,0xD71D,0xD71E,0xADB7,0x8451,0x0000,0x0000,0x2124,
  0xFFFF,0xFFFF,0xFFFF,0xFFFF,0xFFFF,0xFFFF,0xFFFF,0x31A6,0x0000,0x0000,0xA556,0xD71D,0xD71E,0xCF1E,0xBEBE,0xA65D,
  0x95DC,0x5BB2,0x0000,0x0000,0x632C,0xFFFF,0xFFFF,0xFFFF,0xFFFF,0xFFFF,0xFFFF,0xE73C,0x0000,0x0020,0x10C3,0xDF7E,
  0xCF1E,0xD71D,0xFFFF,0xFFFF,0xFFFF,0xFFFF,0x3A07,0x0000,0x0020,0xB596,0xFFFF,0xFFFF,0xFFFF,0xFFFF,0xFFFF,0xE77E,
  0x94F4,0x0000,0x0000,0x424A,0xA61C,0xA63C,0xA63D,0xA63C,0xA65C,0xAE5D,0xB67C,0x0041,0x0021,0x0023,0x6CD9,0x6D1B,
  0x64FB,0x5CFB,0x447A,0x23F9,0x23F9,0x19ED,0x0002,0x1B15,0x0358,0x0358,0x0358,0x0358,0x0358,0x0358,0x0358,0x0B58,
  0x630C,0x528A,0x4A49,0x4A49,0x4A69,0x4A49,0x4A69,0x630C,0x6B4D,0x6B6D,0x6B6D,0x6B6D,0x630B,0x10A2,0x08C6,0x2BD8,
  0x23B8,0x1BB8,0x1B98,0x3419,0x3C59,0x4C79,0x08C5,0x0000,0x0021,0x7CF8,0x7D7B,0x7D7B,0x7D9C,0x8DDC,0xA61C,0xB67C,
  0x530D,0x0000,0x0000,0x73AE,0xFFFF,0xFFFF,0xFFFF,0xFFFF,0xFFFF,0xFFFF,0xD6BA,0x0000,0x0000,0x3186,0xFFFF,0xFFFF,
  0xF7BF,0xCEFD,0xCEFD,0xCF1D,0xD73E,0x18C3,0x0000,0x0000,0xCE79,0xFFFF,0xFFFF,0xFFFF,0xFFFF,0xFFFF,0xFFFF,0x7BCF,
  0x0000,0x0000,0x8410,0xFFFF,0xFFFF,0xFFFF,0xFFFF,0xFFFF,0xFFFF,0xD6BA,0x0000,0x0000,0x2945,0xFFFF,0xFFFF,0xFFFF,
  0xFFFF,0xDF5E,0xDF5E,0xFFFF,0x31A6,0x0000,0x0000,0xBDF7,0xFFFF,0xFFFF,0xFFFF,0xFFFF,0xFFFF,0xFFFF,0x8430,0x0001,
  0x1271,0x0358,0x0338,0x0358,0x0338,0x0358,0x0358,0x0A92,0x096B,0x096A,0x096A,0x096A,0x096B,0x0A72,0x12F4,0x0001,
  0x9492,0xFFFF,0xFFFF,0xFFFF,0xFFFF,0xFFFF,0xFFFF,0xCE79,0x0000,0x0000,0x18E3,0xDF3E,0xCF1E,0xDF5E,0xFFFF,0xFFFF,
  0xFFFF,0xFFFF,0x2966,0x08C6,0x0B58,0x0359,0x0359,0x0359,0x0359,0x09AD,0x0000,0xD6BA,0xFFFF,0xFFFF,0xFFFF,0xFFFF,
  0xFFFF,0xFFFF,0xBDD7,0x738E,0xB575,0xDEDB,0xFFFF,0xFFFF,0xE77E,0xCEFD,0xB619,0x7C10,0x4A69,0x0000,0x0000,0x2124,
  0xFFFF,0xFFFF,0xFFFF,0xFFFF,0xFFFF,0xFFFF,0xFFFF,0x39C6,0x0000,0x0000,0xA576,0xD73E,0xD71E,0xBEBD,0xB67D,0xAE5D,
  0x9E1C,0x63B2,0x0000,0x0000,0x632C,0xFFFF,0xFFFF,0xFFFF,0xFFFF,0xFFFF,0xF7BF,0xD6DB,0x0000,0x0000,0x1082,0xD73E,
  0xCEFE,0xD71D,0xFFFF,0xFFFF,0xFFFF,0xFFFF,0x39C7,0x0000,0x0000,0xB596,0xFFFF,0xFFFF,0xFFFF,0xFFFF,0xFFFF,0xE77E,
  0x94F4,0x0000,0x0000,0x424A,0xB67C,0xB69D,0xB67D,0xB69D,0xBE9C,0xBE9D,0xC6BD,0x0861,0x0000,0x0001,0x7D3A,0x6D3B,
  0x5CDA,0x5CDA,0x4439,0x2BF9,0x23F9,0x19EC,0x0002,0x12F4,0x0359,0x0359,0x0358,0x0358,0x0358,0x0358,0x0358,0x0358,
  0x630C,0x52AA,0x4A49,0x4A49,0x4A69,0x4A69,0x4A69,0x630C,0x6B4D,0x6B4D,0x6B4D,0x6B6D,0x630B,0x10A2,0x08C6,0x2BD8,
  0x23B8,0x1B98,0x1B77,0x54BA,0x6D3B,0x755B,0x10E5,0x0000,0x0001,0x8D59,0x8DDB,0x8DBC,0x859B,0x8DDC,0x9E1C,0xBEBD,
  0x5B2D,0x0000,0x0000,0x73AE,0xFFFF,0xFFFF,0xFFFF,0xFFFF,0xFFFF,0xFFFF,0xD6BA,0x0000,0x0000,0x31A6,0xFFFF,0xFFFF,
  0xF7BF,0xCF1D,0xCF1D,0xCF1D,0xD73E,0x10C3,0x0000,0x0000,0xCE79,0xFFFF,0xFFFF,0xFFFF,0xFFFF,0xFFFF,0xFFFF,0x7BCE,
  0x0000,0x0000,0x8410,0xFFFF,0xFFFF,0xFFFF,0xFFFF,0xFFFF,0xFFFF,0xD6BA,0x0000,0x0000,0x2945,0xFFFF,0xFFFF,0xFFFF,
  0xFFFF,0xDF5E,0xDF5E,0xFFFF,0x3186,0x0000,0x0000,0xBDD7,0xFFFF,0xFFFF,0xFFFF,0xFFFF,0xFFFF,0xFFFF,0x8430,0x0001,
  0x1271,0x0358,0x0358,0x0358,0x0358,0x0358,0x0358,0x0358,0x0338,0x0338,0x0338,0x0338,0x0B58,0x0B59,0x12D4,0x0001,
  0x94B2,0xFFFF,0xFFFF,0xFFFF,0xFFFF,0xFFFF,0xFFFF,0xCE79,0x0000,0x0000,0x18E3,0xDF3E,0xD71E,0xDF5E,0xFFFF,0xFFFF,
  0xFFFF,0xFFFF,0x3186,0x08C6,0x0B58,0x0359,0x0359,0x0359,0x0359,0x09CD,0x0000,0xD6BA,0xFFFF,0xFFFF,0xFFFF,0xFFFF,
  0xFFFF,0xFFFF,0xFFFF,0xFFFF,0xFFFF,0xFFFF,0xFFFF,0xFFFF,0xE77E,0xD6FC,0x9492,0x39C7,0x0000,0x0001,0x0000,0x2124,
  0xFFFF,0xFFFF,0xFFFF,0xFFFF,0xFFFF,0xFFFF,0xFFFF,0x39C6,0x0000,0x0000,0xA576,0xD71E,0xD71E,0xAE5C,0xA63D,0xAE5C,
  0xAE5C,0x6BF2,0x0000,0x0000,0x632C,0xFFFF,0xFFFF,0xFFFF,0xFFFF,0xFFFF,0xE77E,0xBE7B,0x0000,0x0000,0x1082,0xD73E,
  0xCF1E,0xD73E,0xFFFF,0xFFFF,0xFFFF,0xFFFF,0x31C6,0x0000,0x0000,0xB596,0xFFFF,0xFFFF,0xFFFF,0xFFFF,0xFFFF,0xE77E,
  0x94F4,0x0000,0x0000,0x4249,0xCEFD,0xCF1E,0xCF1E,0xCF1E,0xD71E,0xD71D,0xD73D,0x0861,0x0000,0x0001,0x857A,0x7D7C,
  0x5CDA,0x64DA,0x549A,0x4459,0x2BD8,0x19EC,0x0002,0x12D4,0x0358,0x0358,0x0358,0x0358,0x0358,0x0358,0x0358,0x0B58,
  0x632C,0x52AA,0x4A49,0x4A49,0x4A69,0x4A49,0x4A69,0x630C,0x6B6D,0x6B4D,0x6B6D,0x6B6D,0x630B,0x10A2,0x08C6,0x2BD8,
  0x23B8,0x3419,0x651B,0x651B,0x6D3B,0x755B,0x10E5,0x0000,0x0001,0x9DB9,0xAE7D,0xA65D,0x9E1C,0x9E1C,0xA63D,0xA63C,
  0x530D,0x0000,0x0000,0x73AE,0xFFFF,0xFFFF,0xFFFF,0xFFFF,0xFFFF,0xFFFF,0xD6BA,0x0000,0x0000,0x31A6,0xFFFF,0xFFFF,
  0xF7BF,0xD71D,0xCF1E,0xCEFD,0xD71D,0x10C3,0x0000,0x0000,0xCE79,0xFFFF,0xFFFF,0xFFFF,0xFFFF,0xFFFF,0xFFFF,0x73AE,
  0x0000,0x0000,0x8410,0xFFFF,0xFFFF,0xFFFF,0xFFFF,0xFFFF,0xFFFF,0xD6BA,0x0000,0x0000,0x2945,0xFFFF,0xFFFF,0xFFFF,
  0xFFFF,0xDF5E,0xDF5E,0xFFFF,0x2965,0x0000,0x0000,0xBDD7,0xFFFF,0xFFFF,0xFFFF,0xFFFF,0xFFFF,0xFFFF,0x8430,0x0001,
  0x1271,0x0358,0x0358,0x0358,0x0358,0x0358,0x0358,0x0358,0x0358,0x0358,0x0358,0x0358,0x0359,0x0359,0x12D4,0x0001,
  0x94B2,0xFFFF,0xFFFF,0xFFFF,0xFFFF,0xFFFF,0xFFFF,0xCE79,0x0000,0x0000,0x18C3,0xD73E,0xD71E,0xD71E,0xCEFD,0xF7BE,
  0xFFFF,0xFFFF,0x3186,0x08C6,0x0B58,0x0359,0x0359,0x0359,0x0359,0x09CD,0x0000,0xD6BA,0xFFFF,0xFFFF,0xFFFF,0xFFFF,
  0xFFFF,0xFFFF,0xFFFF,0xFFFF,0xFFFF,0xFFFF,0xFFFF,0xDF3D,0x6B8F,0x0841,0x0000,0x0000,0x0084,0x2313,0x0907,0x2124,
  0xFFFF,0xFFFF,0xFFFF,0xFFFF,0xFFFF,0xFFFF,0xFFFF,0x39C6,0x0000,0x0000,0xA576,0xD71E,0xCF1E,0xAE5C,0xBE9D,0xD73E,
  0xD71E,0x8472,0x0000,0x0000,0x632C,0xFFFF,0xFFFF,0xFFFF,0xFFFF,0xFFFF,0xE77E,0xBE5B,0x0000,0x0000,0x1082,0xD73E,
  0xD71E,0xD71E,0xD71D,0xEF9E,0xFFFF,0xFFFF,0x31A6,0x0000,0x0000,0xB596,0xFFFF,0xFFFF,0xFFFF,0xF7DF,0xD71D,0xD73E,
  0x94F4,0x0000,0x0000,0x4249,0xCEFD,0xCF1D,0xD71E,0xD71E,0xD71E,0xD71E,0xD71D,0x0861,0x0000,0x0000,0xA5FB,0x95DD,
  0x859C,0x64DA,0x64FA,0x651B,0x447A,0x2A4D,0x0002,0x12F4,0x0358,0x0358,0x0358,0x0358,0x0358,0x0358,0x0358,0x0B58,
  0x632C,0x52AA,0x4A49,0x4A49,0x4A49,0x4A69,0x4A69,0x630C,0x6B4D,0x6B4D,0x6B4D,0x6B6D,0x630B,0x10A2,0x08E6,0x33F9,
  0x3419,0x4459,0x6D1B,0x6D1B,0x753B,0x8DBC,0x1905,0x0000,0x0000,0xAE1A,0xC6DD,0xBEBD,0xB69D,0xB69D,0xBEBD,0xAE7D,
  0x530E,0x0000,0x0000,0x73AE,0xFFFF,0xFFFF,0xFFFF,0xFFFF,0xFFFF,0xFFFF,0xD6BA,0x0000,0x0000,0x3186,0xFFFF,0xFFFF,
  0xF7BF,0xD71D,0xCF1D,0xCEFE,0xD71E,0x10C3,0x0000,0x0000,0xCE79,0xFFFF,0xFFFF,0xFFFF,0xFFFF,0xFFFF,0xFFFF,0x7BCF,
  0x0000,0x0000,0x8410,0xFFFF,0xFFFF,0xFFFF,0xFFFF,0xFFFF,0xFFFF,0xD6BA,0x0000,0x0000,0x2945,0xFFFF,0xFFFF,0xFFFF,
  0xFFFF,0xDF5E,0xD73E,0xEF9E,0x2965,0x0000,0x0000,0xBDF7,0xFFFF,0xFFFF,0xFFFF,0xFFFF,0xFFFF,0xFFFF,0x8430,0x0001,
  0x1271,0x0358,0x0358,0x0358,0x0358,0x0358,0x0338,0x0358,0x0358,0x0358,0x0358,0x0358,0x0359,0x0359,0x12D4,0x0001,
  0x94B2,0xFFFF,0xFFFF,0xFFFF,0xFFFF,0xFFFF,0xFFFF,0xCE79,0x0000,0x0000,0x18E3,0xD73E,0xCF1E,0xCF1E,0xCEFD,0xF7BF,
  0xFFFF,0xFFFF,0x3186,0x08C6,0x0B58,0x0359,0x0359,0x0359,0x0B59,0x09CD,0x0000,0xD6BA,0xFFFF,0xFFFF,0xFFFF,0xFFFF,
  0xFFFF,0xFFFF,0xFFFF,0xFFFF,0xFFFF,0xFFFF,0xFFFF,0xDF3E,0xA577,0x73AF,0x4A49,0x2104,0x0022,0x11AB,0x0084,0x2124,
  0xFFFF,0xFFFF,0xFFFF,0xFFFF,0xFFFF,0xFFFF,0xFFFF,0x39C6,0x0000,0x0000,0xA576,0xD71D,0xCF1D,0xC6DD,0xC6FE,0xD71E,
  0xCF1E,0x8473,0x0000,0x0000,0x632C,0xFFFF,0xFFFF,0xFFFF,0xFFFF,0xE77E,0xD73E,0xBE7B,0x0000,0x0000,0x1082,0xDF3E,
  0xD71E,0xD71E,0xD71E,0xDF5E,0xEF9E,0xFFFF,0x39C7,0x0000,0x0000,0xB596,0xFFFF,0xFFFF,0xEFBE,0xE77E,0xD71E,0xD71E,
  0x94D4,0x0000,0x0000,0x528A,0xE77E,0xE77E,0xEF7E,0xEF9E,0xEF9E,0xEF9E,0xEF9E,0x0862,0x0000,0x0000,0xA61C,0x95FC,
  0x857B,0x7D3B,0x753B,0x6D1B,0x4C79,0x2A2D,0x0001,0x12F4,0x0358,0x0358,0x0358,0x0358,0x0358,0x0358,0x0358,0x0358,
  0x632C,0x528A,0x4A49,0x4A49,0x4A49,0x4A69,0x4A69,0x630C,0x6B6D,0x6B6D,0x6B4D,0x6B6D,0x62EB,0x10A2,0x08C6,0x2B97,
  0x4439,0x5499,0x64FA,0x6CFA,0x753A,0xA5FC,0x18E5,0x0000,0x0000,0xBE3A,0xCF1D,0xCEFD,0xCEFD,0xCEFD,0xCF1E,0xB67C,
  0x5B4E,0x0000,0x0000,0x73AE,0xFFFF,0xFFFF,0xFFFF,0xFFFF,0xFFFF,0xFFFF,0xD6BA,0x0000,0x0000,0x31A6,0xFFFF,0xFFFF,
  0xF7BF,0xD71D,0xCF1E,0xCEFE,0xD71E,0x18C3,0x0000,0x0000,0xCE79,0xFFFF,0xFFFF,0xFFFF,0xFFFF,0xFFFF,0xFFFF,0x73AE,
  0x0000,0x0000,0x8410,0xFFFF,0xFFFF,0xFFFF,0xFFFF,0xFFFF,0xFFFF,0xD6BA,0x0000,0x0000,0x2945,0xFFFF,0xFFFF,0xFFFF,
  0xFFFF,0xDF3D,0xCEFE,0xD71D,0x2965,0x0000,0x0000,0xBDF7,0xFFFF,0xFFFF,0xFFFF,0xFFFF,0xFFFF,0xFFFF,0x8430,0x0001,
  0x1271,0x0358,0x0358,0x0358,0x0358,0x0358,0x0358,0x0358,0x0358,0x0358,0x0358,0x0358,0x0358,0x0358,0x0AB4,0x0001,
  0x94B2,0xFFFF,0xFFFF,0xFFFF,0xFFFF,0xFFFF,0xFFFF,0xCE79,0x0000,0x0000,0x18E3,0xD73E,0xCF1D,0xCF1E,0xCEFD,0xEFBF,
  0xFFFF,0xFFFF,0x3186,0x08C6,0x0B58,0x0359,0x0358,0x0359,0x0359,0x09AD,0x0000,0xD6BA,0xFFFF,0xFFFF,0xFFFF,0xFFFF,
  0xFFFF,0xFFFF,0xFFFF,0xFFFF,0xFFFF,0xFFFF,0xFFFF,0xDF3E,0xD73E,0xD6FD,0x8431,0x39C7,0x0021,0x0000,0x0000,0x2104,
  0xFFFF,0xFFFF,0xFFFF,0xFFFF,0xFFFF,0xFFFF,0xFFFF,0x31A7,0x0000,0x0000,0xA576,0xD71D,0xD71D,0xCF1D,0xCF1D,0xCEFD,
  0xCEFD,0x73F0,0x0000,0x0000,0x630C,0xFFFF,0xFFFF,0xFFFF,0xF7FF,0xCEFD,0xCEFE,0xBE5B,0x0000,0x0000,0x0882,0xDF3E,
  0xD71E,0xD71E,0xD73E,0xD71E,0xD71D,0xF7DF,0x31C7,0x0000,0x0000,0xAD75,0xFFFF,0xFFFF,0xDF5E,0xCF1E,0xCF1D,0xCF1D,
  0x8CB3,0x0000,0x0000,0x52AA,0xFFFF,0xFFFF,0xFFFF,0xFFFF,0xFFFF,0xFFFF,0xFFFF,0x0841,0x0000,0x0000,0xAE1B,0x9E1C,
  0x857B,0x859B,0x755B,0x64FB,0x4C59,0x220C,0x0001,0x12D4,0x0358,0x0358,0x0358,0x0358,0x0358,0x0358,0x0358,0x0358,
  0x632C,0x52AA,0x4A49,0x4A49,0x4A69,0x4A69,0x4A69,0x630C,0x6B4D,0x6B6D,0x6B4D,0x6B6D,0x62EB,0x1082,0x10C6,0x4C59,
  0x5CDA,0x6CFA,0x6CFA,0x859C,0x9DFC,0xBE7D,0x1905,0x0000,0x0000,0xB639,0xCEFD,0xCEFD,0xCEFD,0xCEFD,0xD71D,0xCF1D,
  0x6B8E,0x0000,0x0000,0x738E,0xFFFF,0xFFFF,0xFFFF,0xFFFF,0xFFFF,0xFFFF,0xD6BA,0x0000,0x0000,0x31A6,0xFFFF,0xE77E,
  0xD73E,0xD71E,0xD71E,0xCEFD,0xD71D,0x18C3,0x0000,0x0000,0xD69A,0xFFFF,0xFFFF,0xFFFF,0xFFFF,0xFFFF,0xFFFF,0x7BCF,
  0x0000,0x0000,0x8410,0xFFFF,0xFFFF,0xFFFF,0xFFFF,0xFFFF,0xFFFF,0xD6BA,0x0000,0x0000,0x2945,0xFFFF,0xFFFF,0xFFFF,
  0xFFFF,0xDF3E,0xCEFE,0xD71E,0x2965,0x0000,0x0000,0xBDD7,0xFFFF,0xFFFF,0xFFFF,0xFFFF,0xFFFF,0xFFFF,0x8430,0x0001,
  0x1271,0x0358,0x0358,0x0358,0x0358,0x0358,0x0358,0x0358,0x0358,0x0358,0x0358,0x0358,0x0358,0x0358,0x12D4,0x0001,
  0x94B2,0xFFFF,0xFFFF,0xFFFF,0xFFFF,0xFFFF,0xFFFF,0xD69A,0x0000,0x0000,0x18C3,0xD73E,0xCEFE,0xCEFE,0xCEFD,0xD71D,
  0xE75E,0xFFFF,0x2966,0x08A6,0x0B37,0x0359,0x0359,0x0359,0x0359,0x09CD,0x0000,0xD6BA,0xFFFF,0xFFFF,0xFFFF,0xFFFF,
  0xFFFF,0xFFFF,0xFFFF,0xFFFF,0xFFDF,0xE77E,0xD73E,0xD73E,0xD73E,0xD73E,0xD73D,0xADB6,0x8C71,0x0000,0x0000,0x18E3,
  0xFFFF,0xFFFF,0xFFFF,0xFFFF,0xFFFF,0xFFFF,0xFFFF,0x31C6,0x0000,0x0000,0xA576,0xD71E,0xD71D,0xD71D,0xDF5E,0xFFFF,
  0xFFDF,0x8C92,0x0000,0x0000,0x630C,0xFFFF,0xDF3D,0xD73E,0xD71D,0xCF1E,0xCEFD,0xBE5A,0x0000,0x0000,0x0862,0xD73E,
  0xBE9D,0xB65C,0xD73E,0xD71E,0xCEFD,0xCEFD,0x2986,0x0000,0x0000,0xAD75,0xF7BF,0xD71E,0xD71E,0xCF1E,0xCEFE,0xCEFD,
  0x8CB3,0x0000,0x0000,0x52AA,0xFFFF,0xFFFF,0xFFFF,0xFFFF,0xFFFF,0xFFFF,0xFFDF,0x0841,0x0000,0x0000,0xD71E,0xC6FE,
  0xAE7D,0x8D9B,0x753B,0x64FB,0x6D1B,0x326D,0x0001,0x12D4,0x0358,0x0358,0x0358,0x0358,0x0358,0x0358,0x0358,0x0358,
  0x632C,0x52AA,0x4A49,0x4A49,0x4A69,0x4A49,0x4A69,0x630C,0x6B4D,0x6B6D,0x6B4D,0x6B4D,0x5ACA,0x10A2,0x10C5,0x4C38,
  0x5CBA,0x6D1A,0x7D7B,0x8DBC,0x9E1C,0xC69E,0x1905,0x0000,0x0000,0xCE9A,0xE79E,0xE79E,0xEF9E,0xEF9E,0xEF9E,0xEF9E,
  0x73AE,0x0000,0x0000,0x6B6D,0xF7DF,0xDF5E,0xEFBF,0xFFFF,0xFFFF,0xFFFF,0xD6BA,0x0000,0x0000,0x31A6,0xE79E,0xDF5E,
  0xD71E,0xD71E,0xD71E,0xCEFE,0xD71D,0x18E3,0x0000,0x0000,0xC639,0xF7BF,0xFFFF,0xFFFF,0xFFFF,0xFFFF,0xFFFF,0x7BCF,
  0x0000,0x0000,0x8410,0xFFFF,0xFFFF,0xFFFF,0xFFFF,0xFFFF,0xFFFF,0xD6BA,0x0000,0x0000,0x2965,0xFFFF,0xFFFF,0xFFFF,
  0xE77E,0xD73E,0xD71E,0xD71D,0x2965,0x0000,0x0000,0xBDD7,0xFFFF,0xFFFF,0xFFFF,0xFFFF,0xFFFF,0xFFFF,0x8430,0x0001,
  0x1271,0x0358,0x0358,0x0358,0x0338,0x0358,0x0358,0x0358,0x0358,0x0358,0x0358,0x0358,0x0358,0x0358,0x0AD4,0x0001,
  0x94B2,0xFFFF,0xFFFF,0xFFFF,0xFFFF,0xFFFF,0xEFBE,0xC639,0x0000,0x0000,0x18C3,0xD73E,0xCEFE,0xCF1E,0xD71E,0xD71E,
  0xDF3E,0xEFBF,0x2965,0x08C6,0x0B58,0x0359,0x0359,0x0359,0x0359,0x09CD,0x0000,0xD6BA,0xFFFF,0xFFFF,0xFFFF,0xFFFF,
  0xFFFF,0xFFFF,0xB5B6,0x632C,0xB596,0xCE9B,0xD73E,0xD73E,0xD73E,0xD73E,0xD73E,0xC67B,0xA576,0x0000,0x0000,0x18E3,
  0xEF9E,0xEF7E,0xE77E,0xE77E,0xE77E,0xEF9E,0xFFFF,0x39C7,0x0000,0x0000,0xA576,0xD71D,0xD71D,0xE77E,0xF7BE,0xFFFF,
  0xFFFF,0x9492,0x0000,0x0000,0x5B0C,0xE77E,0xD73E,0xD73E,0xCF1E,0xCF1E,0xCEFE,0xBE5A,0x0000,0x0000,0x0862,0xBEBD,
  0xB67D,0xAE5D,0xBEBD,0xCEFE,0xCF1E,0xD71E,0x2986,0x0000,0x0000,0xA555,0xE77E,0xD73E,0xD71E,0xCEFE,0xB69D,0xC6FD,
  0x8CB3,0x0000,0x0000,0x52AA,0xFFFF,0xFFFF,0xFFFF,0xFFFF,0xFFFF,0xFFFF,0xFFDF,0x0841,0x0000,0x0000,0xD71D,0xCEFE,
  0xAE5D,0x8D9B,0x753B,0x64FB,0x6CFB,0x3A6C,0x0001,0x12F4,0x0358,0x0358,0x0358,0x0358,0x0358,0x0358,0x0358,0x0B58,
  0x632D,0x52AA,0x4A49,0x4A49,0x4A69,0x4A69,0x4A69,0x630C,0x6B6D,0x6B6D,0x6B4D,0x6B6D,0x5AEB,0x10A2,0x10C5,0x4C58,
  0x5CBA,0x751A,0x95DC,0x95DC,0xA61C,0xC6DE,0x2105,0x0000,0x0000,0xDEDB,0xFFFF,0xFFFF,0xFFFF,0xFFFF,0xFFFF,0xFFFF,
  0x73AF,0x0000,0x0000,0x6B8E,0xEFBF,0xCEFD,0xE79E,0xFFFF,0xFFFF,0xFFFF,0xDEDA,0x0000,0x0000,0x3187,0xD75E,0xD73E,
  0xD71E,0xCF1E,0xD71E,0xD71E,0xD71E,0x18E4,0x0000,0x0000,0xB5F8,0xE77E,0xFFFF,0xFFFF,0xFFFF,0xFFFF,0xFFFF,0x73AE,
  0x0000,0x0000,0x8410,0xFFFF,0xFFFF,0xFFFF,0xFFFF,0xFFFF,0xFFFF,0xD6BA,0x0000,0x0000,0x2965,0xFFFF,0xFFFF,0xF7DF,
  0xD73E,0xD73E,0xD71E,0xD73E,0x2965,0x0000,0x0000,0xBDF7,0xFFFF,0xFFFF,0xFFFF,0xFFFF,0xFFFF,0xFFFF,0x8430,0x0001,
  0x1271,0x0358,0x0338,0x0338,0x0338,0x0338,0x0358,0x0358,0x0358,0x0358,0x0358,0x0358,0x0358,0x0358,0x0AD4,0x0001,
  0x9492,0xFFFF,0xFFFF,0xFFFF,0xFFFF,0xFFFF,0xE75E,0xB5F8,0x0000,0x0000,0x18C3,0xD73E,0xD71E,0xD71E,0xD71E,0xD71E,
  0xD71E,0xDF5E,0x2945,0x08C7,0x0B58,0x0359,0x0359,0x0359,0x0B58,0x09AD,0x0000,0xD6BA,0xFFFF,0xFFFF,0xFFFF,0xFFFF,
  0xFFFF,0xFFFF,0x8430,0x0000,0x73AE,0xADB7,0xD73E,0xD73E,0xD73E,0xD73E,0xD73E,0xCF1E,0xB63A,0x0000,0x0000,0x2104,
  0xDF5E,0xD73E,0xD71E,0xD71E,0xCF1E,0xDF5E,0xFFFF,0x39C7,0x0000,0x0000,0xA576,0xD71D,0xCEFD,0xF7DF,0xFFFF,0xFFFF,
  0xFFFF,0x94B2,0x0000,0x0000,0x5AEB,0xD73E,0xD73E,0xD73E,0xCF1E,0xCF1E,0xCF1E,0xBE5B,0x0000,0x0000,0x0862,0xAE5C,
  0xAE5D,0xAE5D,0xAE5D,0xC6DE,0xD71E,0xD73E,0x31A7,0x0000,0x0000,0x9D15,0xD73E,0xD73E,0xCF1E,0xC6DE,0xA63C,0xC6DE,
  0x8CB3,0x0000,0x0000,0x52AA,0xFFFF,0xFFFF,0xFFFF,0xFFFF,0xFFFF,0xFFFF,0xFFDF,0x0841,0x0000,0x0000,0xD71D,0xCEFE,
  0xAE5D,0x8D9C,0x755B,0x64FB,0x6D1B,0x326C,0x0001,0x12F4,0x0358,0x0358,0x0358,0x0358,0x0358,0x0358,0x0358,0x0358,
  0x6B2C,0x52AA,0x4A49,0x4A49,0x4A49,0x4A49,0x4A69,0x630C,0x6B4D,0x6B6D,0x6B6D,0x6B4D,0x630B,0x1082,0x10E5,0x6D1A,
  0x64FA,0x751A,0x8DBB,0xA63C,0xAE5C,0xD73E,0x1904,0x0000,0x0000,0xDEDB,0xFFFF,0xFFFF,0xFFFF,0xFFFF,0xFFFF,0xFFFF,
  0x7BCF,0x0000,0x0000,0x636E,0xDF5E,0xCEFD,0xD71D,0xD71D,0xD71D,0xF7BF,0xDEDB,0x0000,0x0000,0x2986,0xD73E,0xD73E,
  0xCEFE,0xA61C,0xC6DD,0xCF1E,0xD71E,0x18C3,0x0000,0x0000,0xB5F8,0xD73E,0xD71E,0xDF3D,0xEF9E,0xFFFF,0xFFFF,0x73AE,
  0x0000,0x0000,0x8430,0xFFFF,0xFFFF,0xFFFF,0xFFFF,0xFFFF,0xFFFF,0xD69A,0x0000,0x0000,0x2945,0xFFFF,0xE75E,0xD71D,
  0xD73E,0xD71E,0xD71E,0xD71D,0x2966,0x0000,0x0000,0xBDD7,0xFFFF,0xFFFF,0xFFFF,0xFFFF,0xFFFF,0xFFFF,0x8430,0x0001,
  0x1271,0x0358,0x0338,0x0338,0x0338,0x0358,0x0358,0x0358,0x0358,0x0358,0x0358,0x0358,0x0358,0x0358,0x0AD3,0x0001,
  0x9492,0xFFFF,0xFFFF,0xFFFF,0xFFFF,0xFFFF,0xE75E,0xB5F8,0x0000,0x0000,0x18C3,0xD73E,0xCF1E,0xCF1E,0xD71E,0xD71E,
  0xD71E,0xDF3E,0x2125,0x08C7,0x0B58,0x0359,0x0358,0x0359,0x0B59,0x09AD,0x0000,0xD6BA,0xFFFF,0xFFFF,0xFFFF,0xEF9E,
  0xD71D,0xD73D,0x6BAF,0x0000,0x0000,0x7BF0,0xD73E,0xD73E,0xD73E,0xD73E,0xD73E,0xC6DD,0xAE1A,0x0000,0x0000,0x2104,
  0xDF5E,0xD71E,0xD71E,0xCF1E,0xCF1E,0xDF3E,0xFFFF,0x39C7,0x0000,0x0000,0xA576,0xD71E,0xCEFD,0xF7DF,0xFFFF,0xFFFF,
  0xFFFF,0x94B2,0x0000,0x0000,0x52CB,0xD71E,0xD73E,0xD73E,0xCF1E,0xCF1E,0xCF1E,0xC67B,0x0000,0x0000,0x0862,0xAE3C,
  0xA63D,0xA63D,0xA63C,0xC6DD,0xD71E,0xD73E,0x31A7,0x0000,0x0000,0x7C73,0xAE5C,0xAE5D,0xA63C,0xA63C,0xA63D,0xC6DE,
  0x8CB3,0x0000,0x0000,0x52AA,0xFFFF,0xFFFF,0xFFFF,0xFFFF,0xFFFF,0xFFFF,0xFFDF,0x0841,0x0000,0x0000,0xD71D,0xCEFE,
  0xAE5D,0x857B,0x751B,0x5CDA,0x64FA,0x324C,0x0001,0x12F4,0x0358,0x0358,0x0358,0x0358,0x0358,0x0358,0x0358,0x0358,
  0x632C,0x52AA,0x4A49,0x4A49,0x4A69,0x4A49,0x4A69,0x630C,0x6B6D,0x6B6D,0x6B6D,0x6B6D,0x632C,0x1082,0x10E5,0x6D1A,
  0x64FA,0x6D3A,0x8DBB,0xAE3C,0xB65C,0xD73E,0x1904,0x0000,0x0000,0xDEDB,0xFFFF,0xFFFF,0xFFFF,0xFFFF,0xFFFF,0xFFFF,
  0x7BCF,0x0000,0x0000,0x52ED,0xBE9D,0xCF1E,0xD71E,0xD73E,0xD73E,0xE77E,0xCE9A,0x0000,0x0000,0x2986,0xD73E,0xC6DD,
  0xB69D,0xAE3C,0xB69D,0xC69D,0xD71E,0x18C4,0x0000,0x0000,0xB5F8,0xD73E,0xD73E,0xD71E,0xDF3E,0xE77E,0xE77E,0x6B6E,
  0x0000,0x0000,0x7BF0,0xEF9E,0xFFFF,0xFFFF,0xFFFF,0xFFFF,0xFFFF,0xD69A,0x0000,0x0000,0x2124,0xE79E,0xD73E,0xD73E,
  0xD71E,0xD71E,0xD71E,0xD73E,0x2966,0x0000,0x0000,0xA555,0xE77E,0xFFFF,0xFFFF,0xFFFF,0xFFFF,0xFFFF,0x8430,0x0001,
  0x1271,0x0358,0x0338,0x0358,0x0338,0x0358,0x0358,0x0358,0x0358,0x0358,0x0358,0x0358,0x0358,0x0358,0x0AD3,0x0001,
  0x9492,0xFFFF,0xFFFF,0xFFFF,0xFFDF,0xE75E,0xD73E,0xB5D8,0x0000,0x0000,0x18C3,0xD73E,0xCF1E,0xCF1E,0xD71E,0xCF1E,
  0xD71E,0xDF3E,0x2125,0x08C7,0x0B58,0x0359,0x0358,0x0359,0x0B58,0x09AD,0x0000,0xBE39,0xDF5E,0xE75E,0xE77E,0xDF5E,
  0xD71E,0xD73E,0x6BAF,0x0000,0x0000,0x7BF0,0xD73E,0xD73E,0xD73E,0xD73E,0xBEBD,0xB69D,0xAE1A,0x0020,0x0000,0x1904,
  0xDF3E,0xD71E,0xD71E,0xD71E,0xBE9D,0xBEBD,0xD71D,0x3186,0x0000,0x0000,0xA576,0xD71E,0xD71D,0xF7DF,0xFFFF,0xFFFF,
  0xFFFF,0x94B2,0x0000,0x0000,0x52CB,0xD71D,0xD73E,0xD73E,0xCF1E,0xD71E,0xD71E,0xC67B,0x0000,0x0000,0x0862,0xAE3C,
  0xB67D,0xBEBD,0xBEBD,0xCEFD,0xD71E,0xD73E,0x31C7,0x0000,0x0000,0x8CD4,0xBEBD,0xA65D,0xA63D,0xA63D,0x95DC,0xC6DE,
  0x8CD4,0x0000,0x0000,0x528A,0xFFFF,0xFFFF,0xFFFF,0xFFFF,0xFFFF,0xFFFF,0xFFDF,0x0841,0x0000,0x0000,0xD71D,0xCEFE,
  0xAE5D,0x857B,0x751B,0x5CDA,0x6CFB,0x324C,0x0001,0x12D4,0x0359,0x0359,0x0358,0x0358,0x0358,0x0358,0x0358,0x0B58,
  0x632C,0x52AA,0x4A49,0x4A49,0x4A69,0x4A49,0x4A69,0x630C,0x6B6D,0x6B6D,0x6B6D,0x6B6D,0x62EB,0x10A2,0x10E5,0x6D1A,
  0x64FA,0x6D1A,0x8DBB,0xAE3C,0xB67C,0xD73E,0x2104,0x0000,0x0000,0xDEDB,0xFFFF,0xFFFF,0xFFFF,0xFFFF,0xFFFF,0xFFFF,
  0x7BAE,0x0000,0x0000,0x4ACD,0xAE5C,0xCF1E,0xD71E,0xD71E,0xD73F,0xDF5F,0xC67A,0x0000,0x0000,0x2987,0xD75E,0xB69D,
  0xAE5D,0xA65D,0xAE5C,0xB67D,0xD71E,0x18E4,0x0000,0x0000,0xB5F8,0xD73E,0xD73E,0xD73E,0xD73E,0xD71E,0xD73E,0x634D,
  0x0000,0x0000,0x73AF,0xDF3E,0xFFFF,0xFFFF,0xFFFF,0xFFFF,0xFFFF,0xD69A,0x0000,0x0000,0x2104,0xDF5E,0xD73E,0xD71E,
  0xD73E,0xD71E,0xD71E,0xD73E,0x2966,0x0000,0x0000,0x9515,0xD73D,0xF7FF,0xFFFF,0xFFFF,0xFFFF,0xFFFF,0x8430,0x0001,
  0x1271,0x0358,0x0338,0x0358,0x0358,0x0338,0x0358,0x0358,0x0358,0x0358,0x0358,0x0358,0x0358,0x0358,0x0AD3,0x0001,
  0x9492,0xFFFF,0xFFDF,0xFFDF,0xF7BF,0xCEFD,0xCF1D,0xADD8,0x0000,0x0000,0x18E4,0xDF5E,0xD71D,0xCF1E,0xCF1E,0xCF1E,
  0xCF1E,0xD75E,0x2145,0x08E7,0x0B58,0x0359,0x0359,0x0359,0x0B58,0x09CD,0x0000,0xBE19,0xCF1D,0xCF1D,0xCF1D,0xCF1E,
  0xD71E,0xD73E,0x6BAF,0x0000,0x0000,0x7C10,0xD73E,0xD73E,0xD73E,0xCF1E,0xAE5C,0xAE5C,0xADFA,0x0020,0x0000,0x18E3,
  0xD73E,0xD71E,0xD71E,0xD71E,0xBE9D,0xB67D,0xBE9D,0x2966,0x0000,0x0000,0xA577,0xD73E,0xD71E,0xF7DF,0xFFFF,0xFFFF,
  0xFFFF,0x94B2,0x0000,0x0000,0x52CB,0xD71D,0xD71E,0xD73E,0xCF1E,0xCF1E,0xCF1E,0xC67B,0x0000,0x0000,0x0862,0xAE5C,
  0xBEBD,0xCF1D,0xD73E,0xD73D,0xDF3E,0xDF5E,0x31C7,0x0000,0x0000,0x94F4,0xC6DD,0xAE3C,0xA63D,0xA63D,0x95BC,0xC6FE,
  0x94D4,0x0000,0x0000,0x528A,0xFFFF,0xFFFF,0xFFFF,0xFFFF,0xFFFF,0xFFFF,0xFFDF,0x0841,0x0000,0x0000,0xD71D,0xC6DD,
  0xAE5D,0x857B,0x753B,0x64DA,0x6D1B,0x3A6D,0x0001,0x12F4,0x0359,0x0358,0x0358,0x0358,0x0358,0x0358,0x0358,0x0358,
  0x6B2C,0x52AA,0x4A49,0x4A49,0x4A49,0x4A69,0x4A69,0x630C,0x6B6D,0x6B6D,0x736D,0x630C,0x0000,0x0000,0x1906,0x753A,
  0x5CDA,0x6D1A,0x8D9B,0xAE3C,0xB67C,0xDF5E,0x2125,0x0000,0x0000,0xDEDB,0xFFFF,0xFFFF,0xFFFF,0xFFFF,0xFFFF,0xFFFF,
  0x73AF,0x0000,0x0000,0x530E,0xAE5D,0xAE5D,0xAE5D,0xAE7D,0xAE5D,0xC6FE,0xC69B,0x0000,0x0000,0x31A7,0xDF7E,0xBE9D,
  0xAE3C,0xA63D,0xA63D,0xAE5D,0xB67D,0x10C4,0x0000,0x0000,0xB5F8,0xDF3E,0xD73E,0xD73E,0xD71D,0xD73E,0xD71D,0x634D,
  0x0000,0x0000,0x73AF,0xD73E,0xD71D,0xD71D,0xD73E,0xD73D,0xD73E,0xBE39,0x0000,0x0000,0x2104,0xDF5E,0xD73E,0xD71E,
  0xD73E,0xD73E,0xD71E,0xDF3E,0x2966,0x0000,0x0000,0x9D56,0xCEFE,0xCEFD,0xF7DF,0xFFFF,0xFFFF,0xFFFF,0x8C51,0x0001,
  0x1271,0x0358,0x0338,0x0338,0x0338,0x0338,0x0358,0x0358,0x0358,0x0358,0x0358,0x0358,0x0358,0x0358,0x0AD3,0x0001,
  0x9492,0xFFFF,0xD71D,0xD71D,0xCEFD,0xCEFD,0xCEFD,0xADD8,0x0000,0x0000,0x2104,0xFFFF,0xDF3E,0xCF1D,0xCF1E,0xCF1E,
  0xCF1E,0xD73E,0x2145,0x08E7,0x0B58,0x0359,0x0358,0x0358,0x0B59,0x09AD,0x0000,0xBE39,0xCEFD,0xCEFE,0xCEFD,0xCEFE,
  0xD71E,0xD73E,0x73D0,0x0000,0x0000,0x73F0,0xD73E,0xD73E,0xBE9D,0xAE3C,0xAE5D,0xAE5C,0xADFA,0x0000,0x0000,0x18E4,
  0xD71D,0xCF1D,0xD71E,0xD71E,0xD73E,0xCF1E,0xB69D,0x2966,0x0000,0x0000,0xAD97,0xD73E,0xD73E,0xF7DF,0xFFFF,0xFFFF,
  0xFFFF,0x9492,0x0000,0x0000,0x52CB,0xD71D,0xD71E,0xD71E,0xCEFD,0xAE5C,0xB67D,0xADFA,0x0000,0x0000,0x0862,0xD71E,
  0xCEFE,0xD71D,0xFFFF,0xFFFF,0xFFFF,0xFFFF,0x4208,0x0000,0x0000,0x94D4,0xCEFE,0xCEFE,0xB67D,0xA65D,0x95DC,0xE79E,
  0xA534,0x0000,0x0000,0x52AA,0xFFFF,0xFFFF,0xFFFF,0xFFFF,0xFFFF,0xFFFF,0xFFFF,0x0841,0x0000,0x0000,0xD71D,0xC6DE,
  0xA63D,0x8D9B,0x753B,0x64FA,0x753B,0x3A8D,0x0001,0x1314,0x0358,0x0359,0x0358,0x0358,0x0358,0x0358,0x0358,0x0358,
  0x6B2C,0x52AA,0x4A49,0x4A49,0x4A49,0x4A69,0x4A69,0x630C,0x6B6D,0x6B6D,0x4208,0x2125,0x0001,0x1169,0x2270,0x6D1A,
  0x5CDA,0x64FA,0x859B,0xA61C,0xB67C,0xDF5E,0x2125,0x0000,0x0000,0xDEDB,0xFFFF,0xFFFF,0xFFFF,0xFFFF,0xFFFF,0xFFFF,
  0x7BCF,0x0000,0x0000,0x4ACD,0x9DFC,0xAE7D,0xAE5D,0xAE5D,0xBEBE,0xC6FE,0xBE5A,0x0000,0x0000,0x31A7,0xDF7E,0xC6FE,
  0xBE9D,0xBEBD,0xAE5D,0xAE3D,0xB67D,0x10E4,0x0000,0x0000,0xBE19,0xDF3E,0xD73E,0xD73E,0xD71D,0xD71D,0xD71D,0x634E,
  0x0000,0x0000,0x6BAF,0xD71E,0xCF1D,0xD71E,0xD71E,0xD71D,0xD73E,0xB619,0x0000,0x0000,0x2125,0xBEBD,0xB69D,0xB69E,
  0xB69D,0xCF1E,0xD73E,0xDF3E,0x3186,0x0000,0x0000,0x9515,0xCEFD,0xCEFD,0xD73D,0xDF5E,0xDF5E,0xF7DF,0x8431,0x0001,
  0x1271,0x0358,0x0358,0x0358,0x0358,0x0358,0x0358,0x0358,0x0358,0x0358,0x0358,0x0358,0x0358,0x0358,0x12D3,0x0001,
  0x9492,0xFFDF,0xD71D,0xD71E,0xCEFD,0xCEFD,0xCEFD,0xADB8,0x0000,0x0000,0x2104,0xFFFF,0xF7BE,0xE77E,0xCF1D,0xBE9D,
  0xBEBD,0xD73E,0x2145,0x08C7,0x0B78,0x0359,0x0359,0x0359,0x0B79,0x09CD,0x0000,0xB5F9,0xCF1D,0xCF1D,0xCEFD,0xCEFD,
  0xCF1D,0xD71E,0x73B0,0x0000,0x4A8A,0x8CB4,0xBE9D,0xBE9D,0xAE5D,0xA63D,0xA65D,0xB69D,0xAE1A,0x0000,0x0000,0x18E3,
  0xEF9E,0xE79E,0xEF9E,0xEF9E,0xD73D,0xCEFE,0xBEBD,0x2966,0x0000,0x0000,0xAD97,0xDF5E,0xEF9E,0xFFFF,0xFFFF,0xFFFF,
  0xFFFF,0x9492,0x0000,0x0000,0x5AEC,0xD73E,0xBEBD,0xBEBD,0xBE9D,0xAE5C,0xAE7D,0xADFA,0x0001,0x0000,0x0882,0xDF3E,
  0xDF5E,0xEF9E,0xFFFF,0xFFFF,0xFFFF,0xFFFF,0x39E7,0x0000,0x0000,0xA535,0xDF7E,0xCF1E,0xB67D,0xB69D,0xCEFD,0xF7DF,
  0xAD55,0x0000,0x0000,0x528A,0xFFFF,0xFFFF,0xFFFF,0xFFFF,0xFFFF,0xFFFF,0xFFFF,0x0861,0x0000,0x0000,0xBE9D,0xAE5D,
  0x8DBC,0x857B,0x753B,0x64FA,0x5CDA,0x2A2C,0x0001,0x12F4,0x0358,0x0358,0x0358,0x0358,0x0358,0x0358,0x0358,0x0B58,
  0x6B2C,0x52AA,0x4A49,0x4A49,0x4A69,0x4A49,0x4A69,0x630C,0x6B6D,0x6B6D,0x2104,0x0021,0x08A6,0x1A92,0x2B97,0x651B,
  0x5CDA,0x64FA,0x857B,0xA61C,0xB67C,0xDF5E,0x2945,0x0000,0x0000,0xDEFB,0xFFFF,0xFFFF,0xFFFF,0xFFFF,0xFFFF,0xFFFF,
  0x8410,0x1082,0x0000,0x3A8C,0x8DBB,0xAE7D,0xAE5D,0xAE7C,0xCF1E,0xD73E,0xBE39,0x0000,0x0000,0x31A7,0xE77E,0xDF5E,
  0xD71E,0xCEFE,0xB65D,0xAE3D,0xB67D,0x18E4,0x0000,0x0000,0xBE19,0xD73E,0xD73E,0xD71E,0xD71D,0xD71E,0xD71D,0x634D,
  0x0000,0x0000,0x6B8F,0xD71E,0xCF1D,0xD71D,0xD71E,0xD71D,0xD71E,0xBE39,0x0000,0x0000,0x2125,0xAE5D,0xAE5D,0xA65D,
  0xA63C,0xC6FE,0xD71E,0xD73E,0x2986,0x0041,0x0861,0x9535,0xCF1D,0xCEFD,0xCEFD,0xCEFD,0xD71E,0xF7DF,0x8431,0x0001,
  0x1272,0x0358,0x0358,0x0358,0x0358,0x0358,0x0358,0x0358,0x0358,0x0338,0x0358,0x0358,0x0358,0x0358,0x0AD3,0x0001,
  0x9492,0xFFDF,0xD71D,0xD71E,0xCF1D,0xCEFD,0xCEFD,0xADB8,0x0000,0x0000,0x2104,0xFFFF,0xFFFF,0xF7DF,0xD73D,0xAE5C,
  0xAE7C,0xCF1E,0x2145,0x08A5,0x12F4,0x0B58,0x0359,0x0359,0x0B79,0x09CD,0x0000,0xB5F9,0xCF1D,0xCF1D,0xCEFD,0xCEFD,
  0xCF1D,0xD71E,0x7411,0x10A3,0x8C92,0xA598,0xAE5C,0xAE5C,0xA63D,0xA63D,0xA65D,0xBE9D,0xB63A,0x0000,0x0000,0x18E3,
  0xFFFF,0xFFFF,0xFFFF,0xFFFF,0xDF3D,0xCEFD,0xCEDD,0x31C7,0x0841,0x0000,0xADB7,0xE77E,0xFFFF,0xFFFF,0xFFFF,0xFFFF,
  0xFFFF,0x9492,0x0000,0x0000,0x5AEC,0xCF1E,0xAE7D,0xAE7D,0xAE3D,0xAE5C,0xAE5D,0xADFA,0x0001,0x0000,0x0882,0xDF5E,
  0xEF9E,0xFFFF,0xFFFF,0xFFFF,0xFFFF,0xFFFF,0x39C7,0x0000,0x0000,0xAD55,0xEFBF,0xD71E,0xBE9C,0xC6BC,0xFFFF,0xFFFF,
  0xAD55,0x0000,0x0000,0x5289,0xFFFF,0xF7DF,0xF7DF,0xF7DF,0xF7DF,0xF7DF,0xFFDF,0x0861,0x0042,0x0064,0xA63C,0x95FC,
  0x7D7B,0x7D5B,0x6D1B,0x64FB,0x4C7A,0x222C,0x0001,0x12F4,0x0359,0x0358,0x0358,0x0358,0x0358,0x0358,0x0358,0x0B58,
  0x6B2C,0x52AA,0x4A49,0x4A49,0x4A69,0x4A69,0x4A69,0x630C,0x6B6D,0x6B8E,0x2104,0x08C6,0x33D7,0x2BD9,0x3419,0x6D1B,
  0x5CDA,0x64FA,0x857B,0x9DFC,0xB67C,0xDF5E,0x2965,0x0000,0x0020,0xDEFB,0xFFFF,0xFFFF,0xFFFF,0xFFFF,0xFFFF,0xFFFF,
  0xC638,0x94B2,0x0000,0x3A6C,0x95DB,0xB67D,0xC6DE,0xCF1E,0xCF1E,0xE79F,0xD6BA,0x0000,0x0000,0x39C7,0xFFFF,0xFFFF,
  0xEFDF,0xCEFD,0xCEFE,0xC6DE,0xB69D,0x18E5,0x0000,0x0000,0x9D78,0xC6BD,0xD73E,0xD71E,0xD71E,0xD71E,0xD71E,0x634E,
  0x0000,0x0000,0x6B8F,0xD71E,0xCF1E,0xD71E,0xD71E,0xD71E,0xD71E,0xBE39,0x0000,0x0000,0x2125,0xB67D,0xAE7D,0xAE5D,
  0xA63C,0xAE7C,0xBEBD,0xD73E,0x2986,0x2965,0x9CF3,0xC69B,0xCF1D,0xCF1D,0xCEFD,0xCEFD,0xD73E,0xE77E,0x8431,0x0001,
  0x1271,0x0358,0x0358,0x0338,0x0338,0x0358,0x0358,0x0358,0x0338,0x0358,0x0358,0x0358,0x0338,0x0358,0x0AB3,0x0001,
  0x9492,0xFFFF,0xD71D,0xD73E,0xCEFD,0xCEFD,0xCEFD,0xADB8,0x0000,0x0000,0x2104,0xFFFF,0xFFFF,0xFFFF,0xFFFF,0xBE9D,
  0xA65D,0xAE7D,0x2145,0x0000,0x0023,0x12D4,0x0359,0x0359,0x0B79,0x09CD,0x0000,0xB618,0xCF1D,0xCF1D,0xCEFD,0xCEFD,
  0xCF1D,0xCF1E,0xC6DD,0xBE9D,0xB67C,0xB67D,0xAE5D,0xAE5D,0xAE5D,0xA63C,0xA63C,0xB69D,0xB63A,0x0000,0x0000,0x2104,
  0xFFFF,0xFFFF,0xFFFF,0xFFFF,0xFFFF,0xF7DF,0xDF3D,0xA513,0x6B2C,0x0000,0xADB7,0xE77E,0xFFFF,0xFFFF,0xFFFF,0xFFFF,
  0xFFFF,0x9492,0x0000,0x0000,0x4ACC,0xAE7D,0xAE7D,0xAE7D,0xAE5D,0xAE5D,0xAE5C,0xADFA,0x0001,0x0000,0x0882,0xE77E,
  0xEF9E,0xFFFF,0xFFFF,0xFFFF,0xFFFF,0xFFFF,0x39C7,0x0000,0x0000,0xAD55,0xFFFF,0xFFFF,0xFFFF,0xFFFF,0xFFFF,0xFFFF,
  0xAD55,0x0000,0x0000,0x5289,0xFFFF,0xD71D,0xCEFD,0xD71D,0xD71D,0xD73E,0xDF3E,0x0862,0x21CB,0x4BF7,0x9E3E,0x95DC,
  0x7D7B,0x5CDA,0x5CDA,0x5CFB,0x447A,0x222D,0x0022,0x1B15,0x0358,0x0358,0x0358,0x0358,0x0358,0x0358,0x0358,0x0358,
  0x6B2C,0x52AA,0x4A49,0x4A49,0x4A69,0x4A49,0x4A69,0x630C,0x6B8E,0x6B8E,0x2104,0x08C6,0x33D8,0x23D9,0x33F9,0x54BA,
  0x5CDA,0x64FA,0x859C,0x8D9B,0x9DBA,0xB5F8,0x2104,0x0000,0x0000,0xA534,0xD699,0xFFFF,0xFFFF,0xFFFF,0xFFFF,0xFFFF,
  0xEF5D,0xDEBA,0xB596,0xC67A,0xDF5E,0xB67C,0xC6BD,0xCEFD,0xEF9F,0xF7DF,0xDEDA,0x0000,0x0000,0x31A6,0xFFFF,0xFFFF,
  0xFFDF,0xEF9E,0xD71E,0xCEFE,0xB69D,0x18E5,0x0000,0x0000,0x9D78,0xB69D,0xBE9D,0xBEBD,0xC6BD,0xD71E,0xD73E,0x636E,
  0x0000,0x0000,0x6B8F,0xD71E,0xD71E,0xD71E,0xD71E,0xCF1D,0xD71E,0xBE39,0x0000,0x0000,0x2125,0xB69D,0xBEBE,0xBEDE,
  0xBEBD,0xDF5E,0xDF5E,0xD71E,0x9D35,0x9515,0xC65A,0xD6FD,0xCF1D,0xCF1D,0xCEFD,0xCEFD,0xD73E,0xADB7,0x632D,0x0001,
  0x1271,0x0358,0x0358,0x0358,0x0358,0x0358,0x0358,0x0358,0x0358,0x0358,0x0358,0x0358,0x0338,0x0338,0x0AB3,0x0001,
  0x9492,0xFFFF,0xD71D,0xD73E,0xCF1E,0xCEFD,0xCEFD,0xADB8,0x0000,0x0000,0x2104,0xFFFF,0xFFFF,0xF7DF,0xDF5E,0xB69D,
  0xAE5D,0xAE9C,0x42E8,0x2182,0x0001,0x12B3,0x0358,0x0359,0x0B79,0x09CD,0x0000,0xBE39,0xCF1D,0xCF1E,0xB67C,0xB67C,
  0xB69D,0xB69D,0xB67D,0xAE5D,0xAE5D,0xAE5D,0xAE5D,0xAE5D,0xAE5D,0xAE5C,0xBEBD,0xADF9,0x94B3,0x0000,0x0000,0x2103,
  0xB5B6,0xE73C,0xFFFF,0xFFFF,0xFFFF,0xFFFF,0xF7BF,0xE71B,0xCE79,0xAD55,0xE73D,0xFFDF,0xFFFF,0xFFFF,0xFFFF,0xFFFF,
  0xFFFF,0x9492,0x0000,0x0000,0x4AAC,0xAE7D,0xAE7D,0xAE7D,0xAE5D,0xAE5D,0xAE5D,0xA5FA,0x0000,0x0000,0x0882,0xE77E,
  0xEF9E,0xFFFF,0xFFFF,0xFFFF,0xFFFF,0xFFFF,0x39E7,0x0000,0x0000,0xAD55,0xFFFF,0xFFFF,0xFFFF,0xFFFF,0xFFFF,0xFFFF,
  0xAD55,0x0000,0x0000,0x5289,0xFFFF,0xEF9F,0xDF7E,0xD71E,0xD71E,0xD71E,0xD73E,0x8494,0x84F7,0x859C,0x8DBC,0x7D9C,
  0x6D1B,0x5CDB,0x4C9A,0x447A,0x2BD9,0x19EC,0x0002,0x1B35,0x0358,0x0358,0x0358,0x0358,0x0358,0x0358,0x0358,0x0358,
  0x632C,0x52AA,0x4A49,0x4A49,0x4A49,0x4A49,0x4A69,0x62EB,0x738E,0x6B6D,0x2104,0x08A5,0x2BD7,0x23B8,0x2BD8,0x4459,
  0x5CBA,0x6D1B,0x859C,0x8D7B,0x8CF7,0x73CF,0x18C2,0x0020,0x0000,0x73AE,0xA514,0xEF9E,0xFFDF,0xFFFF,0xFFFF,0xFFFF,
  0xFFFF,0xFFFF,0xFFFF,0xFFFF,0xFFFF,0xAE1A,0xBE9C,0xD71D,0xFFFF,0xFFFF,0xD6BA,0x0000,0x0000,0x3186,0xFFFF,0xFFFF,
  0xFFFF,0xFFFF,0xE75E,0xCF1D,0xC6DD,0x10C4,0x0000,0x0000,0x9557,0xAE7D,0xAE7D,0xAE7D,0xBEBD,0xCF1E,0xD73E,0x634E,
  0x0000,0x0000,0x6BAF,0xD73E,0xD71D,0xD71E,0xCF1D,0xCEFE,0xC6FD,0xADF9,0x0000,0x0000,0x2125,0xB69D,0xC6DE,0xD71E,
  0xD71D,0xF7BF,0xF7BF,0xD73E,0xD73E,0xD73E,0xD73E,0xD73E,0xD71E,0xD71E,0xCF1D,0xCEFD,0xCF1D,0x73AF,0x39E7,0x0001,
  0x1271,0x0358,0x0338,0x0338,0x0358,0x0358,0x0358,0x0358,0x0358,0x0358,0x0358,0x0358,0x0358,0x0358,0x0AB3,0x0001,
  0x9492,0xFFFF,0xD71E,0xD71E,0xD71E,0xC6DD,0xC6DD,0xA5B8,0x0000,0x0000,0x2104,0xFFFF,0xF7DF,0xE77E,0xCEFE,0xB69D,
  0xAE7D,0xAE9C,0x4B86,0x29E1,0x0001,0x12B3,0x0B59,0x0379,0x0B79,0x09EE,0x0021,0xB5F8,0xCEFE,0xC6FE,0xAE3C,0xAE3C,
  0xAE3C,0xAE5C,0xA63C,0xA63C,0xAE5C,0xAE5C,0xAE5C,0xAE5D,0xAE5D,0xAE5C,0xD73E,0xA555,0x73AE,0x0000,0x0000,0x10A2,
  0x83EF,0xCE79,0xF79E,0xFFFF,0xFFFF,0xFFFF,0xFFFF,0xFFFF,0xFFFF,0xFFFF,0xFFFF,0xFFFF,0xFFFF,0xFFFF,0xFFFF,0xFFFF,
  0xFFFF,0x8C71,0x0000,0x0000,0x4AAC,0xAE7D,0xAE7D,0xAE7D,0xAE5D,0xA63C,0xA63C,0x9DBA,0x0000,0x0000,0x0882,0xDF7E,
  0xEF9E,0xFFFF,0xFFFF,0xFFFF,0xFFFF,0xFFFF,0x39C7,0x0000,0x0000,0xAD55,0xFFFF,0xFFFF,0xFFFF,0xFFFF,0xFFFF,0xFFFF,
  0xAD55,0x0000,0x0000,0x4A69,0xFFDF,0xFFFF,0xEF9E,0xCF1E,0xCF1E,0xCF1E,0xCEFE,0xA63D,0x9E1D,0x9E1D,0x755B,0x6D3B,
  0x5CDA,0x54BB,0x3C5A,0x3419,0x1B14,0x1169,0x0001,0x1B15,0x0358,0x0358,0x0358,0x0358,0x0358,0x0358,0x0358,0x0B58,
  0x632C,0x528A,0x4A49,0x4A49,0x4A49,0x4A49,0x4A69,0x62EB,0x738E,0x738E,0x2104,0x08A5,0x2BB7,0x23B8,0x2BD8,0x4459,
  0x5CDA,0x6D1B,0x751A,0x95BB,0x7C32,0x0000,0x0000,0x0000,0x0000,0x0000,0x39C7,0x9471,0xF79E,0xFFFF,0xFFFF,0xFFFF,
  0xFFFF,0xFFFF,0xFFFF,0xFFFF,0xFFFF,0xFFFF,0xFFFF,0xFFFF,0xFFFF,0xFFFF,0xD6DB,0x0000,0x0000,0x3186,0xFFFF,0xFFFF,
  0xFFFF,0xFFFF,0xFFFF,0xEFBF,0xCEFD,0x10C3,0x0000,0x0000,0x9D78,0xAE7D,0xAE7D,0xB67D,0xB65D,0xB67C,0xD73E,0x634E,
  0x0000,0x0000,0x6BD0,0xD75E,0xD71E,0xCF1D,0xCEFE,0xCEFE,0xAE7D,0x9558,0x0000,0x0000,0x2126,0xBEBD,0xC6FE,0xDF3E,
  0xFFDF,0xFFFF,0xFFFF,0xFFFF,0xD71D,0xC6BD,0xC6DD,0xDF5F,0xD71E,0xD71E,0xD71E,0xC69C,0x9D77,0x0862,0x0000,0x0001,
  0x1272,0x0358,0x0338,0x0338,0x0358,0x0358,0x0358,0x0358,0x0358,0x0358,0x0358,0x0358,0x0338,0x0338,0x0AB3,0x0001,
  0x9491,0xF7DF,0xD71E,0xD71E,0xCF1E,0xAE5C,0xA63C,0x8D16,0x0000,0x0000,0x1904,0xF7FF,0xD73E,0xCEFE,0xCF1E,0xB69D,
  0xAE5D,0xAE7B,0x5C27,0x3242,0x0001,0x12D3,0x0B59,0x0379,0x0B79,0x09EE,0x0021,0xA598,0xAE5C,0xAE5C,0xAE5C,0xAE5C,
  0xAE3C,0xAE5C,0xA63C,0xAE5C,0xAE3C,0xAE5C,0xAE5D,0xAE5D,0xAE5D,0xAE3C,0xADFA,0x4A8B,0x0000,0x0000,0x0000,0x0000,
  0x0000,0x7BCF,0xB5B6,0xFFFF,0xFFFF,0xFFFF,0xFFFF,0xFFFF,0xFFFF,0xFFFF,0xFFFF,0xFFFF,0xFFFF,0xFFFF,0xFFFF,0xFFFF,
  0xFFFF,0x9491,0x0000,0x0000,0x4AAB,0xAE5C,0xAE7D,0xAE7D,0xAE5D,0x8D9B,0x857B,0x84F7,0x0000,0x0000,0x0862,0xDF5E,
  0xEF9E,0xFFFF,0xFFFF,0xFFFF,0xFFFF,0xFFFF,0x39E7,0x0000,0x0000,0xAD75,0xFFFF,0xFFFF,0xFFFF,0xFFFF,0xFFFF,0xFFFF,
  0xAD75,0x0000,0x0000,0x5269,0xFFFF,0xFFFF,0xE79E,0xCF1E,0xCF1E,0xBEBE,0xA65D,0x753B,0x753B,0x753B,0x64DA,0x5CDB,
  0x54DA,0x4C9A,0x2BB7,0x1AF3,0x0023,0x0001,0x0002,0x12F5,0x0358,0x0358,0x0358,0x0358,0x0358,0x0358,0x0358,0x0358,
  0x632C,0x52AA,0x4A49,0x4A49,0x4A49,0x4A49,0x4A69,0x630B,0x738E,0x738E,0x2104,0x08A5,0x2BB7,0x23B7,0x23B7,0x33F8,
  0x4C99,0x5CD9,0x6CD6,0x746E,0x5B28,0x0000,0x18C3,0x18E4,0x19CB,0x0042,0x0861,0x2945,0x9CF3,0xD679,0xFFFF,0xFFFF,
  0xD6BA,0xAD55,0x31A6,0x9492,0xFFFF,0xFFFF,0xFFFF,0xFFFF,0xFFFF,0xFFFF,0xDEBA,0x0000,0x0000,0x3186,0xFFFF,0xFFFF,
  0xFFFF,0xFFFF,0xFFFF,0xEFBF,0xCEFD,0x18C4,0x0000,0x0000,0x9D78,0xB67D,0xB67D,0xB67D,0xB67D,0xAE7D,0xB67C,0x5B2D,
  0x0000,0x0000,0x638F,0xBE9D,0xBE9D,0xB69D,0xB67D,0xAE7C,0xA65C,0x9598,0x0000,0x0000,0x2126,0xBEBE,0xDF5E,0xF7BF,
  0xFFFF,0xFFFF,0xFFFF,0xFFFF,0x5B0C,0x5AED,0xA576,0xCEDD,0xC6BD,0xC6DD,0xA596,0x7BF0,0x31A7,0x0020,0x08E6,0x122F,
  0x0B16,0x0338,0x0338,0x0358,0x0358,0x0358,0x0358,0x0358,0x0358,0x0358,0x0358,0x0358,0x0358,0x0338,0x0AB3,0x0001,
  0x8C71,0xF7DF,0xBE9D,0xB69D,0xB69D,0xAE7C,0xAE5C,0x8D36,0x0000,0x0000,0x1904,0xBEBC,0xB69D,0xB69D,0xB69D,0xAE7C,
  0xA65C,0xAE7B,0x6447,0x3A83,0x0001,0x12D3,0x0B59,0x0379,0x0B79,0x09EE,0x0021,0xA598,0xAE5C,0xAE5C,0xAE5C,0xAE5C,
  0xAE5C,0xAE5C,0xAE5C,0xAE3C,0xAE3C,0x9DFC,0x95DC,0x95DC,0x9D98,0x9D56,0x31E8,0x18E4,0x0042,0x122F,0x1250,0x11ED,
  0x0001,0x2124,0x4228,0xBDF7,0xEF3C,0xFFFF,0xFFFF,0xC618,0x9491,0x4208,0xD6BA,0xFFFF,0xFFFF,0xFFFF,0xFFFF,0xFFFF,
  0xFFFF,0x9492,0x0000,0x0000,0x52CC,0xC6FE,0xB69D,0xB67D,0xAE7D,0x8D9B,0x859B,0x84F8,0x0000,0x0000,0x0862,0xDF5E,
  0xEF9E,0xFFFF,0xFFFF,0xFFFF,0xFFFF,0xFFFF,0x39E7,0x0000,0x0000,0xB596,0xFFFF,0xFFFF,0xFFFF,0xFFFF,0xFFFF,0xFFFF,
  0xAD75,0x0020,0x0000,0x528A,0xFFFF,0xFFFF,0xEF9E,0xCEFE,0xCF1E,0xBEBE,0xAE5D,0x21CA,0x3AD0,0x4C38,0x5CDB,0x4C9A,
  0x3439,0x2376,0x1A0E,0x08C6,0x0000,0x0928,0x1251,0x0B37,0x0358,0x0358,0x0358,0x0358,0x0358,0x0358,0x0358,0x0358,
  0x632C,0x52AA,0x4A49,0x4A49,0x4A49,0x4A49,0x4A69,0x630B,0x738E,0x738E,0x2124,0x0884,0x2AD0,0x2B30,0x2B70,0x33D0,
  0x5492,0x64B2,0x6C8F,0x6406,0x42A4,0x0000,0x2124,0x2986,0x1A90,0x00E8,0x0063,0x0000,0x632C,0x9492,0xC638,0xC638,
  0x9CF3,0x738D,0x0000,0x630B,0xCE58,0xD6D7,0xD6F7,0xDF18,0xDEF8,0xDF18,0xBE15,0x0000,0x0000,0x2965,0xCE58,0xCE58,
  0xC638,0xC638,0xC638,0xBDF7,0x9D56,0x10A3,0x0000,0x0000,0x7C52,0x8D37,0x9537,0x9537,0x8D16,0x8D16,0x8D36,0x4A8B,
  0x0000,0x0020,0x4AEC,0x8D36,0x95B6,0x95B5,0x95D5,0x95F5,0x9DF5,0x9594,0x0020,0x0000,0x2125,0xBEBE,0xDF7E,0xFFFF,
  0xFFFF,0xFFFF,0xFFFF,0xFFFF,0x2965,0x2124,0x7C10,0x9D77,0x9D77,0x9D77,0x7C10,0x4A69,0x0000,0x0884,0x09CE,0x0358,
  0x0338,0x0358,0x0358,0x0358,0x0358,0x0358,0x0358,0x0358,0x0358,0x0358,0x0358,0x0358,0x0338,0x0358,0x0AB3,0x0001,
  0x6B6D,0xBE18,0x8CF6,0x8D16,0x8CF6,0x8D16,0x8D16,0x7412,0x0000,0x0000,0x10C4,0x9556,0x9595,0x95B4,0x95B4,0x9594,
  0x95B5,0x9E34,0x6445,0x42C3,0x0001,0x12B3,0x0379,0x0359,0x0B79,0x09EE,0x0021,0x9552,0x9DF5,0x9DD5,0x9DF5,0x9DF5,
  0x9DF5,0x95B5,0x95B5,0x95B5,0x9595,0x7CF5,0x6C54,0x6C75,0x7C11,0x7BEF,0x0020,0x0084,0x0129,0x0B78,0x0379,0x1315,
  0x00A6,0x0021,0x18C3,0x8410,0xAD55,0xCE59,0xCE59,0x8C51,0x5AAA,0x0000,0x9CD3,0xCE78,0xD6F8,0xDF38,0xDF38,0xDF38,
  0xD6F8,0x842E,0x0000,0x0000,0x4229,0xA598,0x8D16,0x8D37,0x8D17,0x7475,0x7475,0x6C33,0x0000,0x0000,0x0861,0xADD7,
  0xB5D7,0xC618,0xC618,0xC638,0xC638,0xCE59,0x31A6,0x0000,0x0020,0x94D1,0xDEF8,0xDF18,0xDF38,0xDF37,0xDF37,0xDF18,
  0x94D1,0x0020,0x0000,0x5ACA,0xFFFF,0xF7DF,0xE77E,0xCEFE,0xC6FE,0xBE9E,0xAE5D,0x0042,0x1948,0x32D1,0x4BB4,0x3B74,
  0x3333,0x1AB1,0x1148,0x0000,0x08A5,0x09EF,0x0B59,0x0359,0x0358,0x0358,0x0358,0x0358,0x0358,0x0358,0x0358,0x0358,
  0x632C,0x528A,0x4A48,0x4A49,0x4A69,0x4A49,0x4A69,0x630C,0x6B4D,0x6B4D,0x20E3,0x0000,0x0000,0x2A03,0x3AE2,0x53E2,
  0x6C84,0x6C64,0x53C1,0x4B41,0x3A44,0x0000,0x2124,0x2986,0x1271,0x0B17,0x11EE,0x0001,0x0001,0x0001,0x0001,0x0001,
  0x0000,0x0000,0x0000,0x0000,0x0020,0x5B83,0x5BC2,0x6C43,0x6C63,0x5BA2,0x42E3,0x0020,0x0001,0x0001,0x0001,0x0000,
  0x0001,0x0001,0x0001,0x0000,0x0000,0x0000,0x0000,0x0000,0x0000,0x0000,0x0001,0x0001,0x0000,0x0000,0x0001,0x0001,
  0x0001,0x0001,0x0001,0x0040,0x4B04,0x4B22,0x5382,0x6443,0x6443,0x5BE4,0x0020,0x0000,0x2125,0xBEDD,0xCEFE,0xE75E,
  0xFFFF,0xFFFF,0xFFFF,0xFFFF,0x3186,0x0000,0x0000,0x0001,0x0001,0x0002,0x0001,0x0001,0x0002,0x12B2,0x0B38,0x0358,
  0x0338,0x0338,0x0358,0x0358,0x0338,0x0358,0x0358,0x0358,0x0338,0x0338,0x0358,0x0358,0x0338,0x0358,0x0AB4,0x0002,
  0x0000,0x0000,0x0000,0x0001,0x0001,0x0001,0x0001,0x0000,0x0000,0x0001,0x0001,0x0020,0x3AA3,0x5382,0x5362,0x4B42,
  0x4B41,0x6C63,0x5C01,0x42C3,0x0001,0x12D3,0x0359,0x0359,0x0B79,0x09CD,0x0020,0x6C25,0x6443,0x4BA1,0x6CA3,0x6CA3,
  0x6CA3,0x4B61,0x4342,0x4322,0x4302,0x2162,0x0000,0x0000,0x0001,0x0001,0x0001,0x11EE,0x0B58,0x0359,0x0358,0x0358,
  0x1336,0x0908,0x0000,0x0000,0x0000,0x0001,0x0001,0x0001,0x0000,0x0000,0x0000,0x10A1,0x4B23,0x6C64,0x6C84,0x6463,
  0x4B42,0x3202,0x0020,0x0001,0x0001,0x0001,0x0001,0x0021,0x0001,0x0001,0x0001,0x0001,0x0000,0x0000,0x0000,0x0000,
  0x0000,0x0000,0x0000,0x0000,0x0000,0x0001,0x0001,0x0001,0x0020,0x3203,0x4B02,0x5BA3,0x7463,0x7CC3,0x7CE2,0x53C1,
  0x3AA3,0x0020,0x0000,0x52AA,0xFFFF,0xD73E,0xCEFE,0xCEFE,0xA63C,0xA63D,0xAE3C,0x0042,0x0001,0x0002,0x0002,0x0002,
  0x0002,0x0002,0x0001,0x0022,0x1B15,0x0B58,0x0359,0x0358,0x0358,0x0358,0x0358,0x0358,0x0358,0x0358,0x0358,0x0358,
  0x632C,0x528A,0x4A48,0x4A49,0x4A69,0x4A49,0x4A69,0x630C,0x6B4D,0x6B4C,0x5269,0x39A6,0x0000,0x0881,0x2181,0x5BE1,
  0x7482,0x6C62,0x4B81,0x1981,0x10E1,0x0000,0x2124,0x2966,0x1271,0x0338,0x0AD5,0x1250,0x1230,0x122F,0x122F,0x0A2F,
  0x122F,0x0A2F,0x120E,0x0907,0x0000,0x1921,0x1941,0x1961,0x6C23,0x3222,0x10E1,0x0000,0x11AB,0x1251,0x1250,0x122F,
  0x122F,0x122F,0x122F,0x122F,0x122F,0x122F,0x122F,0x120F,0x122F,0x120F,0x120F,0x120F,0x120F,0x120F,0x122F,0x1230,
  0x1250,0x1250,0x0928,0x0020,0x10C1,0x10C1,0x1121,0x4321,0x5BE1,0x53A3,0x0020,0x0000,0x2125,0xBEBD,0xC6FE,0xD73E,
  0xE77E,0xFFFF,0xFFFF,0xFFFF,0x31A6,0x0884,0x120E,0x0A2F,0x1230,0x1230,0x0A30,0x0A30,0x0A30,0x0B17,0x0358,0x0358,
  0x0338,0x0358,0x0358,0x0358,0x0358,0x0358,0x0358,0x0358,0x0358,0x0358,0x0358,0x0358,0x0358,0x0358,0x0B16,0x0A0F,
  0x120F,0x122F,0x120F,0x122F,0x122F,0x122F,0x122F,0x122F,0x122F,0x1230,0x11CC,0x0021,0x10E1,0x1921,0x1921,0x3A81,
  0x4B41,0x6C82,0x5381,0x3242,0x0021,0x12F4,0x0359,0x0359,0x0B79,0x09CD,0x0020,0x5382,0x5BC1,0x4300,0x6CA2,0x5C01,
  0x4BA0,0x4B60,0x3241,0x10E1,0x10C1,0x0840,0x0001,0x11ED,0x122F,0x1230,0x1230,0x0AD5,0x0359,0x0359,0x0359,0x0358,
  0x0358,0x0A72,0x0A0F,0x0A0F,0x120F,0x120F,0x120F,0x122F,0x122F,0x122F,0x0064,0x0040,0x1101,0x1941,0x3262,0x6463,
  0x1961,0x0880,0x0001,0x11ED,0x1250,0x1230,0x122F,0x122F,0x122F,0x122F,0x122F,0x122F,0x122F,0x122F,0x120F,0x120F,
  0x120F,0x120E,0x120E,0x120E,0x120F,0x1230,0x1230,0x11CC,0x0001,0x08A1,0x1901,0x1921,0x42C2,0x5C01,0x7D21,0x5BE0,
  0x3A82,0x0000,0x0000,0x52AA,0xFFFF,0xDF3E,0xCF1D,0xCEFE,0xAE5C,0xAE5C,0xAE3C,0x0842,0x0907,0x1230,0x1250,0x1250,
  0x1250,0x1250,0x1230,0x0A30,0x0B38,0x0358,0x0358,0x0358,0x0358,0x0358,0x0358,0x0358,0x0358,0x0358,0x0358,0x0B58,
  0x632C,0x528A,0x4A49,0x4A49,0x4A69,0x4A49,0x4A69,0x630B,0x736D,0x6B4D,0x6B4D,0x5AAA,0x1082,0x0021,0x10C0,0x53A2,
  0x6C42,0x6403,0x3AA2,0x0880,0x0020,0x0841,0x2124,0x2966,0x1270,0x0339,0x0359,0x0359,0x0358,0x0358,0x0358,0x0338,
  0x0338,0x0338,0x0337,0x0A10,0x08C7,0x08E6,0x0042,0x0040,0x6C04,0x2181,0x0000,0x08A6,0x1293,0x0379,0x0B59,0x0B59,
  0x0358,0x0358,0x0358,0x0358,0x0358,0x0358,0x0358,0x0358,0x0358,0x0358,0x0338,0x0358,0x0358,0x0358,0x0358,0x0358,
  0x0358,0x0B58,0x0A0F,0x00A5,0x08C5,0x0042,0x0020,0x3222,0x5382,0x5383,0x0000,0x0000,0x1904,0xAE36,0xAE57,0xBE98,
  0xC6B8,0xC678,0xC638,0xC618,0x2945,0x08E7,0x0B37,0x0358,0x0358,0x0358,0x0358,0x0358,0x0358,0x0338,0x0358,0x0358,
  0x0358,0x0358,0x0358,0x0358,0x0358,0x0358,0x0358,0x0358,0x0358,0x0358,0x0358,0x0358,0x0358,0x0358,0x0338,0x0338,
  0x0358,0x0358,0x0358,0x0358,0x0358,0x0358,0x0358,0x0358,0x0358,0x0358,0x12D4,0x00C7,0x00C6,0x0084,0x0000,0x3222,
  0x4B41,0x6C63,0x3A82,0x2182,0x0041,0x12F4,0x0379,0x0359,0x0379,0x09CD,0x0020,0x5342,0x4B21,0x2A01,0x6443,0x4B42,
  0x3262,0x3AA2,0x1941,0x0000,0x0084,0x0084,0x00A6,0x0B16,0x0358,0x0358,0x0358,0x0358,0x0358,0x0358,0x0358,0x0358,
  0x0358,0x0358,0x0358,0x0358,0x0358,0x0358,0x0358,0x0358,0x0358,0x0B58,0x094B,0x00A6,0x08C6,0x0021,0x1961,0x6424,
  0x0880,0x0021,0x00A6,0x12F5,0x0379,0x0358,0x0358,0x0358,0x0358,0x0358,0x0358,0x0358,0x0358,0x0358,0x0B58,0x0358,
  0x0358,0x0B58,0x0358,0x0358,0x0B58,0x0359,0x0359,0x12D4,0x00A7,0x08A5,0x0063,0x0000,0x2182,0x4B42,0x7D22,0x53C1,
  0x3262,0x0000,0x0000,0x4A68,0xDEF8,0xC6B6,0xBE96,0xB676,0xA5F5,0x9DB5,0x9D96,0x0041,0x096B,0x0B58,0x0359,0x0358,
  0x0358,0x0358,0x0358,0x0358,0x0358,0x0358,0x0358,0x0358,0x0358,0x0358,0x0358,0x0358,0x0358,0x0358,0x0358,0x0B58,
  0x632D,0x52AA,0x4A49,0x4A49,0x4A69,0x4A69,0x4A69,0x630B,0x6B6D,0x6B4D,0x6B4D,0x6B4D,0x630C,0x18C3,0x08C0,0x3281,
  0x4B62,0x4B23,0x0020,0x0020,0x10A2,0x3186,0x2965,0x2966,0x1270,0x0339,0x0359,0x0359,0x0358,0x0358,0x0338,0x0358,
  0x0358,0x0338,0x0358,0x0B58,0x0B58,0x1357,0x096A,0x0040,0x5363,0x1921,0x0043,0x1B36,0x0B59,0x0379,0x0359,0x0359,
  0x0358,0x0358,0x0358,0x0358,0x0338,0x0338,0x0358,0x0358,0x0358,0x0338,0x0338,0x0338,0x0358,0x0358,0x0358,0x0358,
  0x0358,0x0358,0x0B58,0x0B58,0x1357,0x098B,0x0001,0x0040,0x3AA2,0x5383,0x0000,0x0000,0x08A1,0x6C45,0x4B62,0x4322,
  0x5383,0x10E1,0x0000,0x0001,0x0000,0x08E7,0x0B37,0x0338,0x0338,0x0358,0x0338,0x0338,0x0338,0x0338,0x0338,0x0338,
  0x0358,0x0358,0x0358,0x0358,0x0358,0x0358,0x0358,0x0358,0x0358,0x0338,0x0338,0x0338,0x0358,0x0338,0x0338,0x0338,
  0x0358,0x0338,0x0358,0x0358,0x0358,0x0358,0x0358,0x0358,0x0358,0x0358,0x0B58,0x0B58,0x1379,0x1A71,0x0001,0x3223,
  0x42E1,0x53A1,0x10C1,0x0000,0x0022,0x12F4,0x0379,0x0359,0x0379,0x09EE,0x0020,0x42C2,0x2A01,0x0020,0x5BC3,0x3222,
  0x0020,0x0021,0x0021,0x0024,0x1B36,0x0B37,0x0B58,0x0358,0x0358,0x0358,0x0358,0x0358,0x0358,0x0358,0x0358,0x0358,
  0x0358,0x0358,0x0338,0x0358,0x0358,0x0358,0x0358,0x0358,0x0358,0x0358,0x0B58,0x1378,0x1B77,0x0064,0x1941,0x4B43,
  0x0860,0x0907,0x1337,0x0B58,0x0379,0x0358,0x0358,0x0358,0x0358,0x0358,0x0358,0x0358,0x0358,0x0358,0x0358,0x0358,
  0x0338,0x0358,0x0358,0x0358,0x0358,0x0359,0x0359,0x0B58,0x0B38,0x0B37,0x1A70,0x0001,0x0000,0x1961,0x6C82,0x3AE1,
  0x29C2,0x0000,0x0000,0x2982,0x5BA2,0x74C3,0x6C82,0x5BE2,0x5BC3,0x4B22,0x42C3,0x0020,0x096B,0x0358,0x0359,0x0359,
  0x0358,0x0358,0x0358,0x0358,0x0358,0x0358,0x0358,0x0358,0x0358,0x0358,0x0358,0x0358,0x0358,0x0358,0x0358,0x0358,
  0x6B2C,0x52AA,0x4A49,0x4A49,0x4A49,0x4A69,0x4A69,0x62EC,0x6B6D,0x6B4D,0x6B4D,0x6B6D,0x5AEB,0x31A6,0x2144,0x0880,
  0x42E2,0x42C3,0x0000,0x18C3,0x2945,0x2965,0x2965,0x2966,0x1271,0x0339,0x0339,0x0338,0x0338,0x0338,0x0338,0x0338,
  0x0338,0x0338,0x0358,0x0358,0x0359,0x0B58,0x096B,0x0000,0x10E1,0x0040,0x0043,0x1337,0x0359,0x0359,0x0359,0x0358,
  0x0358,0x0358,0x0338,0x0338,0x0338,0x0338,0x0338,0x0338,0x0358,0x0338,0x0338,0x0338,0x0358,0x0338,0x0358,0x0358,
  0x0358,0x0358,0x0358,0x0358,0x0358,0x0AD5,0x122F,0x0021,0x3242,0x42E2,0x0000,0x0000,0x0880,0x5BC3,0x29E1,0x1101,
  0x1921,0x0040,0x08A5,0x1251,0x1251,0x0A73,0x0338,0x0338,0x0338,0x0338,0x0338,0x0338,0x0338,0x0338,0x0338,0x0338,
  0x0358,0x0358,0x0358,0x0358,0x0358,0x0358,0x0358,0x0358,0x0358,0x0338,0x0338,0x0338,0x0338,0x0338,0x0338,0x0338,
  0x0358,0x0358,0x0358,0x0358,0x0358,0x0358,0x0358,0x0358,0x0358,0x0358,0x0358,0x0359,0x0359,0x1271,0x0001,0x0860,
  0x2182,0x6C64,0x10C1,0x08A5,0x1251,0x0B37,0x0359,0x0359,0x0359,0x09CD,0x0000,0x0880,0x0861,0x0000,0x5383,0x29E2,
  0x0021,0x1A2F,0x1272,0x1292,0x0B58,0x0358,0x0358,0x0358,0x0358,0x0358,0x0358,0x0358,0x0358,0x0358,0x0358,0x0358,
  0x0358,0x0358,0x0358,0x0358,0x0358,0x0358,0x0358,0x0358,0x0358,0x0358,0x0358,0x0358,0x1357,0x0084,0x0040,0x10C1,
  0x0000,0x0908,0x0B38,0x0358,0x0358,0x0358,0x0358,0x0358,0x0358,0x0338,0x0358,0x0358,0x0358,0x0358,0x0358,0x0358,
  0x0338,0x0358,0x0358,0x0358,0x0358,0x0358,0x0358,0x0358,0x0338,0x0338,0x0AF5,0x1250,0x08A5,0x1962,0x6C84,0x1981,
  0x0860,0x0000,0x0000,0x0840,0x1901,0x74C3,0x74C2,0x5BE1,0x1961,0x10C1,0x08A1,0x0000,0x096A,0x0B58,0x0358,0x0358,
  0x0358,0x0358,0x0358,0x0358,0x0358,0x0358,0x0358,0x0358,0x0358,0x0358,0x0358,0x0358,0x0358,0x0358,0x0358,0x0358,
  0x6B2D,0x52AA,0x4A49,0x4A49,0x4A69,0x4A69,0x4A69,0x62EC,0x6B4D,0x6B4D,0x6B6D,0x6B6D,0x5ACB,0x4A48,0x31A6,0x0000,
  0x3242,0x3A83,0x0000,0x2104,0x3165,0x2965,0x2965,0x2966,0x1291,0x0339,0x0339,0x0338,0x0338,0x0338,0x0338,0x0338,
  0x0338,0x0338,0x0358,0x0358,0x0358,0x0338,0x09EE,0x08C6,0x08C6,0x08C6,0x0909,0x0B37,0x0358,0x0358,0x0358,0x0358,
  0x0358,0x0358,0x0338,0x0358,0x0358,0x0338,0x0338,0x0358,0x0358,0x0358,0x0358,0x0338,0x0358,0x0358,0x0338,0x0358,
  0x0358,0x0358,0x0358,0x0358,0x0358,0x0359,0x0AF5,0x0021,0x3222,0x4302,0x0000,0x0000,0x0860,0x42E4,0x10E1,0x0021,
  0x08C6,0x08C7,0x096C,0x0B58,0x0358,0x0358,0x0338,0x0358,0x0358,0x0358,0x0338,0x0358,0x0338,0x0338,0x0338,0x0358,
  0x0358,0x0358,0x0358,0x0338,0x0338,0x0358,0x0358,0x0358,0x0358,0x0338,0x0338,0x0338,0x0358,0x0358,0x0338,0x0338,
  0x0358,0x0358,0x0358,0x0358,0x0338,0x0358,0x0358,0x0358,0x0358,0x0358,0x0358,0x0358,0x0359,0x1293,0x08C7,0x0021,
  0x1121,0x6424,0x10C1,0x0907,0x0B38,0x0359,0x0359,0x0359,0x0359,0x0A30,0x08A6,0x08A5,0x0883,0x0000,0x42A4,0x2182,
  0x0022,0x1315,0x0359,0x0359,0x0359,0x0358,0x0358,0x0358,0x0358,0x0358,0x0358,0x0358,0x0358,0x0358,0x0358,0x0358,
  0x0338,0x0358,0x0358,0x0358,0x0358,0x0358,0x0358,0x0358,0x0358,0x0358,0x0358,0x0358,0x0B58,0x092A,0x08C7,0x08C7,
  0x08C7,0x098D,0x0B38,0x0358,0x0358,0x0358,0x0358,0x0358,0x0358,0x0338,0x0338,0x0358,0x0358,0x0338,0x0338,0x0358,
  0x0338,0x0358,0x0358,0x0358,0x0358,0x0358,0x0358,0x0358,0x0358,0x0358,0x0338,0x0B37,0x08E7,0x1121,0x5C04,0x1101,
  0x0042,0x08C7,0x08C6,0x0863,0x0000,0x6C63,0x6C62,0x5382,0x08C0,0x0063,0x08C6,0x08C6,0x09CE,0x0B58,0x0358,0x0358,
  0x0358,0x0358,0x0358,0x0358,0x0358,0x0358,0x0358,0x0358,0x0358,0x0358,0x0358,0x0358,0x0358,0x0358,0x0358,0x0358,
  0x6B2D,0x52AA,0x4A49,0x4A49,0x4A49,0x4A69,0x4A69,0x630C,0x6B4D,0x6B6D,0x6B6D,0x6B6D,0x5AEB,0x4A48,0x39A6,0x0000,
  0x3242,0x3222,0x0000,0x2104,0x2965,0x2965,0x2965,0x2986,0x12B2,0x0359,0x0339,0x0318,0x0B17,0x0B37,0x0B37,0x0B37,
  0x0B37,0x0B37,0x0338,0x0358,0x0358,0x0338,0x0B38,0x0B37,0x0B57,0x0B57,0x0B57,0x0358,0x0358,0x0358,0x0358,0x0358,
  0x0358,0x0358,0x0358,0x0338,0x0338,0x0338,0x0358,0x0338,0x0338,0x0338,0x0338,0x0338,0x0338,0x0338,0x0338,0x0358,
  0x0358,0x0358,0x0358,0x0358,0x0359,0x0359,0x0AF4,0x0021,0x3242,0x4B03,0x0000,0x0000,0x0000,0x0000,0x0000,0x08A6,
  0x1337,0x0B58,0x0B58,0x0358,0x0358,0x0338,0x0338,0x0338,0x0338,0x0338,0x0338,0x0338,0x0338,0x0338,0x0338,0x0338,
  0x0358,0x0358,0x0338,0x0358,0x0358,0x0338,0x0338,0x0338,0x0338,0x0338,0x0338,0x0338,0x0338,0x0338,0x0338,0x0338,
  0x0358,0x0358,0x0358,0x0358,0x0358,0x0358,0x0358,0x0358,0x0338,0x0338,0x0358,0x0358,0x0358,0x0338,0x1336,0x08E7,
  0x1101,0x4B43,0x0880,0x0908,0x0B38,0x0359,0x0339,0x0358,0x0358,0x0B38,0x0B37,0x0B37,0x11EE,0x0001,0x0000,0x0021,
  0x0022,0x0AF5,0x0359,0x0358,0x0358,0x0358,0x0358,0x0358,0x0358,0x0358,0x0358,0x0358,0x0358,0x0358,0x0358,0x0358,
  0x0338,0x0358,0x0338,0x0358,0x0358,0x0358,0x0358,0x0358,0x0358,0x0358,0x0358,0x0358,0x0358,0x0B58,0x0B37,0x0B57,
  0x0B57,0x0B58,0x0358,0x0358,0x0358,0x0358,0x0358,0x0358,0x0358,0x0338,0x0338,0x0338,0x0338,0x0338,0x0338,0x0338,
  0x0338,0x0358,0x0358,0x0358,0x0358,0x0338,0x0358,0x0358,0x0358,0x0358,0x0358,0x0B58,0x08E7,0x10E1,0x4323,0x08C1,
  0x0929,0x1337,0x1337,0x1A0E,0x0000,0x6403,0x53A1,0x3A61,0x0081,0x096B,0x0B57,0x0B37,0x0B38,0x0358,0x0358,0x0358,
  0x0358,0x0358,0x0358,0x0358,0x0358,0x0358,0x0358,0x0358,0x0358,0x0358,0x0358,0x0358,0x0358,0x0358,0x0358,0x0358,
  0x632C,0x52AA,0x4A48,0x4A49,0x4A69,0x4A69,0x4A69,0x62EC,0x6B4D,0x6B4D,0x6B4D,0x6B6D,0x5ACB,0x4A48,0x39A6,0x0000,
  0x0881,0x0861,0x0000,0x2124,0x2965,0x2965,0x2965,0x2986,0x12B2,0x0359,0x0B17,0x6497,0x7475,0x7495,0x7C95,0x7CB6,
  0x7475,0x5C36,0x2356,0x0B37,0x0338,0x0338,0x0358,0x0358,0x0358,0x0358,0x0358,0x0358,0x0358,0x0358,0x0358,0x0358,
  0x0358,0x0338,0x0358,0x0358,0x0358,0x0358,0x0358,0x0358,0x0338,0x0338,0x0338,0x0338,0x0358,0x0358,0x0358,0x0358,
  0x0358,0x0358,0x0358,0x0358,0x0358,0x0359,0x0AF4,0x0021,0x08A1,0x10E1,0x0000,0x11AB,0x1251,0x1271,0x1271,0x0A93,
  0x0B58,0x0359,0x0358,0x0358,0x0358,0x0358,0x0338,0x0338,0x0338,0x0338,0x0358,0x0358,0x0338,0x0338,0x0338,0x0338,
  0x0358,0x0358,0x0338,0x0358,0x0358,0x0338,0x0338,0x0338,0x0338,0x0338,0x0338,0x0338,0x0338,0x0358,0x0338,0x0358,
  0x0358,0x0358,0x0358,0x0338,0x0358,0x0358,0x0358,0x0358,0x0358,0x0338,0x0358,0x0358,0x0358,0x0359,0x0B57,0x08E7,
  0x0040,0x1101,0x0020,0x0908,0x0B38,0x0339,0x0338,0x0358,0x0358,0x0358,0x0338,0x0338,0x0AF6,0x1271,0x1A92,0x1292,
  0x1272,0x0B37,0x0358,0x0358,0x0358,0x0358,0x0358,0x0338,0x0358,0x0358,0x0338,0x0338,0x0358,0x0358,0x0358,0x0358,
  0x0338,0x0338,0x0338,0x0358,0x0358,0x0358,0x0358,0x0358,0x0358,0x0358,0x0358,0x0358,0x0358,0x0358,0x0358,0x0358,
  0x0358,0x0358,0x0358,0x0358,0x0338,0x0358,0x0338,0x0358,0x0358,0x0358,0x0358,0x0338,0x0338,0x0338,0x0338,0x0338,
  0x0338,0x0358,0x0358,0x0358,0x0358,0x0358,0x0358,0x0358,0x0358,0x0358,0x0358,0x0B57,0x08E7,0x0020,0x10E2,0x0020,
  0x0929,0x1358,0x0B59,0x120F,0x0000,0x5363,0x42E3,0x08A1,0x122E,0x0AD5,0x0358,0x0359,0x0358,0x0358,0x0358,0x0358,
  0x0358,0x0358,0x0358,0x0358,0x0358,0x0358,0x0358,0x0358,0x0358,0x0358,0x0358,0x0358,0x0358,0x0358,0x0358,0x0358,
  0x632C,0x528A,0x4A48,0x4A49,0x4A49,0x4A49,0x4A69,0x62EB,0x6B4D,0x6B6D,0x6B6D,0x6B6D,0x52AA,0x4228,0x31A6,0x0861,
  0x0882,0x0862,0x0862,0x2104,0x2965,0x2965,0x2965,0x2966,0x1A50,0x5C79,0x7C95,0x7BF0,0x6B6D,0x738E,0x73AE,0x7BCF,
  0x8410,0x8C92,0x7C74,0x4BD6,0x0B16,0x0318,0x0338,0x0338,0x0358,0x0358,0x0358,0x0358,0x0358,0x0358,0x0358,0x0358,
  0x0358,0x0358,0x0358,0x0338,0x0338,0x0338,0x0338,0x0338,0x0338,0x0338,0x0338,0x0338,0x0338,0x0338,0x0358,0x0358,
  0x0358,0x0358,0x0358,0x0358,0x0338,0x0358,0x0AF5,0x08E8,0x08E7,0x08E7,0x08E8,0x0A93,0x0358,0x0358,0x0358,0x0358,
  0x0358,0x0358,0x0358,0x0358,0x0358,0x0358,0x0358,0x0338,0x0338,0x0338,0x0338,0x0338,0x0338,0x0338,0x0338,0x0338,
  0x0338,0x0338,0x0338,0x0338,0x0338,0x0358,0x0338,0x0338,0x0358,0x0338,0x0338,0x0338,0x0358,0x0338,0x0338,0x0338,
  0x0358,0x0358,0x0338,0x0358,0x0358,0x0338,0x0358,0x0358,0x0358,0x0358,0x0358,0x0358,0x0338,0x0338,0x0B37,0x096C,
  0x08C7,0x08C7,0x08E7,0x09AD,0x0B38,0x0338,0x0338,0x0358,0x0338,0x0338,0x0338,0x0338,0x0358,0x0358,0x0338,0x0358,
  0x0358,0x0358,0x0358,0x0358,0x0358,0x0358,0x0358,0x0358,0x0338,0x0358,0x0338,0x0358,0x0338,0x0358,0x0338,0x0338,
  0x0358,0x0338,0x0338,0x0358,0x0338,0x0358,0x0358,0x0358,0x0358,0x0358,0x0358,0x0358,0x0358,0x0358,0x0358,0x0358,
  0x0358,0x0358,0x0358,0x0358,0x0338,0x0358,0x0358,0x0358,0x0358,0x0358,0x0338,0x0338,0x0338,0x0338,0x0338,0x0338,
  0x0338,0x0358,0x0358,0x0338,0x0358,0x0358,0x0358,0x0358,0x0358,0x0358,0x0358,0x0B58,0x098C,0x08C6,0x08C7,0x08C7,
  0x09AD,0x0B58,0x0B38,0x120F,0x0000,0x5364,0x3263,0x0001,0x0AB3,0x0359,0x0359,0x0358,0x0358,0x0358,0x0358,0x0358,
  0x0358,0x0358,0x0358,0x0358,0x0358,0x0358,0x0338,0x0358,0x0358,0x0358,0x0358,0x0358,0x0358,0x0358,0x0358,0x0358,
  0x632C,0x528A,0x4A49,0x4A49,0x4A49,0x4A49,0x4A69,0x62EB,0x6B6D,0x6B6D,0x6B4D,0x6B6D,0x52AA,0x4228,0x4228,0x4228,
  0x4229,0x4229,0x39E7,0x2945,0x2945,0x2965,0x2965,0x3186,0x6B8F,0x8451,0x7BCE,0x738E,0x7BCE,0x8430,0x8430,0x8C30,
  0x8C50,0x8C30,0x8430,0x8431,0x7C95,0x1B15,0x0318,0x0338,0x0358,0x0358,0x0358,0x0358,0x0358,0x0358,0x0358,0x0358,
  0x0338,0x0338,0x0338,0x0338,0x0338,0x0338,0x0338,0x0338,0x0338,0x0338,0x0338,0x0358,0x0338,0x0338,0x0358,0x0358,
  0x0358,0x0358,0x0358,0x0358,0x0358,0x0358,0x0338,0x0B37,0x0B37,0x0B37,0x0B37,0x0358,0x0358,0x0358,0x0358,0x0358,
  0x0358,0x0358,0x0358,0x0338,0x0338,0x0358,0x0358,0x0338,0x0358,0x0338,0x0338,0x0338,0x0338,0x0338,0x0358,0x0338,
  0x0338,0x0338,0x0338,0x0338,0x0358,0x0338,0x0338,0x0338,0x0338,0x0338,0x0338,0x0338,0x0358,0x0338,0x0358,0x0338,
  0x0358,0x0338,0x0338,0x0358,0x0358,0x0358,0x0338,0x0338,0x0358,0x0358,0x0358,0x0358,0x0338,0x0338,0x0338,0x0B37,
  0x0B37,0x0B37,0x0B37,0x0B38,0x0338,0x0338,0x0358,0x0338,0x0358,0x0338,0x0338,0x0338,0x0358,0x0358,0x0338,0x0338,
  0x0358,0x0338,0x0358,0x0358,0x0358,0x0358,0x0358,0x0358,0x0358,0x0358,0x0338,0x0338,0x0338,0x0338,0x0338,0x0338,
  0x0338,0x0358,0x0338,0x0358,0x0358,0x0358,0x0358,0x0338,0x0358,0x0358,0x0358,0x0358,0x0358,0x0358,0x0358,0x0358,
  0x0338,0x0338,0x0358,0x0358,0x0338,0x0358,0x0358,0x0358,0x0338,0x0358,0x0338,0x0338,0x0338,0x0338,0x0338,0x0338,
  0x0338,0x0338,0x0358,0x0358,0x0358,0x0358,0x0358,0x0358,0x0358,0x0358,0x0358,0x0358,0x0B38,0x0B37,0x0B37,0x0B37,
  0x0B38,0x0358,0x0358,0x120F,0x0000,0x5324,0x3A43,0x0001,0x0AB3,0x0358,0x0359,0x0358,0x0358,0x0358,0x0358,0x0358,
  0x0338,0x0358,0x0358,0x0358,0x0358,0x0358,0x0338,0x0358,0x0358,0x0358,0x0338,0x0358,0x0358,0x0358,0x0B58,0x0358,
  0x632C,0x52AA,0x4A49,0x4A49,0x4A49,0x4A49,0x4A69,0x630B,0x6B6D,0x6B6D,0x6B4D,0x6B6D,0x5AAA,0x4228,0x4228,0x4228,
  0x4A49,0x4A28,0x39E7,0x2965,0x2965,0x2965,0x2965,0x31A6,0x7BAE,0x7BEF,0x8C51,0x8C50,0x8C30,0x8430,0x8430,0x8C30,
  0x8430,0x8C30,0x8C30,0x9451,0x738E,0x4A8C,0x1271,0x0337,0x0358,0x0358,0x0338,0x0358,0x0358,0x0358,0x0358,0x0358,
  0x0338,0x0338,0x0338,0x0338,0x0358,0x0338,0x0338,0x0338,0x0338,0x0338,0x0338,0x0338,0x0358,0x0358,0x0358,0x0358,
  0x0358,0x0358,0x0358,0x0358,0x0358,0x0338,0x0358,0x0338,0x0358,0x0358,0x0358,0x0358,0x0358,0x0358,0x0358,0x0358,
  0x0358,0x0358,0x0358,0x0338,0x0358,0x0358,0x0358,0x0358,0x0358,0x0358,0x0358,0x0338,0x0338,0x0338,0x0358,0x0358,
  0x0338,0x0338,0x0358,0x0338,0x0338,0x0358,0x0338,0x0358,0x0338,0x0358,0x0358,0x0358,0x0338,0x0358,0x0338,0x0358,
  0x0338,0x0358,0x0338,0x0338,0x0338,0x0358,0x0358,0x0358,0x0358,0x0358,0x0358,0x0358,0x0358,0x0338,0x0358,0x0338,
  0x0358,0x0338,0x0358,0x0358,0x0358,0x0358,0x0338,0x0358,0x0358,0x0358,0x0338,0x0358,0x0358,0x0358,0x0338,0x0338,
  0x0338,0x0338,0x0358,0x0358,0x0358,0x0358,0x0358,0x0358,0x0358,0x0358,0x0338,0x0358,0x0358,0x0358,0x0338,0x0338,
  0x0338,0x0358,0x0338,0x0338,0x0338,0x0338,0x0338,0x0358,0x0358,0x0358,0x0358,0x0358,0x0358,0x0358,0x0358,0x0338,
  0x0338,0x0338,0x0358,0x0358,0x0358,0x0358,0x0358,0x0358,0x0358,0x0338,0x0338,0x0358,0x0358,0x0338,0x0358,0x0358,
  0x0358,0x0358,0x0358,0x0358,0x0358,0x0358,0x0358,0x0358,0x0358,0x0358,0x0358,0x0358,0x0338,0x0338,0x0358,0x0358,
  0x0358,0x0358,0x0358,0x122F,0x0001,0x08A1,0x0861,0x0001,0x12B3,0x0359,0x0358,0x0358,0x0358,0x0358,0x0358,0x0358,
  0x0358,0x0358,0x0358,0x0358,0x0358,0x0358,0x0358,0x0358,0x0358,0x0358,0x0358,0x0358,0x0358,0x0358,0x0358,0x0358,
  0x632C,0x52AA,0x4A49,0x4A49,0x4A49,0x4A49,0x4A69,0x630B,0x6B4D,0x6B6D,0x6B4D,0x6B6D,0x52AA,0x4228,0x4228,0x4228,
  0x4A49,0x4A49,0x39E7,0x2965,0x2965,0x2965,0x2965,0x31A6,0x7BCF,0x8430,0x8C71,0x8C50,0x8C71,0x8C71,0x8C51,0x9471,
  0x9CB2,0xA513,0xA4D3,0x6B0C,0x4207,0x3166,0x19CB,0x0B37,0x0358,0x0358,0x0358,0x0358,0x0358,0x0358,0x0358,0x0358,
  0x0358,0x0338,0x0338,0x0338,0x0338,0x0338,0x0338,0x0338,0x0338,0x0338,0x0338,0x0358,0x0358,0x0358,0x0338,0x0358,
  0x0358,0x0358,0x0358,0x0358,0x0338,0x0338,0x0338,0x0338,0x0358,0x0358,0x0358,0x0358,0x0358,0x0358,0x0358,0x0358,
  0x0358,0x0338,0x0358,0x0358,0x0338,0x0338,0x0338,0x0338,0x0338,0x0338,0x0358,0x0338,0x0338,0x0338,0x0358,0x0358,
  0x0338,0x0338,0x0338,0x0338,0x0338,0x0338,0x0338,0x0338,0x0338,0x0338,0x0338,0x0338,0x0358,0x0358,0x0338,0x0358,
  0x0358,0x0358,0x0338,0x0338,0x0338,0x0338,0x0338,0x0338,0x0358,0x0338,0x0358,0x0358,0x0338,0x0338,0x0358,0x0358,
  0x0358,0x0338,0x0358,0x0358,0x0358,0x0358,0x0358,0x0358,0x0338,0x0338,0x0338,0x0338,0x0358,0x0358,0x0338,0x0358,
  0x0358,0x0358,0x0358,0x0338,0x0358,0x0358,0x0358,0x0338,0x0358,0x0338,0x0338,0x0338,0x0338,0x0338,0x0338,0x0338,
  0x0358,0x0338,0x0338,0x0338,0x0338,0x0358,0x0338,0x0358,0x0358,0x0338,0x0358,0x0358,0x0358,0x0358,0x0358,0x0358,
  0x0358,0x0358,0x0358,0x0358,0x0358,0x0358,0x0358,0x0358,0x0358,0x0338,0x0338,0x0338,0x0338,0x0358,0x0338,0x0358,
  0x0358,0x0338,0x0358,0x0358,0x0358,0x0358,0x0358,0x0358,0x0358,0x0358,0x0358,0x0338,0x0338,0x0338,0x0338,0x0358,
  0x0358,0x0358,0x0358,0x0A72,0x0929,0x0929,0x0929,0x094A,0x0AF5,0x0359,0x0358,0x0358,0x0358,0x0358,0x0358,0x0358,
  0x0358,0x0358,0x0358,0x0358,0x0358,0x0358,0x0358,0x0358,0x0358,0x0358,0x0358,0x0358,0x0358,0x0358,0x0358,0x0358,
  0x632C,0x52AA,0x4A49,0x4A49,0x4A49,0x4A49,0x4A69,0x62EB,0x6B6D,0x6B6D,0x6B6D,0x6B6D,0x52AA,0x4228,0x4228,0x4228,
  0x4228,0x4228,0x39E7,0x2965,0x2945,0x2945,0x2945,0x3186,0x6B4D,0x6B6D,0x7BCF,0x7BAE,0x8410,0x8410,0x8410,0x8C50,
  0x9471,0x83CF,0x4A49,0x3166,0x2965,0x2945,0x19CB,0x0B37,0x0358,0x0358,0x0358,0x0358,0x0358,0x0358,0x0358,0x0338,
  0x0338,0x0338,0x0338,0x0338,0x0338,0x0338,0x0358,0x0358,0x0338,0x0358,0x0358,0x0358,0x0338,0x0338,0x0358,0x0338,
  0x0338,0x0338,0x0358,0x0338,0x0358,0x0358,0x0358,0x0358,0x0338,0x0358,0x0358,0x0358,0x0358,0x0358,0x0358,0x0358,
  0x0338,0x0338,0x0338,0x0338,0x0338,0x0338,0x0338,0x0338,0x0338,0x0338,0x0358,0x0338,0x0338,0x0358,0x0358,0x0358,
  0x0358,0x0358,0x0338,0x0338,0x0338,0x0338,0x0338,0x0338,0x0358,0x0358,0x0338,0x0338,0x0358,0x0338,0x0338,0x0358,
  0x0338,0x0358,0x0338,0x0338,0x0338,0x0338,0x0358,0x0358,0x0358,0x0358,0x0338,0x0338,0x0358,0x0358,0x0358,0x0358,
  0x0358,0x0358,0x0358,0x0358,0x0358,0x0358,0x0358,0x0358,0x0358,0x0358,0x0358,0x0358,0x0358,0x0358,0x0358,0x0338,
  0x0358,0x0358,0x0358,0x0358,0x0358,0x0358,0x0358,0x0358,0x0358,0x0338,0x0338,0x0338,0x0358,0x0358,0x0358,0x0358,
  0x0358,0x0358,0x0358,0x0338,0x0358,0x0338,0x0338,0x0358,0x0358,0x0358,0x0358,0x0358,0x0358,0x0358,0x0358,0x0358,
  0x0358,0x0338,0x0358,0x0358,0x0358,0x0358,0x0358,0x0358,0x0358,0x0358,0x0358,0x0358,0x0358,0x0338,0x0338,0x0358,
  0x0358,0x0358,0x0338,0x0338,0x0358,0x0358,0x0358,0x0358,0x0358,0x0358,0x0358,0x0338,0x0358,0x0358,0x0358,0x0358,
  0x0358,0x0358,0x0358,0x0358,0x0B38,0x0B38,0x0B58,0x0B38,0x0359,0x0359,0x0358,0x0358,0x0358,0x0358,0x0358,0x0358,
  0x0358,0x0358,0x0358,0x0358,0x0358,0x0358,0x0358,0x0358,0x0358,0x0358,0x0358,0x0358,0x0358,0x0358,0x0B58,0x0358,
  0x632C,0x52AA,0x4A49,0x4A49,0x4A49,0x4A49,0x4A69,0x5AEB,0x6B6D,0x6B6D,0x6B6D,0x6B6D,0x5AAA,0x4228,0x4228,0x4228,
  0x4228,0x4228,0x39E7,0x2965,0x2965,0x2945,0x2945,0x3165,0x6B4D,0x6B4D,0x6B4D,0x52AA,0x5ACA,0x5ACA,0x5AAA,0x52AA,
  0x5269,0x31A6,0x2104,0x2924,0x2965,0x2965,0x19CB,0x0B37,0x0358,0x0358,0x0358,0x0358,0x0358,0x0338,0x0358,0x0338,
  0x0338,0x0338,0x0358,0x0358,0x0338,0x0338,0x0338,0x0338,0x0338,0x0338,0x0338,0x0358,0x0338,0x0338,0x0358,0x0338,
  0x0338,0x0358,0x0338,0x0338,0x0358,0x0358,0x0338,0x0358,0x0358,0x0358,0x0358,0x0358,0x0358,0x0358,0x0358,0x0358,
  0x0358,0x0338,0x0338,0x0338,0x0338,0x0358,0x0338,0x0338,0x0338,0x0338,0x0338,0x0338,0x0358,0x0338,0x0358,0x0358,
  0x0358,0x0358,0x0338,0x0358,0x0338,0x0338,0x0338,0x0338,0x0358,0x0338,0x0358,0x0358,0x0358,0x0358,0x0358,0x0338,
  0x0338,0x0338,0x0338,0x0338,0x0338,0x0338,0x0358,0x0338,0x0338,0x0358,0x0338,0x0338,0x0358,0x0358,0x0338,0x0358,
  0x0338,0x0338,0x0358,0x0358,0x0358,0x0358,0x0358,0x0358,0x0358,0x0358,0x0358,0x0338,0x0338,0x0358,0x0358,0x0338,
  0x0358,0x0358,0x0338,0x0358,0x0358,0x0358,0x0358,0x0358,0x0358,0x0358,0x0338,0x0338,0x0338,0x0338,0x0358,0x0358,
  0x0358,0x0358,0x0358,0x0338,0x0338,0x0358,0x0358,0x0338,0x0358,0x0358,0x0358,0x0358,0x0358,0x0358,0x0358,0x0358,
  0x0358,0x0358,0x0358,0x0358,0x0358,0x0358,0x0358,0x0338,0x0358,0x0358,0x0358,0x0358,0x0358,0x0358,0x0358,0x0338,
  0x0358,0x0358,0x0358,0x0358,0x0358,0x0358,0x0358,0x0358,0x0338,0x0358,0x0358,0x0358,0x0358,0x0358,0x0358,0x0358,
  0x0358,0x0358,0x0358,0x0358,0x0358,0x0358,0x0358,0x0358,0x0358,0x0358,0x0358,0x0358,0x0358,0x0358,0x0358,0x0358,
  0x0358,0x0358,0x0358,0x0358,0x0358,0x0358,0x0358,0x0358,0x0358,0x0358,0x0358,0x0358,0x0358,0x0358,0x0358,0x0358,
  0x632C,0x52AA,0x4A49,0x4A49,0x4A49,0x4A49,0x4A69,0x5AEB,0x6B6D,0x6B4D,0x6B6D,0x6B6D,0x52AA,0x4228,0x4228,0x4228,
  0x4228,0x4228,0x39E7,0x3185,0x2965,0x2965,0x2945,0x2965,0x6B4D,0x6B4D,0x6B4D,0x52AA,0x5ACA,0x5ACA,0x5ACA,0x5AAA,
  0x52AA,0x39C7,0x2124,0x2925,0x2965,0x2966,0x19EB,0x0B57,0x0358,0x0358,0x0358,0x0358,0x0358,0x0358,0x0358,0x0338,
  0x0338,0x0338,0x0338,0x0358,0x0358,0x0358,0x0338,0x0338,0x0358,0x0358,0x0358,0x0358,0x0358,0x0338,0x0358,0x0338,
  0x0338,0x0338,0x0338,0x0358,0x0358,0x0358,0x0358,0x0358,0x0358,0x0358,0x0358,0x0358,0x0358,0x0358,0x0358,0x0358,
  0x0338,0x0338,0x0338,0x0338,0x0338,0x0338,0x0358,0x0358,0x0358,0x0338,0x0358,0x0358,0x0338,0x0338,0x0338,0x0358,
  0x0338,0x0358,0x0338,0x0338,0x0338,0x0338,0x0358,0x0358,0x0358,0x0358,0x0338,0x0338,0x0358,0x0358,0x0358,0x0358,
  0x0338,0x0338,0x0338,0x0338,0x0338,0x0338,0x0338,0x0358,0x0358,0x0358,0x0358,0x0358,0x0358,0x0358,0x0358,0x0358,
  0x0358,0x0358,0x0358,0x0358,0x0358,0x0358,0x0358,0x0358,0x0358,0x0358,0x0358,0x0358,0x0358,0x0358,0x0358,0x0358,
  0x0358,0x0358,0x0338,0x0358,0x0338,0x0358,0x0358,0x0358,0x0358,0x0358,0x0358,0x0358,0x0358,0x0338,0x0358,0x0358,
  0x0358,0x0358,0x0358,0x0338,0x0358,0x0338,0x0338,0x0358,0x0338,0x0358,0x0358,0x0358,0x0358,0x0358,0x0358,0x0358,
  0x0358,0x0358,0x0358,0x0358,0x0358,0x0338,0x0358,0x0358,0x0358,0x0358,0x0358,0x0338,0x0338,0x0358,0x0358,0x0358,
  0x0358,0x0358,0x0358,0x0358,0x0358,0x0358,0x0358,0x0338,0x0358,0x0358,0x0358,0x0358,0x0358,0x0338,0x0358,0x0358,
  0x0358,0x0358,0x0358,0x0358,0x0358,0x0338,0x0338,0x0358,0x0358,0x0358,0x0358,0x0358,0x0358,0x0358,0x0358,0x0358,
  0x0358,0x0358,0x0358,0x0358,0x0358,0x0358,0x0358,0x0358,0x0358,0x0358,0x0358,0x0358,0x0358,0x0358,0x0358,0x0358,
  0x632C,0x52AA,0x4A49,0x4A49,0x4A49,0x4A49,0x4A69,0x5AEB,0x6B4D,0x6B6D,0x6B6D,0x6B6D,0x5ACA,0x4A28,0x4228,0x4208,
  0x4228,0x8430,0x8C51,0x8C71,0x8410,0x7BF0,0x73AF,0x738E,0x632C,0x6B2C,0x6B4D,0x52AA,0x5ACB,0x5ACA,0x5ACA,0x5ACA,
  0x5AAA,0x39E7,0x2924,0x2924,0x2965,0x2966,0x1A0B,0x0B58,0x0358,0x0358,0x0338,0x0338,0x0358,0x0358,0x0358,0x0338,
  0x0358,0x0358,0x0338,0x0338,0x0338,0x0338,0x0338,0x0338,0x0358,0x0358,0x0358,0x0358,0x0338,0x0338,0x0338,0x0358,
  0x0358,0x0338,0x0338,0x0358,0x0358,0x0358,0x0358,0x0358,0x0358,0x0358,0x0358,0x0358,0x0358,0x0338,0x0338,0x0358,
  0x0338,0x0338,0x0338,0x0338,0x0338,0x0338,0x0358,0x0358,0x0358,0x0358,0x0338,0x0338,0x0338,0x0358,0x0338,0x0358,
  0x0338,0x0338,0x0338,0x0338,0x0338,0x0358,0x0358,0x0358,0x0338,0x0338,0x0338,0x0338,0x0338,0x0358,0x0338,0x0338,
  0x0358,0x0338,0x0338,0x0338,0x0338,0x0338,0x0338,0x0358,0x0358,0x0358,0x0338,0x0358,0x0358,0x0358,0x0338,0x0358,
  0x0358,0x0358,0x0358,0x0358,0x0358,0x0358,0x0358,0x0358,0x0358,0x0358,0x0358,0x0358,0x0358,0x0358,0x0B57,0x1B73,
  0x0357,0x0358,0x0358,0x0358,0x0358,0x0358,0x0358,0x0358,0x0358,0x0358,0x0338,0x0338,0x0358,0x0358,0x0338,0x0358,
  0x0338,0x0338,0x0338,0x0358,0x0338,0x0338,0x0358,0x0358,0x0338,0x0358,0x0338,0x0358,0x0358,0x0358,0x0358,0x0358,
  0x0358,0x0358,0x0358,0x0358,0x0358,0x0358,0x0358,0x0358,0x0358,0x0358,0x0358,0x0338,0x0358,0x0338,0x0358,0x0358,
  0x0358,0x0358,0x0358,0x0358,0x0358,0x0358,0x0358,0x0358,0x0358,0x0358,0x0358,0x0358,0x0358,0x0358,0x0358,0x0358,
  0x0358,0x0358,0x0358,0x0358,0x0358,0x0338,0x0358,0x0358,0x0358,0x0358,0x0358,0x0358,0x0358,0x0358,0x0358,0x0358,
  0x0358,0x0358,0x0358,0x0358,0x0358,0x0358,0x0358,0x0358,0x0358,0x0358,0x0358,0x0358,0x0358,0x0358,0x0B58,0x0358,
  0x632C,0x528A,0x4A49,0x4A49,0x4A49,0x4A49,0x4A49,0x62EB,0x6B4D,0x6B4D,0x6B6D,0x6B6D,0x5ACA,0x4207,0x4207,0x6B4D,
  0x8C50,0x6B6D,0x738E,0x7BEF,0x8410,0x8410,0x8410,0x8C72,0x8C51,0x6B6D,0x630C,0x5289,0x52AA,0x52AA,0x52AA,0x52AA,
  0x5AAA,0x39C7,0x2924,0x2924,0x2945,0x2965,0x19EB,0x0B58,0x0358,0x0358,0x0358,0x0358,0x0358,0x0338,0x0358,0x0338,
  0x0358,0x0358,0x0358,0x0358,0x0358,0x0358,0x0358,0x0358,0x0358,0x0358,0x0358,0x0358,0x0338,0x0338,0x0338,0x0338,
  0x0358,0x0358,0x0B58,0x0358,0x0358,0x0358,0x0358,0x0358,0x0358,0x0358,0x0358,0x0358,0x0358,0x0358,0x0338,0x0338,
  0x0338,0x0338,0x0338,0x0358,0x0338,0x0358,0x0358,0x0358,0x0358,0x0358,0x0358,0x0358,0x0338,0x0358,0x0358,0x0338,
  0x0338,0x0358,0x0338,0x0338,0x0338,0x0358,0x0358,0x0358,0x0358,0x0358,0x0358,0x0358,0x0358,0x0358,0x0338,0x0358,
  0x0358,0x0338,0x0338,0x0338,0x0338,0x0338,0x0338,0x0358,0x0358,0x0358,0x0358,0x0358,0x0358,0x0358,0x0358,0x0358,
  0x0358,0x0358,0x0338,0x0358,0x0338,0x0358,0x0358,0x0358,0x0338,0x0338,0x0338,0x0338,0x0338,0x0338,0x2BAF,0x33EF,
  0x0338,0x0338,0x0338,0x0338,0x0338,0x0358,0x0338,0x0358,0x0338,0x0358,0x0358,0x0358,0x0358,0x0358,0x0358,0x0358,
  0x0358,0x0358,0x0358,0x0338,0x0338,0x0338,0x0338,0x0338,0x0358,0x0338,0x0338,0x0358,0x0358,0x0358,0x0358,0x0358,
  0x0358,0x0358,0x0358,0x0358,0x0358,0x0358,0x0358,0x0338,0x0338,0x0338,0x0338,0x0338,0x0358,0x0358,0x0358,0x0358,
  0x0358,0x0358,0x0358,0x0358,0x0338,0x0338,0x0338,0x0338,0x0338,0x0338,0x0338,0x0338,0x0338,0x0338,0x0338,0x0338,
  0x0358,0x0358,0x0358,0x0358,0x0358,0x0358,0x0358,0x0358,0x0358,0x0358,0x0358,0x0358,0x0358,0x0358,0x0358,0x0358,
  0x0358,0x0358,0x0358,0x0358,0x0358,0x0358,0x0358,0x0358,0x0338,0x0358,0x0358,0x0358,0x0358,0x0358,0x0358,0x0358,
  0x632C,0x52AA,0x4A48,0x4A49,0x4A49,0x4A49,0x4A49,0x5AEB,0x6B4D,0x6B4D,0x6B6D,0x6B6D,0x5ACA,0x4A69,0x840F,0x8410,
  0x6B2C,0x6B4C,0x73AE,0x840F,0x8C50,0x8C51,0x8C50,0x8C30,0x8430,0x8C30,0x8C50,0x5289,0x528A,0x52AA,0x52AA,0x52AA,
  0x5ACA,0x41E7,0x2944,0x2924,0x2944,0x2124,0x09CC,0x0B58,0x0358,0x0358,0x0358,0x0358,0x0358,0x0338,0x0358,0x0358,
  0x0338,0x0338,0x0358,0x0358,0x0338,0x0358,0x0358,0x0358,0x0338,0x0358,0x0338,0x0358,0x0338,0x0338,0x0338,0x0338,
  0x0338,0x0358,0x0358,0x0358,0x0358,0x0358,0x0358,0x0358,0x0358,0x0358,0x0358,0x0338,0x0338,0x0338,0x0338,0x0338,
  0x0338,0x0358,0x0338,0x0358,0x0358,0x0338,0x0358,0x0358,0x0358,0x0358,0x0338,0x0338,0x0338,0x0338,0x0358,0x0338,
  0x0358,0x0338,0x0338,0x0358,0x0338,0x0338,0x0338,0x0358,0x0338,0x0358,0x0358,0x0358,0x0358,0x0338,0x0338,0x0338,
  0x0358,0x0338,0x0338,0x0338,0x0358,0x0358,0x0338,0x0358,0x0338,0x0358,0x0358,0x0358,0x0358,0x0358,0x0358,0x0358,
  0x0358,0x0338,0x0358,0x0358,0x0358,0x0338,0x0338,0x0358,0x0358,0x0338,0x0338,0x0338,0x0338,0x0B36,0x3389,0x1B51,
  0x0338,0x0339,0x0338,0x0338,0x0358,0x0338,0x0358,0x0358,0x0358,0x0338,0x0358,0x0358,0x0358,0x0358,0x0358,0x0338,
  0x0338,0x0338,0x0358,0x0338,0x0338,0x0338,0x0338,0x0338,0x0358,0x0358,0x0358,0x0358,0x0358,0x0358,0x0358,0x0358,
  0x0358,0x0358,0x0358,0x0358,0x0358,0x0338,0x0358,0x0358,0x0358,0x0358,0x0358,0x0338,0x0358,0x0358,0x0358,0x0358,
  0x0358,0x0358,0x0358,0x0338,0x0338,0x0338,0x0338,0x0338,0x0338,0x0338,0x0338,0x0318,0x0338,0x0338,0x0338,0x0358,
  0x0338,0x0358,0x0358,0x0358,0x0358,0x0358,0x0358,0x0358,0x0358,0x0358,0x0358,0x0358,0x0358,0x0358,0x0358,0x0358,
  0x0358,0x0358,0x0358,0x0358,0x0358,0x0358,0x0358,0x0358,0x0338,0x0358,0x0338,0x0358,0x0358,0x0358,0x0358,0x0358,
  0x632C,0x52AA,0x4A48,0x4A49,0x4A49,0x4A49,0x4A49,0x5AEB,0x6B4D,0x6B6D,0x6B4D,0x6B4D,0x738D,0x840F,0x7BCE,0x840F,
  0x842F,0x842F,0x8430,0x8430,0x8C50,0x8C51,0x8C51,0x8C50,0x8C50,0x9CB2,0x83EF,0x5289,0x5269,0x5289,0x52AA,0x52AA,
  0x5ACA,0x41E7,0x2944,0x2924,0x2944,0x1106,0x12F4,0x0358,0x0358,0x0338,0x0358,0x0358,0x0338,0x0358,0x0358,0x0338,
  0x0338,0x0338,0x0358,0x0358,0x0358,0x0358,0x0338,0x0358,0x0358,0x0358,0x0358,0x0338,0x0338,0x0338,0x0338,0x0338,
  0x0338,0x0358,0x0358,0x0358,0x0358,0x0358,0x0358,0x0358,0x0338,0x0358,0x0358,0x0358,0x0338,0x0338,0x0338,0x0338,
  0x0338,0x0338,0x0358,0x0358,0x0338,0x0358,0x0358,0x0338,0x0338,0x0358,0x0358,0x0338,0x0338,0x0338,0x0338,0x0338,
  0x0338,0x0338,0x0338,0x0358,0x0358,0x0358,0x0358,0x0358,0x0358,0x0358,0x0358,0x0358,0x0358,0x0338,0x0358,0x0358,
  0x0338,0x0358,0x0338,0x0338,0x0358,0x0358,0x0338,0x0358,0x0358,0x0358,0x0358,0x0358,0x0358,0x0338,0x0358,0x0358,
  0x0358,0x0338,0x0358,0x0338,0x0338,0x0358,0x0359,0x0358,0x0358,0x0B57,0x0B57,0x0B37,0x0B37,0x1B52,0x338A,0x0B16,
  0x0338,0x0338,0x0338,0x0338,0x0358,0x0358,0x0358,0x0338,0x0358,0x0338,0x0358,0x0358,0x0358,0x0358,0x0358,0x0338,
  0x0338,0x0358,0x0358,0x0358,0x0338,0x0338,0x0358,0x0358,0x0358,0x0358,0x0358,0x0358,0x0358,0x0358,0x0358,0x0358,
  0x0358,0x0358,0x0358,0x0358,0x0358,0x0358,0x0338,0x0358,0x0338,0x0358,0x0358,0x0358,0x0358,0x0358,0x0358,0x0358,
  0x0358,0x0358,0x0358,0x0358,0x0338,0x0337,0x2356,0x2B76,0x2B96,0x2B96,0x2B76,0x2B76,0x2376,0x0337,0x0338,0x0338,
  0x0338,0x0358,0x0358,0x0338,0x0358,0x0358,0x0358,0x0358,0x0358,0x0358,0x0358,0x0358,0x0358,0x0358,0x0358,0x0358,
  0x0358,0x0358,0x0358,0x0358,0x0338,0x0358,0x0358,0x0358,0x0358,0x0358,0x0358,0x0358,0x0358,0x0358,0x0358,0x0B58,
  0x632C,0x52AA,0x4A49,0x4A49,0x4A49,0x4A49,0x4A49,0x5AEB,0x6B6D,0x6B4D,0x6B4D,0x6B4D,0x6B4D,0x6B6D,0x73AE,0x840F,
  0x8430,0x8C50,0x8C50,0x8450,0x8C50,0x9491,0x9CD3,0xB576,0xA4F3,0x6B6D,0x4207,0x2945,0x2944,0x4207,0x4228,0x4A48,
  0x4A48,0x41E7,0x2965,0x2944,0x10C4,0x09CE,0x0B38,0x0358,0x0358,0x0338,0x0338,0x0358,0x0358,0x0358,0x0358,0x0358,
  0x0338,0x0338,0x0358,0x0358,0x0358,0x0358,0x0358,0x0358,0x0338,0x0338,0x0358,0x0358,0x0338,0x0338,0x0338,0x0338,
  0x0338,0x0358,0x0338,0x0358,0x0358,0x0358,0x0358,0x0358,0x0358,0x0338,0x0358,0x0358,0x0338,0x0358,0x0338,0x0358,
  0x0358,0x0358,0x0358,0x0358,0x0358,0x0358,0x0358,0x0358,0x0358,0x0338,0x0358,0x0338,0x0358,0x0338,0x0338,0x0338,
  0x0338,0x0358,0x0338,0x0338,0x0358,0x0358,0x0358,0x0358,0x0358,0x0358,0x0358,0x0338,0x0358,0x0338,0x0358,0x0358,
  0x0338,0x0338,0x0338,0x0338,0x0358,0x0358,0x0338,0x0358,0x0358,0x0358,0x0358,0x0358,0x0358,0x0358,0x0358,0x0338,
  0x0338,0x0358,0x0358,0x0338,0x0338,0x0B37,0x0B57,0x0B76,0x3C0F,0x544B,0x544B,0x4C2B,0x3BAD,0x3BCA,0x2B6C,0x1313,
  0x2B6D,0x1353,0x0338,0x0358,0x0358,0x0358,0x0358,0x0358,0x0358,0x0358,0x0358,0x0358,0x0358,0x0358,0x0338,0x0338,
  0x0338,0x0358,0x0338,0x0358,0x0358,0x0358,0x0358,0x0358,0x0358,0x0358,0x0358,0x0358,0x0358,0x0358,0x0358,0x0358,
  0x0358,0x0358,0x0358,0x0358,0x0358,0x0358,0x0358,0x0358,0x0358,0x0338,0x0358,0x0358,0x0358,0x0358,0x0339,0x0358,
  0x0338,0x0359,0x0339,0x0338,0x0B36,0x5437,0x9536,0xA535,0x9D14,0x9D14,0x9D15,0x94F4,0x8CF6,0x4C17,0x1357,0x0338,
  0x0338,0x0358,0x0358,0x0358,0x0358,0x0358,0x0358,0x0338,0x0358,0x0358,0x0358,0x0358,0x0358,0x0358,0x0358,0x0358,
  0x0358,0x0358,0x0358,0x0358,0x0358,0x0338,0x0358,0x0358,0x0358,0x0358,0x0358,0x0358,0x0358,0x0358,0x0358,0x0358,
  0x632C,0x528A,0x4228,0x4248,0x4228,0x4228,0x4228,0x5269,0x630C,0x6B4D,0x6B4D,0x6B4C,0x630C,0x632C,0x6B4C,0x6B6D,
  0x7BAE,0x73AE,0x7BEF,0x7BCF,0x8410,0x8C71,0x94B2,0x8C51,0x4A49,0x2966,0x2125,0x18C3,0x3165,0x4A28,0x4A28,0x4207,
  0x4207,0x3165,0x18E3,0x10A2,0x0085,0x0AB5,0x0338,0x0358,0x0358,0x0358,0x0338,0x0358,0x0358,0x0358,0x0358,0x0338,
  0x0338,0x0338,0x0358,0x0358,0x0358,0x0358,0x0338,0x0358,0x0358,0x0338,0x0358,0x0358,0x0338,0x0338,0x0338,0x0358,
  0x0338,0x0358,0x0358,0x0358,0x0338,0x0338,0x0338,0x0358,0x0358,0x0338,0x0338,0x0338,0x0338,0x0338,0x0358,0x0358,
  0x0358,0x0338,0x0358,0x0338,0x0358,0x0338,0x0358,0x0358,0x0358,0x0338,0x0358,0x0358,0x0338,0x0338,0x0358,0x0358,
  0x0358,0x0338,0x0358,0x0358,0x0358,0x0338,0x0358,0x0338,0x0338,0x0338,0x0338,0x0338,0x0338,0x0358,0x0358,0x0338,
  0x0358,0x0338,0x0358,0x0338,0x0358,0x0358,0x0338,0x0338,0x0358,0x0338,0x0338,0x0358,0x0358,0x0358,0x0358,0x0358,
  0x0358,0x0338,0x0318,0x0316,0x1332,0x4C2C,0x544A,0x4C4A,0x6484,0x5C20,0x53E0,0x4B80,0x4BA1,0x4361,0x2B05,0x2AE6,
  0x32E5,0x1312,0x0338,0x0358,0x0338,0x0358,0x0358,0x0358,0x0358,0x0358,0x0358,0x0358,0x0358,0x0358,0x0338,0x0358,
  0x0358,0x0358,0x0358,0x0358,0x0358,0x0358,0x0358,0x0358,0x0358,0x0358,0x0358,0x0358,0x0338,0x0338,0x0338,0x0338,
  0x0338,0x0338,0x0338,0x0338,0x0338,0x0338,0x0338,0x0338,0x02F8,0x02D8,0x02B8,0x02B7,0x02B7,0x02B7,0x02B7,0x02B7,
  0x02B7,0x0297,0x0297,0x2315,0x6C55,0x73F0,0x738D,0x6B6D,0x738D,0x7BCE,0x7BEF,0x8430,0x8C71,0x8C72,0x7475,0x2B75,
  0x0317,0x0338,0x0338,0x0338,0x0358,0x0358,0x0358,0x0358,0x0358,0x0358,0x0358,0x0358,0x0358,0x0358,0x0358,0x0358,
  0x0358,0x0358,0x0358,0x0338,0x0338,0x0358,0x0338,0x0358,0x0338,0x0358,0x0358,0x0358,0x0358,0x0358,0x0358,0x0358,
  0x632C,0x528A,0x4228,0x4228,0x4228,0x4228,0x4228,0x39E7,0x4A28,0x5AEB,0x632C,0x632C,0x528A,0x4A49,0x630B,0x6B4C,
  0x6B2C,0x5ACA,0x5269,0x4A69,0x4A69,0x4A49,0x4A69,0x39C7,0x2125,0x2125,0x18E4,0x18E3,0x4208,0x4207,0x39C6,0x3185,
  0x2945,0x2104,0x1082,0x0084,0x0A92,0x0338,0x0338,0x0358,0x0358,0x0338,0x0338,0x0358,0x0358,0x0338,0x0338,0x0358,
  0x0338,0x0358,0x0358,0x0358,0x0358,0x0338,0x0338,0x0358,0x0358,0x0338,0x0338,0x0358,0x0338,0x0338,0x0358,0x0358,
  0x0358,0x0358,0x0358,0x0358,0x0358,0x0358,0x0358,0x0338,0x0358,0x0338,0x0358,0x0338,0x0338,0x0338,0x0338,0x0358,
  0x0358,0x0358,0x0358,0x0358,0x0358,0x0358,0x0358,0x0358,0x0358,0x0358,0x0338,0x0338,0x0338,0x0338,0x0338,0x0338,
  0x0338,0x0338,0x0358,0x0358,0x0358,0x0358,0x0358,0x0358,0x0358,0x0338,0x0358,0x0358,0x0338,0x0338,0x0338,0x0338,
  0x0338,0x0338,0x0338,0x0338,0x0358,0x0358,0x0358,0x0358,0x0358,0x0358,0x0358,0x0358,0x0358,0x0358,0x0338,0x0338,
  0x0338,0x0338,0x0316,0x3BD0,0x6488,0x6C62,0x6C61,0x6421,0x53C0,0x4BA0,0x4B80,0x4B60,0x4B40,0x3AE0,0x3AA0,0x3280,
  0x2A41,0x1229,0x0AD3,0x0338,0x0358,0x0358,0x0358,0x0358,0x0358,0x0358,0x0358,0x0358,0x0358,0x0358,0x0358,0x0358,
  0x0358,0x0358,0x0358,0x0358,0x0358,0x0358,0x0358,0x0358,0x0358,0x0358,0x0358,0x0358,0x0358,0x0358,0x0338,0x0338,
  0x0338,0x0338,0x0338,0x0338,0x0339,0x0338,0x0338,0x0338,0x02F8,0x02B6,0x3377,0x5417,0x5C37,0x5C37,0x53F6,0x43B5,
  0x4BB5,0x3B54,0x4332,0x7411,0x73AF,0x7BEF,0x7BEF,0x7BEF,0x8C30,0x8430,0x8430,0x8430,0x8C51,0x8C50,0x8C71,0x8CB4,
  0x4393,0x1316,0x0338,0x0338,0x0358,0x0358,0x0358,0x0358,0x0358,0x0358,0x0358,0x0358,0x0358,0x0358,0x0358,0x0358,
  0x0358,0x0358,0x0358,0x0358,0x0338,0x0358,0x0338,0x0358,0x0338,0x0358,0x0358,0x0358,0x0358,0x0358,0x0358,0x0B58,
  0x632C,0x528A,0x4228,0x4228,0x4A28,0x4229,0x4228,0x39E7,0x39A6,0x4A49,0x5ACA,0x630C,0x528A,0x4208,0x4228,0x5AEB,
  0x632C,0x52AA,0x4A48,0x4A48,0x4A49,0x4A49,0x4228,0x39C7,0x2966,0x2125,0x1082,0x39A6,0x39A6,0x3186,0x2965,0x2124,
  0x1082,0x10A3,0x0063,0x0A10,0x0338,0x0359,0x0338,0x0358,0x0358,0x0338,0x0358,0x0338,0x0338,0x0358,0x0338,0x0338,
  0x0338,0x0358,0x0358,0x0358,0x0338,0x0358,0x0358,0x0338,0x0338,0x0358,0x0358,0x0358,0x0358,0x0358,0x0358,0x0358,
  0x0358,0x0338,0x0358,0x0338,0x0358,0x0338,0x0338,0x0358,0x0358,0x0338,0x0358,0x0358,0x0338,0x0358,0x0358,0x0338,
  0x0358,0x0338,0x0338,0x0338,0x0358,0x0338,0x0338,0x0358,0x0338,0x0358,0x0338,0x0338,0x0338,0x0338,0x0338,0x0358,
  0x0358,0x0358,0x0338,0x0358,0x0358,0x0358,0x0358,0x0358,0x0358,0x0338,0x0358,0x0358,0x0338,0x0338,0x0338,0x0338,
  0x0338,0x0338,0x0338,0x0358,0x0358,0x0358,0x0338,0x0338,0x0358,0x0338,0x0338,0x0358,0x0338,0x0338,0x0338,0x0338,
  0x0358,0x0337,0x238F,0x53E5,0x74A4,0x63E1,0x5B20,0x5AA0,0x4AC0,0x42E0,0x3AC0,0x3AC0,0x3AA0,0x3260,0x2A20,0x19A0,
  0x1960,0x1101,0x0926,0x0AF4,0x0338,0x0338,0x0358,0x0358,0x0358,0x0358,0x0358,0x0358,0x0338,0x0338,0x0358,0x0338,
  0x0338,0x0358,0x0358,0x0358,0x0358,0x0358,0x0358,0x0358,0x0358,0x0358,0x0358,0x0358,0x0338,0x0358,0x0338,0x0338,
  0x0338,0x0338,0x0338,0x0339,0x0359,0x0338,0x0338,0x0317,0x2B96,0x7CB6,0x8473,0x8451,0x8C71,0x8C71,0x8C51,0x8C51,
  0x94B2,0x9CD3,0x7BEF,0x7BAE,0x7BCF,0x8430,0x8C51,0x8C50,0x8C50,0x8C50,0x8430,0x8430,0x9CF3,0xA534,0x9492,0x6B6D,
  0x4249,0x19EC,0x0B38,0x0358,0x0358,0x0358,0x0358,0x0358,0x0358,0x0358,0x0358,0x0338,0x0358,0x0358,0x0338,0x0358,
  0x0358,0x0338,0x0338,0x0358,0x0338,0x0338,0x0338,0x0358,0x0338,0x0358,0x0358,0x0358,0x0358,0x0358,0x0358,0x0B58,
  0x632C,0x52AA,0x4229,0x4248,0x4A48,0x4A48,0x4229,0x39E7,0x2945,0x4207,0x4A49,0x5269,0x4A49,0x4208,0x4208,0x5269,
  0x52AA,0x4A69,0x4A48,0x4A48,0x4208,0x41E8,0x39C7,0x3166,0x2104,0x18A3,0x0862,0x0883,0x1926,0x1905,0x1905,0x1926,
  0x1127,0x09ED,0x0AD4,0x0338,0x0359,0x0359,0x0358,0x0338,0x0358,0x0338,0x0358,0x0338,0x0338,0x0358,0x0358,0x0358,
  0x0358,0x0358,0x0358,0x0358,0x0358,0x0338,0x0358,0x0358,0x0338,0x0358,0x0358,0x0358,0x0358,0x0358,0x0358,0x0358,
  0x0358,0x0358,0x0358,0x0358,0x0358,0x0358,0x0358,0x0358,0x0338,0x0338,0x0338,0x0358,0x0338,0x0358,0x0358,0x0358,
  0x0338,0x0358,0x0338,0x0358,0x0358,0x0358,0x0358,0x0338,0x0358,0x0338,0x0338,0x0338,0x0358,0x0338,0x0338,0x0358,
  0x0358,0x0358,0x0358,0x0338,0x0358,0x0358,0x0358,0x0358,0x0358,0x0358,0x0358,0x0358,0x0338,0x0358,0x0338,0x0338,
  0x0358,0x0358,0x0358,0x0358,0x0338,0x0358,0x0338,0x0358,0x0358,0x0358,0x0338,0x0338,0x0338,0x0358,0x0338,0x0338,
  0x0358,0x1BD6,0x4387,0x6301,0x6B81,0x5A80,0x79A1,0x90C1,0x8101,0x5A21,0x4AE1,0x2A20,0x2A20,0x4B02,0x21C0,0x08E0,
  0x0060,0x0020,0x0020,0x09AB,0x0337,0x0338,0x0338,0x0358,0x0338,0x0358,0x0358,0x0338,0x0338,0x0358,0x0338,0x0358,
  0x0358,0x0338,0x0338,0x0358,0x0358,0x0338,0x0358,0x0358,0x0358,0x0358,0x0358,0x0358,0x0338,0x0338,0x1376,0x3C10,
  0x2372,0x1316,0x1337,0x0B38,0x0338,0x0338,0x1336,0x5415,0x7C73,0x7BCF,0x73AE,0x73AE,0x7BAE,0x8430,0x8C50,0x8C51,
  0x8C51,0x8C71,0x8C71,0x9471,0x73AE,0x738E,0x73AE,0x8C71,0x9CD2,0x9CF3,0xAD55,0xAD75,0xAD75,0x8C71,0x4A49,0x39E7,
  0x2124,0x1169,0x0B58,0x0358,0x0358,0x0358,0x0358,0x0358,0x0358,0x0358,0x0358,0x0358,0x0358,0x0358,0x0358,0x0358,
  0x0338,0x0358,0x0358,0x0338,0x0338,0x0338,0x0338,0x0338,0x0338,0x0358,0x0358,0x0358,0x0358,0x0358,0x0B58,0x0358,
  0x632C,0x528A,0x4228,0x4228,0x4228,0x4A49,0x4228,0x39E7,0x2965,0x3186,0x4208,0x4A69,0x4A28,0x41E7,0x39C7,0x4208,
  0x4A48,0x4228,0x41E7,0x31A6,0x3186,0x3165,0x2944,0x2104,0x1082,0x0863,0x0109,0x0A11,0x0AD4,0x0AD4,0x0AD4,0x0AD4,
  0x0AD5,0x0317,0x0338,0x0338,0x0358,0x0358,0x0358,0x0358,0x0358,0x0358,0x0358,0x0358,0x0338,0x0358,0x0358,0x0358,
  0x0358,0x0358,0x0338,0x0358,0x0358,0x0338,0x0358,0x0358,0x0358,0x0358,0x0358,0x0358,0x0358,0x0358,0x0358,0x0358,
  0x0358,0x0358,0x0358,0x0358,0x0358,0x0358,0x0338,0x0358,0x0338,0x0338,0x0338,0x0358,0x0358,0x0338,0x0358,0x0358,
  0x0358,0x0338,0x0358,0x0358,0x0358,0x0358,0x0338,0x0358,0x0338,0x0358,0x0338,0x0358,0x0358,0x0338,0x0338,0x0338,
  0x0358,0x0358,0x0358,0x0358,0x0358,0x0358,0x0358,0x0358,0x0358,0x0338,0x0338,0x0338,0x0338,0x0338,0x0338,0x0358,
  0x0358,0x0338,0x0338,0x0338,0x0338,0x0338,0x0338,0x0338,0x0338,0x0338,0x0338,0x0338,0x0338,0x0338,0x0338,0x0338,
  0x0359,0x0B77,0x19E6,0x6B83,0x6201,0x7101,0x5861,0xD102,0xA8C1,0x5880,0x28A0,0x3242,0x1960,0x29C1,0x2A02,0x2182,
  0x1901,0x0000,0x0001,0x1291,0x0338,0x0359,0x0359,0x0359,0x0358,0x0358,0x0358,0x0338,0x0338,0x0338,0x0338,0x0338,
  0x0358,0x0358,0x0358,0x0358,0x0338,0x0358,0x0358,0x0358,0x0358,0x0358,0x0358,0x0358,0x0338,0x0B36,0x444E,0x53C4,
  0x3203,0x2906,0x3147,0x32CF,0x1AD3,0x1B14,0x5BB2,0x7C10,0x7BEF,0x8C50,0x8C50,0x8C50,0x8430,0x8410,0x8430,0x8430,
  0x6B6D,0x5AEB,0x632C,0x6B4D,0x632C,0x73AE,0x7BCF,0x8C71,0xA534,0xA534,0x630C,0x4A69,0x5ACB,0x3186,0x2965,0x2945,
  0x2945,0x1989,0x0B58,0x0358,0x0358,0x0358,0x0358,0x0358,0x0358,0x0338,0x0358,0x0358,0x0358,0x0358,0x0358,0x0338,
  0x0358,0x0358,0x0338,0x0338,0x0358,0x0338,0x0338,0x0338,0x0338,0x0358,0x0358,0x0358,0x0358,0x0358,0x0358,0x0358,
  0x632C,0x528A,0x4228,0x4228,0x4228,0x4A49,0x4228,0x39E7,0x2965,0x2945,0x2945,0x41E7,0x4A28,0x3165,0x0000,0x0020,
  0x2104,0x3165,0x2965,0x2124,0x2945,0x2924,0x0882,0x08A4,0x08E7,0x0A51,0x0AF7,0x0318,0x0338,0x0338,0x0338,0x0338,
  0x0338,0x0338,0x0338,0x0338,0x0358,0x0358,0x0358,0x0358,0x0358,0x0358,0x0358,0x0338,0x0358,0x0358,0x0358,0x0338,
  0x0358,0x0338,0x0358,0x0358,0x0358,0x0358,0x0358,0x0358,0x0358,0x0358,0x0358,0x0358,0x0358,0x0358,0x0358,0x0358,
  0x0338,0x0358,0x0358,0x0338,0x0358,0x0358,0x0338,0x0338,0x0338,0x0358,0x0338,0x0338,0x0338,0x0338,0x0338,0x0338,
  0x0358,0x0358,0x0338,0x0358,0x0338,0x0358,0x0358,0x0338,0x0338,0x0338,0x0338,0x0338,0x0338,0x0338,0x0338,0x0358,
  0x0338,0x0338,0x0338,0x0338,0x0358,0x0338,0x0358,0x0358,0x0358,0x0358,0x0338,0x0358,0x0338,0x0338,0x0338,0x0338,
  0x0338,0x0338,0x0358,0x0338,0x0338,0x0338,0x0338,0x0338,0x0338,0x0338,0x0318,0x0318,0x0338,0x0318,0x0318,0x0338,
  0x0359,0x0B78,0x426A,0x6181,0x2820,0x4061,0x1000,0x7861,0x3800,0x0800,0x0800,0x0020,0x10C1,0x0020,0x10E1,0x0880,
  0x0000,0x0000,0x0001,0x0AF5,0x0339,0x0338,0x0338,0x0B36,0x33F3,0x0B55,0x0338,0x0338,0x0358,0x0358,0x0358,0x0358,
  0x0358,0x0358,0x0358,0x0358,0x0358,0x0358,0x0338,0x0338,0x0358,0x0338,0x0358,0x0358,0x0338,0x23B2,0x5C45,0x4B20,
  0x42E3,0x11A9,0x1128,0x30C2,0x5123,0x5A6A,0x738E,0x738E,0x8410,0x8C71,0x8C51,0x8C50,0x8430,0x840F,0x840F,0x738E,
  0x6B6D,0x7BCE,0x8430,0x8C30,0x8410,0x8410,0x8430,0x8430,0x9CB2,0xAD55,0x8430,0x4208,0x41E7,0x2945,0x2945,0x2945,
  0x2965,0x19A9,0x0B58,0x0358,0x0358,0x0358,0x0358,0x0358,0x0358,0x0358,0x0358,0x0358,0x0338,0x0358,0x0358,0x0358,
  0x0358,0x0338,0x0358,0x0338,0x0358,0x0338,0x0358,0x0358,0x0358,0x0358,0x0358,0x0358,0x0358,0x0358,0x0358,0x0358,
  0x632C,0x528A,0x4228,0x4248,0x4228,0x4228,0x4228,0x39E7,0x2965,0x2945,0x2945,0x2965,0x2965,0x0821,0x0020,0x0841,
  0x0000,0x0000,0x1062,0x1082,0x10E6,0x1189,0x120E,0x0AF5,0x0B58,0x0358,0x0338,0x0338,0x0338,0x0338,0x0338,0x0338,
  0x0338,0x0338,0x0338,0x0338,0x0338,0x0338,0x0338,0x0338,0x0338,0x0358,0x0358,0x0358,0x0358,0x0358,0x0358,0x0358,
  0x0338,0x0358,0x0338,0x0338,0x0338,0x0358,0x0358,0x0358,0x0338,0x0338,0x0358,0x0338,0x0358,0x0358,0x0358,0x0358,
  0x0338,0x0358,0x0358,0x0338,0x0358,0x0358,0x0358,0x0358,0x0338,0x0358,0x0338,0x0338,0x0358,0x0338,0x0358,0x0358,
  0x0358,0x0358,0x0358,0x0358,0x0338,0x0358,0x0358,0x0338,0x0358,0x0338,0x0358,0x0338,0x0338,0x0338,0x0338,0x0358,
  0x0358,0x0358,0x0358,0x0338,0x0358,0x0358,0x0358,0x0358,0x0338,0x0338,0x0338,0x0338,0x0338,0x0338,0x0338,0x0338,
  0x0338,0x0338,0x0358,0x0358,0x0358,0x0358,0x1B98,0x3C39,0x3C19,0x3419,0x3419,0x3C19,0x3C19,0x3C19,0x3419,0x1378,
  0x0379,0x0B78,0x6AEB,0x91C1,0x6100,0x6101,0x2000,0x3861,0x0800,0x0000,0x0000,0x1000,0x1020,0x0800,0x0800,0x1800,
  0x0000,0x1000,0x0801,0x22D4,0x22D2,0x3A6E,0x29CC,0x3A09,0x6C06,0x5CAD,0x0B55,0x0338,0x0358,0x0338,0x0338,0x0358,
  0x0358,0x0358,0x0358,0x0358,0x0358,0x0358,0x0358,0x0358,0x0358,0x0338,0x0358,0x0358,0x0338,0x3431,0x6465,0x42E3,
  0x2266,0x0AD2,0x0AF6,0x120E,0x20A3,0x5164,0x6B0C,0x738E,0x738E,0x840F,0x8430,0x9471,0x9491,0x9492,0x9CB2,0x73AE,
  0x7BCF,0x8430,0x8C51,0x8C51,0x8C51,0x8C50,0x8C71,0x8C71,0x9CD3,0xA534,0x738E,0x4208,0x39E7,0x2945,0x2945,0x2945,
  0x3165,0x21CA,0x0B58,0x0359,0x0358,0x0338,0x0358,0x0358,0x0338,0x0358,0x0358,0x0358,0x0338,0x0338,0x0338,0x0338,
  0x0338,0x0338,0x0358,0x0338,0x0338,0x0358,0x0338,0x0358,0x0338,0x0358,0x0358,0x0358,0x0358,0x0358,0x0358,0x0358,
  0x632C,0x528A,0x4228,0x4228,0x4228,0x4228,0x4228,0x39E7,0x2965,0x2945,0x2945,0x2945,0x2945,0x0000,0x0000,0x0000,
  0x0000,0x0000,0x0022,0x00E8,0x0A52,0x0B17,0x0B58,0x0359,0x0359,0x0359,0x0358,0x0358,0x0338,0x0338,0x0318,0x0338,
  0x0338,0x0338,0x0338,0x0338,0x0338,0x0338,0x0338,0x0338,0x0338,0x0358,0x0358,0x0358,0x0358,0x0358,0x0358,0x0338,
  0x0338,0x0338,0x0338,0x0358,0x0358,0x0358,0x0358,0x0358,0x0358,0x0358,0x0358,0x0358,0x0358,0x0358,0x0338,0x0338,
  0x0338,0x0338,0x0338,0x0358,0x0358,0x0358,0x0338,0x0358,0x0358,0x0358,0x0358,0x0358,0x0358,0x0358,0x0358,0x0338,
  0x0358,0x0338,0x0338,0x0338,0x0338,0x0358,0x0358,0x0338,0x0358,0x0358,0x0358,0x0338,0x0358,0x0338,0x0338,0x0358,
  0x0358,0x0358,0x0358,0x0358,0x0358,0x0358,0x0358,0x0358,0x0358,0x0338,0x0358,0x0358,0x0338,0x0358,0x0338,0x0338,
  0x0358,0x0338,0x0B58,0x1377,0x1377,0x1377,0x5CDA,0xA65D,0x9E1C,0x961D,0x95FD,0x961D,0x9E1D,0x961D,0x95FD,0x4459,
  0x1379,0x1B98,0x72C9,0xB261,0xA220,0xA220,0x81C1,0x50A1,0x2860,0x0800,0x1000,0x3000,0x3061,0x1000,0x2820,0x3000,
  0x2020,0x2800,0x4041,0x59E7,0x5943,0x30A3,0x2169,0x4A24,0x5B41,0x6C84,0x4432,0x0338,0x0338,0x0358,0x0358,0x0338,
  0x0358,0x0358,0x0358,0x0358,0x0338,0x0358,0x0358,0x0358,0x0358,0x0358,0x0358,0x0358,0x0338,0x1BB4,0x2B06,0x2350,
  0x0B56,0x0358,0x0358,0x0337,0x1251,0x422A,0x738D,0x738E,0x6B6D,0x6B6D,0x5ACB,0x52AA,0x4A49,0x528A,0x8410,0x73AE,
  0x738E,0x7BCF,0x7BEF,0x8C51,0x8430,0x8410,0x8C50,0x8C71,0x8C50,0x632C,0x3186,0x2945,0x3186,0x2945,0x2945,0x2965,
  0x3165,0x21CA,0x0B58,0x0359,0x0358,0x0358,0x0358,0x0358,0x0338,0x0338,0x0358,0x0358,0x0358,0x0358,0x0358,0x0338,
  0x0338,0x0338,0x0338,0x0358,0x0358,0x0358,0x0338,0x0358,0x0358,0x0358,0x0358,0x0358,0x0358,0x0358,0x0358,0x0358,
  0x632C,0x528A,0x4228,0x4228,0x4A28,0x4228,0x4248,0x39E7,0x2965,0x2965,0x2965,0x2965,0x2965,0x0000,0x0000,0x0000,
  0x0001,0x08E7,0x09AE,0x02B5,0x0338,0x0358,0x0359,0x0358,0x0358,0x0358,0x0358,0x0358,0x0338,0x0318,0x02F8,0x0B38,
  0x0B58,0x0338,0x0338,0x0338,0x0338,0x0338,0x0338,0x0358,0x0338,0x0358,0x0358,0x0358,0x0338,0x0358,0x0338,0x0358,
  0x0338,0x0338,0x0358,0x0338,0x0338,0x0338,0x0358,0x0338,0x0338,0x0358,0x0358,0x0338,0x0338,0x0338,0x0338,0x0338,
  0x0338,0x0358,0x0358,0x0338,0x0358,0x0338,0x0358,0x0358,0x0338,0x0338,0x0358,0x0338,0x0358,0x0358,0x0358,0x0338,
  0x0358,0x0338,0x0358,0x0358,0x0358,0x0358,0x0358,0x0338,0x0358,0x0358,0x0358,0x0358,0x0358,0x0338,0x0338,0x0358,
  0x0338,0x0338,0x0358,0x0358,0x0358,0x0338,0x0338,0x0338,0x0338,0x0338,0x0338,0x0338,0x0318,0x0318,0x0318,0x0318,
  0x02F7,0x02D7,0x54BA,0x8DFD,0x9E3D,0xAE7D,0xAE7D,0xAE5C,0xAE5C,0x9DFC,0x95FC,0x95FC,0x9DFC,0x9E1C,0x9E1C,0x95FD,
  0x7DBE,0x64FB,0x82E9,0xA200,0xA220,0x9A20,0x9A20,0x7100,0x50A0,0x48A1,0x3840,0x4860,0x58C0,0x2840,0x2800,0x4020,
  0x5080,0x4020,0x5880,0x60E1,0x30E6,0x1A93,0x0AF5,0x2A47,0x3A82,0x53A2,0x5CED,0x0B37,0x0338,0x0338,0x0338,0x0338,
  0x0358,0x0358,0x0358,0x0358,0x0358,0x0338,0x0358,0x0358,0x0358,0x0358,0x0358,0x0338,0x0338,0x0337,0x12F0,0x0316,
  0x0359,0x0359,0x0358,0x0358,0x02F7,0x4331,0x6B4D,0x6B4D,0x6B6D,0x6B4D,0x528A,0x4207,0x39C7,0x52AA,0x7BCF,0x6B4D,
  0x6B2C,0x6B2D,0x6B4D,0x6B6D,0x52AA,0x4A69,0x4A49,0x4A49,0x39C7,0x3186,0x2125,0x2145,0x2945,0x2945,0x2945,0x2945,
  0x2104,0x094A,0x0B38,0x0358,0x0338,0x0338,0x0338,0x0338,0x0358,0x0358,0x0358,0x0358,0x0338,0x0358,0x0338,0x0358,
  0x0338,0x0338,0x0338,0x0358,0x0358,0x0358,0x0338,0x0358,0x0358,0x0358,0x0358,0x0358,0x0358,0x0358,0x0B58,0x0358,
  0x630C,0x528A,0x4228,0x4228,0x4228,0x4A49,0x4228,0x39E7,0x2965,0x2965,0x2965,0x2965,0x2965,0x0000,0x0000,0x0086,
  0x1230,0x0AD5,0x0317,0x0338,0x0338,0x0338,0x0358,0x0358,0x0358,0x0358,0x0358,0x0358,0x0338,0x0318,0x0318,0x1B79,
  0x1379,0x0338,0x0338,0x0358,0x0338,0x0338,0x0338,0x0338,0x0338,0x0358,0x0358,0x0358,0x0358,0x0358,0x0338,0x0338,
  0x0358,0x0358,0x0358,0x0338,0x0338,0x0338,0x0358,0x0338,0x0338,0x0338,0x0358,0x0358,0x0338,0x0358,0x0338,0x0338,
  0x0338,0x0338,0x0358,0x0338,0x0338,0x0338,0x0338,0x0358,0x0358,0x0358,0x0338,0x0338,0x0358,0x0358,0x0358,0x0358,
  0x0358,0x0338,0x0358,0x0358,0x0358,0x0358,0x0358,0x0358,0x0358,0x0358,0x0358,0x0358,0x0358,0x0338,0x0358,0x0338,
  0x0338,0x0358,0x0358,0x0338,0x0358,0x0358,0x0338,0x0338,0x0338,0x0358,0x0338,0x0338,0x0318,0x0318,0x0317,0x23B8,
  0x4C7A,0x4C79,0x859B,0xAE5D,0xB67C,0xBE9D,0xBE9D,0xBE9D,0xB69D,0xB67D,0xA63C,0x9DFC,0x9DFC,0x9DFC,0x9DFC,0x9DFC,
  0x8DDC,0x859B,0x8AE8,0xA200,0x9A20,0x9A20,0x9A20,0x8960,0x7100,0x68E0,0x60C0,0x5880,0x68E0,0x58A0,0x3820,0x4840,
  0x5080,0x5880,0x5080,0x3106,0x12B4,0x0318,0x0317,0x0AF4,0x12B1,0x3305,0x3C0D,0x0337,0x0338,0x0338,0x0338,0x0358,
  0x0358,0x0358,0x0338,0x0358,0x0358,0x0358,0x0358,0x0358,0x0358,0x0358,0x0358,0x0338,0x0338,0x0338,0x0338,0x0338,
  0x0338,0x0358,0x0338,0x0358,0x0318,0x1AF4,0x634E,0x6B4D,0x6B6D,0x6B4D,0x528A,0x4207,0x39C7,0x6B4D,0x738E,0x6B4C,
  0x6B2C,0x632C,0x632C,0x5ACA,0x4A49,0x4228,0x4208,0x4208,0x4208,0x2986,0x2125,0x2125,0x2945,0x2945,0x2945,0x2104,
  0x1148,0x0A94,0x0338,0x0358,0x0338,0x0338,0x0358,0x0358,0x0358,0x0358,0x0358,0x0358,0x0358,0x0358,0x0338,0x0358,
  0x0338,0x0338,0x0358,0x0358,0x0358,0x0358,0x0358,0x0358,0x0358,0x0358,0x0358,0x0358,0x0358,0x0358,0x0358,0x0B58,
  0x630C,0x528A,0x4248,0x4A28,0x4228,0x4A49,0x4A29,0x39E7,0x2965,0x2965,0x2965,0x2965,0x2945,0x0000,0x00A6,0x0A93,
  0x0358,0x0358,0x0338,0x0358,0x0338,0x0338,0x0358,0x0358,0x0358,0x0338,0x0358,0x0358,0x0338,0x0338,0x0318,0x33F9,
  0x23B9,0x0338,0x0338,0x0358,0x0358,0x0358,0x0358,0x0358,0x0358,0x0338,0x0358,0x0358,0x0358,0x0358,0x0338,0x0358,
  0x0358,0x0358,0x0358,0x0358,0x0338,0x0358,0x0358,0x0338,0x0338,0x0358,0x0338,0x0338,0x0338,0x0358,0x0B37,0x0337,
  0x0358,0x0358,0x0358,0x0358,0x0358,0x0358,0x0358,0x0338,0x0338,0x0338,0x0358,0x0358,0x0358,0x0358,0x0358,0x0358,
  0x0358,0x0358,0x0358,0x0358,0x0358,0x0358,0x0358,0x0358,0x0358,0x0358,0x0358,0x0358,0x0358,0x0358,0x0358,0x0358,
  0x0358,0x0358,0x0338,0x0338,0x0358,0x0338,0x0338,0x0358,0x0338,0x0358,0x0358,0x0358,0x0337,0x1378,0x23B8,0x64FA,
  0x9E3C,0x9E3C,0xB67D,0xBEBD,0xBE9D,0xBE9D,0xBE9D,0xBE9D,0xBE9D,0xBE9D,0xBE9D,0xA61C,0xA61C,0x9E1C,0x9DFC,0x9DFC,
  0x9E1C,0xA63C,0x9308,0xA200,0x9A20,0x9A00,0x9A20,0x8960,0x7100,0x6900,0x68E0,0x68E0,0x7100,0x60A0,0x4820,0x4840,
  0x5080,0x5080,0x48A2,0x1AD4,0x0338,0x0318,0x0318,0x0318,0x0316,0x22EB,0x1373,0x0359,0x0358,0x0358,0x0338,0x0338,
  0x0358,0x0338,0x0338,0x0358,0x0358,0x0358,0x0358,0x0358,0x0358,0x0358,0x0358,0x0358,0x0358,0x0338,0x0358,0x0358,
  0x0358,0x0358,0x0358,0x0338,0x0338,0x0B18,0x3AAE,0x630C,0x6B6D,0x6B6D,0x52AA,0x4208,0x41E7,0x738E,0x6B4C,0x6B4C,
  0x6B4C,0x6B2C,0x632C,0x4A69,0x4228,0x4228,0x4228,0x4208,0x4229,0x3187,0x2125,0x2145,0x2965,0x2965,0x2945,0x0883,
  0x09AD,0x0B38,0x0358,0x0358,0x0338,0x0338,0x0358,0x0338,0x0358,0x0358,0x0358,0x0358,0x0338,0x0338,0x0338,0x0358,
  0x0358,0x0358,0x0338,0x0358,0x0358,0x0358,0x0358,0x0358,0x0358,0x0358,0x0358,0x0358,0x0358,0x0358,0x0B58,0x0B58,
  0x630C,0x528A,0x4A28,0x4249,0x4A49,0x4A29,0x4228,0x39E7,0x2965,0x2965,0x2965,0x2965,0x2945,0x0001,0x1272,0x0358,
  0x0358,0x0338,0x0338,0x0338,0x0338,0x0358,0x0338,0x0358,0x0358,0x0358,0x0358,0x0358,0x0338,0x0358,0x1B99,0x4459,
  0x2BD8,0x0B58,0x0338,0x0338,0x0338,0x0358,0x0338,0x0358,0x0338,0x0358,0x0358,0x0358,0x0358,0x0358,0x0338,0x0338,
  0x0338,0x0338,0x0338,0x0338,0x0338,0x0338,0x0358,0x0358,0x0358,0x0338,0x0358,0x0338,0x1B53,0x3BAE,0x438C,0x334B,
  0x1B10,0x0B57,0x0359,0x0359,0x0338,0x0358,0x0358,0x0338,0x0338,0x0358,0x0358,0x0358,0x0358,0x0358,0x0358,0x0358,
  0x0358,0x0358,0x0358,0x0359,0x0358,0x0358,0x0338,0x0358,0x0358,0x0358,0x0338,0x0358,0x0358,0x0358,0x0358,0x0358,
  0x0358,0x0358,0x0338,0x0338,0x0358,0x0338,0x0338,0x0338,0x0338,0x0338,0x0338,0x0B38,0x449A,0x759C,0xAE9E,0xB6BD,
  0xB69D,0xB69D,0xBE9D,0xBE9D,0xBE9D,0xBE9D,0xBE9D,0xB69D,0xBE9D,0xBE9D,0xBE9D,0xBE9D,0xBEBD,0xB69D,0xA61C,0x9E1C,
  0x9E1C,0xAE3B,0x9328,0xA200,0x9A00,0x9A20,0x9A20,0x89A0,0x7100,0x6900,0x68E0,0x6900,0x6900,0x60C0,0x4840,0x4840,
  0x5080,0x5080,0x40A3,0x1B16,0x0339,0x0338,0x0318,0x0318,0x0318,0x0B16,0x0338,0x0359,0x0338,0x0338,0x0338,0x0358,
  0x0338,0x0338,0x0358,0x0358,0x0358,0x0358,0x0358,0x0358,0x0338,0x0338,0x0338,0x0338,0x0358,0x0358,0x0338,0x0338,
  0x0338,0x0358,0x0358,0x0358,0x0338,0x0338,0x22D2,0x4A6A,0x62EB,0x6B6D,0x5AAA,0x4A28,0x4208,0x630C,0x6B4D,0x6B4D,
  0x6B2D,0x6B2C,0x630C,0x4228,0x4228,0x4228,0x4228,0x4228,0x4208,0x2945,0x2124,0x2125,0x2945,0x2945,0x18C4,0x0908,
  0x0AB4,0x0358,0x0358,0x0358,0x0358,0x0358,0x0358,0x0358,0x0358,0x0358,0x0358,0x0338,0x0338,0x0338,0x0338,0x0358,
  0x0338,0x0338,0x0338,0x0358,0x0358,0x0338,0x0358,0x0358,0x0358,0x0358,0x0358,0x0358,0x0358,0x0358,0x0358,0x0358,
  0x632C,0x528A,0x4A28,0x4A29,0x4A29,0x4A49,0x4A49,0x39E7,0x2965,0x2965,0x2965,0x2965,0x2124,0x00C7,0x0B17,0x0358,
  0x0338,0x0358,0x0358,0x0358,0x0358,0x0338,0x0338,0x0358,0x0358,0x0338,0x0358,0x0358,0x0338,0x0318,0x1B98,0x3C19,
  0x23B9,0x1B79,0x0318,0x0318,0x0358,0x0338,0x0338,0x0358,0x0358,0x0358,0x0358,0x0358,0x0358,0x0358,0x0338,0x0358,
  0x0338,0x0358,0x0338,0x0338,0x0338,0x0338,0x0358,0x0358,0x0B56,0x0B17,0x0B15,0x2B6F,0x4BA6,0x5BA2,0x4B00,0x4300,
  0x32E3,0x2B0B,0x1312,0x0B37,0x0338,0x0338,0x0338,0x0338,0x0338,0x0338,0x0338,0x0338,0x0358,0x0358,0x0338,0x0338,
  0x0338,0x0338,0x0338,0x0338,0x0B17,0x0AF7,0x0B38,0x0338,0x0338,0x0338,0x0AF7,0x0B17,0x0B17,0x0B17,0x0B17,0x0B17,
  0x02D6,0x02D7,0x02F8,0x02F8,0x0338,0x0338,0x0338,0x0338,0x0338,0x1357,0x54BB,0x54BA,0x95FC,0xAE7D,0xB69D,0xBE9D,
  0xB69D,0xB69D,0xB69D,0xB69D,0xB69D,0xB69D,0xB69D,0xBE9D,0xBE9D,0xBE9D,0xBE9D,0xBE9D,0xBE9D,0xBE9D,0xBE9D,0xA61C,
  0x9E1C,0xA61B,0x9308,0x99E0,0x9A20,0x9A20,0x9A20,0x81A0,0x7120,0x6920,0x6920,0x6920,0x7120,0x60C0,0x5040,0x4840,
  0x5080,0x5080,0x40A3,0x1B16,0x0339,0x0338,0x0338,0x0318,0x0318,0x0318,0x0339,0x0339,0x0338,0x0338,0x0358,0x0358,
  0x0358,0x0358,0x0358,0x0358,0x0358,0x0358,0x0358,0x0358,0x0358,0x0358,0x0358,0x0358,0x0358,0x0358,0x0358,0x0338,
  0x0358,0x0358,0x0358,0x0358,0x0338,0x0339,0x0B16,0x326C,0x4A49,0x528A,0x5269,0x4228,0x4228,0x5ACB,0x6B4D,0x6B2D,
  0x6B2D,0x6B2C,0x5AEB,0x39E7,0x4228,0x4228,0x4228,0x4228,0x41E7,0x2944,0x2124,0x2144,0x2124,0x10A3,0x0908,0x0AB4,
  0x0338,0x0358,0x0358,0x0358,0x0358,0x0358,0x0358,0x0338,0x0358,0x0338,0x0358,0x0358,0x0338,0x0338,0x0338,0x0338,
  0x0338,0x0358,0x0338,0x0358,0x0338,0x0358,0x0338,0x0338,0x0358,0x0358,0x0358,0x0358,0x0358,0x0358,0x0358,0x0358,
  0x632C,0x528A,0x4A28,0x4A29,0x4A29,0x4A29,0x4A49,0x41E7,0x2965,0x2965,0x2965,0x2965,0x2987,0x0A31,0x0338,0x0358,
  0x0338,0x0358,0x0358,0x0358,0x0338,0x0338,0x0358,0x0358,0x0358,0x0358,0x0358,0x0358,0x0338,0x0318,0x2BF9,0x33F9,
  0x23B9,0x1B78,0x0318,0x0318,0x0338,0x0338,0x0358,0x0358,0x0358,0x0358,0x0338,0x0358,0x0358,0x0358,0x0358,0x0358,
  0x0338,0x0338,0x0338,0x0338,0x0338,0x0338,0x1355,0x33AF,0x43C8,0x3307,0x3B06,0x5382,0x5301,0x5301,0x3A20,0x5BA1,
  0x4B40,0x4B41,0x32C3,0x2AA9,0x1AAD,0x0AF4,0x0317,0x0338,0x0338,0x0338,0x0338,0x0358,0x0358,0x0338,0x0338,0x0338,
  0x0338,0x0337,0x1333,0x3C0E,0x3329,0x2288,0x1AAC,0x0B15,0x0317,0x0317,0x7D9D,0x8DBC,0x9E1D,0xAE9E,0xA67E,0x961D,
  0x8DFE,0x4419,0x02D6,0x02F7,0x0338,0x0338,0x0338,0x0338,0x0B36,0x6D3B,0x9E1D,0xA63C,0xB67D,0xBE9D,0xBE9D,0xBE9D,
  0xB69D,0xB69D,0xB69D,0xB69D,0xB69D,0xB69D,0xB69D,0xB69D,0xBE9D,0xBE9D,0xBE9D,0xBE9D,0xBE9D,0xBE9D,0xBE9D,0xAE3C,
  0x9E1C,0xA61B,0x9307,0x99E0,0x9A20,0x9A20,0x9A20,0x89A0,0x7120,0x6920,0x6920,0x6920,0x7120,0x60E0,0x5040,0x4840,
  0x5060,0x5080,0x40A1,0x3BAF,0x2BF0,0x2BD0,0x2390,0x2371,0x0B15,0x0317,0x0338,0x0338,0x0338,0x0338,0x0358,0x0338,
  0x0358,0x0358,0x0358,0x0338,0x0358,0x0358,0x0358,0x0358,0x0358,0x0358,0x0358,0x0358,0x0338,0x0358,0x0358,0x0358,
  0x0358,0x0358,0x0358,0x0358,0x0338,0x0338,0x0318,0x12D3,0x326D,0x4229,0x4208,0x39C7,0x31A6,0x39C7,0x5ACB,0x632C,
  0x6B2C,0x632C,0x52AA,0x39E7,0x4228,0x4228,0x4228,0x4228,0x41E7,0x2945,0x2124,0x2124,0x18C3,0x08A5,0x12B4,0x0358,
  0x0358,0x0338,0x0358,0x0358,0x0358,0x0358,0x0358,0x0338,0x0358,0x0358,0x0358,0x0358,0x0338,0x0338,0x0338,0x0358,
  0x0358,0x0358,0x0338,0x0358,0x0338,0x0358,0x0338,0x0358,0x0358,0x0358,0x0358,0x0358,0x0358,0x0358,0x0358,0x0358,
  0x632C,0x528A,0x4A29,0x4A29,0x4A29,0x4A29,0x4A49,0x41E7,0x2965,0x2965,0x2965,0x2965,0x2188,0x0AF6,0x0338,0x0358,
  0x0338,0x0358,0x0338,0x0358,0x0358,0x0358,0x0358,0x0358,0x0338,0x0358,0x0358,0x0358,0x0338,0x0B58,0x447A,0x3419,
  0x23B9,0x23B9,0x0B38,0x0318,0x0338,0x0358,0x0358,0x0358,0x0338,0x0338,0x0338,0x0B37,0x0B57,0x1B74,0x33B1,0x33B0,
  0x2B8F,0x2B6F,0x1B51,0x0B36,0x0B15,0x2390,0x5449,0x6463,0x4B60,0x42E0,0x3AA0,0x42C0,0x4261,0x4A61,0x3980,0x63A2,
  0x5361,0x53A0,0x4AE0,0x4AC0,0x3A82,0x32A7,0x22B1,0x12F6,0x0338,0x0358,0x0359,0x0358,0x0358,0x0337,0x0B34,0x1313,
  0x1313,0x33AD,0x6446,0x7C83,0x4B40,0x4300,0x3AE1,0x3306,0x22CA,0x3331,0x9E1C,0xBEBD,0xBE9D,0xBE9D,0xBE9D,0xB69D,
  0xA63D,0x8DDC,0x755C,0x3C1A,0x0338,0x0338,0x0338,0x0B37,0x5CDA,0xAE7D,0xB69D,0xBE9D,0xBE9D,0xBE9D,0xBE9D,0xBE9D,
  0xBE9D,0xB69D,0xBE9D,0xB69D,0xB69D,0xB69D,0xB69D,0xBE9D,0xBE9D,0xBE9D,0xBE9D,0xBE9D,0xBEBD,0xBE9D,0xBEBD,0xAE3C,
  0x9E1C,0xA5FB,0x92E7,0x99E0,0x9A20,0x9A20,0x9A20,0x8980,0x7120,0x7120,0x7120,0x7120,0x7120,0x68E0,0x5060,0x4840,
  0x5182,0x5A02,0x6303,0x74C3,0x74C3,0x6C62,0x5BE3,0x5BE3,0x4BA7,0x336C,0x1B11,0x1333,0x0337,0x0338,0x0338,0x0338,
  0x0358,0x0358,0x0358,0x0338,0x0358,0x0358,0x0338,0x0358,0x0338,0x0338,0x0358,0x0338,0x0358,0x0358,0x0358,0x0358,
  0x0338,0x0358,0x0358,0x0358,0x0338,0x0338,0x0338,0x0318,0x0AF6,0x2AB0,0x3A09,0x2966,0x2125,0x2124,0x39C7,0x52AA,
  0x632C,0x6B4C,0x528A,0x4208,0x4228,0x4228,0x4228,0x4228,0x4207,0x2945,0x2944,0x18C3,0x10C5,0x1251,0x0B38,0x0358,
  0x0358,0x0358,0x0358,0x0358,0x0358,0x0358,0x0358,0x0358,0x0358,0x0358,0x0358,0x0358,0x0358,0x0338,0x0338,0x0358,
  0x0338,0x0338,0x0358,0x0358,0x0358,0x0358,0x0338,0x0358,0x0338,0x0338,0x0338,0x0358,0x0358,0x0358,0x0358,0x0358,
  0x632C,0x528A,0x4A28,0x4A49,0x4A29,0x4A48,0x4A48,0x41E7,0x2965,0x2965,0x2965,0x2965,0x1968,0x0B37,0x0358,0x0338,
  0x0338,0x0338,0x0338,0x0358,0x0358,0x0358,0x0358,0x0358,0x0358,0x0338,0x0358,0x0358,0x0338,0x23FA,0x4C9A,0x3419,
  0x23B9,0x23B9,0x1399,0x0338,0x0358,0x0338,0x0358,0x0338,0x0338,0x0B36,0x2392,0x4C0D,0x43ED,0x6CA9,0x7CE4,0x6C62,
  0x6422,0x53C1,0x4B83,0x3B69,0x3328,0x4BA4,0x3AC1,0x6BC3,0x4A81,0x4261,0x6402,0x4300,0x53A1,0x4B40,0x4B21,0x4300,
  0x3260,0x5361,0x41A0,0x62E2,0x5241,0x5141,0x8924,0x69CA,0x4290,0x2A70,0x32B2,0x3AB2,0x3B33,0x43CD,0x6426,0x4B44,
  0x3AC3,0x5BE3,0x5B41,0x7321,0x3A00,0x4AE1,0x5380,0x63A1,0x3AA0,0x42E3,0x5BA9,0x9573,0xBEBC,0xBE9D,0xBE9D,0xBE9D,
  0xB67D,0x9DFC,0x95DC,0x6D3B,0x3419,0x1BB9,0x0B57,0x6D7D,0x95FC,0xBEBD,0xBE9D,0xBE9D,0xBE9D,0xBE9D,0xBE9D,0xBE9D,
  0xBE9D,0xBE9D,0xB69D,0xB69D,0xB69D,0xBE9D,0xB69D,0xB69D,0xBE9D,0xBE9D,0xBE9D,0xBE9D,0xBE9D,0xBE9D,0xBEBD,0xBEBD,
  0xB67D,0xA5FB,0x8AE7,0x99E0,0x9A20,0x9A20,0x9A20,0x8980,0x7120,0x7120,0x7120,0x7120,0x6920,0x60E0,0x61E2,0x7BC5,
  0x7444,0x7463,0x6442,0x5BE0,0x53C0,0x53A0,0x53A0,0x5BA1,0x53A1,0x53A2,0x4302,0x3AC4,0x1A6B,0x0B15,0x0338,0x0338,
  0x0358,0x0358,0x0358,0x0358,0x0358,0x0358,0x0358,0x0358,0x0358,0x0358,0x0358,0x0338,0x0358,0x0358,0x0358,0x0338,
  0x0358,0x0338,0x0358,0x0358,0x0338,0x0338,0x0338,0x0338,0x0338,0x0B17,0x1AD2,0x096A,0x1128,0x0862,0x2104,0x4208,
  0x5269,0x630C,0x5289,0x4208,0x4228,0x4208,0x39E7,0x39E7,0x39E7,0x2945,0x18E4,0x08A4,0x016B,0x0B17,0x0358,0x0338,
  0x0338,0x0358,0x0358,0x0338,0x0358,0x0358,0x0358,0x0358,0x0358,0x0358,0x0358,0x0338,0x0338,0x0338,0x0338,0x0358,
  0x0358,0x0338,0x0358,0x0338,0x0358,0x0338,0x0338,0x0358,0x0338,0x0358,0x0358,0x0358,0x0358,0x0358,0x0358,0x0358,
  0x6B2C,0x528A,0x4A28,0x4A29,0x4A28,0x4A29,0x4A49,0x39E7,0x2965,0x2965,0x2965,0x2965,0x1988,0x0B37,0x0338,0x0338,
  0x0358,0x0358,0x0358,0x0358,0x0358,0x0358,0x0358,0x0358,0x0338,0x0338,0x0338,0x0338,0x0B38,0x3C39,0x3C39,0x1B98,
  0x23B9,0x23B8,0x1B98,0x0338,0x0358,0x0358,0x0358,0x0338,0x1354,0x4C2E,0x74C8,0x74C3,0x6461,0x6440,0x5C20,0x53C0,
  0x53A0,0x4B80,0x4B40,0x4320,0x4320,0x3AC0,0x3240,0x4A00,0x4160,0x4A61,0x6421,0x4B61,0x4B80,0x4301,0x3AA1,0x4320,
  0x3A62,0x3201,0x0820,0x1840,0x7A06,0x2820,0xA26A,0xC38E,0xB34D,0x6945,0x58C3,0x9166,0x92C9,0x83A4,0x5B42,0x3240,
  0x3280,0x21C0,0x42E1,0x4AC1,0x31E0,0x3A41,0x5B01,0x83C2,0x5AE1,0x5321,0x4B01,0x3A62,0x746E,0xAE3A,0xBEBD,0xBEBE,
  0xB67D,0x95DB,0x8DBB,0x753B,0x5CDA,0x3C38,0x3396,0x9E3D,0xAE5D,0xBE9D,0xBEBD,0xBE9D,0xBE9D,0xBE9D,0xBE9D,0xB69D,
  0xBE9D,0xBE9D,0xBE9D,0xB69D,0xBE9D,0xB69D,0xB69D,0xBE9D,0xBE9D,0xBE9D,0xBE9D,0xBE9D,0xBE9D,0xBE9D,0xBE9D,0xBE9D,
  0xB67D,0xA5FB,0x8AE7,0x99E0,0x9A20,0x9220,0x9A20,0x8980,0x7120,0x7120,0x7120,0x7120,0x6920,0x6A21,0x7443,0x6CA2,
  0x6C83,0x4B60,0x4B60,0x3B00,0x3AE0,0x3AE0,0x3AE0,0x32C0,0x3B20,0x32A0,0x2A40,0x21E0,0x1141,0x09AA,0x0B16,0x0338,
  0x0358,0x0358,0x0358,0x0358,0x0358,0x0358,0x0358,0x0358,0x0338,0x0358,0x0358,0x0358,0x0358,0x0358,0x0358,0x0358,
  0x0358,0x0358,0x0358,0x0358,0x0358,0x0338,0x0338,0x0338,0x0338,0x0339,0x0338,0x0317,0x0A93,0x00E8,0x0042,0x3186,
  0x52AA,0x5289,0x4A69,0x4207,0x4208,0x31A6,0x3186,0x2965,0x2965,0x1082,0x0084,0x09AE,0x0AF6,0x0338,0x0358,0x0358,
  0x0358,0x0358,0x0358,0x0358,0x0358,0x0358,0x0358,0x0358,0x0338,0x0358,0x0358,0x0358,0x0338,0x0358,0x0358,0x0358,
  0x0358,0x0358,0x0358,0x0358,0x0358,0x0358,0x0358,0x0358,0x0358,0x0338,0x0338,0x0358,0x0358,0x0358,0x0358,0x0358,
  0x6B2C,0x528A,0x4228,0x4249,0x4A48,0x4A28,0x4248,0x39E7,0x2965,0x2965,0x2965,0x2965,0x19A9,0x0B37,0x0338,0x0358,
  0x0358,0x0358,0x0358,0x0358,0x0358,0x0358,0x0338,0x0358,0x0338,0x0338,0x0338,0x0318,0x2398,0x4439,0x3C18,0x1378,
  0x23B9,0x23B8,0x23B8,0x0B58,0x0358,0x0358,0x0338,0x1353,0x5409,0x6423,0x6C22,0x5BC1,0x4B60,0x53E0,0x53A0,0x4340,
  0x4300,0x3AC0,0x32A0,0x3280,0x3280,0x2A40,0x21C0,0x3181,0x51C1,0x7301,0x6BA1,0x1900,0x5323,0x18E0,0x39E2,0x5B82,
  0x0080,0x5362,0x3241,0x2121,0x4182,0x0820,0x58E3,0x3820,0x4082,0x4861,0x2820,0xB24A,0x89A7,0x50E2,0x1060,0x1921,
  0x6C22,0x5BA2,0x5BA1,0x5381,0x4281,0x5A63,0x5161,0x9A04,0x81C5,0x6A22,0x4262,0x0880,0x4244,0x9555,0xBEBD,0xBEBE,
  0xB69D,0x9DFC,0x8DBC,0x753B,0x5CD9,0x7D7B,0xB69E,0xB69D,0xB69D,0xBE9D,0xBE9D,0xBE9D,0xBE9D,0xBE9D,0xBE9D,0xB69D,
  0xBE9D,0xBE9D,0xBE9D,0xBE9D,0xBE9D,0xBE9D,0xBE9D,0xBE9D,0xBE9D,0xBE9D,0xBE9D,0xBE9D,0xBE9D,0xBE9D,0xBE9D,0xBE9D,
  0xB67D,0xA5FB,0x8AE7,0x99E0,0x9A00,0x9A20,0x9A20,0x8980,0x7120,0x7120,0x7120,0x7120,0x71C1,0x7363,0x5BE2,0x53C0,
  0x4340,0x53E1,0x3B00,0x2A40,0x32C1,0x3B01,0x2A60,0x2240,0x3B21,0x2200,0x19A0,0x08C0,0x0040,0x0041,0x09EE,0x0338,
  0x0358,0x0358,0x0358,0x0338,0x0358,0x0358,0x0358,0x0358,0x0358,0x0358,0x0358,0x0358,0x0358,0x0358,0x0358,0x0358,
  0x0358,0x0358,0x0358,0x0338,0x0338,0x0338,0x0358,0x0358,0x0358,0x0338,0x0338,0x0338,0x0317,0x0A31,0x00A6,0x0883,
  0x2986,0x4228,0x39C6,0x3186,0x2966,0x2945,0x2104,0x10A3,0x18E4,0x10E5,0x0129,0x02B4,0x0359,0x0358,0x0358,0x0358,
  0x0358,0x0358,0x0358,0x0358,0x0358,0x0358,0x0358,0x0338,0x0358,0x0358,0x0358,0x0358,0x0338,0x0358,0x0358,0x0358,
  0x0358,0x0358,0x0358,0x0358,0x0358,0x0358,0x0358,0x0358,0x0338,0x0358,0x0338,0x0358,0x0358,0x0358,0x0358,0x0358,
  0x632C,0x528A,0x4A48,0x4A49,0x4248,0x4A48,0x4A49,0x39E7,0x2965,0x2965,0x2965,0x2965,0x21A9,0x0B37,0x0358,0x0338,
  0x0338,0x0358,0x0358,0x0358,0x0358,0x0358,0x0358,0x0358,0x0358,0x0338,0x0338,0x0B58,0x3C18,0x4438,0x3C19,0x1B78,
  0x23B8,0x23B8,0x23B8,0x1378,0x0338,0x0338,0x0B36,0x4C0C,0x5BC2,0x5BC1,0x4B40,0x42C0,0x53A2,0x3AC0,0x3AE0,0x4300,
  0x3280,0x2A20,0x3A61,0x3A81,0x21C0,0x1980,0x08C0,0x0060,0x28E1,0x8322,0x9381,0x51A0,0x49A1,0x2020,0x2060,0x5322,
  0x4B62,0x4BA1,0x32E0,0x2A80,0x2A80,0x21E1,0x3982,0x3122,0x20E1,0x4162,0x1000,0x7145,0x1000,0x20E2,0x0860,0x08A0,
  0x84C3,0x63A2,0x6402,0x4B21,0x4162,0x5103,0x2000,0xCB0C,0x9208,0x48E3,0x0800,0x0000,0x3A28,0xBEBC,0xBEDD,0xBEBD,
  0xBEBD,0x9E1C,0x8DBC,0x753A,0x9E1D,0xB67D,0xBEBD,0xBE9D,0xB69D,0xB69D,0xBE9D,0xBE9D,0xBE9D,0xBE9D,0xBE9D,0xB69D,
  0xBE9D,0xBE9D,0xBE9D,0xBE9D,0xBE9D,0xBE9D,0xBE9D,0xBE9D,0xBE9D,0xB69D,0xB69D,0xBE9D,0xBE9D,0xBE9D,0xBEBD,0xBE9D,
  0xBEBD,0xC69C,0x92E7,0x99E0,0x9A00,0x9A20,0x9A20,0x89A0,0x7120,0x7120,0x7120,0x7120,0x71C1,0x5A01,0x5B22,0x5BA2,
  0x4B61,0x4BC0,0x3281,0x19C0,0x2A61,0x19A0,0x2A61,0x1140,0x32A2,0x3AA2,0x0920,0x21C2,0x0040,0x0020,0x09AC,0x0B57,
  0x0358,0x0358,0x0358,0x0358,0x0358,0x0358,0x0358,0x0358,0x0358,0x0358,0x0358,0x0358,0x0358,0x0358,0x0358,0x0358,
  0x0358,0x0358,0x0358,0x0358,0x0358,0x0338,0x0358,0x0338,0x0358,0x0358,0x0338,0x0338,0x0338,0x0B16,0x012A,0x00A6,
  0x00A5,0x08E6,0x1105,0x18E4,0x2104,0x18E4,0x2125,0x0863,0x00C7,0x0129,0x01AE,0x0B17,0x0359,0x0358,0x0358,0x0358,
  0x0358,0x0358,0x0358,0x0358,0x0358,0x0358,0x0358,0x0358,0x0358,0x0358,0x0358,0x0358,0x0358,0x0358,0x0358,0x0358,
  0x0358,0x0358,0x0358,0x0358,0x0358,0x0358,0x0338,0x0358,0x0338,0x0358,0x0338,0x0358,0x0358,0x0358,0x0358,0x0358,
  0x6B2C,0x528A,0x4A28,0x4A49,0x4A49,0x4A48,0x4249,0x39E7,0x2965,0x2965,0x2965,0x2965,0x21A9,0x0B37,0x0358,0x0358,
  0x0358,0x0358,0x0358,0x0358,0x0358,0x0358,0x0358,0x0358,0x0338,0x0338,0x0338,0x1BB8,0x4438,0x4438,0x23B8,0x1B98,
  0x23B9,0x23B9,0x23B8,0x1BB9,0x0338,0x0338,0x0337,0x2ACD,0x3A22,0x5BA2,0x3A40,0x63C3,0x3AC1,0x21C0,0x5362,0x3A81,
  0x3AA1,0x3241,0x29A1,0x4AE2,0x21C1,0x29C2,0x08A0,0x0060,0x1060,0x8323,0xB422,0x9301,0x7A61,0x5960,0x6B02,0x5342,
  0x3A81,0x4321,0x21E0,0x4361,0x3B60,0x3300,0x6443,0x42E1,0x3261,0x3AA1,0x2181,0x3963,0x0000,0x2161,0x2141,0x31C2,
  0x52C2,0x3981,0x52E3,0x29C1,0x1061,0x2081,0x1000,0x7904,0x1800,0x1881,0x1881,0x0800,0x3A08,0xBEBD,0xBEBD,0xBEBD,
  0xAE7D,0x9E1C,0x95DC,0x753A,0xA65D,0xBE9D,0xBEBD,0xBEBD,0xBE9D,0xB69D,0xBE9D,0xBE9D,0xBE9D,0xBE9D,0xB69D,0xBE9D,
  0xBE9D,0xBE9D,0xBE9D,0xBE9D,0xBE9D,0xBE9D,0xB69D,0xBE9D,0xBE9D,0xB69D,0xBE9D,0xB69D,0xBEBD,0xBEBD,0xBEBD,0xBE9D,
  0xBEBD,0xCEBC,0x9308,0x99E0,0x9A00,0x9A20,0x9A20,0x89A0,0x7120,0x6920,0x7120,0x7120,0x6920,0x5900,0x5181,0x1880,
  0x3221,0x3AA1,0x08A0,0x29A1,0x29E2,0x0020,0x4B03,0x08C0,0x0040,0x2182,0x1941,0x0060,0x0020,0x0021,0x1315,0x0358,
  0x0358,0x0358,0x0358,0x0358,0x0358,0x0358,0x0358,0x0358,0x0358,0x0358,0x0358,0x0358,0x0358,0x0358,0x0358,0x0358,
  0x0358,0x0358,0x0358,0x0358,0x0338,0x0338,0x0338,0x0358,0x0358,0x0358,0x0358,0x0338,0x0338,0x0338,0x0AF5,0x1292,
  0x018D,0x00E8,0x0085,0x0084,0x0084,0x0084,0x0084,0x00A6,0x012A,0x016C,0x0272,0x0358,0x0358,0x0358,0x0358,0x0358,
  0x0358,0x0358,0x0358,0x0358,0x0358,0x0338,0x0358,0x0338,0x0358,0x0358,0x0358,0x0338,0x0358,0x0358,0x0358,0x0338,
  0x0358,0x0358,0x0358,0x0358,0x0338,0x0358,0x0358,0x0358,0x0338,0x0358,0x0358,0x0358,0x0358,0x0358,0x0358,0x0358,
  0x630C,0x528A,0x4A28,0x4A28,0x4A49,0x4A49,0x4A48,0x39E7,0x2965,0x2965,0x2965,0x2965,0x21A9,0x0B37,0x0338,0x0358,
  0x0338,0x0338,0x0338,0x0358,0x0338,0x0338,0x0338,0x0358,0x0338,0x0318,0x02F7,0x3419,0x4438,0x3C18,0x1B78,0x1B98,
  0x23B9,0x23B9,0x23B9,0x23B9,0x0B58,0x0338,0x0338,0x22B1,0x59E2,0x3960,0x18A0,0x4AC2,0x2161,0x0880,0x3AA2,0x08C0,
  0x29C1,0x2A21,0x10C0,0x1941,0x2982,0x10C1,0x0040,0x0040,0x4182,0xABE2,0xABC0,0x9B40,0x8B00,0x8AC0,0x72A0,0x39A1,
  0x39C1,0x4AC3,0x1080,0x5321,0x5C41,0x53E1,0x4BE0,0x4B81,0x4BA1,0x2A60,0x2200,0x1941,0x0000,0x3A43,0x10E0,0x1080,
  0x7B43,0x51C1,0x51C2,0x0820,0x1060,0x49C2,0x1840,0x30A2,0x0800,0x1840,0x4141,0x4121,0x6B0A,0xBE9D,0xBEBD,0xBE9D,
  0x95FC,0x95FC,0x8DDB,0x857A,0xAE7D,0xBE9D,0xBE9D,0xBE9D,0xBE9D,0xB69D,0xB69D,0xBE9D,0xBE9D,0xBE9D,0xB69D,0xB69D,
  0xBE9D,0xBE9D,0xBE9D,0xBE9D,0xB69D,0xB69D,0xB69D,0xB69D,0xB69D,0xB69D,0xB69D,0xB69C,0xBEBB,0xBEDB,0xC6BD,0xBEBD,
  0xC6BD,0xCEDD,0x9B28,0xA1E0,0x9A00,0x9A20,0x9A20,0x89A0,0x7120,0x6920,0x6920,0x7120,0x6900,0x8181,0x81C1,0x3840,
  0x59A1,0x30E0,0x1000,0x28C0,0x2141,0x0000,0x18E1,0x0880,0x0000,0x0000,0x1020,0x0000,0x0000,0x0022,0x1316,0x0358,
  0x0338,0x0338,0x0358,0x0338,0x0358,0x0358,0x0358,0x0358,0x0358,0x0358,0x0358,0x0358,0x0358,0x0358,0x0358,0x0338,
  0x0358,0x0358,0x0358,0x0338,0x0358,0x0358,0x0358,0x0358,0x0358,0x0338,0x0358,0x0338,0x0358,0x0359,0x0359,0x0358,
  0x0AF5,0x098C,0x0085,0x0064,0x00A5,0x00A5,0x00A6,0x00E8,0x014B,0x01AD,0x0251,0x0338,0x0338,0x0338,0x0358,0x0358,
  0x0358,0x0358,0x0358,0x0358,0x0338,0x0338,0x0358,0x0358,0x0358,0x0338,0x0358,0x0358,0x0358,0x0358,0x0358,0x0338,
  0x0338,0x0338,0x0358,0x0358,0x0358,0x0338,0x0338,0x0358,0x0338,0x0358,0x0358,0x0358,0x0358,0x0358,0x0358,0x0358,
  0x632C,0x528A,0x4A28,0x4A28,0x4228,0x4A49,0x4228,0x39E7,0x2965,0x2965,0x2965,0x2965,0x21A9,0x1337,0x0358,0x0358,
  0x0358,0x0338,0x0358,0x0358,0x0358,0x0358,0x0358,0x0358,0x0338,0x0318,0x1378,0x4439,0x4418,0x3C39,0x1B98,0x1B99,
  0x23B9,0x23B9,0x23B9,0x23B8,0x1B99,0x0338,0x0338,0x2AF1,0x8A23,0x6941,0x5901,0x5141,0x1820,0x1020,0x2981,0x0860,
  0x1900,0x2181,0x1060,0x0820,0x1820,0x1020,0x0820,0x1881,0x5225,0xA449,0xA428,0x9BE8,0x93A7,0x8B66,0x7AE3,0x6A41,
  0x7281,0x4981,0x4120,0x73A2,0x4B02,0x3A61,0x4B81,0x1120,0x3AC1,0x1960,0x29C2,0x1921,0x0000,0x2901,0x20C0,0x0820,
  0x9B42,0x8AA0,0x7A20,0x61A0,0x5980,0x6A00,0x7242,0x30E0,0x51A2,0x59A1,0x61A1,0x6A02,0x4A48,0xBE9D,0xBE9D,0xB69D,
  0x9DFC,0x9DFC,0x9DFC,0x9E1C,0xB69D,0xBE9D,0xBE9D,0xBEBD,0xBE9D,0xBE9D,0xB69D,0xBE9D,0xB69D,0xB69D,0xBE9D,0xBE9D,
  0xBE9D,0xBE9D,0xBE9D,0xB69D,0xBE9D,0xB69D,0xB69D,0xB69D,0xB69D,0xB69D,0xB69C,0xAE56,0x6C87,0x6C46,0x9CB1,0xAC93,
  0xBD97,0xD6DC,0xA327,0xA1E0,0x9A00,0x9A20,0x9A20,0x89A0,0x7120,0x7120,0x7120,0x6920,0x6900,0x8180,0x9A00,0xA201,
  0x99E1,0x60E1,0x4040,0x3860,0x20C1,0x0800,0x2880,0x1860,0x0000,0x1000,0x2820,0x1000,0x2000,0x2043,0x1336,0x0358,
  0x0338,0x0338,0x0338,0x0338,0x0338,0x0358,0x0358,0x0358,0x0358,0x0358,0x0358,0x0358,0x0358,0x0358,0x0358,0x0358,
  0x0338,0x0338,0x0358,0x0338,0x0338,0x0338,0x0338,0x0358,0x0358,0x0358,0x0358,0x0358,0x0358,0x0358,0x0358,0x0358,
  0x0338,0x0AF6,0x098C,0x0085,0x00A5,0x00A5,0x00C7,0x012A,0x018C,0x01EE,0x0A71,0x02D5,0x0338,0x0358,0x0358,0x0358,
  0x0358,0x0358,0x0338,0x0338,0x0358,0x0338,0x0358,0x0358,0x0358,0x0358,0x0358,0x0358,0x0358,0x0358,0x0358,0x0358,
  0x0358,0x0358,0x0358,0x0358,0x0338,0x0358,0x0338,0x0338,0x0358,0x0338,0x0358,0x0358,0x0358,0x0358,0x0358,0x0358,
  0x630C,0x528A,0x4228,0x4A28,0x4A49,0x4228,0x4248,0x39E7,0x2965,0x2965,0x2965,0x2965,0x21A9,0x1337,0x0338,0x0338,
  0x0338,0x0358,0x0338,0x0358,0x0358,0x0358,0x0338,0x0358,0x0338,0x0358,0x2C19,0x4458,0x4438,0x3C19,0x1B98,0x1B99,
  0x23B9,0x23B8,0x23B9,0x23B8,0x1BB9,0x0338,0x0338,0x2AF1,0x9222,0x99E0,0x89C0,0x7960,0x5080,0x4060,0x38C0,0x1020,
  0x2860,0x40C0,0x2040,0x1800,0x3860,0x3060,0x1840,0x736D,0x9CF3,0x9CB2,0x9491,0x9491,0x9491,0x9CB1,0x944F,0x9387,
  0xA3C1,0xA381,0x8280,0x8B21,0x5201,0x41C1,0x31C1,0x1860,0x3141,0x2921,0x1040,0x1880,0x1020,0x4141,0x5161,0x38E0,
  0x9B42,0x92C0,0x8AA0,0x8AA0,0x8260,0x8A81,0x8240,0x5980,0x7200,0x69E0,0x4940,0x30C0,0x7C31,0xBE9D,0xB69D,0xBE9D,
  0xB69D,0x9E1C,0x9DFC,0x9E1C,0xB69D,0xBE9D,0xBE9D,0xBE9D,0xB69D,0xB69D,0xB69D,0xBE9D,0xB69D,0xBE9D,0xBE9D,0xBE9D,
  0xBE9D,0xBE9D,0xBE9D,0xBE9D,0xC69C,0xBE9C,0xBE7C,0xBE7C,0xBE9D,0xBE9D,0xB699,0x6CA5,0x53E1,0x3AE1,0x62E9,0x5965,
  0x7984,0xAC0F,0xA2E6,0xAA00,0x9A20,0x9A20,0x9A20,0x89A0,0x7120,0x7120,0x6920,0x6920,0x6900,0x8180,0x9A00,0xA220,
  0x9A00,0x91E0,0x68C0,0x6080,0x58E1,0x3020,0x4840,0x48A0,0x2020,0x2000,0x3820,0x4040,0x3820,0x38A4,0x1B37,0x0358,
  0x0338,0x0358,0x0338,0x0338,0x0358,0x0358,0x0358,0x0358,0x0358,0x0358,0x0358,0x0358,0x0358,0x0358,0x0358,0x0358,
  0x0338,0x0358,0x0338,0x0338,0x0358,0x0358,0x0338,0x0358,0x0358,0x0358,0x0358,0x0358,0x0358,0x0338,0x0358,0x0358,
  0x0338,0x0338,0x0317,0x0A92,0x096A,0x00A5,0x00E7,0x014A,0x01AD,0x0A2F,0x0A51,0x0271,0x0316,0x0338,0x0358,0x0358,
  0x0358,0x0358,0x0358,0x0358,0x0358,0x0338,0x0358,0x0338,0x0358,0x0358,0x0358,0x0358,0x0358,0x0338,0x0338,0x0338,
  0x0358,0x0338,0x0358,0x0358,0x0338,0x0358,0x0358,0x0358,0x0358,0x0358,0x0358,0x0358,0x0358,0x0358,0x0358,0x0358,
  0x630C,0x528A,0x4228,0x4228,0x4228,0x4229,0x4248,0x39E7,0x2965,0x2965,0x2965,0x2965,0x21A9,0x1337,0x0358,0x0358,
  0x0358,0x0358,0x0338,0x0358,0x0338,0x0358,0x0358,0x0358,0x0318,0x23D9,0x4459,0x4438,0x4439,0x23B8,0x1B98,0x1BB9,
  0x23B9,0x23B8,0x23B9,0x23B9,0x23B9,0x1379,0x0338,0x1AF4,0x7205,0x91C0,0x91C0,0x91C0,0x8181,0x60A0,0x58C0,0x4880,
  0x5080,0x6921,0x58C1,0x3020,0x4060,0x50C0,0x7289,0x9CD2,0x73AE,0x7BCF,0x83EF,0x7BEF,0x8410,0x8430,0x7BCF,0x5A87,
  0x9342,0xABE0,0xABE0,0xB3E0,0x9B81,0x7261,0x3921,0x2860,0x5980,0x59A1,0x30C0,0x3080,0x1840,0x30C0,0x6A01,0x59A1,
  0x92E1,0x8A80,0x92A0,0x92A0,0x92C0,0x8A80,0x7A20,0x7200,0x61C0,0x4940,0x2880,0x39E7,0xAE1A,0xBE9D,0xB69D,0xBE9D,
  0xBE9D,0xAE5C,0x9E3C,0x9E1C,0xB69D,0xBE9D,0xBE9D,0xBE9D,0xB69D,0xBE9D,0xBE9D,0xBE9D,0xBE9D,0xBE9D,0xBE9D,0xB69D,
  0xBE9D,0xBE9D,0xBE9D,0xBDB8,0xAB4E,0xB32D,0xC38F,0xDC31,0xD430,0xCCB1,0xAD4D,0x74E2,0x53C2,0x4B24,0x9535,0xC67B,
  0x730C,0x6923,0x9161,0xA1E0,0x9A20,0x9A40,0x9A20,0x89A0,0x7120,0x7120,0x6920,0x6920,0x6900,0x8180,0x9A00,0x9A20,
  0x9A00,0x91E0,0x8180,0x70C0,0x7120,0x68E0,0x5880,0x60C0,0x50E1,0x2800,0x4840,0x5040,0x5060,0x40A3,0x3C1A,0x0358,
  0x0338,0x0338,0x0338,0x0338,0x0358,0x0338,0x0358,0x0358,0x0358,0x0358,0x0358,0x0358,0x0358,0x0358,0x0358,0x0358,
  0x0358,0x0358,0x0358,0x0338,0x0338,0x0358,0x0358,0x0358,0x0358,0x0358,0x0358,0x0358,0x0358,0x0338,0x0338,0x0358,
  0x0338,0x0338,0x0338,0x0337,0x01EF,0x00C7,0x00E7,0x014A,0x01CD,0x0A50,0x0A51,0x0A50,0x0272,0x0358,0x0358,0x0338,
  0x0338,0x0358,0x0338,0x0338,0x0338,0x0338,0x0338,0x0338,0x0358,0x0358,0x0358,0x0358,0x0358,0x0358,0x0358,0x0358,
  0x0338,0x0338,0x0358,0x0358,0x0358,0x0338,0x0338,0x0358,0x0338,0x0358,0x0338,0x0358,0x0358,0x0358,0x0358,0x0358,
  0x632C,0x528A,0x4229,0x4228,0x4228,0x4228,0x4A49,0x39E7,0x2965,0x2965,0x2965,0x2965,0x21A9,0x1337,0x0358,0x0338,
  0x0338,0x0338,0x0338,0x0338,0x0338,0x0338,0x0338,0x0338,0x0317,0x33F8,0x4438,0x4438,0x4438,0x23B8,0x1B98,0x1BB8,
  0x23B8,0x23B8,0x23B8,0x23B8,0x23B8,0x1378,0x0338,0x0317,0x324E,0x7982,0x91A0,0x91A0,0x89A0,0x68C0,0x68E0,0x7100,
  0x60C0,0x68E0,0x6900,0x3820,0x4860,0x58A0,0x7AA9,0xA4F3,0x7BCE,0x738E,0x630C,0x4228,0x4228,0x4228,0x39E7,0x3164,
  0x8B42,0xABC0,0xABC0,0xABC0,0x9B40,0x7A40,0x7220,0x5160,0x69E0,0x8AC1,0x5981,0x5140,0x6A02,0x4941,0x4120,0x4941,
  0x92E1,0x9AE0,0x9AE0,0x9AE0,0x8AA0,0x7200,0x69E1,0x5140,0x38E0,0x0820,0x18E4,0x9516,0xBE9D,0xB69D,0xB69D,0xB69D,
  0xBE9D,0xB69D,0xAE5D,0x9DFC,0xB69D,0xBE9D,0xBE9D,0xBE9D,0xBE9D,0xBE9D,0xBE9D,0xBE9D,0xBE9D,0xB69D,0xB69D,0xBE9D,
  0xB69D,0xB69D,0xBE9D,0xC61A,0x92EC,0x7061,0xA061,0xB061,0xA0C2,0x99C5,0x8BE8,0x53A3,0x84EE,0xA5B6,0xAE3B,0xBE9D,
  0xC6BD,0x5A8B,0x7941,0x9980,0x9A20,0x9A40,0x9A20,0x8180,0x7120,0x6920,0x6920,0x6920,0x6920,0x8180,0x9A00,0x9A20,
  0x9200,0x9200,0x89A0,0x70E0,0x7120,0x6900,0x68E0,0x6900,0x60E0,0x4040,0x4820,0x4820,0x5060,0x4083,0x4C9B,0x241B,
  0x0338,0x0338,0x0338,0x0338,0x0338,0x0338,0x0338,0x0338,0x0358,0x0358,0x0358,0x0338,0x0358,0x0358,0x0358,0x0358,
  0x0338,0x0358,0x0358,0x0338,0x0338,0x0338,0x0338,0x0358,0x0358,0x0358,0x0358,0x0358,0x0358,0x0358,0x0358,0x0358,
  0x0338,0x0338,0x0338,0x0358,0x0AF6,0x016C,0x00A7,0x0129,0x01AC,0x0A50,0x0A51,0x0A71,0x0231,0x0316,0x0338,0x0338,
  0x0358,0x0338,0x0338,0x0338,0x0338,0x0338,0x0338,0x0338,0x0358,0x0358,0x0358,0x0358,0x0358,0x0358,0x0358,0x0338,
  0x0338,0x0338,0x0338,0x0358,0x0358,0x0358,0x0358,0x0358,0x0358,0x0358,0x0358,0x0338,0x0358,0x0338,0x0358,0x0358,
  0x630C,0x528A,0x4228,0x4228,0x4A29,0x4A28,0x4A49,0x39E7,0x2965,0x2965,0x2965,0x2965,0x21A9,0x1337,0x0338,0x0358,
  0x0338,0x0338,0x0338,0x0358,0x0338,0x0338,0x0338,0x0338,0x1B78,0x4459,0x4C38,0x4438,0x4459,0x23B8,0x1BB8,0x1BB8,
  0x23B8,0x23B8,0x2398,0x2398,0x23B8,0x1B98,0x0338,0x0318,0x12D5,0x3168,0x60E1,0x8160,0x8180,0x68E0,0x68E0,0x68E0,
  0x7100,0x6900,0x6900,0x4040,0x4040,0x4060,0x49C6,0xA4F3,0x9471,0x632C,0x4228,0x3186,0x4A69,0x4228,0x3186,0x3143,
  0x9362,0xABC0,0xABA0,0xA380,0x9300,0x8280,0x8260,0x8260,0x8A80,0x8A80,0x7A00,0x69C0,0x61A0,0x38E0,0x1840,0x3922,
  0x61E2,0x8281,0x8281,0x61A0,0x5160,0x5160,0x38E0,0x2080,0x3985,0x52CC,0x73F1,0xBE9D,0xBE9D,0xB69D,0xB69D,0xB69D,
  0xBE9D,0xBE9D,0xAE7D,0x9DFC,0xB69D,0xBE9D,0xBE9D,0xB69D,0xBE9D,0xBE9D,0xBE9D,0xB69D,0xB69D,0xB69D,0xB69D,0xB69D,
  0xB69D,0xB69D,0xBE9D,0xBEBD,0xC6BD,0xBD77,0x3841,0x4020,0x5041,0x4062,0xD6BB,0x6C4D,0xA5D7,0xB67C,0xB69D,0xB69D,
  0xBE9D,0xC6BC,0x9B07,0x99C0,0x9A20,0x9A20,0x9A20,0x81A0,0x6920,0x6920,0x6920,0x6920,0x6920,0x81A0,0x9A00,0x9A20,
  0x9200,0x9A00,0x89A0,0x70E0,0x7120,0x7100,0x7100,0x7100,0x68E0,0x5040,0x4820,0x4820,0x5040,0x3883,0x4C7B,0x2C3B,
  0x1BB9,0x0338,0x0338,0x0338,0x0338,0x0338,0x0338,0x0338,0x0358,0x0358,0x0358,0x0338,0x0358,0x0338,0x0358,0x0358,
  0x0338,0x0338,0x0338,0x0338,0x0358,0x0338,0x0358,0x0338,0x0358,0x0358,0x0358,0x0338,0x0358,0x0358,0x0358,0x0358,
  0x0338,0x0338,0x0338,0x0358,0x0358,0x0A93,0x00C7,0x0129,0x01AC,0x020F,0x0A51,0x0A51,0x0A51,0x0273,0x0338,0x0338,
  0x0338,0x0358,0x0338,0x0358,0x0338,0x0358,0x0338,0x0338,0x0358,0x0358,0x0358,0x0338,0x0358,0x0358,0x0358,0x0358,
  0x0358,0x0338,0x0338,0x0358,0x0358,0x0358,0x0358,0x0358,0x0338,0x0358,0x0358,0x0358,0x0358,0x0358,0x0358,0x0358,
  0x630C,0x528A,0x4228,0x4A48,0x4228,0x4228,0x4228,0x39E7,0x2965,0x2965,0x2965,0x2965,0x21C9,0x0B37,0x0358,0x0338,
  0x0338,0x0338,0x0338,0x0358,0x0338,0x0338,0x0338,0x0B58,0x33F8,0x4438,0x4C38,0x4438,0x4439,0x23B8,0x1BB8,0x1BB8,
  0x2398,0x2B97,0x2B97,0x2B77,0x2B97,0x2377,0x1337,0x0317,0x0317,0x12F5,0x2969,0x4881,0x58A0,0x58A0,0x60C0,0x68E0,
  0x7120,0x7100,0x58C0,0x2820,0x1800,0x1000,0x0000,0x630B,0x840F,0x62EB,0x39C7,0x528A,0x632C,0x39C7,0x2945,0x18A1,
  0x6A62,0x9B41,0xA380,0xA360,0x8A80,0x8260,0x8260,0x8260,0x8260,0x7A20,0x71E0,0x69C0,0x4900,0x2880,0x0820,0x0000,
  0x0000,0x28C1,0x28E2,0x1083,0x10C4,0x20E4,0x18E5,0x73D0,0x9D57,0xBE7C,0xB69D,0xB69D,0xB69D,0xB69D,0xB69D,0xB69D,
  0xB69D,0xBE9D,0xAE7D,0x9DFC,0xB67D,0xBE9D,0xBE9D,0xBE9D,0xBE9D,0xBE9D,0xB69D,0xB69D,0xB69D,0xB69D,0xB69D,0xB69D,
  0xB69D,0xB69D,0xBE9D,0xBE9D,0xBE9D,0xBEBD,0xC6DD,0xCEBD,0xCE9C,0xCE9C,0xBE7C,0xAE3A,0xB65B,0xB67C,0xB67D,0xB69D,
  0xB69D,0xBE9C,0x9B47,0x9A20,0x9A20,0x9A20,0x9A20,0x8180,0x7120,0x6920,0x7120,0x6920,0x6920,0x81A0,0x9A00,0x9A00,
  0x9A00,0x9A20,0x89A0,0x70E0,0x7100,0x7100,0x7100,0x7100,0x68E0,0x5040,0x4820,0x4820,0x5040,0x40A3,0x547A,0x3C5B,
  0x33F8,0x1354,0x1334,0x1333,0x1334,0x0B36,0x0338,0x0358,0x0358,0x0358,0x0358,0x0338,0x0358,0x0338,0x0358,0x0338,
  0x0338,0x0338,0x0358,0x0358,0x0338,0x0358,0x0338,0x0358,0x0358,0x0358,0x0358,0x0338,0x0338,0x0338,0x0338,0x0338,
  0x0338,0x0338,0x0338,0x0338,0x0359,0x0B58,0x00E8,0x0129,0x016B,0x01EE,0x0A51,0x0A51,0x0A51,0x0273,0x0338,0x0358,
  0x0338,0x0338,0x0338,0x0338,0x0338,0x0338,0x0338,0x0358,0x0358,0x0358,0x0358,0x0358,0x0358,0x0358,0x0358,0x0358,
  0x0358,0x0338,0x0338,0x0338,0x0358,0x0358,0x0358,0x0358,0x0358,0x0358,0x0358,0x0358,0x0358,0x0358,0x0358,0x0B38,
  0x632C,0x528A,0x4228,0x4A28,0x4228,0x4A49,0x4A49,0x39E7,0x2965,0x2965,0x2965,0x2965,0x21A9,0x0B37,0x0358,0x0358,
  0x0338,0x0338,0x0338,0x0338,0x0338,0x0338,0x0338,0x23B9,0x4438,0x4438,0x4C38,0x4C58,0x33F8,0x1BB9,0x1BB8,0x1BB8,
  0x3376,0x8352,0x9B11,0x9B10,0x92CF,0x6A0C,0x61CB,0x51EC,0x1AB4,0x0338,0x1316,0x1A2F,0x2927,0x3061,0x4860,0x60C0,
  0x6900,0x58A0,0x3840,0x0800,0x0000,0x0000,0x0000,0x2124,0x52AA,0x52AA,0x3186,0x4228,0x39E7,0x2965,0x1082,0x0000,
  0x0800,0x4141,0x7A81,0x8280,0x8260,0x8260,0x8240,0x71E0,0x71E0,0x6181,0x4921,0x38C0,0x2060,0x0820,0x0000,0x0000,
  0x0001,0x0063,0x0084,0x00E7,0x00E8,0x116A,0x9579,0xBEBD,0xBE9D,0xBE9D,0xB69D,0xB69D,0xB69D,0xB69D,0xB69D,0xB69D,
  0xBE9D,0xBE9D,0xB67D,0x9DFC,0xB67D,0xBE9D,0xBE9D,0xBE9D,0xBE9D,0xBE9D,0xB69D,0xB69D,0xB69D,0xB69D,0xB69D,0xB69D,
  0xBE9D,0xB69D,0xB69D,0xB69D,0xBE9D,0xBE9D,0xBEBD,0xBEBD,0xBEBD,0xBE9D,0xBE9D,0xB69C,0xAE37,0xA615,0xA615,0xA635,
  0xA617,0xBE9C,0x9348,0x9A40,0x9A20,0x9A20,0x9A20,0x89A0,0x7100,0x6920,0x7120,0x6920,0x6920,0x81A0,0x9A00,0x9A00,
  0x9200,0x9200,0x89A0,0x70C0,0x7100,0x7100,0x7100,0x7100,0x68E0,0x5040,0x4820,0x5020,0x5860,0x50C2,0x6BD4,0x63F3,
  0x640C,0x6C66,0x6464,0x6444,0x5BE4,0x4BCA,0x2351,0x1B52,0x1354,0x0358,0x0358,0x0338,0x0358,0x0358,0x0358,0x0358,
  0x0358,0x0338,0x0358,0x0358,0x0358,0x0358,0x0338,0x0358,0x0358,0x0358,0x0358,0x0358,0x0338,0x0338,0x0338,0x0338,
  0x0338,0x0338,0x0358,0x0338,0x0358,0x0B58,0x012A,0x0129,0x016B,0x01EE,0x0A51,0x0A51,0x0A51,0x0A73,0x0B58,0x0358,
  0x0338,0x0338,0x0338,0x0338,0x0338,0x0338,0x0338,0x0358,0x0358,0x0358,0x0358,0x0358,0x0358,0x0358,0x0358,0x0358,
  0x0338,0x0338,0x0358,0x0358,0x0358,0x0358,0x0358,0x0358,0x0359,0x0358,0x0358,0x0358,0x0358,0x0B38,0x2BB7,0x6C76,
  0x632C,0x528A,0x4228,0x4228,0x4A49,0x4A49,0x4228,0x39E7,0x2965,0x2945,0x2965,0x2965,0x19A9,0x0B37,0x0338,0x0338,
  0x0338,0x0338,0x0338,0x0338,0x0338,0x0318,0x0B37,0x3C19,0x4438,0x4438,0x4438,0x4C38,0x3C19,0x1BB9,0x1BB8,0x1B98,
  0x2B77,0x7AD1,0xC26C,0x8904,0xB8C3,0x9841,0x7842,0x596A,0x1AB4,0x0338,0x0339,0x0338,0x1316,0x1A70,0x1949,0x20A3,
  0x3060,0x2820,0x1000,0x0000,0x0000,0x0000,0x0000,0x0000,0x52AA,0x528A,0x0841,0x0841,0x2965,0x2965,0x0000,0x0000,
  0x0000,0x0000,0x0820,0x28A0,0x5141,0x69A1,0x6181,0x5120,0x4921,0x38A0,0x1840,0x10A3,0x08A4,0x00A5,0x00A5,0x00A5,
  0x00C6,0x00E6,0x00E6,0x00E7,0x0928,0x63D3,0xBEBD,0xBEBD,0xBE9D,0xBE9D,0xBE9D,0xB69D,0xB69D,0xB69D,0xB69D,0xB69D,
  0xB69D,0xBE9D,0xAE5C,0x9DFC,0x9DFC,0xAE3C,0xBE9D,0xBE9D,0xBE9D,0xBE9D,0xBE9D,0xB69D,0xB69D,0xB69D,0xB69D,0xB69D,
  0xBE9D,0xB69D,0xB69D,0xB69D,0xB69D,0xB69D,0xBE9D,0xBEBD,0xBEBB,0xB677,0xB676,0xAE54,0x74C7,0x53C1,0x53A1,0x5381,
  0x53C4,0x850E,0x7B44,0x8A60,0x9A40,0x9A40,0x9A20,0x89A0,0x7120,0x7120,0x7120,0x7120,0x6900,0x81A0,0x9A00,0x9A00,
  0x9200,0x9200,0x8180,0x70E0,0x68C0,0x68C0,0x68C0,0x68A0,0x5860,0x4000,0x4000,0x4800,0x6820,0x7881,0x70C2,0x9963,
  0xB263,0x7281,0x6381,0x53E0,0x4BA0,0x4B81,0x4B62,0x4B63,0x3306,0x1312,0x0B37,0x0338,0x0339,0x0338,0x0358,0x0358,
  0x0358,0x0338,0x0358,0x0358,0x0358,0x0358,0x0358,0x0358,0x0358,0x0358,0x0338,0x0338,0x0338,0x0338,0x0338,0x0338,
  0x0338,0x0338,0x0338,0x0358,0x0358,0x0B37,0x012A,0x0129,0x01AC,0x020F,0x0A50,0x0A30,0x0A51,0x0252,0x0338,0x0358,
  0x0338,0x0338,0x0358,0x0338,0x0338,0x0338,0x0338,0x0338,0x0338,0x0358,0x0338,0x0358,0x0338,0x0358,0x0338,0x0338,
  0x0338,0x0318,0x0317,0x0AF6,0x0AF6,0x0AF6,0x0AF6,0x0B16,0x0B16,0x0318,0x0318,0x0338,0x1337,0x43F6,0x7432,0x7BCF,
  0x632C,0x528A,0x4228,0x4228,0x4A49,0x4A49,0x4A49,0x39E7,0x2965,0x2945,0x2965,0x2965,0x19A9,0x0B37,0x0338,0x0358,
  0x0338,0x0338,0x0338,0x0338,0x0318,0x0318,0x23B8,0x4439,0x4438,0x4438,0x4438,0x4438,0x341A,0x1BB9,0x1B99,0x1B98,
  0x1B98,0x2B15,0x1844,0x1000,0x3820,0x2823,0x3A91,0x2398,0x0B59,0x0339,0x0339,0x0339,0x0338,0x0338,0x0B17,0x1271,
  0x11CC,0x0002,0x0001,0x0001,0x0001,0x0001,0x0021,0x0021,0x18C4,0x4208,0x4208,0x39C7,0x39E7,0x18E4,0x0021,0x0021,
  0x0001,0x0000,0x0000,0x0000,0x0000,0x1021,0x1041,0x1083,0x08C5,0x08A5,0x08A5,0x00C6,0x00C6,0x00E7,0x00E7,0x00E7,
  0x00E7,0x00E7,0x00E7,0x0928,0x5BD3,0xA61C,0xB67D,0xBE9D,0xBE9D,0xBE9D,0xBE9D,0xBE9D,0xB69D,0xB69D,0xBE9D,0xB69D,
  0xB69D,0xB69D,0xAE7D,0x9DFC,0x9E1C,0xAE5C,0xBE9D,0xBE9D,0xBE9D,0xBE9D,0xBE9D,0xB69D,0xB69D,0xB69D,0xB69D,0xB69D,
  0xB69D,0xB69D,0xB69D,0xB69D,0xB69D,0xB69D,0xB69C,0xB658,0xA5EF,0x8526,0x7CE4,0x7482,0x5BE0,0x53A0,0x4B60,0x4340,
  0x4B40,0x4B40,0x4B00,0x4A80,0x5A00,0x7220,0x9A60,0x89A0,0x7120,0x7100,0x7120,0x7120,0x7120,0x89A0,0x9A00,0x9A00,
  0x9200,0x9200,0x8180,0x70E0,0x60E0,0x8A66,0x8AA8,0x8AA8,0x8288,0x7227,0x61A5,0x58C2,0x8081,0x5800,0x78E2,0xD203,
  0x88A1,0x6040,0x40C0,0x3AC1,0x3B00,0x32A0,0x32A0,0x2A60,0x2A40,0x21E3,0x0A2C,0x0B37,0x0339,0x0338,0x0338,0x0338,
  0x0358,0x0338,0x0358,0x0358,0x0358,0x0358,0x0358,0x0358,0x0358,0x0358,0x0338,0x0338,0x0338,0x0338,0x0338,0x0338,
  0x0338,0x0338,0x0338,0x0358,0x0358,0x0B37,0x012A,0x012A,0x09EE,0x0A30,0x0A50,0x0A30,0x0A51,0x0273,0x0338,0x0338,
  0x0338,0x0338,0x0338,0x0338,0x0338,0x0338,0x0358,0x0358,0x0358,0x0358,0x0338,0x0358,0x0358,0x0358,0x0358,0x0338,
  0x0337,0x2376,0x4BF5,0x8CF6,0x8494,0x84B4,0x8CB4,0x8CB4,0x8494,0x4BD5,0x2335,0x3374,0x7C75,0x7BF0,0x738E,0x738E,
  0x632C,0x528A,0x4228,0x4249,0x4A48,0x4A49,0x4248,0x39E7,0x2965,0x2945,0x2945,0x2965,0x21A9,0x0B37,0x0338,0x0338,
  0x0358,0x0358,0x0338,0x0338,0x0318,0x0338,0x3C39,0x4439,0x4438,0x4438,0x4438,0x4439,0x23B9,0x1B99,0x1B99,0x1B98,
  0x1B98,0x1B78,0x2314,0x632F,0x18C4,0x3376,0x23B9,0x1BDA,0x1399,0x0339,0x0339,0x0338,0x0338,0x0338,0x0338,0x0337,
  0x0B37,0x1336,0x1315,0x1315,0x12F5,0x12B2,0x09ED,0x09CD,0x11ED,0x2A0B,0x52AB,0x39E7,0x2966,0x11AB,0x01AC,0x018C,
  0x016B,0x00C6,0x0043,0x00C6,0x00E7,0x00E8,0x00E7,0x00E7,0x0108,0x00E8,0x00C7,0x00C6,0x00C6,0x00E7,0x00E7,0x00E7,
  0x00E7,0x00E7,0x00E7,0x63D3,0x95DB,0x9E1C,0xAE5C,0xBE9D,0xBE9D,0xBE9D,0xBE9D,0xBE9D,0xBE9D,0xB69D,0xB69D,0xB69D,
  0xB69D,0xB67D,0xAE5D,0x9DFC,0x9E1C,0xAE5C,0xBE9D,0xBE9D,0xBE9D,0xBE9D,0xBE9D,0xB69D,0xB69D,0xB69D,0xB69D,0xB69D,
  0xB69D,0xB69D,0xB69D,0xB69D,0xB69D,0xB67C,0xB657,0x7467,0x7CA4,0x7CA3,0x5BE0,0x6400,0x53A0,0x4B40,0x4320,0x3B00,
  0x3AE0,0x3AA0,0x3260,0x2A00,0x19A0,0x2180,0x69E1,0x91E0,0x7120,0x7120,0x7120,0x7120,0x7120,0x91C0,0xA220,0x9A00,
  0x91E0,0x91E0,0x79A1,0x82A8,0xACD1,0x944F,0x9450,0x8C50,0x942F,0x9470,0x9470,0x9C4F,0x9B4B,0x48C2,0x4020,0x6840,
  0x1000,0x30C1,0x1020,0x1981,0x3280,0x3AC0,0x2A40,0x1980,0x2180,0x08E0,0x0081,0x122E,0x0B38,0x0358,0x0338,0x0358,
  0x0358,0x0358,0x0338,0x0338,0x0358,0x0358,0x0358,0x0358,0x0338,0x0358,0x0358,0x0358,0x0358,0x0338,0x0338,0x0358,
  0x0338,0x0338,0x0358,0x0358,0x0358,0x0B37,0x012A,0x014A,0x09EE,0x0A50,0x0A50,0x0A50,0x0A52,0x0B37,0x0359,0x0358,
  0x0338,0x0358,0x0358,0x0338,0x0338,0x0338,0x0358,0x0358,0x0338,0x0338,0x0358,0x0338,0x0358,0x0358,0x0358,0x2376,
  0x5C56,0x8494,0x73AF,0x738E,0x632C,0x6B6D,0x738D,0x7BCE,0x8C30,0x8C71,0x8C92,0x8431,0x7BCF,0x83EF,0x8C30,0x8C50,
  0x632C,0x528A,0x4228,0x4228,0x4229,0x4A49,0x4A49,0x39E7,0x2965,0x2965,0x2965,0x2945,0x21A9,0x0B37,0x0338,0x0358,
  0x0338,0x0338,0x0338,0x0338,0x0318,0x1B98,0x4439,0x4439,0x4438,0x4438,0x4438,0x3C19,0x2398,0x1BB9,0x1B99,0x1B99,
  0x1B99,0x1B99,0x1B77,0x63B1,0x2105,0x2B55,0x23FA,0x23DA,0x139A,0x0359,0x0359,0x0359,0x0338,0x0338,0x0338,0x0338,
  0x0358,0x0358,0x0B58,0x0B58,0x0358,0x0B59,0x0B58,0x0B58,0x0B37,0x1AD2,0x4ACD,0x31A7,0x19AA,0x0A71,0x0272,0x0251,
  0x0230,0x0A0F,0x0A0F,0x0A2F,0x020F,0x01AD,0x01CD,0x01AD,0x01AD,0x01AC,0x016B,0x0129,0x00E8,0x00E7,0x00E7,0x00E7,
  0x00E7,0x0928,0x42F0,0xAE3C,0xA63D,0x9DFC,0x9E1C,0xB67D,0xBE9D,0xBE9D,0xBE9D,0xBE9D,0xBE9D,0xBE9D,0xB69D,0xB69D,
  0xB69D,0x9E1C,0x9DFC,0x9E1C,0x9E1C,0x9E1C,0x9DFC,0xBE9D,0xB69D,0xB69D,0xBE9D,0xBE9D,0xB69D,0xB69D,0xB69D,0xB69D,
  0xB69D,0xB69D,0xB69D,0xB69D,0xB69D,0xAE59,0x6C27,0x5381,0x5361,0x4B40,0x6402,0x5380,0x4320,0x4B40,0x4300,0x2A40,
  0x3240,0x3A61,0x21C0,0x1960,0x08E0,0x0080,0x1860,0x71A2,0x7120,0x7120,0x7120,0x7120,0x7140,0x89C0,0xA220,0xA220,
  0x9200,0x8A63,0x93AB,0x8C0F,0x6B4C,0x6B4C,0x738D,0x83EF,0x83EF,0x840F,0x8C71,0x9491,0x9CB1,0x8C0C,0x5263,0x30E1,
  0x0040,0x5343,0x42E2,0x4301,0x4321,0x5401,0x3AE1,0x1120,0x1921,0x0040,0x0040,0x00C3,0x0AF4,0x0338,0x0358,0x0338,
  0x0358,0x0358,0x0358,0x0358,0x0358,0x0358,0x0358,0x0358,0x0358,0x0338,0x0338,0x0338,0x0338,0x0338,0x0338,0x0338,
  0x0338,0x0338,0x0358,0x0358,0x0358,0x0B37,0x018C,0x014A,0x09EE,0x0A50,0x0A50,0x0A51,0x0A93,0x0B59,0x0359,0x0358,
  0x0338,0x0338,0x0358,0x0338,0x0358,0x0338,0x0358,0x0358,0x0358,0x0358,0x0338,0x0338,0x0358,0x1B77,0x3B95,0x7C53,
  0x8410,0x738E,0x7BCE,0x7BCF,0x73AE,0x8430,0x8430,0x8430,0x8C30,0x8C30,0x9471,0x9CB2,0x7BEF,0x738E,0x840F,0x8C30,
  0x632C,0x528A,0x4228,0x4228,0x4A49,0x4A48,0x4A49,0x39E7,0x2965,0x2965,0x2965,0x2965,0x21A9,0x1337,0x0358,0x0358,
  0x0338,0x0338,0x0338,0x0338,0x0B17,0x33F9,0x4418,0x4418,0x4418,0x4438,0x4439,0x3C19,0x23B9,0x2399,0x1B99,0x1B99,
  0x1B99,0x1B78,0x4BB4,0x39E8,0x2104,0x19CB,0x2398,0x23BA,0x1BBA,0x0B59,0x0318,0x0318,0x0358,0x0358,0x0358,0x0338,
  0x0358,0x0358,0x0358,0x0358,0x0359,0x0359,0x0359,0x0338,0x0338,0x0B37,0x4B51,0x2987,0x6CD8,0x6D1C,0x43F8,0x1251,
  0x0210,0x0231,0x0271,0x0271,0x0A71,0x0A51,0x0A71,0x0A50,0x0A0F,0x01EE,0x01AC,0x016B,0x016B,0x0128,0x00E7,0x00E7,
  0x00E8,0x21CB,0x9579,0xB69D,0xB67C,0xAE5D,0x9DDB,0x9DFB,0xA63C,0xAE3C,0xBEBD,0xBE9D,0xBE9D,0xBEBD,0xBE9D,0xAE7C,
  0xA61C,0x9E1C,0x9DFC,0x9E1C,0x9E1C,0x9E1C,0x9DFB,0xB69D,0xBE9D,0xBE9D,0xBE9D,0xBE9D,0xB69D,0xB69D,0xB69D,0xB69D,
  0xB69D,0xB69D,0xB69D,0xB69D,0xBE9D,0x9554,0x2182,0x5BA2,0x42E1,0x5BA2,0x6C22,0x3AA0,0x3AE1,0x5362,0x3261,0x3AA2,
  0x1960,0x4AE3,0x1140,0x08C0,0x10E1,0x0000,0x0000,0x59E6,0x9BAC,0x9BCD,0x9BCD,0x9BCD,0x8B4B,0x934A,0x9B48,0x8A22,
  0x8A84,0x7B4B,0x736D,0x736D,0x73AE,0x83EF,0x83EF,0x840F,0x8410,0x8430,0x8430,0x8430,0x94CF,0x8CE9,0x7CA5,0x5B84,
  0x5383,0x6441,0x5C00,0x5400,0x5400,0x5400,0x4BA1,0x3261,0x2A02,0x0020,0x0000,0x19EB,0x1378,0x0358,0x0358,0x0338,
  0x0358,0x0338,0x0358,0x0358,0x0358,0x0358,0x0358,0x0358,0x0358,0x0358,0x0358,0x0338,0x0358,0x0338,0x0358,0x0358,
  0x0358,0x0338,0x0358,0x0358,0x0358,0x0337,0x0210,0x012A,0x09EE,0x0A50,0x0A51,0x0A51,0x0251,0x0AF6,0x0317,0x0318,
  0x0338,0x0338,0x0338,0x0338,0x0338,0x0338,0x0338,0x0338,0x0338,0x0318,0x0318,0x0318,0x02F7,0x3B73,0x73AF,0x7BEF,
  0x840F,0x8C30,0x8C30,0x8410,0x840F,0x840F,0x840F,0x8410,0x9CD2,0xA4F3,0x9CD2,0x7BAE,0x5ACA,0x4A48,0x738E,0x738E,
  0x632C,0x528A,0x4228,0x4A48,0x4228,0x4A48,0x4A49,0x39E7,0x2965,0x2965,0x2965,0x2965,0x21AA,0x1337,0x0B58,0x0358,
  0x0338,0x0338,0x0338,0x0318,0x23B9,0x4439,0x4418,0x3C38,0x4438,0x4438,0x3C39,0x1B78,0x1BB9,0x23B9,0x1B99,0x1B99,
  0x1B99,0x1B77,0x534F,0x1947,0x428D,0x39E9,0x2335,0x23B9,0x23B9,0x1379,0x0317,0x0317,0x0358,0x0358,0x0358,0x0358,
  0x0358,0x0358,0x0359,0x0359,0x0359,0x0339,0x0338,0x0338,0x0338,0x2B96,0x4B0E,0x2124,0x3A6C,0x95DD,0x95FD,0x95DC,
  0x8D9B,0x1250,0x0A71,0x0A71,0x0A71,0x0A71,0x0A71,0x0A50,0x0A50,0x0A50,0x0A2F,0x01CD,0x01CD,0x016B,0x00E8,0x00E7,
  0x19AB,0x9579,0xBE9D,0xBE9D,0xB69C,0xB67D,0xB67D,0x95DB,0x9DFC,0x9E1C,0xB69D,0xB69D,0xB67D,0xB67D,0xAE7D,0xA63C,
  0x9E1C,0x9E1C,0x9E1C,0x9DFC,0x9E1C,0x9E1C,0x9DFB,0xB67D,0xB69D,0xBE9D,0xBE9D,0xBE9D,0xB69D,0xB69D,0xB69D,0xB69D,
  0xB69D,0xB69D,0xB69D,0xB69D,0xBE9D,0xADF9,0x3943,0x49C1,0x1060,0x52C2,0x42C1,0x10A0,0x3A41,0x1981,0x1961,0x3262,
  0x08A0,0x08A0,0x2161,0x08C1,0x0000,0x0000,0x62EB,0xA4D2,0x7BAE,0x7BCE,0x7BCE,0x83EF,0x83EF,0x8C30,0x9450,0x9C90,
  0x8BCE,0x734C,0x6B4C,0x7BAE,0x840F,0x83EF,0x83EF,0x840F,0x8C50,0x8C50,0x9491,0x8CAD,0x8D08,0x8D06,0x7CA3,0x6C42,
  0x53C0,0x4BA0,0x4B80,0x4B60,0x4B60,0x4360,0x4360,0x3AE0,0x3261,0x2181,0x0040,0x220D,0x1B99,0x0358,0x0338,0x0358,
  0x0338,0x0358,0x0358,0x0358,0x0358,0x0358,0x0358,0x0358,0x0358,0x0358,0x0338,0x0338,0x0338,0x0358,0x0338,0x0358,
  0x0338,0x0358,0x0358,0x0338,0x0358,0x0338,0x0293,0x012A,0x01EE,0x0A2F,0x0A71,0x0A51,0x0A51,0x0A51,0x0AD5,0x0317,
  0x0338,0x0338,0x0338,0x0338,0x0338,0x0338,0x0338,0x0338,0x0338,0x0338,0x0318,0x0317,0x0252,0x4310,0x6B4D,0x736D,
  0x7BAE,0x8430,0x8410,0x8C71,0x8C71,0x8C71,0x9492,0xA4F3,0xB575,0x9491,0x632C,0x39C7,0x3165,0x2965,0x62EC,0x62EB,
  0x632C,0x528A,0x4228,0x4228,0x4228,0x4228,0x4A49,0x39E7,0x2965,0x2965,0x2965,0x2965,0x21CA,0x1337,0x0B58,0x0B58,
  0x0338,0x0338,0x0338,0x1358,0x3C19,0x4439,0x4439,0x4438,0x4439,0x4439,0x3C39,0x1378,0x1BB9,0x1BB9,0x1B99,0x1BB9,
  0x1BB9,0x1B98,0x5B91,0x1A0E,0x4395,0x3A0A,0x2335,0x23B9,0x23B9,0x23B9,0x1358,0x0317,0x0358,0x0338,0x0358,0x0338,
  0x0358,0x0358,0x0358,0x0358,0x0358,0x0358,0x0338,0x0338,0x0B37,0x3B11,0x2167,0x2126,0x4229,0x7454,0xB69E,0xB69D,
  0xBE9D,0xBEBE,0x7CF8,0x22B2,0x0A71,0x0A71,0x0A51,0x0A50,0x0A50,0x0A50,0x0A50,0x0A50,0x0A2F,0x01AC,0x0108,0x00C6,
  0x3AAE,0xBE9D,0xBEBD,0xBE9D,0xB69D,0xB69D,0xB69C,0xB69D,0xAE5C,0x9E1C,0x9E1C,0x9E1C,0x9E1C,0x9E1C,0x9E1C,0x9E1C,
  0x9E1C,0x9E1C,0x9E1C,0x9DFC,0x9E1C,0x9E1C,0x9E1B,0x9E1B,0xAE5C,0xBEBD,0xBEBD,0xBE9D,0xB69D,0xB69D,0xB69D,0xB69D,
  0xB69D,0xB69D,0xB69D,0xB69D,0xB69D,0xC69C,0x82A7,0x60E0,0x4040,0x5981,0x1060,0x1820,0x39A1,0x1921,0x0880,0x2921,
  0x0820,0x0000,0x0000,0x0000,0x0820,0x8C30,0x8C0F,0x736D,0x630B,0x736D,0x7BEF,0x8430,0x8C30,0x8410,0x840F,0x840F,
  0x8C50,0x840F,0x734C,0x734C,0x7BCE,0x8C30,0x9450,0x9491,0xAD34,0xB574,0xAD91,0x7CC5,0x6C62,0x6C41,0x6421,0x5B80,
  0x5300,0x4AC0,0x42C0,0x42C0,0x3260,0x3260,0x3260,0x2A40,0x2A20,0x21A0,0x1941,0x2A6C,0x23B8,0x0338,0x0338,0x0358,
  0x0358,0x0358,0x0338,0x0358,0x0358,0x0358,0x0358,0x0358,0x0358,0x0358,0x0358,0x0338,0x0338,0x0338,0x0338,0x0358,
  0x0338,0x0358,0x0358,0x0358,0x0358,0x0338,0x02F6,0x018C,0x01AD,0x020E,0x0A30,0x0A51,0x0A50,0x0A50,0x0A50,0x0251,
  0x0B16,0x0338,0x0338,0x0338,0x0338,0x0338,0x0338,0x0338,0x0338,0x0338,0x02F5,0x0293,0x0230,0x430F,0x6B4D,0x734D,
  0x6B6D,0x736D,0x632C,0x632C,0x632C,0x632C,0x630C,0x632C,0x630B,0x39A6,0x2965,0x2945,0x2965,0x2965,0x630C,0x62EB,
  0x632D,0x528A,0x4228,0x4A49,0x4228,0x4A49,0x4A49,0x39E7,0x2965,0x2965,0x2965,0x2965,0x21C9,0x1337,0x0358,0x0B58,
  0x0338,0x0338,0x0338,0x2BD9,0x4439,0x4439,0x4439,0x4439,0x4439,0x4439,0x3C39,0x1B79,0x1B99,0x23B9,0x1B99,0x1BB9,
  0x1BB9,0x23B8,0x5B91,0x324D,0x3ACF,0x39E9,0x2335,0x23B9,0x23B9,0x23B9,0x1B99,0x0338,0x0358,0x0358,0x0358,0x0338,
  0x0358,0x0358,0x0358,0x0358,0x0358,0x0338,0x0338,0x0338,0x1357,0x4311,0x42CF,0x7D3B,0x4AAC,0x8453,0xBEBD,0xBE9D,
  0xBE9D,0xBE9D,0xBE9D,0x959A,0x2AF2,0x0A71,0x0A70,0x0A70,0x0A50,0x0A50,0x0A51,0x0A71,0x0A50,0x01CE,0x016A,0x0928,
  0x63F4,0xBEBD,0xBE9D,0xBE9D,0xB69D,0xB67D,0xB69D,0xB69D,0xAE5D,0x9DFC,0x9E1C,0x9E1C,0x9E1C,0x9E1C,0x9E1C,0x9E1C,
  0x9E1C,0x9E1C,0x9E1C,0x9E1C,0x9E1C,0x9E1C,0x9E1C,0x9E1C,0x9E1B,0xA63C,0xA63C,0xB69D,0xB69D,0xB69D,0xB69D,0xB69D,
  0xB69D,0xB69D,0xB69D,0xB69D,0xB69D,0xBE9C,0x92C6,0x91E0,0x81A1,0x81C1,0x5122,0x4860,0x4080,0x1040,0x1000,0x3860,
  0x2020,0x0000,0x1000,0x5A28,0x83EF,0x7BCE,0x7BCE,0x7BEF,0x83EF,0x8410,0x8430,0x8430,0x8C30,0x8430,0x8C30,0x9471,
  0x9CB2,0x8C50,0x5ACA,0x5269,0x5AAA,0x52A9,0x52AA,0x5AC9,0x5AE8,0x5B08,0x63E6,0x5C00,0x6CA3,0x6C61,0x6BE0,0x92E2,
  0x80C0,0x8100,0x81A0,0x59C0,0x31A0,0x3AA1,0x32A1,0x21C0,0x1960,0x08C0,0x0060,0x0904,0x3374,0x0338,0x0358,0x0338,
  0x0358,0x0358,0x0358,0x0358,0x0358,0x0358,0x0358,0x0358,0x0358,0x0358,0x0358,0x0338,0x0338,0x0358,0x0338,0x0358,
  0x0358,0x0358,0x0358,0x0358,0x0358,0x0338,0x0338,0x0AD5,0x01AE,0x01AC,0x01EE,0x0A50,0x0A50,0x0A50,0x0A2F,0x0A30,
  0x0251,0x0272,0x02D5,0x0B37,0x0337,0x0337,0x0B37,0x0B17,0x0293,0x0292,0x0272,0x0A72,0x0230,0x430F,0x6B6D,0x6B4D,
  0x6B4D,0x6B6D,0x5ACA,0x4A28,0x4A48,0x4A48,0x4228,0x4228,0x39C7,0x2965,0x2945,0x2945,0x2965,0x2965,0x630C,0x62EB,
  0x6B2C,0x528A,0x4248,0x4248,0x4A49,0x4A49,0x4A49,0x39E7,0x2965,0x2965,0x2965,0x2965,0x21A9,0x0B37,0x0B58,0x0B58,
  0x0338,0x0317,0x1358,0x3C39,0x4439,0x4439,0x4439,0x4439,0x4438,0x3C19,0x2BD9,0x1379,0x1B99,0x1BB9,0x1BB9,0x1BB9,
  0x1BB9,0x23B9,0x328E,0x632D,0x31C7,0x1969,0x1B77,0x1BB9,0x2398,0x2398,0x1B98,0x0358,0x0338,0x0338,0x0338,0x0338,
  0x0358,0x0338,0x0338,0x0358,0x0338,0x0338,0x0317,0x0317,0x44BB,0x5371,0x532F,0x8D38,0x52AC,0x7C53,0xBEBD,0xBEBD,
  0xBE9D,0xB69D,0xBE9D,0xBEBD,0x7D18,0x1250,0x0A50,0x0A50,0x0A71,0x0A71,0x0A71,0x0A71,0x0A71,0x020F,0x016B,0x11AB,
  0x9DDB,0xBE9D,0xBE9D,0xBE9D,0xB69D,0xB69D,0xB69D,0xB69D,0xAE5C,0x9E1C,0x9DFC,0x9E1C,0x9E1C,0x95FC,0x95FC,0x95FC,
  0x95FB,0x95DB,0x95DC,0x9DFC,0x9E1C,0x9E1C,0x9E1C,0x9E1C,0x9E1C,0x9E1C,0x9E1C,0xAE5C,0xAE5C,0xAE5C,0xBE9D,0xB69D,
  0xB69C,0xB69D,0xB67D,0xB69D,0xB69D,0xBE9C,0x92C6,0x99E0,0x9A00,0x9220,0x79A1,0x5060,0x60C1,0x3840,0x3020,0x5080,
  0x50A1,0x1800,0x2000,0x6A69,0x632C,0x6B6D,0x7BCE,0x840F,0x840F,0x8410,0x8430,0x8C30,0x8C50,0x9CD2,0xA533,0x9CD2,
  0x8C0F,0x5289,0x3186,0x4228,0x634A,0x52E7,0x4A86,0x4AC4,0x6C63,0x6422,0x53C1,0x53C0,0x6441,0x53A0,0x8361,0x9101,
  0x7060,0xDB45,0xB9E3,0x6860,0x2040,0x1100,0x3AA3,0x21A0,0x3203,0x00A0,0x0080,0x08A3,0x3354,0x1BDA,0x0338,0x0358,
  0x0358,0x0358,0x0358,0x0358,0x0358,0x0358,0x0358,0x0358,0x0358,0x0358,0x0358,0x0358,0x0358,0x0358,0x0358,0x0358,
  0x0358,0x0358,0x0358,0x0358,0x0358,0x0339,0x0358,0x0338,0x0A93,0x018C,0x018C,0x01CE,0x0A30,0x0A50,0x0A50,0x0A50,
  0x0A50,0x0A50,0x0A51,0x0A51,0x0A51,0x0A71,0x0A71,0x0A51,0x0A71,0x0A71,0x0A71,0x0A71,0x0250,0x4B0E,0x736D,0x736D,
  0x6B4D,0x6B6D,0x5ACB,0x4228,0x4A48,0x4A48,0x4A48,0x4A48,0x39E7,0x2965,0x2945,0x2965,0x2965,0x2945,0x630C,0x5AEB,
  0x632C,0x528A,0x4A48,0x4248,0x4A49,0x4A49,0x4A49,0x39E7,0x2965,0x2965,0x2965,0x2965,0x21A9,0x1337,0x0B38,0x0B58,
  0x0318,0x0317,0x3C19,0x4439,0x4439,0x4439,0x4439,0x4439,0x4439,0x3C39,0x1B98,0x1379,0x1BB9,0x1BB9,0x1BB9,0x1BB9,
  0x1BB9,0x1BB9,0x2335,0x6BB1,0x31E9,0x22D3,0x1BB9,0x1BB9,0x2398,0x2398,0x2398,0x1378,0x0338,0x0338,0x0338,0x0358,
  0x0358,0x0358,0x0358,0x0338,0x0338,0x0338,0x0B37,0x1B98,0x4C9B,0x430F,0x52AB,0x4208,0x39E8,0x7C73,0xBEBD,0xBEBD,
  0xB69D,0xB69D,0xB69D,0xB69D,0xB69D,0x5C56,0x0A30,0x0A50,0x0A71,0x0A71,0x0A71,0x0A71,0x0A71,0x0A2F,0x018C,0x228F,
  0xB69D,0xBE9D,0xB69D,0xBE9D,0xB69D,0xB69D,0xB69D,0xB69D,0xB69D,0xAE7D,0x9DFC,0x9DFC,0x95FC,0x859B,0x859B,0x859B,
  0x859B,0x859B,0x8DBB,0x9DFC,0x9DFC,0x9E1C,0x9E1C,0x9E1C,0x9E1C,0x9E1C,0x9E1C,0x9E1C,0x9E1C,0x9DFB,0xB69D,0xBE9D,
  0xB69D,0xB69D,0xB69D,0xB69D,0xB69D,0xC69C,0x9307,0xA200,0x9A20,0x9A20,0x9A00,0x70E0,0x7100,0x7100,0x60A0,0x6080,
  0x7100,0x4840,0x3000,0x6A69,0x6B2C,0x6B2C,0x6B6D,0x738E,0x73AE,0x840F,0x8C30,0x8C50,0x9CB2,0xA4F3,0x9CB2,0x4A48,
  0x3165,0x2965,0x2965,0x3A24,0x7C87,0x8D06,0x7CA4,0x6C62,0x5C20,0x4BC0,0x4B80,0x4340,0x4B80,0x53C0,0x62A0,0x4860,
  0x1800,0x80A1,0x3000,0x1000,0x0820,0x0000,0x0860,0x2142,0x0060,0x0020,0x0020,0x2A2C,0x445A,0x23FA,0x0338,0x0358,
  0x0338,0x0338,0x0338,0x0338,0x0358,0x0358,0x0358,0x0358,0x0358,0x0358,0x0358,0x0338,0x0358,0x0358,0x0358,0x0338,
  0x0358,0x0358,0x0338,0x0358,0x0358,0x0358,0x0358,0x0358,0x0338,0x0AB4,0x016C,0x018B,0x01CD,0x0A0E,0x0A2F,0x0A4F,
  0x0A50,0x0A70,0x0A70,0x0A70,0x0A71,0x0A71,0x0A71,0x0A71,0x0A71,0x0A70,0x0A70,0x0A71,0x0250,0x4B0E,0x736D,0x6B6D,
  0x6B6D,0x6B6D,0x5ACB,0x4A28,0x4A49,0x4A69,0x4A48,0x4A48,0x39E7,0x2965,0x2945,0x2965,0x2965,0x2945,0x630C,0x62EB,
  0x632C,0x528A,0x4228,0x4A48,0x4228,0x4228,0x4228,0x39E7,0x2965,0x2945,0x2945,0x2965,0x21C9,0x0B37,0x0B58,0x0B38,
  0x0338,0x1378,0x4439,0x4439,0x4439,0x4439,0x4439,0x4439,0x4439,0x3C3A,0x1B99,0x1399,0x1B99,0x1BB9,0x1BB9,0x1BB9,
  0x1BB9,0x1BB9,0x23B8,0x5BB2,0x31C9,0x2356,0x1BB9,0x1B99,0x2398,0x1B98,0x23B8,0x1B98,0x0358,0x0338,0x0358,0x0358,
  0x0358,0x0358,0x0338,0x0358,0x0338,0x0338,0x0B57,0x3C5A,0x4C9B,0x6C98,0x5B2D,0x4228,0x52CC,0xBEBD,0xBEBD,0xBE9D,
  0xB69D,0xB69D,0xB69D,0xBE9D,0xBE9D,0xB69D,0x2AF2,0x0A50,0x0A71,0x0A71,0x0A71,0x0A71,0x0A71,0x0A30,0x018D,0x4B73,
  0xBE9D,0xBE9D,0xBE9D,0xBE9D,0xB69D,0xB69D,0xB69D,0xB69D,0xB69D,0xB67D,0x9DFC,0x9DFC,0x95FC,0x859C,0x859C,0x859C,
  0x859B,0x857B,0x857A,0x857A,0x95FC,0x9E1C,0x9E1C,0x9E1C,0x9E1C,0x9E1C,0x9E1B,0xA61C,0x9E1C,0x9E1C,0x9E1C,0x9E1C,
  0x9E1C,0x9E1C,0x9E1C,0x9E1C,0x9E1C,0xAE1B,0x9B07,0xA220,0x9A20,0x9A20,0x9A00,0x8140,0x7100,0x7100,0x7100,0x68C0,
  0x7900,0x6080,0x4000,0x6A69,0x6B4C,0x6B2D,0x6B2C,0x632C,0x5289,0x5269,0x5269,0x5269,0x5269,0x5289,0x39E7,0x2944,
  0x2965,0x2965,0x3A23,0x7464,0x7CC4,0x7CC4,0x5BE1,0x5BE1,0x4360,0x4320,0x3AE0,0x42C0,0x52A0,0x52A0,0x6261,0x4901,
  0x1000,0x3861,0x1000,0x0860,0x0840,0x0000,0x0000,0x0800,0x0800,0x0000,0x0800,0x324D,0x447B,0x2BFB,0x0338,0x0358,
  0x0358,0x0358,0x0358,0x0358,0x0358,0x0358,0x0358,0x0358,0x0358,0x0358,0x0358,0x0358,0x0358,0x0358,0x0358,0x0358,
  0x0358,0x0358,0x0358,0x0338,0x0358,0x0338,0x0358,0x0358,0x0358,0x0338,0x0A93,0x01AD,0x014A,0x018B,0x01AC,0x09EE,
  0x0A4F,0x0A50,0x0A70,0x0A71,0x0A70,0x0A71,0x0A71,0x0A71,0x0A70,0x0A70,0x0A71,0x0A71,0x0230,0x4B0E,0x736D,0x6B6D,
  0x6B6D,0x6B6D,0x5ACB,0x4A48,0x4A49,0x4A49,0x4A48,0x4A49,0x39E7,0x2965,0x2965,0x2965,0x2965,0x2965,0x630C,0x62EB,
  0x632C,0x528A,0x4228,0x4A48,0x4228,0x4228,0x4248,0x39E7,0x2965,0x2965,0x2965,0x2965,0x21C9,0x1337,0x0B58,0x0B38,
  0x0B58,0x3419,0x4438,0x4439,0x4439,0x4439,0x4439,0x4439,0x4439,0x3419,0x1B99,0x1B99,0x1BB9,0x1BB9,0x1B99,0x1BB9,
  0x1BB9,0x23B9,0x4C16,0x52CC,0x2124,0x11AA,0x2397,0x1BB9,0x1BB9,0x1BB9,0x23B9,0x1BB9,0x1399,0x0358,0x0358,0x0358,
  0x0358,0x0358,0x0358,0x0338,0x0338,0x0338,0x0B57,0x3C5A,0x4CBB,0x7D7C,0x8CF6,0x4208,0xB61A,0xBEBD,0xBE9D,0xBE9D,
  0xB69D,0xBE9D,0xB69D,0xB69D,0xB69D,0xBE9D,0x9DFB,0x2B12,0x0A71,0x0A71,0x0A71,0x0A51,0x0A50,0x0A50,0x01AD,0x8D59,
  0xBE9D,0xBE9D,0xBE9D,0xBE9D,0xB69D,0xB69D,0xB69D,0xB69D,0xBE9D,0xB67D,0x9DFC,0x9DFC,0x95DC,0x857B,0x859C,0x859C,
  0x859B,0x9E1C,0x9E1C,0x9E1C,0x9E1C,0x9E1C,0x9E1C,0x9E1C,0x9E1C,0x9E1C,0x9E1C,0x9E1C,0x9E1C,0x9E1C,0x9E1C,0x9E1C,
  0x9DFC,0x95FC,0x95FC,0x9DFC,0x9E1C,0xA61B,0x9B07,0xA260,0x8B40,0x9260,0x9A00,0x8140,0x7120,0x6920,0x7120,0x7120,
  0x7100,0x6080,0x4800,0x6A89,0x6B4D,0x6B4D,0x6B4D,0x6B2C,0x5289,0x4208,0x4228,0x4228,0x4228,0x4228,0x39C7,0x2944,
  0x2965,0x31E3,0x6C25,0x5BC1,0x53A0,0x4B60,0x5C02,0x4B61,0x32C0,0x3AC1,0x3260,0x49E0,0x70C0,0x70A0,0xC242,0xB8E1,
  0x68A1,0x2881,0x0000,0x0820,0x2861,0x0000,0x0800,0x2000,0x2820,0x1800,0x3841,0x4AAE,0x4C7B,0x2C1B,0x0338,0x0358,
  0x0358,0x0338,0x0358,0x0338,0x0358,0x0358,0x0358,0x0358,0x0358,0x0358,0x0358,0x0358,0x0358,0x0358,0x0358,0x0358,
  0x0358,0x0358,0x0358,0x0338,0x0358,0x0338,0x0358,0x0358,0x0358,0x0338,0x0338,0x0AF6,0x0A30,0x01AD,0x014B,0x018B,
  0x01AC,0x01CD,0x0A0E,0x0A4F,0x0A2F,0x0A50,0x0A70,0x0A50,0x1270,0x0A70,0x0A71,0x0A71,0x020F,0x4AEE,0x736D,0x6B6D,
  0x6B6D,0x6B6D,0x5AEB,0x4A48,0x4A49,0x4A49,0x4A48,0x4A48,0x41E7,0x3165,0x2965,0x2965,0x2965,0x31A6,0x6B4D,0x62EB,
  0x632C,0x528A,0x4228,0x4228,0x4A28,0x4228,0x4228,0x39E7,0x2965,0x2965,0x2945,0x2965,0x1989,0x0B16,0x0337,0x0337,
  0x23B8,0x4439,0x4438,0x4439,0x4439,0x4439,0x4439,0x4439,0x4439,0x2BD9,0x1B99,0x1B99,0x1B99,0x1BB9,0x1BB9,0x1BB9,
  0x1B99,0x1B77,0x534F,0x2167,0x31E9,0x2967,0x1B14,0x1BB9,0x1BB9,0x1BB9,0x23B9,0x1BB9,0x13B9,0x0338,0x0318,0x0318,
  0x0358,0x0338,0x0338,0x0338,0x0338,0x0338,0x1358,0x445A,0x54BB,0x855A,0x73D0,0x31A6,0x52CC,0xB65C,0xBE9D,0xBE9D,
  0xB69D,0xB69D,0xB69D,0xB69D,0xB69D,0xB69D,0xBE9D,0x74D7,0x1270,0x0A50,0x0A50,0x0A50,0x0A50,0x0230,0x01AD,0x8D59,
  0xBE9D,0xBE9D,0xB69D,0xBE9D,0xB69D,0xB69D,0xB69D,0xB69D,0xB69D,0xAE5C,0x9DFB,0x9DFC,0x8DDC,0x7D5B,0x7D7B,0x859B,
  0x95DC,0x9DFB,0xAE7C,0xBE9D,0xA61B,0x9DFC,0x9DFC,0x95DC,0x9DFC,0x9E1C,0x9E1C,0x9E1C,0x9E1C,0x9E1C,0x9E1C,0x9E1C,
  0x9DFC,0x8575,0x7D53,0x95FB,0x95FC,0xA61B,0x9307,0x8300,0x8361,0x9A20,0xA200,0x8940,0x7120,0x6920,0x6920,0x6920,
  0x7100,0x6080,0x4820,0x6A89,0x6B4D,0x6B4D,0x6B4D,0x6B4C,0x528A,0x4228,0x4228,0x4228,0x4228,0x4228,0x39C7,0x2945,
  0x2945,0x52C6,0x3A42,0x63E2,0x5381,0x5BC1,0x5BC1,0x3A80,0x2A20,0x4B62,0x3241,0x49C0,0x5081,0x4040,0xC264,0x6860,
  0x5061,0x1800,0x0800,0x2820,0x4840,0x2820,0x1000,0x2820,0x4020,0x3820,0x3820,0x4A8E,0x447A,0x23FA,0x0338,0x0358,
  0x0338,0x0358,0x0358,0x0338,0x0358,0x0358,0x0358,0x0358,0x0358,0x0358,0x0358,0x0358,0x0358,0x0358,0x0358,0x0358,
  0x0358,0x0358,0x0358,0x0358,0x0358,0x0358,0x0358,0x0358,0x0358,0x0338,0x0358,0x0338,0x0337,0x02F5,0x0A51,0x018C,
  0x014B,0x016B,0x018C,0x018C,0x01EE,0x0A2F,0x0A50,0x0A50,0x0A50,0x0A50,0x0A70,0x0A4F,0x01AD,0x4AEE,0x6B6D,0x736D,
  0x6B6D,0x738D,0x5ACA,0x4208,0x4A28,0x4A48,0x4A28,0x4A28,0x41E8,0x2965,0x2945,0x2945,0x2965,0x4A48,0x6B6D,0x630B,
  0x632C,0x528A,0x4228,0x4A28,0x4228,0x4228,0x4228,0x39E7,0x2965,0x2965,0x2945,0x2945,0x19A9,0x0B36,0x0338,0x0B57,
  0x3C39,0x4438,0x4439,0x4439,0x4439,0x4438,0x4438,0x4439,0x4459,0x2BF9,0x1B99,0x1B99,0x1BB9,0x1BB9,0x1BB9,0x1BB9,
  0x1B99,0x1B77,0x5B4F,0x19CB,0x4374,0x31A8,0x22F4,0x1BB9,0x23B9,0x23B9,0x23B9,0x23B9,0x1BB9,0x0B58,0x0318,0x0318,
  0x0358,0x0338,0x0358,0x0338,0x0338,0x0338,0x1378,0x447A,0x5CBB,0x6BF2,0x3186,0x2945,0x39C7,0x8474,0xBE9D,0xBE9D,
  0xB69D,0xB69D,0xB69D,0xB69D,0xB69D,0xBE9D,0xBE9D,0xC6DE,0x22B0,0x0A30,0x0250,0x0A50,0x0A71,0x0A71,0x01CE,0x8D79,
  0xBE9D,0xBE9D,0xB69D,0xBE9D,0xB69D,0xB69D,0xB69D,0xBE9D,0xBE9D,0xAE5C,0x9DFB,0x9DFC,0x8DDC,0x7D7B,0x7D7B,0x859B,
  0x9DFB,0xB69D,0xBE9D,0xBEBD,0xBEBD,0xA65C,0x9DFC,0x755A,0x8DBC,0x9E1C,0x9E1C,0x9E1C,0x9E1C,0x9E1C,0x9E1C,0x9E1C,
  0x9E1B,0x9E37,0x74EB,0x8DD4,0x8DD7,0xA619,0x8306,0x7320,0x8A80,0xA220,0xA200,0x8960,0x7120,0x6920,0x6920,0x6920,
  0x7100,0x5880,0x4820,0x6A69,0x6B4D,0x6B4D,0x6B4C,0x6B4C,0x528A,0x4228,0x4228,0x4228,0x4228,0x4228,0x39C7,0x2945,
  0x2945,0x2944,0x28E1,0x5AE3,0x0880,0x4AE2,0x3A81,0x08A0,0x3262,0x21C1,0x1981,0x2981,0x0820,0x1000,0x7061,0x1000,
  0x0000,0x0000,0x1800,0x60A1,0x6080,0x60C0,0x3820,0x3820,0x4820,0x4820,0x4840,0x52AE,0x3C5A,0x1399,0x0358,0x0358,
  0x0358,0x0338,0x0338,0x0338,0x0338,0x0338,0x0358,0x0358,0x0358,0x0358,0x0358,0x0358,0x0358,0x0358,0x0358,0x0358,
  0x0358,0x0338,0x0338,0x0338,0x0338,0x0338,0x0358,0x0358,0x0338,0x0358,0x0358,0x0358,0x0358,0x0358,0x0337,0x0AF5,
  0x0AF5,0x0A31,0x01AE,0x014C,0x016C,0x01EE,0x0A2F,0x0A50,0x0A50,0x0A50,0x0A4F,0x01ED,0x018C,0x0949,0x5B0C,0x738D,
  0x738D,0x738D,0x5ACA,0x4207,0x4228,0x4A28,0x4A48,0x4A48,0x4208,0x2965,0x2945,0x2945,0x3186,0x528A,0x736D,0x630B,
  0x630C,0x528A,0x4228,0x4A28,0x4228,0x4248,0x4228,0x39E7,0x2965,0x2965,0x2965,0x2965,0x19A9,0x0B36,0x0337,0x2BF9,
  0x4438,0x4438,0x4438,0x4439,0x4437,0x4C71,0x4435,0x4439,0x3C39,0x23D9,0x1BB9,0x1B99,0x1B99,0x1B99,0x1BB9,0x1BB9,
  0x1B99,0x1B77,0x530E,0x1968,0x42CF,0x39C8,0x1B14,0x1BB9,0x23B9,0x23B9,0x23B9,0x23B9,0x1BB9,0x1BBA,0x0338,0x0318,
  0x0338,0x0338,0x0338,0x0338,0x0338,0x0358,0x1378,0x4C7A,0x5CDB,0x7412,0x5B0E,0xA5B9,0x4209,0x8453,0xBE9D,0xBE9D,
  0xB69D,0xB69D,0xB69D,0xB69D,0xBE9D,0xBE9D,0xBE9D,0xBE9D,0x95DB,0x020F,0x0A50,0x0A51,0x0A71,0x0A71,0x01EF,0x2A8F,
  0xBEBD,0xB69D,0xBE9D,0xBE9D,0xB69D,0xB69D,0xBE9D,0xBE9D,0xAE5C,0xA61B,0x9DFB,0x8DBB,0x857B,0x7D5B,0x7D7B,0x8D9B,
  0xA63C,0xB69D,0xBE9D,0xBE9D,0xBEBD,0xAE5C,0x9E1C,0x859B,0x85BC,0x9E1C,0x9E1C,0x9E1C,0x9E1C,0x9E1B,0xA639,0xA638,
  0x95CF,0x74C6,0x6442,0x5C22,0x5403,0x74EC,0x6B23,0x5B00,0x8280,0xA220,0xA220,0x8960,0x7120,0x6920,0x6920,0x7120,
  0x7100,0x5880,0x4820,0x6A69,0x6B4D,0x6B4C,0x6B4D,0x6B4C,0x528A,0x4228,0x4228,0x4228,0x4228,0x4228,0x39C7,0x2944,
  0x2945,0x3144,0x71E3,0x50E0,0x3060,0x51E1,0x1080,0x1020,0x2161,0x0880,0x0860,0x18E0,0x0820,0x0000,0x1000,0x0000,
  0x0000,0x0000,0x2000,0x7921,0x7900,0x70E0,0x5060,0x4020,0x4820,0x4020,0x38C4,0x53F5,0x343A,0x0358,0x0358,0x0358,
  0x0338,0x0358,0x0338,0x0338,0x0338,0x0358,0x0358,0x0358,0x0358,0x0338,0x0358,0x0358,0x0358,0x0358,0x0358,0x0358,
  0x0358,0x0338,0x0358,0x0358,0x0338,0x0338,0x0358,0x0358,0x0358,0x0358,0x0358,0x0358,0x0358,0x0358,0x0338,0x0338,
  0x0359,0x0B59,0x0B17,0x01CF,0x018D,0x018C,0x01CD,0x0A2F,0x0A50,0x0A70,0x020E,0x01AC,0x016B,0x014A,0x29EA,0x5ACB,
  0x6B6D,0x736D,0x5AAA,0x4207,0x4228,0x4A28,0x4A48,0x4A49,0x4208,0x3166,0x2945,0x2945,0x39C6,0x630C,0x738E,0x62EB,
  0x632C,0x528A,0x4228,0x4A28,0x4A48,0x4A48,0x4A28,0x39E7,0x2965,0x2945,0x2965,0x2965,0x19A9,0x0B57,0x1398,0x4439,
  0x4438,0x4439,0x4439,0x4438,0x4C32,0x546B,0x4C56,0x4C58,0x3419,0x1BB9,0x1BB9,0x1BB9,0x1BB9,0x1BB9,0x1BB9,0x1BB9,
  0x1B99,0x1B78,0x324C,0x5ACB,0x3186,0x2147,0x2377,0x1BB9,0x1BB9,0x23B9,0x23B9,0x1BB9,0x1BB9,0x1BBA,0x0B79,0x0338,
  0x0338,0x0338,0x0338,0x0338,0x0338,0x0338,0x1378,0x4C7A,0x5CDB,0x6BF2,0x52AC,0x9D58,0x39E8,0x7C53,0xBE9D,0xBE9D,
  0xB69D,0xB69D,0xB69D,0xB69D,0xBE9D,0xBE9D,0xBE9D,0xBE9D,0x95BB,0x0A0F,0x0A71,0x0A71,0x0A71,0x0A71,0x0A0F,0x11CD,
  0x8D38,0xB67D,0xB69D,0xBE9D,0xB69D,0xB69D,0xB69D,0xB67C,0xA63C,0x9DFC,0x95DB,0x859B,0x7D5B,0x753B,0x7D5B,0x8DBB,
  0xAE5C,0xB69D,0xBE9D,0xBE9D,0xBE9D,0xB67D,0xA63C,0x8DBC,0x8DBC,0x9E1C,0x9E1C,0x9E1B,0x95D7,0x95B0,0x8547,0x7D25,
  0x6C81,0x5C40,0x5C00,0x53C0,0x4360,0x4340,0x4320,0x4340,0x5B00,0x7AA0,0xA240,0x9160,0x7120,0x7120,0x7120,0x7120,
  0x7100,0x6080,0x4000,0x6A8A,0x6B4D,0x6B4C,0x6B4C,0x6B4C,0x528A,0x4228,0x4A28,0x4A28,0x4A28,0x4228,0x39C7,0x2944,
  0x2945,0x2944,0x69A2,0x9A01,0x7920,0x7120,0x4080,0x4040,0x30C0,0x0840,0x0800,0x2040,0x1020,0x0000,0x0800,0x0800,
  0x0000,0x1000,0x4040,0x7900,0x7900,0x7100,0x5860,0x4020,0x4020,0x3061,0x5331,0x4C7A,0x2C1A,0x0358,0x0358,0x0358,
  0x0338,0x0338,0x0338,0x0338,0x0358,0x0358,0x0358,0x0358,0x0358,0x0358,0x0358,0x0358,0x0358,0x0358,0x0358,0x0338,
  0x0338,0x0338,0x0338,0x0358,0x0338,0x0338,0x0358,0x0358,0x0358,0x0358,0x0358,0x0358,0x0358,0x0338,0x0338,0x0338,
  0x0359,0x0359,0x0359,0x0B38,0x0AF6,0x01EF,0x018D,0x01CD,0x01ED,0x01ED,0x01AD,0x016B,0x014B,0x016B,0x19CA,0x526A,
  0x5ACB,0x6B4C,0x52AA,0x4228,0x4228,0x4A28,0x4228,0x4228,0x39E7,0x3165,0x2104,0x18E3,0x4A48,0x6B4D,0x738E,0x62EB,
  0x632C,0x528A,0x4228,0x4A28,0x4A48,0x4A48,0x4A28,0x39E7,0x2965,0x2965,0x2965,0x2965,0x21C9,0x1357,0x3419,0x4C58,
  0x4C13,0x4418,0x3C19,0x4418,0x4C2C,0x4C30,0x4C54,0x546F,0x3418,0x1B99,0x1B99,0x1B99,0x1B99,0x1BB9,0x1B99,0x1B99,
  0x1B99,0x1B98,0x1A91,0x634F,0x31A8,0x2291,0x1BB9,0x1BB9,0x1BB9,0x1BB9,0x1BB9,0x1BB9,0x1B98,0x1B98,0x1357,0x02F6,
  0x02F6,0x0317,0x0317,0x0338,0x0358,0x0338,0x1378,0x447B,0x54DC,0x430F,0x528A,0x39C7,0x2986,0x7413,0xBE9D,0xBEBD,
  0xBE9D,0xB69D,0xB69D,0xB69D,0xB69D,0xB69D,0xB67D,0xB67D,0xA61C,0x3312,0x0250,0x0250,0x0A50,0x0A50,0x0A2F,0x018C,
  0x328E,0xAE3B,0xBE9D,0xB69D,0xB69D,0xB69D,0xBE9D,0xA5FB,0xA61C,0x9E1C,0x857B,0x859B,0x753B,0x5CDB,0x6D3B,0x859B,
  0x95DB,0xB67D,0xB67C,0xB67C,0xBEBD,0xAE5C,0x9DFC,0x95DC,0x95DC,0x95FC,0x9DFB,0x8D93,0x7D07,0x7CE3,0x74C2,0x6CA1,
  0x53E0,0x4360,0x4340,0x3B20,0x3B00,0x32C0,0x3280,0x2A80,0x3280,0x2A00,0x59E1,0x89A1,0x7120,0x7120,0x7920,0x7120,
  0x7100,0x6080,0x4020,0x6A69,0x6B4C,0x6B4C,0x6B4C,0x6B4C,0x528A,0x4228,0x4A28,0x4A28,0x4228,0x4228,0x39C7,0x2924,
  0x2925,0x2924,0x3923,0x7980,0x91A0,0x8960,0x7921,0x5040,0x50C1,0x2820,0x1800,0x3020,0x3881,0x1000,0x2000,0x2000,
  0x1820,0x1800,0x5060,0x70E0,0x7900,0x70E0,0x4840,0x3000,0x2000,0x2147,0x4C38,0x3C5A,0x2BF9,0x0B37,0x0337,0x0317,
  0x0317,0x0318,0x0318,0x0338,0x0338,0x0338,0x0338,0x0358,0x0338,0x0358,0x0358,0x0358,0x0358,0x0358,0x0338,0x0358,
  0x0358,0x0358,0x0358,0x0338,0x0338,0x0338,0x0338,0x0358,0x0358,0x0358,0x0358,0x0358,0x0358,0x0358,0x0338,0x0338,
  0x0358,0x0358,0x0358,0x0358,0x0338,0x02F6,0x0A93,0x014C,0x014B,0x016B,0x016B,0x016B,0x018B,0x018B,0x098A,0x3A4A,
  0x5269,0x528A,0x4A69,0x4207,0x4208,0x39E7,0x39C7,0x39C6,0x31A6,0x20E3,0x0841,0x20E3,0x4A69,0x6B4D,0x6B4D,0x5AAA,
  0x630C,0x528A,0x4228,0x4228,0x4A48,0x4A48,0x4A28,0x39E7,0x2965,0x2965,0x2965,0x2965,0x21C9,0x2B97,0x445A,0x4C77,
  0x5409,0x4413,0x3BF9,0x4415,0x43A8,0x4C11,0x544B,0x4C2D,0x2BD8,0x1B99,0x1B99,0x1B99,0x1BB9,0x1BB9,0x1B99,0x1B99,
  0x1B99,0x1B98,0x1B56,0x63B1,0x31C9,0x2B97,0x1BB9,0x1BB9,0x1BB9,0x1B99,0x1B99,0x1B99,0x1B98,0x1B98,0x1B98,0x33F8,
  0x8DFD,0x7D7B,0x6D3C,0x2BF9,0x0358,0x0338,0x0358,0x1BFA,0x345B,0x3BD6,0x4AAC,0x31A6,0x3A4B,0x95DB,0xA63C,0xAE3C,
  0xBE9D,0xB69D,0xB69D,0xB69D,0xB69D,0xB69D,0xB67D,0xB67D,0xBE9D,0x6477,0x0A50,0x0A50,0x0A50,0x0A50,0x0A4F,0x01AD,
  0x014A,0x5BD3,0xA61C,0x9DFB,0x9DDB,0x9DFB,0xA61C,0x9DFB,0x95DB,0x8D9B,0x859B,0x753B,0x651B,0x64FB,0x6D3B,0x859B,
  0x95DB,0x9DFB,0xAE3C,0xB67C,0xA63C,0x9E1C,0x95FC,0x7D7B,0x7D7C,0x7D5B,0x8554,0x6C45,0x7441,0x6382,0x52E1,0x6341,
  0x4AA0,0x42A0,0x3B00,0x3280,0x2220,0x2A40,0x2A20,0x19A0,0x1180,0x08E0,0x10E0,0x40E0,0x6920,0x7120,0x7920,0x7120,
  0x7100,0x60A0,0x4820,0x6248,0x6B2C,0x6B2D,0x6B4D,0x6B4C,0x528A,0x4A28,0x4228,0x4A28,0x4A28,0x4228,0x39C7,0x2924,
  0x2945,0x2924,0x2924,0x50E1,0x7100,0x8960,0x9160,0x70C0,0x60A0,0x60A0,0x5060,0x5060,0x68E1,0x2800,0x2800,0x3000,
  0x4061,0x2800,0x5880,0x68E0,0x7100,0x5860,0x3000,0x1000,0x1906,0x4BB5,0x445A,0x1BB8,0x33F8,0x755C,0x755B,0x755B,
  0x759C,0x0B37,0x0318,0x0318,0x0358,0x0338,0x0338,0x0358,0x0358,0x0358,0x0358,0x0358,0x0338,0x0338,0x0358,0x0338,
  0x0358,0x0358,0x0358,0x0338,0x0358,0x0358,0x0338,0x0358,0x0358,0x0358,0x0338,0x0338,0x0358,0x0338,0x0358,0x0338,
  0x0358,0x0358,0x0358,0x0358,0x0338,0x0338,0x0317,0x0A31,0x012A,0x014B,0x016B,0x016B,0x018B,0x016B,0x0129,0x0927,
  0x31A7,0x4A29,0x39C7,0x39A6,0x31A6,0x3165,0x2945,0x2103,0x2104,0x18E3,0x1082,0x2104,0x5AEB,0x6B4C,0x6B4D,0x5AAA,
  0x632C,0x528A,0x4228,0x4A28,0x4A28,0x4A28,0x4228,0x39E7,0x2965,0x2965,0x2965,0x2965,0x29E9,0x4C59,0x4C5A,0x4C79,
  0x5472,0x4C6E,0x4417,0x4412,0x3B6A,0x4C11,0x5C69,0x4415,0x1B79,0x1399,0x1B99,0x1B99,0x1BB9,0x1BB9,0x1B99,0x1B99,
  0x1B99,0x1B98,0x3B95,0x4AAB,0x2924,0x220C,0x23B8,0x1BB9,0x1BB9,0x1B99,0x1B99,0x1B99,0x1B99,0x1B99,0x1B98,0x2BB7,
  0x857B,0xA63C,0x95DB,0x64DA,0x447A,0x343A,0x0B57,0x0338,0x1BDA,0x345B,0x6435,0x31A7,0x959A,0x8DDC,0x9E1C,0x9E1C,
  0xA63C,0xBE9D,0xBE9D,0xBE9D,0xB69D,0xB69D,0xB67D,0xB67D,0xB69D,0x6477,0x0A50,0x0A50,0x0A50,0x0A4F,0x0A4F,0x0A0F,
  0x018C,0x1A0D,0x8D9A,0x95FB,0x95DB,0x9DFB,0x9DFC,0x95BB,0x8DBB,0x859B,0x7D5B,0x6D1B,0x651B,0x5CFB,0x651B,0x755B,
  0x8DBB,0x8DBB,0x9DFC,0xA63C,0x9DFC,0x95DC,0x8DDC,0x753B,0x755C,0x755B,0x642C,0x62A2,0x89E1,0x58C0,0x9A44,0xA941,
  0x88A0,0x5100,0x3240,0x3AC1,0x21E0,0x2A01,0x2A41,0x0900,0x1141,0x0040,0x0000,0x0800,0x50C0,0x7120,0x7920,0x7120,
  0x7100,0x60A0,0x4820,0x6248,0x6B2C,0x6B2D,0x6B4D,0x6B2C,0x528A,0x4A28,0x4228,0x4A28,0x4A28,0x4228,0x39C6,0x2924,
  0x2944,0x2944,0x2924,0x28C2,0x3840,0x7100,0x7900,0x70C0,0x60A0,0x60A0,0x70E0,0x68A0,0x60A0,0x4860,0x2000,0x2000,
  0x2000,0x2820,0x4040,0x5080,0x4840,0x4020,0x1800,0x10A4,0x53D4,0x5CBA,0x5CDA,0x4C58,0x5C98,0xB69D,0xB69D,0xB69D,
  0xA65D,0x4C58,0x3C19,0x3419,0x0338,0x0338,0x0358,0x0338,0x0358,0x0338,0x0358,0x0358,0x0338,0x0338,0x0338,0x0338,
  0x0338,0x0338,0x0338,0x0338,0x0338,0x0358,0x0358,0x0358,0x0358,0x0358,0x0358,0x0358,0x0358,0x0338,0x0338,0x0338,
  0x0338,0x0338,0x0338,0x0338,0x0338,0x0338,0x0338,0x0AF6,0x018D,0x0129,0x014A,0x014A,0x016A,0x0149,0x00E7,0x00A5,
  0x0085,0x10E5,0x2146,0x1905,0x2945,0x2104,0x2104,0x18C3,0x0020,0x1082,0x0000,0x39E7,0x632C,0x6B4D,0x6B4D,0x5AAA,
  0x632C,0x528A,0x4228,0x4228,0x4228,0x4228,0x4A28,0x39E7,0x2965,0x2965,0x2965,0x2965,0x29C9,0x5458,0x4C57,0x5C93,
  0x5C6B,0x5445,0x64AB,0x5C69,0x3B67,0x4BEE,0x4BCA,0x43F7,0x1B78,0x1B99,0x1B99,0x1B99,0x1B99,0x1B99,0x1B99,0x1B99,
  0x1B99,0x1B77,0x5B70,0x2986,0x2986,0x31C8,0x2335,0x1BB9,0x1BB9,0x1B99,0x1B99,0x1B99,0x1B99,0x1B99,0x1B98,0x1B98,
  0x5C99,0xBE9D,0xBE9D,0xB67D,0xA65D,0x85DC,0x2BB7,0x0B16,0x1398,0x33D8,0x5B91,0x39C7,0x428D,0x85BB,0x961C,0x9DFC,
  0x95FC,0x9E1C,0x9E1C,0xB69D,0xB69D,0xB69D,0xB69D,0xA61C,0x9DFC,0x5C56,0x0A50,0x0A50,0x0A50,0x0A50,0x0A50,0x0A4F,
  0x01CD,0x016B,0x19ED,0x95DB,0x9DFC,0x9DFC,0x9DFC,0x857B,0x859C,0x7D7C,0x6CFA,0x6D1B,0x64FB,0x4C9A,0x4C9A,0x54DA,
  0x7D7C,0x7D7B,0x859B,0x859B,0x859C,0x859C,0x7D7C,0x64FB,0x755C,0x755C,0x5BD0,0x38C1,0x58C1,0x3800,0xB9C2,0x80A0,
  0x7041,0x3040,0x10A0,0x3A62,0x21A1,0x08A0,0x3203,0x1120,0x1941,0x0020,0x0020,0x38A1,0x6900,0x7920,0x7920,0x7920,
  0x7920,0x60A0,0x4820,0x6A69,0x6B2C,0x6B2D,0x6B2D,0x6B2C,0x528A,0x4228,0x4228,0x4A28,0x4A48,0x4A49,0x39C7,0x2924,
  0x2945,0x2945,0x2945,0x18E3,0x0000,0x2020,0x4860,0x5880,0x60A0,0x68A0,0x7900,0x70E0,0x58A0,0x3040,0x1000,0x0000,
  0x0000,0x0000,0x2021,0x2801,0x2821,0x2022,0x31EB,0x53D3,0x6CFA,0x751A,0xB69E,0xB67D,0xB67D,0xBE9D,0xBE9D,0xBE9D,
  0xBE9D,0xA63D,0x9E1D,0x85DD,0x0B16,0x0337,0x0338,0x0338,0x0338,0x0358,0x0358,0x0358,0x0338,0x0358,0x0338,0x0338,
  0x0358,0x0338,0x0338,0x0338,0x0338,0x0338,0x0358,0x0338,0x0358,0x0338,0x0338,0x0338,0x0338,0x0338,0x0358,0x0338,
  0x0338,0x0338,0x0338,0x0358,0x0338,0x0338,0x0338,0x0338,0x0AD4,0x0109,0x00C6,0x00C6,0x00E7,0x00C6,0x00A5,0x0085,
  0x0085,0x0085,0x0085,0x00A5,0x10C5,0x0042,0x0862,0x0841,0x0000,0x0000,0x18C3,0x528A,0x6B4D,0x6B4D,0x6B4D,0x5AAA,
  0x632C,0x528A,0x4228,0x4228,0x4228,0x4228,0x4228,0x39C7,0x2965,0x2965,0x2965,0x2965,0x31E6,0x7D0E,0x74A9,0x7485,
  0x6441,0x4BA0,0x53E0,0x4BA0,0x4BA2,0x3B03,0x3AE4,0x32EB,0x2354,0x1B98,0x1B99,0x1B99,0x1BB9,0x1BB9,0x1BB9,0x1B99,
  0x1B99,0x1B77,0x5B4F,0x21CB,0x4B52,0x31A8,0x2335,0x1BB9,0x1BB9,0x1B99,0x1B99,0x1B99,0x1B99,0x1B99,0x1B99,0x1BB9,
  0x2376,0xBEBE,0xBE9D,0xBE9D,0xBE7D,0xA63C,0x8DDC,0x7D9C,0x5D1B,0x53B2,0x3186,0x2125,0x4229,0x4BD4,0x85BC,0x95FC,
  0x8DDC,0x8DBC,0x8DBC,0x95FC,0x95DB,0x9DDB,0x9DFC,0x95DB,0x9DFC,0x5416,0x0A50,0x0A50,0x0A50,0x0A50,0x0A50,0x0A50,
  0x0A4F,0x01AD,0x014B,0x2A6E,0x8D9B,0x8D9B,0x8D9B,0x857B,0x6D1B,0x64DA,0x64FB,0x54BA,0x4C9A,0x4C9B,0x2BD9,0x2BB8,
  0x4C7A,0x64FB,0x6CFA,0x6CFB,0x6CFB,0x6D1B,0x6CFB,0x64FB,0x6D1B,0x6D1B,0x6C35,0x4922,0x4142,0x1000,0x7881,0x1000,
  0x1820,0x18C1,0x0000,0x18C1,0x29A1,0x0020,0x0000,0x0860,0x0840,0x0000,0x0000,0x48C1,0x7140,0x7120,0x7120,0x7140,
  0x7920,0x60A0,0x4800,0x6A49,0x6B2C,0x632C,0x6B4C,0x6B2C,0x528A,0x4228,0x4A28,0x4A28,0x4A28,0x4A28,0x39C7,0x2944,
  0x2944,0x2945,0x2944,0x18E3,0x0000,0x0000,0x0800,0x1820,0x2820,0x5081,0x5880,0x5060,0x4020,0x1800,0x0000,0x0862,
  0x4AEE,0x6C34,0x6C14,0x5BB4,0x5394,0x3B54,0x3397,0xA65E,0xAE7D,0xB69D,0xBE9D,0xB67D,0xB67D,0xB67D,0xB69D,0xB69D,
  0xBE9D,0xAE3C,0x9DFC,0x95FC,0x757C,0x54FB,0x4CDC,0x0317,0x02D7,0x02F7,0x0318,0x0318,0x0318,0x0338,0x0338,0x0338,
  0x0338,0x0338,0x0338,0x0338,0x0338,0x0358,0x0358,0x0358,0x0358,0x0358,0x0338,0x0338,0x0338,0x0338,0x0338,0x0338,
  0x0338,0x0338,0x0358,0x0358,0x0358,0x0358,0x0358,0x0358,0x0B38,0x016C,0x00A5,0x0085,0x00C6,0x00C6,0x00C6,0x00C6,
  0x00C6,0x00C6,0x00C6,0x00C6,0x00C6,0x00A5,0x0063,0x0042,0x0000,0x0000,0x2925,0x630C,0x6B4C,0x6B4C,0x6B4D,0x5ACA,
  0x630C,0x528A,0x4228,0x4228,0x4228,0x4228,0x4228,0x39E7,0x2965,0x2965,0x2965,0x2965,0x3A04,0x8CE6,0x7463,0x6C42,
  0x4340,0x4340,0x4360,0x4340,0x3B20,0x3AC0,0x2A40,0x2A01,0x19C3,0x1AF1,0x1B99,0x1B99,0x1BB9,0x1BB9,0x1BB9,0x1B99,
  0x1BB9,0x2397,0x6370,0x29EB,0x4B10,0x31C8,0x2315,0x1BB9,0x1B99,0x1B99,0x1B99,0x1B99,0x1B99,0x1B99,0x1BB9,0x1BB9,
  0x2397,0x7D7B,0xBE9D,0xBE9D,0xB67C,0xB67D,0x9DFC,0x95BB,0x859B,0x6BD1,0x3A4B,0x84D7,0x4A8B,0x4B94,0x6D5C,0x7D7C,
  0x6D3B,0x6D3B,0x757B,0x8DDC,0x95DB,0x95DB,0x95DB,0x95DB,0x857A,0x0A0F,0x0A30,0x0A50,0x0A70,0x0A70,0x0A50,0x0A50,
  0x0A50,0x01EF,0x018D,0x012A,0x1A0D,0x751A,0x7D5B,0x753B,0x64FB,0x5CDA,0x54BA,0x4C7A,0x445A,0x3C1A,0x447A,0x4C7A,
  0x5CDA,0x6D1B,0x5CBA,0x549A,0x549A,0x5CDB,0x6CFB,0x64FB,0x6D1B,0x64FB,0x7C34,0x89C2,0x81C1,0x58E1,0x58A1,0x1000,
  0x2020,0x20C1,0x0000,0x1840,0x28E1,0x0000,0x0000,0x1800,0x1020,0x0000,0x2000,0x50C0,0x7120,0x7120,0x7120,0x7140,
  0x7920,0x60A0,0x4820,0x6249,0x6B2C,0x6B2C,0x6B2C,0x632C,0x528A,0x4228,0x4A28,0x4A48,0x4A48,0x4A28,0x39E7,0x2945,
  0x2945,0x2945,0x2945,0x18E3,0x0000,0x0000,0x0020,0x4A8B,0x8C73,0x8C52,0x8C31,0x8C31,0x9473,0x8432,0x6BD1,0x7434,
  0x8D7B,0x7D3A,0x6CFA,0x5CBA,0x4C5A,0x3C1A,0x2BB8,0xAE7E,0xB67D,0xBE9D,0xBE9D,0xB69D,0xB67D,0xB67D,0xB69D,0xB69D,
  0xBE9D,0xAE5C,0x9DFC,0x95FC,0x7D7B,0x5CFB,0x54DC,0x0B17,0x4C99,0x54BA,0x3C19,0x3C3A,0x1B99,0x0338,0x0338,0x0338,
  0x0338,0x0338,0x0338,0x0338,0x0338,0x0338,0x0358,0x0358,0x0358,0x0358,0x0338,0x0338,0x0338,0x0338,0x0338,0x0338,
  0x0338,0x0338,0x0358,0x0358,0x0358,0x0358,0x0358,0x0358,0x0338,0x0AB3,0x00C7,0x0084,0x00A6,0x00C6,0x00C6,0x00C6,
  0x00C6,0x00C6,0x00C6,0x00C6,0x00C6,0x00C6,0x00C6,0x00A5,0x0084,0x0063,0x2986,0x6B2C,0x6B4D,0x6B4C,0x6B4D,0x5ACA,
  0x630C,0x528A,0x4228,0x4228,0x4A29,0x4228,0x4A28,0x39E7,0x2965,0x2965,0x2965,0x2965,0x31C3,0x5361,0x4B20,0x53A2,
  0x3AE0,0x3AE0,0x3AE0,0x32A0,0x32A0,0x2A40,0x21C0,0x19A0,0x0920,0x0944,0x22F3,0x1B99,0x1BB9,0x1BB9,0x1B99,0x1B99,
  0x1BB9,0x23B8,0x3AAD,0x62EB,0x41E8,0x2988,0x2356,0x1BB9,0x1B99,0x1B99,0x1B99,0x1B99,0x1B99,0x1B99,0x1BB9,0x1BB9,
  0x23B8,0x4C59,0xB69E,0xB69D,0xB67D,0xB67D,0xB67C,0xA61C,0x9DFC,0x7C31,0x42CD,0x8D59,0x4AAB,0x4BB4,0x5CFB,0x5D1C,
  0x449A,0x447A,0x64FB,0x8DDC,0x8DDC,0x95DC,0x95FC,0x95FC,0x859B,0x0A0F,0x0A30,0x0A50,0x0A70,0x0A70,0x0A50,0x0A50,
  0x0A50,0x0A50,0x01CE,0x016C,0x014A,0x32F2,0x64BA,0x64FB,0x5CDB,0x5CDB,0x4C7A,0x445A,0x3C3A,0x2BB8,0x651B,0x755B,
  0x755B,0x755B,0x549A,0x3C39,0x4439,0x549A,0x651B,0x651B,0x6D19,0x6CD4,0x7C33,0x9A01,0xA220,0x9A20,0x89C1,0x6921,
  0x60A0,0x48A1,0x1800,0x4020,0x58A1,0x2820,0x1800,0x3000,0x3840,0x2000,0x3000,0x60E0,0x7120,0x7120,0x7140,0x7120,
  0x7920,0x60A0,0x4820,0x6269,0x6B2C,0x6B4C,0x6B4C,0x6B2C,0x528A,0x4228,0x4A28,0x4A48,0x4A48,0x4A49,0x39E7,0x2945,
  0x2965,0x2945,0x2945,0x20E3,0x18E4,0x5B2E,0x8CD6,0xBE9D,0xBE9D,0xBE9D,0xBE9D,0xBE9D,0xBE9D,0xA63C,0xA63C,0x95DC,
  0x7D3A,0x7D3B,0x6D1B,0x5CFB,0x4C7A,0x3C39,0x33B7,0xB69E,0xB67D,0xBE9D,0xBE9D,0xBE9D,0xB69D,0xB69D,0xB69D,0xB69D,
  0xBE9D,0xAE5C,0x9DFC,0x9DFC,0x7D7B,0x6CFA,0x5CFB,0x1B35,0x85BC,0x95FC,0x6D1A,0x6D3B,0x3419,0x0318,0x0338,0x0338,
  0x0358,0x0338,0x0358,0x0358,0x0338,0x0338,0x0358,0x0358,0x0358,0x0358,0x0338,0x0338,0x0358,0x0358,0x0338,0x0338,
  0x0338,0x0338,0x0358,0x0358,0x0338,0x0338,0x0358,0x0358,0x0358,0x0358,0x09AD,0x00A6,0x00C6,0x00C6,0x00C6,0x00C6,
  0x00C6,0x00C6,0x00C6,0x00C6,0x00C6,0x00C6,0x00C6,0x00C6,0x00A5,0x00C5,0x3A2A,0x738D,0x6B4C,0x6B4D,0x6B4D,0x5ACA,
  0x632C,0x528A,0x4228,0x4228,0x4A48,0x4A49,0x4A28,0x39E7,0x2965,0x2965,0x2965,0x2965,0x2982,0x63E3,0x63E3,0x3AA0,
  0x3281,0x3AC0,0x32A0,0x2A40,0x42E2,0x3261,0x0920,0x1141,0x0060,0x0060,0x00E6,0x2398,0x1B99,0x1B99,0x1B99,0x1B99,
  0x1B99,0x1B99,0x2314,0x6390,0x3187,0x2271,0x1BB9,0x1BB9,0x1B98,0x1B99,0x1B99,0x1B99,0x1B99,0x1BB9,0x1B99,0x1BB9,
  0x1BB8,0x2397,0x64FA,0xB67D,0xB67D,0xB67D,0xB67D,0xAE3C,0xA61C,0x7411,0x4A69,0x4229,0x39E8,0x6C96,0x7DBD,0x447A,
  0x3419,0x3C5A,0x54DB,0x6D3B,0x753B,0x753B,0x753B,0x7D5B,0x6CFA,0x0A2F,0x0A50,0x0A50,0x0A70,0x0A70,0x0A50,0x0A50,
  0x0A50,0x0A51,0x0210,0x018D,0x014A,0x014A,0x2291,0x4C59,0x4C7A,0x447A,0x3C19,0x651B,0x7D9D,0x85BD,0x9E1D,0x95FC,
  0x8DDC,0x8DDC,0x8DBC,0x85DD,0x755C,0x64FB,0x549A,0x549A,0x5CB8,0x5BEC,0x8452,0x9A42,0xA220,0x9A20,0x9A20,0x91E1,
  0x7920,0x7920,0x6901,0x6080,0x70C0,0x58A0,0x3820,0x4020,0x5020,0x4040,0x4020,0x60C0,0x7120,0x7120,0x7140,0x7120,
  0x7120,0x60A0,0x4820,0x72AA,0x6B4C,0x6B4C,0x6B4C,0x6B2C,0x528A,0x4228,0x4A28,0x4A28,0x4A29,0x4A49,0x39E7,0x2945,
  0x2965,0x2965,0x2945,0x2124,0x6C12,0xB65C,0xB67D,0xB67D,0xB67D,0xBE9D,0xBE9D,0xBE9D,0xBE9D,0xA61C,0xA63C,0x95FC,
  0x7D5B,0x753B,0x6D1B,0x5CFB,0x4C9A,0x6D1B,0x9E1D,0xBE9D,0xB67D,0xB69D,0xB69D,0xB69D,0xBE9D,0xB69D,0xB69D,0xB69D,
  0xB69D,0xAE5C,0x9DFC,0x9E1C,0x8DBB,0xA63D,0xB69E,0xB69E,0xA65D,0xA63C,0x95FC,0x7D7C,0x6D3C,0x5CFC,0x449B,0x1B99,
  0x0358,0x0358,0x0358,0x0358,0x0358,0x0358,0x0358,0x0358,0x0358,0x0358,0x0358,0x0338,0x0338,0x0338,0x0338,0x0338,
  0x0338,0x0338,0x0358,0x0358,0x0358,0x0358,0x0358,0x0358,0x0358,0x0358,0x0AF6,0x018C,0x00E7,0x00C6,0x00C6,0x00C6,
  0x00C6,0x00C6,0x00C6,0x00C6,0x00C6,0x00C6,0x00C6,0x00C6,0x00C5,0x00C6,0x3A4A,0x738E,0x6B4D,0x6B4D,0x6B4D,0x5ACB,
  0x630C,0x528A,0x4228,0x4228,0x4228,0x4228,0x4228,0x39E7,0x2945,0x2924,0x2124,0x2124,0x2943,0x7C29,0x6BA8,0x6388,
  0x6387,0x42C4,0x42E2,0x19A0,0x1941,0x42C4,0x1180,0x1961,0x0080,0x0040,0x19EC,0x23B9,0x1B99,0x1BB9,0x1BB9,0x1BB9,
  0x1BB9,0x1BB9,0x1B98,0x63B2,0x2988,0x2B56,0x1BB9,0x1BB9,0x1B99,0x1B99,0x1B99,0x1BB9,0x1BB9,0x1B99,0x1BB9,0x1BB9,
  0x1B98,0x1B98,0x1B76,0x859C,0xB67D,0xB67D,0xB67D,0xAE5C,0xBEBD,0x8CF5,0x632C,0x31A6,0x52ED,0x8DBB,0x7D9C,0x651B,
  0x3C5A,0x3419,0x447A,0x6D3C,0x753B,0x753B,0x753C,0x755C,0x5458,0x0230,0x0250,0x0230,0x020F,0x020F,0x01F0,0x0210,
  0x0210,0x0210,0x01CF,0x014C,0x014A,0x012A,0x012A,0x120E,0x3BB7,0x445A,0x54BA,0x7D7C,0x859C,0xA63D,0xAE5C,0xA63C,
  0x9E1C,0x9E1C,0x95DC,0x8DBC,0x857B,0x6D1B,0x5CBB,0x4C7A,0x549A,0x5434,0x6BCE,0x9A41,0x9A20,0x9A20,0x9200,0x91E0,
  0x7960,0x7100,0x7100,0x68C0,0x68C0,0x7100,0x5040,0x4820,0x5040,0x4840,0x4840,0x60C0,0x6900,0x7100,0x7100,0x7100,
  0x7120,0x60A0,0x5040,0x5964,0x734C,0x6B4D,0x6B4C,0x6B2C,0x528A,0x4208,0x4228,0x4228,0x4228,0x4A28,0x39C7,0x2944,
  0x2965,0x3165,0x2124,0x29E9,0x95BA,0xA63C,0xB67C,0xB67C,0xB67C,0xB67D,0xA63C,0xA63C,0xAE3C,0x9DFC,0x95DC,0x8DBC,
  0x7D5B,0x6D1B,0x5CDB,0x4C7A,0x445A,0x6CFA,0xA63C,0xBE9D,0xB67C,0xB67C,0xB67C,0xB67D,0xBE7C,0xBE7C,0xB67C,0xB67C,
  0xB67C,0xA63C,0x9DFC,0x9DFC,0x9E1B,0xAE7C,0xBE9D,0xBE9D,0xB67D,0xB69D,0x9DFC,0x755B,0x753B,0x5CDB,0x445A,0x2BD9,
  0x1379,0x0318,0x0338,0x0338,0x0358,0x0358,0x0358,0x0358,0x0358,0x0338,0x0358,0x0338,0x0338,0x0358,0x0358,0x0358,
  0x0338,0x0358,0x0358,0x0358,0x0358,0x0358,0x0358,0x0358,0x0338,0x0338,0x0338,0x0AD5,0x096C,0x0086,0x0084,0x0084,
  0x00A5,0x00A5,0x00A5,0x00A5,0x00C6,0x00C6,0x00C6,0x00C6,0x00C6,0x00C6,0x3A09,0x6B4D,0x6B2D,0x6B2D,0x6B4D,0x5ACA,
  0x630C,0x528A,0x4228,0x4A28,0x4228,0x4228,0x4228,0x39E7,0x2945,0x2124,0x2124,0x3165,0x736D,0x840E,0x8C0F,0x83EE,
  0x6B6C,0x5AEA,0x3A05,0x1902,0x0000,0x0040,0x2122,0x0020,0x0000,0x0000,0x2291,0x1BB9,0x1B99,0x1BB9,0x1B99,0x1B99,
  0x1B99,0x1B98,0x3BB5,0x4ACD,0x2104,0x19AB,0x2398,0x1BB9,0x1B99,0x1B99,0x1BB9,0x1BB9,0x1B99,0x1B99,0x1B99,0x1BB9,
  0x1B99,0x1B98,0x1B78,0x5499,0xAE7D,0xB69D,0xB69D,0xBE9D,0xBE9D,0xBE9D,0x94D4,0x3186,0x9D78,0xA63D,0x7D7B,0x757C,
  0x54BB,0x3C5A,0x3C3A,0x4CBB,0x5CDB,0x5CDB,0x54BB,0x54BB,0x1AD2,0x0250,0x0250,0x0A2F,0x11EE,0x11CE,0x11EE,0x11EF,
  0x120F,0x120F,0x09CE,0x014B,0x016A,0x014A,0x014A,0x014A,0x012A,0x2AD1,0x7D7B,0x8DBC,0x9DFC,0xB69D,0xBE9D,0xB69D,
  0xB67C,0xB67C,0xA63C,0x8DBB,0x8DBB,0x7D7C,0x6D1C,0x4C5A,0x5477,0x5C98,0x6B8D,0x9A41,0x9A00,0x9A20,0x9A20,0x9200,
  0x8160,0x7100,0x7100,0x7100,0x70E0,0x7100,0x6040,0x5020,0x5040,0x4840,0x4840,0x60A0,0x68E0,0x70E0,0x70E0,0x70E0,
  0x7120,0x60C0,0x5040,0x5040,0x6268,0x6B4C,0x6B4C,0x6B4C,0x52AA,0x4208,0x4228,0x4228,0x4228,0x4228,0x39C7,0x2944,
  0x3165,0x2944,0x2966,0x63B1,0x95FC,0x9E1C,0xAE5C,0xB65D,0xB65C,0xAE5C,0x95DB,0x95FB,0x95FC,0x95DC,0x859B,0x7D7B,
  0x755B,0x64FB,0x549B,0x3C5A,0x447A,0x6D1B,0xA63C,0xBEBD,0xB67C,0xB67C,0xB67C,0xB67D,0xB67C,0xBE7C,0xBE7C,0xB67C,
  0xB67D,0xA61C,0x95FC,0x9E1C,0xBEBD,0xBE9D,0xBE9D,0xBE7D,0xB67D,0xB69D,0x9DFC,0x7D7B,0x753B,0x5CDB,0x445A,0x341A,
  0x2C1A,0x0338,0x0338,0x0338,0x0358,0x0358,0x0358,0x0338,0x0358,0x0338,0x0338,0x0338,0x0338,0x0338,0x0338,0x0338,
  0x0338,0x0338,0x0358,0x0358,0x0358,0x0358,0x0358,0x0358,0x0338,0x0338,0x0338,0x0338,0x0B37,0x0A10,0x00A7,0x0086,
  0x00A6,0x00A5,0x00A5,0x00A5,0x00C6,0x00C6,0x00C6,0x00C6,0x00C6,0x00C6,0x3A09,0x6B4D,0x6B4D,0x6B2D,0x6B4C,0x5ACA,
  0x630C,0x528A,0x4228,0x4248,0x4228,0x4228,0x4228,0x39C7,0x2924,0x4207,0x6B0B,0x7B8D,0x7BAD,0x736C,0x62EA,0x5ACA,
  0x52AA,0x4A28,0x31A6,0x2945,0x2103,0x1061,0x2081,0x1020,0x1000,0x30C2,0x2AB2,0x1BB9,0x1B99,0x1B99,0x1B99,0x1B99,
  0x1BB9,0x1B98,0x5B91,0x2966,0x2966,0x31A8,0x2314,0x1BB9,0x1B99,0x1BB9,0x1BB9,0x1BB9,0x1BB9,0x1B99,0x1BB9,0x1BB9,
  0x1B99,0x1B99,0x1B98,0x1B76,0x95FC,0xB69D,0xBE9D,0xBE9D,0xBE9D,0xC69C,0x7C10,0x2966,0x634E,0xB67D,0x8DDC,0x7D7C,
  0x651B,0x54DB,0x2BF9,0x343A,0x447A,0x4C9B,0x4C7A,0x2355,0x0230,0x0230,0x1270,0x5371,0x9D35,0x9D14,0x9D14,0xA555,
  0xA515,0x9D14,0x6390,0x21CB,0x096A,0x094A,0x0149,0x0129,0x012A,0x014A,0x016A,0x6435,0x9DFB,0xB69D,0xBE9D,0xBE9D,
  0xB69C,0xB69C,0xB67B,0xAE7A,0x9DF8,0x85B8,0x6D18,0x4C37,0x53EC,0x5451,0x6BB0,0x9A41,0x9A20,0x9A20,0x9A20,0x9A00,
  0x8160,0x7100,0x7100,0x7100,0x7100,0x7900,0x6040,0x5020,0x5040,0x5040,0x5060,0x6964,0x8287,0x8267,0x8267,0x8267,
  0x8286,0x8246,0x6102,0x5040,0x5103,0x5A89,0x632C,0x632C,0x5AAA,0x4228,0x4228,0x4228,0x4A28,0x4A28,0x39C6,0x2924,
  0x2945,0x2104,0x532F,0x95DB,0x9E1C,0x9DFC,0x9DFB,0x9DFB,0x95FB,0x95FB,0x95FC,0x95FC,0x95DC,0x7D7B,0x857B,0x7D7B,
  0x64FB,0x64FB,0x54BB,0x445A,0x64FC,0x859C,0x9DFC,0xA5FC,0xB65C,0xB69C,0xBE9C,0xB67C,0xB69C,0xB69C,0xBE9C,0xAE5C,
  0x9DFB,0x95FB,0x857B,0x857A,0xBEBD,0xBE9D,0xBE9D,0xBE7D,0xB67D,0xB67D,0x9DDB,0x95DC,0x7D5B,0x5CFB,0x445A,0x445A,
  0x3C5A,0x0338,0x0338,0x0358,0x0358,0x0358,0x0358,0x0358,0x0338,0x0338,0x0338,0x0338,0x0338,0x0338,0x0338,0x0358,
  0x0358,0x0358,0x0358,0x0358,0x0338,0x0358,0x0358,0x0358,0x0358,0x0358,0x0338,0x0338,0x0359,0x0B38,0x0B37,0x12F5,
  0x09CE,0x014A,0x00A6,0x00A5,0x00C6,0x00C6,0x00C6,0x00C6,0x00C6,0x00C6,0x3A09,0x6B4D,0x6B2D,0x6B4D,0x6B4C,0x5ACA,
  0x632C,0x528A,0x4228,0x4228,0x4248,0x4228,0x4228,0x39E7,0x3165,0x6B4C,0x83EF,0x7BAE,0x736D,0x62EB,0x5AAA,0x5289,
  0x4228,0x4228,0x4208,0x2966,0x2945,0x2924,0x3902,0x4921,0x3081,0x5163,0x3312,0x1BB9,0x1B99,0x1B99,0x1B99,0x1B99,
  0x1B99,0x1B98,0x5370,0x21EC,0x4333,0x31A8,0x2314,0x1BB9,0x1BB9,0x1BB9,0x1BB9,0x1B99,0x1BB9,0x1BB9,0x1BB9,0x1B99,
  0x1B99,0x1BB9,0x1B99,0x1B98,0x4C38,0xB6BE,0xBE9D,0xBE9D,0xBE9D,0x8CB3,0x4208,0x2945,0x31A7,0x8CD5,0x9E1D,0x755B,
  0x4CBA,0x3C7B,0x1BB9,0x2C1A,0x341A,0x3C5A,0x2BB7,0x0230,0x020F,0x2AB0,0x8473,0x8C71,0x736D,0x736D,0x83EF,0x840F,
  0x840F,0x8C50,0x9491,0x94D3,0x6B90,0x1989,0x326C,0x4AEE,0x4AEE,0x4B0E,0x532F,0x5B70,0x42AD,0x5371,0x84D5,0x9DD8,
  0xB678,0xA612,0x956C,0x6C64,0x6402,0x5BC3,0x4B84,0x53CD,0x4BA8,0x43A9,0x638D,0x9A61,0x9A20,0x9A20,0x9A20,0x9A00,
  0x8160,0x7100,0x7100,0x7100,0x7920,0x7920,0x5860,0x4820,0x4840,0x5081,0x7247,0xACB1,0x8C2F,0x8C0F,0x8C2F,0x9470,
  0x9470,0x9471,0x9C2F,0x7227,0x4861,0x6268,0x5AAA,0x5ACA,0x4A69,0x4228,0x4228,0x41E7,0x41E7,0x41E7,0x3185,0x18C3,
  0x18C3,0x2167,0x8539,0x8D9B,0x8DBB,0x95DB,0x9DFC,0x9DFC,0x95FC,0x95FC,0x859B,0x859B,0x859B,0x7D7B,0x753B,0x6D3B,
  0x651B,0x5CBA,0x4C7A,0x3419,0x64FB,0x7D7B,0x8D9B,0x9DFC,0xA61B,0xAE5C,0xAE5C,0xAE3C,0xA63C,0xA63C,0xAE3C,0xA63C,
  0x9DFC,0x859B,0x95DC,0xA61C,0xBE9D,0xBE9D,0xBE9D,0xBE9D,0xB67D,0xB67D,0x95DB,0x8D9B,0x753B,0x64FB,0x4C5A,0x3C3A,
  0x2BFA,0x0338,0x0358,0x0358,0x0358,0x0358,0x0358,0x0358,0x0338,0x0338,0x0358,0x0338,0x0338,0x0338,0x0338,0x0358,
  0x0358,0x0358,0x0358,0x0338,0x0338,0x0358,0x0358,0x0358,0x0358,0x0358,0x0338,0x0338,0x0338,0x0359,0x0359,0x0359,
  0x0358,0x0AD4,0x094A,0x00A5,0x00C6,0x00C6,0x00E6,0x00C6,0x00C6,0x00C6,0x3A09,0x6B4D,0x6B2D,0x6B4C,0x6B4C,0x5ACB,
  0x632C,0x528A,0x4228,0x4A48,0x4228,0x4228,0x4228,0x39C6,0x5269,0x7BCE,0x738D,0x6B4D,0x6B4D,0x528A,0x4A69,0x3A07,
  0x4208,0x4228,0x4228,0x31A6,0x2945,0x2124,0x2923,0x4982,0x6181,0x61C2,0x3312,0x1BB9,0x1B99,0x1B99,0x1B99,0x1B99,
  0x1BB9,0x1B97,0x532F,0x29CB,0x5310,0x31A8,0x22F3,0x1BB9,0x1BB9,0x1B99,0x1BB9,0x1BB9,0x1BB9,0x1B99,0x1B99,0x1B99,
  0x1BB9,0x1BB9,0x1B99,0x1B98,0x2BB7,0x961C,0xB69D,0xB69D,0xB67C,0x8431,0x4A8B,0x7C32,0x4A49,0x7453,0x8DBC,0x64FA,
  0x447A,0x2C1A,0x1357,0x3395,0x3BB5,0x3BB5,0x3B32,0x3AF0,0x3ACF,0x7411,0x6B6D,0x738D,0x7BCF,0x7BCF,0x8410,0x8410,
  0x840F,0x8410,0x840F,0x840F,0x9CF3,0x73CF,0x8C71,0x94B2,0x840F,0x8C30,0x8C50,0x9471,0x94D3,0x530D,0x5328,0x6405,
  0x8505,0x7CE2,0x7481,0x5BE0,0x53A0,0x4320,0x4B20,0x4B21,0x4301,0x42E1,0x4A61,0x9260,0x9200,0x9200,0x9201,0xA327,
  0x8267,0x8247,0x7A47,0x7A27,0x7A06,0x71A5,0x4820,0x3800,0x4081,0x8B8D,0x8C30,0x736D,0x6B6D,0x736D,0x7BCE,0x83CF,
  0x83EF,0x83EF,0x840F,0x8BEF,0x830B,0x4964,0x5269,0x5269,0x4207,0x4207,0x41E7,0x39C6,0x39C6,0x3185,0x20E3,0x0861,
  0x18E5,0x5393,0x7D3B,0x859B,0x855A,0x8D9B,0x95DB,0x95DB,0x95DB,0x8DDC,0x7D5A,0x7D5B,0x7D7B,0x7D5B,0x6D1B,0x64FB,
  0x5CDB,0x4C7A,0x445A,0x33F9,0x6D1C,0x7D7C,0x7D7B,0x95DC,0x9DFC,0x9E1C,0x9E1C,0x9E1C,0x9DFC,0x9DFC,0x9DFC,0x9DFC,
  0x95FC,0x7D3A,0x9DFC,0xB67D,0xB67D,0xB67C,0xB69C,0xB67C,0xB67C,0xAE5C,0x95BB,0x7D5B,0x6D1B,0x64FB,0x4C7A,0x2C1A,
  0x1BDA,0x0338,0x0358,0x0358,0x0358,0x0358,0x0338,0x0358,0x0338,0x0338,0x0338,0x0338,0x0358,0x0358,0x0358,0x0358,
  0x0358,0x0358,0x0358,0x0358,0x0358,0x0358,0x0358,0x0358,0x0338,0x0338,0x0338,0x0338,0x0358,0x0338,0x0358,0x0358,
  0x0338,0x0317,0x0A10,0x0065,0x00C6,0x00C6,0x00C6,0x00C6,0x00C6,0x00C6,0x3A09,0x6B4C,0x6B4D,0x6B4C,0x6B4C,0x5ACB,
  0x632C,0x528A,0x4228,0x4A48,0x4228,0x4228,0x4228,0x39E7,0x6B2C,0x736D,0x6B4C,0x6B4D,0x630C,0x528A,0x4228,0x4207,
  0x4208,0x4228,0x4228,0x31A6,0x2945,0x2124,0x2124,0x3122,0x61A0,0x61E2,0x3312,0x1BB9,0x1BB9,0x1BB9,0x1B99,0x1BB9,
  0x1BB9,0x2398,0x3AAD,0x52AB,0x41E8,0x2147,0x2314,0x1BB9,0x1BB9,0x1B99,0x1BB9,0x1BB9,0x1B99,0x1B99,0x1B99,0x1B99,
  0x1BB9,0x1BB9,0x1BB9,0x1BB9,0x23B8,0x3C18,0x9DFC,0xAE5C,0xAE3C,0x7C31,0x634E,0xB61A,0x4A69,0x7454,0x7D9B,0x6498,
  0x53B3,0x4B92,0x4310,0x5B2D,0x634D,0x73CF,0x8C72,0x94B3,0x7BCF,0x736D,0x73AE,0x8410,0x8430,0x8430,0x8430,0x8410,
  0x840F,0x840F,0x8C71,0x840F,0x9CB2,0x83EF,0x736D,0x6B4C,0x73AD,0x7BCE,0x7BCE,0x83EF,0x8C30,0x8C30,0x844C,0x8CA6,
  0x6C01,0x5BE0,0x53A0,0x4320,0x4B00,0x4AA0,0x5241,0x5221,0x39A0,0x31C0,0x39C0,0x8A40,0x9200,0x9AE6,0xA42D,0x9C6F,
  0x942F,0x942F,0x942F,0x8BEE,0x9450,0x9C50,0x82EA,0x72A9,0x838D,0x738D,0x7BAE,0x83EF,0x8C30,0x8C30,0x8C30,0x840F,
  0x840F,0x83EF,0x83EF,0x840F,0x9450,0x6AAA,0x3985,0x3186,0x39C6,0x39A6,0x3186,0x2965,0x2124,0x10A2,0x1082,0x1905,
  0x6414,0x751B,0x751A,0x857B,0x857B,0x857B,0x857B,0x7D7B,0x7D7B,0x7D7B,0x7D7B,0x7D7B,0x7D5B,0x64DA,0x64DB,0x5CBB,
  0x4C7A,0x4C7A,0x3C5A,0x2BD9,0x5CFC,0x755C,0x7D7B,0x857B,0x9DFC,0x9E1C,0x9DFC,0x9DFC,0x9DFC,0x9DFC,0x9DFC,0x8DBB,
  0x753B,0x753B,0x9E1D,0xB67D,0xB67D,0xB67D,0xB69D,0xB69D,0xB69D,0xB67D,0x95FC,0x751A,0x6D3B,0x651B,0x4C7A,0x2BFA,
  0x1BDA,0x0338,0x0358,0x0358,0x0358,0x0358,0x0338,0x0358,0x0338,0x0358,0x0358,0x0358,0x0358,0x0358,0x0358,0x0358,
  0x0358,0x0358,0x0358,0x0358,0x0358,0x0358,0x0358,0x0358,0x0338,0x0338,0x0358,0x0358,0x0338,0x0338,0x0358,0x0358,
  0x0358,0x0338,0x0AF5,0x00C7,0x00C6,0x00C6,0x00C6,0x00C6,0x00C6,0x00C6,0x3A09,0x6B4D,0x6B4C,0x6B4C,0x6B4C,0x5ACB,
  0x632C,0x528A,0x4228,0x4228,0x4228,0x4228,0x4228,0x4A48,0x738D,0x6B4C,0x6B4D,0x6B4D,0x5AEB,0x5289,0x4208,0x4208,
  0x4228,0x4228,0x39E7,0x3185,0x2945,0x2944,0x2124,0x3123,0x61C0,0x61C1,0x3B32,0x1B99,0x1BB9,0x1BB9,0x1BB9,0x1BB9,
  0x1BB9,0x1BB9,0x1AD3,0x5B4F,0x2987,0x2270,0x23B9,0x1BB9,0x1BB9,0x1BB9,0x1B99,0x1BB9,0x1B99,0x1B99,0x1B99,0x1B99,
  0x1BB9,0x1BB9,0x1BB9,0x1BB9,0x1BB9,0x23B8,0x4C79,0x8DFD,0x7D5B,0x6390,0x5269,0x5ACB,0x4228,0x6414,0x74D6,0x6B8F,
  0x736D,0x738D,0x7BCE,0x840F,0x840F,0x8C30,0x8C50,0xA4F3,0x8C50,0x6B6D,0x738D,0x7BCF,0x8430,0x73AE,0x7BEF,0x8410,
  0x8C71,0x9CB2,0x83EF,0x83EF,0x7BCE,0x7BCE,0x8430,0x8C30,0x8C30,0x8430,0x840F,0x840F,0x8C30,0x8C50,0x9471,0x7BEC,
  0x6346,0x4B42,0x4341,0x3A80,0x79C1,0x70C0,0x6860,0xCB45,0x9921,0x60C1,0x28E0,0x8283,0x938A,0x9C90,0x6B4C,0x6B4C,
  0x736C,0x7BCE,0x83EF,0x83EF,0x8C2F,0x8C30,0x9470,0x9491,0x83EF,0x83EF,0x840F,0x8C30,0x8C30,0x8C30,0x8C30,0x8C0F,
  0x83EF,0x8C30,0x9491,0x9CB2,0x83EF,0x5248,0x3186,0x0020,0x18C2,0x2124,0x2124,0x2124,0x18E4,0x2166,0x84D6,0x7D18,
  0x7D5B,0x753B,0x6CFA,0x6D1A,0x6CFA,0x6D1A,0x6CFA,0x6CFA,0x6CFA,0x6CFA,0x6CFA,0x6CFA,0x64FA,0x547A,0x4C7A,0x445A,
  0x3C19,0x341A,0x23D9,0x1379,0x1399,0x3419,0x6D1B,0x753B,0x7D5B,0x859B,0x9DFC,0x9DFC,0x9DFC,0x8DDB,0x7D5A,0x753B,
  0x753B,0x5CBA,0x7D7B,0x9DFC,0x9DFB,0x9DFB,0x9DFB,0x9DFB,0x9DFB,0x95DC,0x7D5B,0x753B,0x64DA,0x549A,0x447A,0x2BFA,
  0x1BDA,0x0338,0x0358,0x0358,0x0358,0x0358,0x0358,0x0358,0x0358,0x0338,0x0358,0x0358,0x0358,0x0358,0x0358,0x0358,
  0x0358,0x0358,0x0358,0x0358,0x0358,0x0338,0x0358,0x0338,0x0338,0x0338,0x0358,0x0358,0x0358,0x0358,0x0358,0x0358,
  0x0358,0x0358,0x0338,0x0A30,0x00C7,0x00C6,0x00C6,0x00C6,0x00C6,0x00C6,0x3A09,0x6B4D,0x6B4C,0x6B4C,0x6B4D,0x5ACB,
  0x632C,0x528A,0x4228,0x4A28,0x4228,0x4228,0x4228,0x5AEB,0x6B6D,0x6B4D,0x6B4D,0x6B4D,0x5ACB,0x4228,0x4228,0x4228,
  0x4228,0x4228,0x39E7,0x2944,0x2945,0x2945,0x2944,0x3143,0x61C0,0x61C1,0x3B12,0x1B99,0x1B99,0x1B99,0x1BB9,0x1BB9,
  0x1BB9,0x1BBA,0x23B9,0x63F3,0x29CA,0x2B98,0x1BD9,0x1BB9,0x1BB9,0x1B99,0x1BB9,0x1BB9,0x1B99,0x1B99,0x1B99,0x1B99,
  0x1BB9,0x1BB9,0x1BB9,0x1BB9,0x1BB9,0x1BB8,0x23B8,0x2BD8,0x449B,0x4394,0x52ED,0x4228,0x29E9,0x6C33,0x7C31,0x840F,
  0x8C30,0x8C50,0x8C50,0x8C30,0x8C30,0x8C30,0x8C30,0x9CD2,0x9491,0x5289,0x5AAA,0x5AAA,0x6B4C,0x7BCE,0x7BEF,0x840F,
  0xAD14,0xA513,0x738D,0x736D,0x738D,0x8C30,0x8C50,0x8C30,0x8430,0x8C30,0x840F,0x8C50,0x9C92,0x9491,0x738D,0x5269,
  0x2984,0x3AA3,0x2220,0x4B63,0x6121,0x4020,0x3820,0xB1C2,0x4840,0x2020,0x1061,0x83CD,0x7B8D,0x73AE,0x8430,0x8430,
  0x840F,0x8430,0x8C30,0x8410,0x840F,0x842F,0x8C50,0xA4F3,0x7BCE,0x6B2C,0x7BCE,0x840F,0x9491,0x9CB2,0x9CD2,0xAD34,
  0xAD34,0xAD33,0x83EF,0x4208,0x3165,0x3165,0x2965,0x0021,0x52ED,0xBE7C,0xBE7C,0xB65B,0xAE1B,0x9DDB,0x95FC,0x859C,
  0x753B,0x64FB,0x5CBA,0x64DB,0x5CBA,0x5CBA,0x5CBA,0x5CBA,0x5CBA,0x5CBA,0x5CBA,0x5CBA,0x5CBA,0x4C5A,0x443A,0x3C19,
  0x33F9,0x2BD9,0x1BB9,0x0B79,0x0358,0x23D9,0x651B,0x6D1B,0x6D3B,0x753B,0x859B,0x859B,0x859B,0x859B,0x753B,0x753B,
  0x6D1B,0x5CBA,0x6D1B,0x859B,0x95DB,0x9DFB,0x9DFB,0x9DFC,0x8DBB,0x859C,0x753B,0x753B,0x5CDA,0x4C9B,0x3C3A,0x23FA,
  0x1BDA,0x0338,0x0358,0x0338,0x0358,0x0338,0x0338,0x0338,0x0338,0x0338,0x0358,0x0358,0x0358,0x0358,0x0358,0x0358,
  0x0358,0x0338,0x0358,0x0358,0x0358,0x0358,0x0338,0x0338,0x0338,0x0358,0x0358,0x0358,0x0338,0x0358,0x0358,0x0358,
  0x0358,0x0358,0x0338,0x0B16,0x014B,0x00C6,0x00C6,0x00C6,0x00C6,0x00C6,0x3A09,0x6B4D,0x6B4C,0x6B4C,0x6B4D,0x5ACB,
  0x632C,0x528A,0x4228,0x4228,0x4228,0x4228,0x4229,0x5AEB,0x6B4D,0x6B4D,0x6B4D,0x6B4D,0x5ACB,0x4228,0x4228,0x4228,
  0x4228,0x4228,0x39C7,0x2945,0x2945,0x2945,0x2945,0x3943,0x69C1,0x59A1,0x3311,0x1B99,0x1B99,0x1B98,0x1B98,0x1B99,
  0x1B99,0x1BB9,0x43D6,0x6390,0x31A7,0x2270,0x23B9,0x1BB9,0x1BB9,0x1BB9,0x1B99,0x1BB9,0x1BB9,0x1BB9,0x1BB9,0x1BB9,
  0x1B99,0x1B99,0x1BB9,0x1B99,0x1B99,0x1B98,0x1B98,0x1378,0x1B98,0x1B77,0x4332,0x4A49,0x4B71,0x7411,0x738D,0x738D,
  0x738E,0x7BEF,0x9471,0x9491,0x9CD2,0xA4F3,0xAD13,0x9CB2,0x5AAA,0x6B4C,0x7BCE,0x7BCE,0x83CE,0x83EF,0x8BEF,0x7B2C,
  0x8269,0xA32C,0x936E,0x732C,0x736D,0x7BAE,0x8C50,0x9CB2,0x9CB2,0xA4F3,0xAD54,0xAD54,0xAD54,0x5289,0x2965,0x2124,
  0x2144,0x18E1,0x1120,0x2AA1,0x1880,0x1040,0x1000,0x5061,0x0800,0x0820,0x2104,0x738D,0x736D,0x7BCF,0x8410,0x8411,
  0x7BEF,0x840F,0x8410,0x840F,0x9C91,0xA4F2,0x8C0F,0x5ACA,0x5289,0x2944,0x738D,0x6B4C,0x5AAA,0x52AA,0x5ACA,0x5ACB,
  0x5AEB,0x4A49,0x2945,0x2124,0x2965,0x3165,0x2965,0x322A,0xA61C,0xB69D,0xB67D,0xB69D,0xAE5D,0x95DC,0x859B,0x751B,
  0x5CDA,0x4C5A,0x3C19,0x445A,0x4C7A,0x4C7A,0x4C9A,0x549A,0x549A,0x4C9A,0x4C7A,0x4C7A,0x4C7A,0x4C7A,0x3C3A,0x33F9,
  0x341A,0x1BB9,0x1399,0x0B58,0x0318,0x23B9,0x54DB,0x64FB,0x6CFB,0x6D1A,0x751A,0x751A,0x753A,0x753A,0x753A,0x753A,
  0x753B,0x5CBA,0x549A,0x5CBA,0x7D7B,0x95BB,0x95DB,0x8DBB,0x753A,0x753A,0x753B,0x753B,0x64FB,0x4C9B,0x2BF9,0x23DA,
  0x1BBA,0x0338,0x0338,0x0358,0x0338,0x0358,0x0338,0x0358,0x0358,0x0358,0x0338,0x0338,0x0338,0x0338,0x0338,0x0358,
  0x0358,0x0338,0x0358,0x0358,0x0358,0x0358,0x0358,0x0338,0x0358,0x0338,0x0358,0x0358,0x0358,0x0358,0x0338,0x0358,
  0x0358,0x0358,0x0338,0x0338,0x0A93,0x00E8,0x0085,0x0084,0x00C5,0x00C5,0x3A29,0x6B6D,0x6B4C,0x6B4C,0x6B4D,0x5ACB,
  0x632C,0x528A,0x4228,0x4228,0x4228,0x4228,0x4A29,0x5AEB,0x6B6D,0x6B4D,0x6B4D,0x6B4D,0x52AA,0x4228,0x4228,0x4228,
  0x4228,0x4228,0x39E7,0x2945,0x2945,0x2945,0x2945,0x3943,0x69E1,0x61C1,0x3B11,0x1B99,0x1B97,0x2394,0x2394,0x2395,
  0x23B5,0x2BB4,0x63F2,0x39C7,0x2966,0x29C9,0x2377,0x1BB9,0x1BB9,0x1B99,0x1B99,0x1BB9,0x1B99,0x1B99,0x1BB9,0x1BB9,
  0x1BB9,0x1BB9,0x1BB9,0x1B99,0x1B99,0x1B99,0x1B98,0x1BB8,0x1B98,0x2397,0x5371,0x4A48,0x4A8A,0x7BEF,0x6B2C,0x630C,
  0x630C,0x6B4D,0x736D,0x528A,0x528A,0x5289,0x5289,0x5289,0x7BAE,0x83EF,0x9471,0x9471,0x9451,0x9471,0x8ACB,0x4882,
  0xA30C,0xD3CF,0x91C8,0x38C3,0x5AAA,0x6B4C,0x630B,0x5ACA,0x5ACA,0x5ACA,0x5AAA,0x5A8A,0x3186,0x2124,0x2124,0x2124,
  0x2945,0x0020,0x0860,0x21C2,0x0881,0x2122,0x2102,0x0820,0x0840,0x1000,0x5A8A,0x6B4C,0x6B2C,0x6B4D,0x7BAF,0x7BCF,
  0x8C51,0x8C71,0x9491,0xA513,0xA4F2,0x8C2F,0x4207,0x2124,0x2965,0x2965,0x73AE,0x6B4D,0x4A28,0x4207,0x4208,0x4208,
  0x4228,0x39E7,0x2945,0x2124,0x2965,0x2965,0x3185,0x4AED,0xAE9D,0xB69D,0xA63C,0x9DDB,0x9DDC,0x95DC,0x859B,0x753B,
  0x64FB,0x4C9A,0x3C5A,0x1BB8,0x2BF9,0x3419,0x3419,0x3C19,0x3C19,0x3419,0x3419,0x3419,0x33F9,0x33F9,0x23B9,0x1378,
  0x1BB9,0x0B38,0x0338,0x0338,0x0338,0x0338,0x0B37,0x4C7A,0x4C7A,0x5CBA,0x6CFA,0x6CFA,0x6D1A,0x6CFA,0x6D1A,0x6CFA,
  0x5499,0x5479,0x4C59,0x4C59,0x64DA,0x753A,0x753A,0x753A,0x753B,0x6CFA,0x549A,0x549A,0x4C7A,0x33F9,0x23DA,0x0B79,
  0x0339,0x0338,0x0338,0x0338,0x0338,0x0338,0x0338,0x0338,0x0338,0x0358,0x0358,0x0358,0x0358,0x0358,0x0358,0x0358,
  0x0358,0x0358,0x0358,0x0358,0x0338,0x0338,0x0358,0x0338,0x0338,0x0358,0x0358,0x0358,0x0358,0x0358,0x0358,0x0358,
  0x0358,0x0358,0x0358,0x0338,0x0337,0x0A30,0x00C7,0x0084,0x00C5,0x00C5,0x3A09,0x736D,0x6B4D,0x6B4D,0x6B4C,0x5ACB,
  0x632C,0x528A,0x4A28,0x4228,0x4228,0x4228,0x4A49,0x5AEB,0x6B6D,0x6B6D,0x6B6D,0x6B4D,0x52AA,0x4228,0x4228,0x4228,
  0x4228,0x4228,0x39E7,0x2965,0x2945,0x2945,0x2945,0x3963,0x69E1,0x6A21,0x4B8E,0x33F4,0x440D,0x6C65,0x6445,0x6446,
  0x5404,0x5C04,0x5B86,0x3289,0x4B91,0x426B,0x2B76,0x1BB9,0x1BB9,0x1BB9,0x1B99,0x1B99,0x1B99,0x1B99,0x1B99,0x1BB9,
  0x1BB9,0x1BB9,0x1B99,0x1B99,0x1B99,0x1B99,0x1B99,0x2398,0x2397,0x53D4,0x632D,0x62EB,0x5289,0x5ACB,0x630C,0x630C,
  0x630C,0x630B,0x4A69,0x4208,0x4228,0x4228,0x4A49,0x7BCF,0x6B6D,0x736D,0x7BAE,0x840F,0x8C30,0x83EF,0x6208,0x0800,
  0x6145,0x50A2,0x1000,0x0841,0x0841,0x736D,0x630B,0x4A48,0x4A28,0x4A28,0x4A28,0x4A28,0x31A6,0x2124,0x2124,0x2924,
  0x3165,0x6B4C,0xA4F2,0xA512,0xAD34,0xAD34,0xA513,0x9CD2,0x736C,0x3903,0x5A69,0x6B2C,0x6B2C,0x6B2C,0x6B2C,0x5289,
  0x5269,0x5269,0x5269,0x5269,0x5289,0x39A6,0x2924,0x2924,0x2945,0x2965,0x73AE,0x6B4D,0x4A28,0x4208,0x4208,0x4208,
  0x4228,0x4208,0x2965,0x2924,0x3165,0x3165,0x2965,0x2A6D,0x4C57,0xA65D,0xA61C,0x8DBC,0x859B,0x859B,0x7D5B,0x64FA,
  0x54BA,0x4C7A,0x2BD9,0x1398,0x1399,0x1B99,0x23D9,0x23D9,0x23D9,0x23D9,0x23D9,0x23D9,0x23D9,0x23D9,0x1399,0x0B58,
  0x1379,0x0338,0x0338,0x0338,0x0358,0x0338,0x0338,0x1B99,0x3419,0x4C7A,0x5C99,0x5C99,0x5499,0x5499,0x5499,0x5C9A,
  0x5479,0x4439,0x3C19,0x4439,0x4C79,0x5CBA,0x5CBA,0x5CBA,0x5CBA,0x5CBA,0x549A,0x4C7A,0x3C3A,0x2BFA,0x1379,0x0359,
  0x0339,0x0339,0x0358,0x0358,0x0358,0x0338,0x0338,0x0358,0x0338,0x0358,0x0358,0x0358,0x0338,0x0338,0x0338,0x0358,
  0x0358,0x0338,0x0338,0x0338,0x0338,0x0338,0x0358,0x0358,0x0358,0x0358,0x0358,0x0358,0x0358,0x0358,0x0358,0x0358,
  0x0358,0x0358,0x0358,0x0338,0x0338,0x0317,0x0A51,0x00E8,0x00C5,0x00C5,0x3A29,0x736D,0x6B4D,0x6B4D,0x6B4D,0x5ACB,
  0x632C,0x528A,0x4228,0x4249,0x4A49,0x4228,0x4A29,0x5AEB,0x6B6D,0x6B6D,0x6B4D,0x6B6D,0x52AA,0x4228,0x4228,0x4228,
  0x4228,0x4228,0x39E7,0x2965,0x2945,0x2945,0x2945,0x3963,0x6A61,0x7BC2,0x95C9,0x95EA,0x7503,0x74C1,0x6420,0x5BE0,
  0x53C0,0x53C0,0x53C1,0x53E3,0x4BA5,0x3246,0x2B74,0x23B9,0x1BB9,0x1BB9,0x1B99,0x1B99,0x1B99,0x1BB9,0x1BB9,0x1BB9,
  0x1BB9,0x1BB9,0x1B99,0x1B99,0x1B99,0x1B99,0x1B99,0x2398,0x3BD6,0x9D14,0x9CD2,0x9491,0x73AE,0x39E7,0x5AEB,0x632C,
  0x632C,0x630B,0x4228,0x4208,0x4228,0x4228,0x6B4D,0x8410,0x6B2C,0x6B2C,0x6B2C,0x6B4C,0x630B,0x5269,0x5269,0x20E3,
  0x3904,0x2041,0x1082,0x2945,0x0861,0x738D,0x6B2C,0x4A28,0x4A08,0x4A28,0x4A28,0x4A28,0x39A6,0x2945,0x2945,0x4A48,
  0x8C30,0x7BAE,0x6B2C,0x6B4C,0x7BAE,0x840F,0x8C30,0x9CB2,0x9CB2,0x9470,0x734C,0x6B2C,0x6B2C,0x6B2C,0x6B2C,0x5269,
  0x4207,0x4207,0x4207,0x4208,0x4208,0x31A6,0x2945,0x2944,0x2945,0x2944,0x738E,0x6B4D,0x4A28,0x4208,0x4208,0x4228,
  0x4228,0x4208,0x2965,0x2945,0x3165,0x2965,0x2166,0x1292,0x1316,0x85DD,0x9E1D,0x859C,0x6D1B,0x6D1B,0x6D1B,0x5CBA,
  0x4C7A,0x3419,0x23D9,0x0B79,0x0338,0x0359,0x1399,0x1399,0x1B99,0x1B99,0x1B99,0x1B99,0x1399,0x1399,0x0B59,0x0338,
  0x0338,0x0338,0x0338,0x0338,0x0358,0x0358,0x0338,0x0338,0x23D9,0x3C19,0x4C59,0x4C59,0x4C59,0x4C59,0x4C59,0x4C59,
  0x4C5A,0x33F9,0x2BD9,0x3C19,0x4439,0x547A,0x4C79,0x4C79,0x4C59,0x4C5A,0x4C5A,0x445A,0x2BFA,0x1BBA,0x0358,0x0359,
  0x0359,0x0338,0x0338,0x0358,0x0358,0x0358,0x0338,0x0358,0x0338,0x0358,0x0338,0x0358,0x0358,0x0358,0x0358,0x0358,
  0x0338,0x0338,0x0338,0x0338,0x0338,0x0338,0x0358,0x0358,0x0358,0x0358,0x0358,0x0338,0x0358,0x0358,0x0338,0x0358,
  0x0358,0x0338,0x0358,0x0338,0x0338,0x0338,0x0338,0x0A72,0x00C7,0x00C5,0x3A29,0x738D,0x6B4D,0x6B4D,0x6B4D,0x5ACB,
  0x632C,0x528A,0x4228,0x4A48,0x4A49,0x4A29,0x4A49,0x5AEB,0x6B4D,0x6B6D,0x6B6D,0x6B6D,0x52AA,0x4228,0x4228,0x4228,
  0x4228,0x4228,0x39E7,0x2965,0x2965,0x2945,0x2124,0x31C2,0x6361,0x74A2,0x6C82,0x5C00,0x6440,0x53E0,0x4B80,0x3B00,
  0x3B00,0x32C0,0x32A0,0x2A80,0x3280,0x2221,0x11E5,0x2B95,0x1BB9,0x1BB9,0x1BB9,0x1BB9,0x1BB9,0x1BB9,0x1BB9,0x1BB9,
  0x1BB9,0x1B99,0x1B99,0x1B99,0x1B99,0x1B99,0x1B98,0x2397,0x7495,0x9CD3,0x840F,0x83EF,0x6B4D,0x2965,0x5ACB,0x6B2C,
  0x6B2C,0x5AEB,0x4A28,0x4208,0x4228,0x4208,0x8431,0x736D,0x6B2C,0x632C,0x632C,0x6B2C,0x4208,0x41E8,0x41E7,0x4207,
  0x4228,0x20E3,0x2104,0x2965,0x2945,0x6B4C,0x6B2C,0x4A48,0x4228,0x4228,0x4A48,0x4A48,0x31A6,0x3185,0x5A8A,0x7BAE,
  0x7BAE,0x7BCE,0x83EF,0x83CE,0x840F,0x840F,0x8C30,0x8C30,0x8C50,0x8C50,0x83EF,0x6B2C,0x6B2C,0x6B2C,0x6B2C,0x5269,
  0x4A48,0x4A28,0x4A28,0x4A48,0x4228,0x31A6,0x2965,0x2965,0x2945,0x2104,0x630C,0x62EB,0x4A49,0x4228,0x4228,0x4228,
  0x4208,0x39E7,0x3165,0x2944,0x3165,0x3165,0x2146,0x12D4,0x0338,0x0B57,0x549A,0x7D7C,0x64FB,0x64FB,0x549A,0x4C7A,
  0x3C3A,0x23D9,0x13B9,0x0338,0x0359,0x0339,0x0338,0x0358,0x0338,0x0338,0x0338,0x0338,0x0338,0x0338,0x0338,0x0338,
  0x0358,0x0338,0x0358,0x0358,0x0358,0x0358,0x0358,0x0358,0x0358,0x1B98,0x3C19,0x3BF9,0x3C19,0x3C19,0x3C19,0x3BF9,
  0x2BD9,0x1358,0x1378,0x23B9,0x33F9,0x4439,0x4439,0x4439,0x3C19,0x33F9,0x33F9,0x2BF9,0x1399,0x0338,0x0358,0x0358,
  0x0358,0x0358,0x0358,0x0358,0x0358,0x0338,0x0358,0x0358,0x0358,0x0358,0x0358,0x0358,0x0358,0x0358,0x0338,0x0338,
  0x0338,0x0338,0x0338,0x0338,0x0338,0x0338,0x0338,0x0358,0x0358,0x0358,0x0358,0x0358,0x0358,0x0358,0x0358,0x0358,
  0x0358,0x0358,0x0338,0x0338,0x0338,0x0358,0x0338,0x0AD6,0x09AD,0x0064,0x31C8,0x6B2C,0x6B4C,0x6B4C,0x6B4D,0x5ACB,
  0x632C,0x528A,0x4A48,0x4248,0x4A49,0x4A48,0x4A49,0x5AEB,0x6B6D,0x6B6D,0x6B4D,0x6B6D,0x5AAA,0x4228,0x4228,0x4228,
  0x4228,0x4228,0x39E7,0x2965,0x2965,0x2965,0x31C3,0x5B63,0x5361,0x5381,0x42E0,0x5381,0x4B40,0x3B00,0x4300,0x2A80,
  0x2220,0x2A20,0x2A41,0x1180,0x19C0,0x0920,0x08E0,0x0966,0x2355,0x1BB9,0x1BB9,0x1BB9,0x1BB9,0x1BB9,0x1BB9,0x1BB9,
  0x1B99,0x1BB9,0x1B99,0x1B99,0x1B99,0x1B99,0x1B98,0x43F6,0x8CB3,0x83EF,0x7BCE,0x630B,0x4A28,0x4228,0x20E4,0x6B6D,
  0x6B4C,0x5AAA,0x4208,0x4208,0x4208,0x4228,0x73AE,0x6B6D,0x6B2D,0x6B2C,0x6B2C,0x630C,0x4228,0x4208,0x4208,0x4208,
  0x4228,0x39C7,0x2945,0x2945,0x2945,0x4A49,0x6B4C,0x4A49,0x4228,0x4A28,0x4A28,0x4A48,0x39A6,0x5249,0x6B4C,0x7BAE,
  0x840F,0x8C30,0x8C30,0x840F,0x840F,0x83EF,0x840F,0x9471,0x9CD2,0x9471,0x736D,0x6B2C,0x6B4C,0x6B4C,0x6B2C,0x5269,
  0x4A48,0x4A48,0x4A28,0x4A28,0x4A28,0x31A6,0x2965,0x2965,0x2945,0x2124,0x630C,0x62EB,0x4A49,0x4228,0x4228,0x4228,
  0x4208,0x39E7,0x2965,0x2944,0x3165,0x2945,0x10E4,0x0AF4,0x0358,0x0359,0x1378,0x2397,0x4C7A,0x4C7A,0x445A,0x3419,
  0x23F9,0x0B78,0x0338,0x0338,0x0359,0x0359,0x0358,0x0358,0x0338,0x0338,0x0338,0x0358,0x0339,0x0359,0x0338,0x0358,
  0x0358,0x0358,0x0358,0x0358,0x0358,0x0358,0x0358,0x0358,0x0338,0x0B58,0x1378,0x1378,0x2BD8,0x2BD8,0x2BB8,0x2398,
  0x0B58,0x0358,0x0358,0x0B58,0x1378,0x23B8,0x33F9,0x33F9,0x33F9,0x1BB8,0x0B58,0x0B58,0x0B58,0x0358,0x0358,0x0358,
  0x0358,0x0358,0x0358,0x0358,0x0358,0x0358,0x0338,0x0358,0x0358,0x0358,0x0358,0x0338,0x0358,0x0358,0x0338,0x0338,
  0x0358,0x0358,0x0338,0x0338,0x0338,0x0358,0x0358,0x0358,0x0338,0x0358,0x0358,0x0358,0x0338,0x0358,0x0358,0x0358,
  0x0358,0x0358,0x0358,0x0338,0x0358,0x0358,0x0358,0x0338,0x0A73,0x0086,0x31C8,0x6B4C,0x6B4C,0x6B4D,0x6B4C,0x5ACB,
  0x632C,0x528A,0x4A28,0x4228,0x4A49,0x4A49,0x4A49,0x5AEB,0x6B6D,0x6B6D,0x6B6D,0x6B6D,0x5AAA,0x4228,0x4228,0x4228,
  0x4228,0x4228,0x39E7,0x2965,0x2945,0x2964,0x4B03,0x31A0,0x63E2,0x42C0,0x4B21,0x5361,0x3260,0x3AA1,0x42E1,0x2220,
  0x2221,0x1160,0x2A21,0x0900,0x1141,0x08E0,0x0040,0x0040,0x1A2E,0x1BB9,0x1BB9,0x1BB9,0x1BB9,0x1B99,0x1BB9,0x1BB9,
  0x1BB9,0x1BB9,0x1B99,0x1B99,0x1B99,0x1B99,0x33B7,0x9537,0x7BAE,0x7BAE,0x7BCE,0x52AA,0x4A49,0x4A49,0x2104,0x736D,
  0x6B4D,0x5289,0x4208,0x4208,0x4228,0x4228,0x6B2C,0x6B4C,0x6B4C,0x6B2C,0x6B4C,0x528A,0x4228,0x4228,0x4208,0x4208,
  0x39E7,0x2965,0x2945,0x2945,0x2945,0x4208,0x6B2C,0x4A49,0x4A28,0x4A28,0x4228,0x4A28,0x31A6,0x4A49,0x6B2C,0x734D,
  0x738D,0x83EF,0x9471,0x9CB1,0x9491,0x9CD2,0xAD33,0xB554,0x9C91,0x5269,0x4208,0x6B2C,0x6B4C,0x6B4C,0x6B2C,0x5269,
  0x4A48,0x4A48,0x4A48,0x4A28,0x4228,0x31A6,0x2965,0x2965,0x2945,0x2925,0x632C,0x62EB,0x4228,0x4228,0x4228,0x4228,
  0x4228,0x41E8,0x3165,0x2944,0x3165,0x2965,0x0949,0x0B16,0x0358,0x0359,0x0338,0x0B58,0x2BFA,0x341A,0x23D9,0x1399,
  0x1399,0x0338,0x0338,0x0338,0x0358,0x0359,0x0338,0x0338,0x0338,0x0338,0x0338,0x0338,0x0338,0x0338,0x0338,0x0338,
  0x0358,0x0358,0x0358,0x0358,0x0358,0x0338,0x0358,0x0338,0x0358,0x0358,0x0358,0x0B58,0x1379,0x1378,0x1378,0x1378,
  0x0338,0x0338,0x0338,0x0338,0x0338,0x0B78,0x1B98,0x1B98,0x1378,0x0B78,0x0338,0x0358,0x0358,0x0358,0x0338,0x0338,
  0x0358,0x0358,0x0338,0x0338,0x0358,0x0358,0x0358,0x0358,0x0338,0x0338,0x0338,0x0338,0x0338,0x0338,0x0338,0x0338,
  0x0338,0x0338,0x0338,0x0338,0x0338,0x0338,0x0338,0x0338,0x0358,0x0358,0x0358,0x0358,0x0358,0x0358,0x0358,0x0338,
  0x0358,0x0338,0x0338,0x0338,0x0338,0x0338,0x0358,0x0338,0x0317,0x09AD,0x31E8,0x6B4C,0x6B4C,0x6B4D,0x6B4D,0x5ACB,
  0x6B2C,0x528A,0x4A28,0x4A48,0x4A49,0x4A49,0x4A49,0x5AEB,0x6B6D,0x6B4D,0x6B6D,0x6B6D,0x5AAB,0x4228,0x4A29,0x4228,
  0x4228,0x4228,0x39E6,0x2964,0x2964,0x3A23,0x63E3,0x63A2,0x5BC1,0x5381,0x6402,0x4301,0x2A00,0x5322,0x21C0,0x1120,
  0x3222,0x0060,0x1101,0x2162,0x0880,0x0060,0x0040,0x1147,0x1AF3,0x1BBA,0x1BBA,0x1BB9,0x1B99,0x1BB9,0x1BB9,0x1B99,
  0x1B99,0x1B99,0x1B99,0x1B99,0x1B99,0x1B99,0x4417,0x8C92,0x73AE,0x73AE,0x7BCF,0x4A69,0x5269,0x5289,0x2124,0x738D,
  0x6B2C,0x4A69,0x4208,0x4208,0x4228,0x4228,0x632C,0x6B4C,0x6B4C,0x6B4C,0x6B4C,0x4A69,0x4228,0x4228,0x4208,0x4208,
  0x39E7,0x2965,0x2945,0x2945,0x2945,0x41E7,0x736D,0x4A49,0x4A28,0x4A28,0x4A28,0x4A28,0x3186,0x4A49,0x6B2C,0x6B4C,
  0x6B4C,0x6B2C,0x5AEA,0x5AEA,0x5ACA,0x5ACA,0x5AEA,0x5ACA,0x31A6,0x2925,0x2945,0x39C7,0x62EB,0x6B4C,0x6B2C,0x5269,
  0x4A28,0x4A48,0x4A48,0x4A48,0x4A28,0x31A6,0x2945,0x2965,0x3165,0x2945,0x6B4D,0x62EB,0x4A48,0x4228,0x4228,0x4228,
  0x4228,0x4208,0x3165,0x2944,0x2965,0x1149,0x1316,0x0358,0x0358,0x0358,0x0338,0x0338,0x0338,0x0338,0x0338,0x0338,
  0x0338,0x0358,0x0358,0x0358,0x0358,0x0338,0x0358,0x0358,0x0338,0x0338,0x0338,0x0338,0x0338,0x0338,0x0338,0x0358,
  0x0358,0x0338,0x0358,0x0338,0x0358,0x0358,0x0358,0x0338,0x0358,0x0358,0x0358,0x0358,0x0358,0x0338,0x0338,0x0358,
  0x0358,0x0338,0x0338,0x0358,0x0358,0x0358,0x0358,0x0338,0x0338,0x0338,0x0358,0x0358,0x0358,0x0358,0x0358,0x0338,
  0x0358,0x0358,0x0358,0x0358,0x0358,0x0358,0x0358,0x0358,0x0358,0x0338,0x0358,0x0338,0x0358,0x0338,0x0338,0x0338,
  0x0338,0x0358,0x0338,0x0338,0x0338,0x0358,0x0338,0x0358,0x0358,0x0358,0x0338,0x0358,0x0358,0x0358,0x0358,0x0358,
  0x0338,0x0338,0x0338,0x0358,0x0338,0x0338,0x0338,0x0338,0x0338,0x01EF,0x39E9,0x6B4C,0x6B4C,0x6B4C,0x6B4C,0x5ACB,
  0x632C,0x528A,0x4A28,0x4A28,0x4A49,0x4A49,0x4A49,0x5AEB,0x6B4D,0x6B4D,0x6B6D,0x6B6D,0x5AAA,0x4208,0x4208,0x4208,
  0x4208,0x4267,0x63C7,0x6C25,0x6404,0x6422,0x6421,0x53C0,0x4BA0,0x4340,0x4B40,0x4B40,0x5341,0x5B21,0x2100,0x10C0,
  0x21A1,0x0040,0x0000,0x0000,0x0800,0x0000,0x0000,0x1169,0x1BB8,0x1BB9,0x1BB9,0x1B99,0x1BB9,0x1BB9,0x1BB9,0x1BB9,
  0x1B99,0x1B99,0x1BB9,0x1B99,0x1B99,0x1B98,0x3BB6,0x7C10,0x7BAE,0x7BAE,0x5AEB,0x4228,0x528A,0x528A,0x4207,0x4228,
  0x632C,0x5269,0x4228,0x4228,0x4228,0x4208,0x528A,0x632C,0x6B4C,0x6B4C,0x630B,0x4228,0x4228,0x4228,0x4208,0x4208,
  0x39E7,0x2965,0x2945,0x2945,0x2124,0x39C6,0x6B4D,0x4A49,0x4228,0x4A29,0x4A29,0x4A28,0x39C7,0x5AAA,0x736D,0x736D,
  0x736D,0x6B4C,0x5ACA,0x52AA,0x52AA,0x52AA,0x528A,0x4A49,0x2945,0x2125,0x2925,0x2945,0x2945,0x6B2C,0x630B,0x4A49,
  0x4228,0x4228,0x4228,0x4228,0x4A49,0x3186,0x2945,0x2945,0x2965,0x2124,0x630C,0x62EB,0x4228,0x4208,0x4208,0x4208,
  0x4228,0x39E7,0x2945,0x18E3,0x10A3,0x09CD,0x0358,0x0358,0x0338,0x0338,0x0338,0x0338,0x0358,0x0338,0x0338,0x0338,
  0x0358,0x0358,0x0338,0x0358,0x0358,0x0358,0x0358,0x0358,0x0358,0x0358,0x0358,0x0358,0x0338,0x0338,0x0338,0x0358,
  0x0338,0x0358,0x0358,0x0358,0x0358,0x0358,0x0358,0x0358,0x0358,0x0358,0x0358,0x0358,0x0358,0x0358,0x0358,0x0358,
  0x0338,0x0338,0x0338,0x0358,0x0358,0x0358,0x0358,0x0358,0x0338,0x0338,0x0358,0x0358,0x0358,0x0338,0x0338,0x0358,
  0x0358,0x0358,0x0358,0x0338,0x0358,0x0358,0x0358,0x0358,0x0358,0x0338,0x0358,0x0338,0x0358,0x0338,0x0338,0x0338,
  0x0358,0x0338,0x0358,0x0338,0x0358,0x0358,0x0358,0x0338,0x0358,0x0358,0x0358,0x0358,0x0358,0x0358,0x0338,0x0358,
  0x0338,0x0338,0x0338,0x0358,0x0338,0x0338,0x0358,0x0358,0x0338,0x0A52,0x322B,0x632C,0x6B4D,0x6B4D,0x6B4D,0x5ACB,
  0x632C,0x528A,0x4A28,0x4A48,0x4A49,0x4A49,0x4A49,0x5AEB,0x6B4D,0x6B6D,0x6B6D,0x6B6D,0x5AAA,0x4208,0x4208,0x4208,
  0x4A86,0x7467,0x7D05,0x7CE3,0x6441,0x5C00,0x5BE0,0x4B80,0x3B20,0x3AE0,0x5260,0x5A00,0x6160,0x8181,0x78E1,0x2820,
  0x28A1,0x0800,0x0800,0x1800,0x2040,0x0800,0x1820,0x216A,0x1B98,0x1BB9,0x1B99,0x1BB9,0x1BB9,0x1BB9,0x1BB9,0x1B99,
  0x1B99,0x1B99,0x1B99,0x1B99,0x1B99,0x1B98,0x3374,0x634D,0x7BCE,0x73AE,0x4208,0x4228,0x528A,0x528A,0x4A69,0x2944,
  0x528A,0x5289,0x4A28,0x4228,0x4228,0x4208,0x4208,0x52AA,0x6B4C,0x6B4D,0x630B,0x4228,0x4228,0x4228,0x4208,0x4228,
  0x39E7,0x2965,0x2945,0x2124,0x20E3,0x5289,0x62EB,0x4A49,0x4A28,0x4228,0x4208,0x4207,0x39C7,0x4A28,0x62EB,0x6B4C,
  0x736D,0x6B4C,0x5ACA,0x5289,0x5269,0x5289,0x5289,0x4A49,0x2965,0x2125,0x2124,0x2124,0x2965,0x6B2C,0x630C,0x4A69,
  0x4228,0x4228,0x4228,0x4228,0x4A49,0x31A6,0x2945,0x2945,0x18C3,0x3165,0x5ACA,0x5269,0x41E7,0x39E7,0x39C6,0x3186,
  0x3186,0x2945,0x18C3,0x0042,0x094A,0x0AD5,0x0358,0x0358,0x0358,0x0358,0x0338,0x0358,0x0358,0x0358,0x0338,0x0358,
  0x0338,0x0358,0x0358,0x0338,0x0358,0x0358,0x0358,0x0358,0x0358,0x0338,0x0358,0x0358,0x0358,0x0338,0x0358,0x0358,
  0x0338,0x0358,0x0358,0x0358,0x0338,0x0338,0x0358,0x0358,0x0358,0x0358,0x0358,0x0358,0x0358,0x0358,0x0358,0x0358,
  0x0358,0x0338,0x0358,0x0338,0x0358,0x0358,0x0358,0x0358,0x0358,0x0338,0x0358,0x0358,0x0358,0x0358,0x0358,0x0338,
  0x0358,0x0358,0x0358,0x0358,0x0358,0x0358,0x0358,0x0338,0x0338,0x0338,0x0338,0x0338,0x0338,0x0338,0x0338,0x0338,
  0x0338,0x0358,0x0338,0x0338,0x0338,0x0358,0x0358,0x0358,0x0358,0x0358,0x0358,0x0358,0x0358,0x0358,0x0338,0x0338,
  0x0338,0x0338,0x0338,0x0338,0x0358,0x0338,0x0358,0x0358,0x0338,0x0B17,0x32AF,0x632C,0x6B4D,0x6B4D,0x6B4D,0x5ACB,
  0x632C,0x528A,0x4A48,0x4A48,0x4A49,0x4A49,0x4A49,0x5AEB,0x6B4D,0x6B4D,0x6B6D,0x6B6D,0x52AA,0x4208,0x4228,0x4246,
  0x73E5,0x63E1,0x5BE1,0x53A0,0x4B80,0x4340,0x3B20,0x3B00,0x32C0,0x3A60,0x8121,0x6860,0x7902,0xEB65,0xA122,0x6061,
  0x3840,0x3041,0x1800,0x3020,0x4860,0x3040,0x3020,0x318A,0x1B98,0x1B99,0x1B99,0x1B99,0x1BB9,0x1B99,0x1BB9,0x1BB9,
  0x1B99,0x1B99,0x1B99,0x1BB9,0x1BB9,0x1B99,0x3354,0x52CB,0x738E,0x6B6D,0x4228,0x5269,0x528A,0x528A,0x4228,0x2124,
  0x4208,0x5289,0x4A48,0x4228,0x4208,0x41E7,0x39C7,0x39E7,0x5ACA,0x6B4C,0x630B,0x4228,0x4208,0x4228,0x4228,0x4228,
  0x41E7,0x2965,0x2925,0x10A3,0x2124,0x4A48,0x5289,0x4208,0x4208,0x4207,0x39C6,0x31A6,0x2965,0x2104,0x3186,0x4A49,
  0x6B2C,0x736D,0x5289,0x4A28,0x4208,0x4A08,0x4A28,0x4207,0x3186,0x2945,0x18C3,0x18E3,0x4207,0x630C,0x6B2C,0x5269,
  0x4228,0x4228,0x4228,0x4228,0x4A49,0x39C7,0x2965,0x2104,0x0861,0x1082,0x39A6,0x4A49,0x39A6,0x3185,0x2944,0x2944,
  0x18E3,0x18E4,0x10A3,0x08E7,0x0A52,0x0358,0x0358,0x0338,0x0358,0x0338,0x0338,0x0358,0x0358,0x0358,0x0358,0x0358,
  0x0338,0x0358,0x0358,0x0338,0x0358,0x0358,0x0358,0x0358,0x0358,0x0358,0x0358,0x0358,0x0358,0x0358,0x0358,0x0358,
  0x0358,0x0338,0x0358,0x0358,0x0358,0x0358,0x0358,0x0358,0x0358,0x0358,0x0358,0x0358,0x0358,0x0358,0x0358,0x0358,
  0x0358,0x0358,0x0358,0x0358,0x0358,0x0338,0x0338,0x0358,0x0358,0x0358,0x0358,0x0358,0x0358,0x0338,0x0358,0x0358,
  0x0358,0x0358,0x0358,0x0358,0x0358,0x0358,0x0358,0x0338,0x0338,0x0358,0x0358,0x0358,0x0358,0x0358,0x0338,0x0358,
  0x0358,0x0358,0x0358,0x0338,0x0358,0x0338,0x0358,0x0358,0x0358,0x0358,0x0358,0x0358,0x0358,0x0358,0x0358,0x0358,
  0x0358,0x0338,0x0338,0x0358,0x0338,0x0338,0x0338,0x0338,0x0338,0x0338,0x3332,0x6B4D,0x6B4D,0x6B4D,0x6B4D,0x5ACB,
  0x632C,0x528A,0x4A28,0x4A28,0x4A49,0x4A49,0x4A48,0x62EB,0x6B6D,0x6B6D,0x6B6D,0x6B4D,0x52AA,0x4228,0x4227,0x6B87,
  0x4242,0x63E3,0x4B61,0x5381,0x6C62,0x2AA0,0x3B00,0x53A2,0x4321,0x29E0,0x4081,0x1800,0x3820,0x5840,0x1800,0x1800,
  0x1000,0x48A1,0x5060,0x3800,0x5860,0x5060,0x4840,0x318A,0x1B98,0x1B99,0x1B99,0x1B99,0x1B99,0x1B99,0x1B99,0x1B99,
  0x1B99,0x1B99,0x1B99,0x1B99,0x1B98,0x1B99,0x2376,0x324C,0x39E7,0x4A48,0x528A,0x5289,0x528A,0x4228,0x31A6,0x2124,
  0x4208,0x4A28,0x4228,0x39E7,0x39C7,0x3166,0x2965,0x3186,0x4A28,0x528A,0x5AAA,0x4207,0x4228,0x4208,0x4207,0x4207,
  0x39E7,0x2124,0x10A2,0x0841,0x0000,0x18E3,0x39C6,0x39A6,0x39A6,0x3186,0x2965,0x2924,0x2104,0x18C3,0x1061,0x4208,
  0x5289,0x6B2C,0x5269,0x4A28,0x4208,0x39E7,0x39E7,0x3186,0x2945,0x18C3,0x1082,0x0000,0x41C7,0x5269,0x62EB,0x4A49,
  0x4A28,0x4228,0x4207,0x41E7,0x4207,0x31A6,0x20E3,0x18A2,0x0020,0x0000,0x0021,0x18E4,0x2125,0x2946,0x18E4,0x2125,
  0x10E5,0x0909,0x09CD,0x0A73,0x0338,0x0358,0x0338,0x0338,0x0338,0x0338,0x0358,0x0358,0x0338,0x0358,0x0358,0x0358,
  0x0358,0x0358,0x0358,0x0338,0x0358,0x0358,0x0338,0x0358,0x0338,0x0338,0x0358,0x0358,0x0338,0x0338,0x0358,0x0358,
  0x0338,0x0358,0x0358,0x0358,0x0358,0x0358,0x0358,0x0338,0x0358,0x0358,0x0358,0x0358,0x0358,0x0358,0x0358,0x0358,
  0x0358,0x0358,0x0358,0x0358,0x0358,0x0358,0x0338,0x0338,0x0338,0x0338,0x0358,0x0338,0x0358,0x0338,0x0358,0x0338,
  0x0338,0x0358,0x0358,0x0358,0x0358,0x0358,0x0358,0x0358,0x0358,0x0358,0x0358,0x0338,0x0338,0x0338,0x0338,0x0338,
  0x0338,0x0358,0x0358,0x0338,0x0358,0x0358,0x0358,0x0358,0x0358,0x0358,0x0358,0x0358,0x0338,0x0338,0x0338,0x0338,
  0x0338,0x0338,0x0338,0x0338,0x0338,0x0358,0x0358,0x0358,0x0358,0x0338,0x3B52,0x6B4D,0x6B4D,0x6B4D,0x6B4D,0x5ACB,
  0x630C,0x528A,0x4228,0x4228,0x4228,0x4228,0x4228,0x4A49,0x62EB,0x6B2C,0x6B2D,0x6B2C,0x52AA,0x4207,0x4228,0x4A46,
  0x2942,0x4AC3,0x10E0,0x42E1,0x4301,0x21E0,0x4341,0x3281,0x2A01,0x2A61,0x0880,0x0800,0x40E3,0x30A2,0x0000,0x0000,
  0x2040,0x8161,0x6880,0x4800,0x5040,0x5020,0x4021,0x2A0E,0x1B98,0x1B99,0x1BB9,0x1B99,0x1B99,0x1B99,0x1B99,0x1B99,
  0x1B99,0x1B99,0x1B99,0x1B99,0x1B99,0x1B98,0x33F8,0x43D6,0x324C,0x31C7,0x4A69,0x4A89,0x4207,0x3165,0x18E4,0x21CA,
  0x3A8C,0x3A08,0x31A6,0x3186,0x2945,0x20E4,0x18C3,0x2104,0x4A48,0x4207,0x4207,0x41E7,0x39E7,0x31A6,0x31A6,0x3186,
  0x2945,0x1082,0x0861,0x0000,0x0000,0x0000,0x0861,0x18A2,0x2104,0x18E4,0x2125,0x2925,0x1082,0x0841,0x0000,0x2945,
  0x528A,0x5249,0x4207,0x4207,0x41E7,0x3186,0x3166,0x2925,0x2124,0x18C3,0x0841,0x0000,0x2104,0x5ACA,0x5269,0x4A08,
  0x39E7,0x39A6,0x3186,0x3165,0x2945,0x18E3,0x10A2,0x0842,0x0002,0x0064,0x094B,0x09EF,0x1251,0x1271,0x0A51,0x1271,
  0x0A72,0x0AB5,0x0318,0x0359,0x0358,0x0358,0x0338,0x0358,0x0358,0x0358,0x0358,0x0338,0x0358,0x0338,0x0358,0x0358,
  0x0358,0x0358,0x0358,0x0358,0x0358,0x0358,0x0338,0x0358,0x0358,0x0358,0x0358,0x0338,0x0358,0x0358,0x0358,0x0358,
  0x0338,0x0358,0x0358,0x0358,0x0338,0x0358,0x0358,0x0358,0x0358,0x0358,0x0358,0x0358,0x0358,0x0358,0x0358,0x0358,
  0x0358,0x0338,0x0338,0x0358,0x0338,0x0358,0x0358,0x0338,0x0358,0x0358,0x0358,0x0338,0x0338,0x0338,0x0358,0x0358,
  0x0358,0x0358,0x0358,0x0358,0x0358,0x0338,0x0358,0x0358,0x0338,0x0338,0x0338,0x0338,0x0358,0x0358,0x0338,0x0358,
  0x0358,0x0358,0x0358,0x0358,0x0358,0x0358,0x0338,0x0338,0x0358,0x0358,0x0338,0x0338,0x0358,0x0358,0x0358,0x0358,
  0x0358,0x0338,0x0358,0x0358,0x0338,0x0358,0x0358,0x0358,0x0358,0x0338,0x3B52,0x6B4C,0x6B4C,0x6B4C,0x6B4C,0x5ACB,
  0x630C,0x528A,0x4228,0x4228,0x4228,0x4228,0x4228,0x39C7,0x4A48,0x5ACB,0x632C,0x632C,0x5ACA,0x4208,0x4228,0x4A07,
  0x61A2,0x2860,0x1000,0x4A82,0x1920,0x0840,0x3A62,0x1120,0x1101,0x2A21,0x0040,0x0000,0x0820,0x0000,0x0000,0x0000,
  0x3060,0x7900,0x6880,0x4800,0x5840,0x5040,0x3127,0x2355,0x1B98,0x1BB9,0x1BB9,0x1BB8,0x1B99,0x1B99,0x1B99,0x1B99,
  0x1B99,0x1B99,0x1B99,0x1B99,0x1B99,0x1B98,0x4439,0x4418,0x4417,0x32AF,0x21A8,0x21A8,0x2188,0x1148,0x1A0D,0x2376,
  0x2B76,0x226F,0x19A9,0x10E4,0x1926,0x1905,0x0042,0x0001,0x0861,0x2104,0x39C7,0x3185,0x2945,0x2925,0x2925,0x18C3,
  0x10A3,0x1062,0x0001,0x0001,0x0001,0x0064,0x00E7,0x00C6,0x0929,0x094A,0x0928,0x0908,0x00A5,0x0001,0x0000,0x0000,
  0x0861,0x4208,0x31A6,0x3186,0x3186,0x2925,0x18C3,0x0861,0x18E3,0x0020,0x0000,0x0000,0x0000,0x1082,0x39C7,0x39C6,
  0x3165,0x2945,0x2104,0x1082,0x1082,0x0862,0x08C5,0x09CE,0x1252,0x0AB4,0x02F7,0x0338,0x0338,0x0338,0x0338,0x0338,
  0x0338,0x0338,0x0338,0x0338,0x0358,0x0358,0x0358,0x0338,0x0358,0x0358,0x0358,0x0358,0x0358,0x0358,0x0358,0x0358,
  0x0358,0x0358,0x0358,0x0358,0x0358,0x0358,0x0338,0x0358,0x0358,0x0338,0x0358,0x0358,0x0338,0x0358,0x0358,0x0358,
  0x0358,0x0358,0x0358,0x0358,0x0358,0x0358,0x0358,0x0338,0x0358,0x0358,0x0358,0x0358,0x0358,0x0338,0x0358,0x0358,
  0x0358,0x0338,0x0358,0x0358,0x0358,0x0358,0x0358,0x0338,0x0358,0x0358,0x0358,0x0338,0x0358,0x0338,0x0358,0x0358,
  0x0358,0x0358,0x0358,0x0358,0x0358,0x0358,0x0358,0x0338,0x0338,0x0338,0x0338,0x0338,0x0358,0x0358,0x0358,0x0358,
  0x0358,0x0358,0x0358,0x0358,0x0358,0x0358,0x0358,0x0358,0x0358,0x0358,0x0338,0x0358,0x0358,0x0358,0x0358,0x0358,
  0x0358,0x0358,0x0338,0x0358,0x0358,0x0358,0x0358,0x0358,0x0358,0x0338,0x3B52,0x6B4D,0x6B4C,0x6B4C,0x6B4C,0x5ACB,
  0x630C,0x528A,0x4228,0x4228,0x4228,0x4228,0x4228,0x39C7,0x39A6,0x4A48,0x52AA,0x632C,0x5ACB,0x4A28,0x4A28,0x4A06,
  0x89E2,0x7961,0x6901,0x6141,0x2820,0x3860,0x30E0,0x0020,0x0820,0x2941,0x0020,0x0000,0x1000,0x0800,0x0000,0x1000,
  0x4060,0x70E0,0x6060,0x4820,0x3820,0x38A4,0x2291,0x1BB8,0x1BB9,0x1BB9,0x1BB9,0x1B99,0x1B99,0x1B99,0x1B99,0x1B99,
  0x1B99,0x1B99,0x1B99,0x1B99,0x1B99,0x33F9,0x4438,0x4438,0x4418,0x4418,0x4C17,0x4417,0x4417,0x2377,0x1B98,0x1B99,
  0x1B99,0x1B99,0x2376,0x2335,0x2376,0x2377,0x1A92,0x094A,0x0002,0x0001,0x0021,0x0863,0x10E6,0x10E6,0x2168,0x1906,
  0x0043,0x00A7,0x09AE,0x09EF,0x1251,0x0AB4,0x0AD5,0x0A93,0x0A51,0x020F,0x01AD,0x014B,0x014B,0x00E8,0x0064,0x0021,
  0x0000,0x0021,0x0841,0x1905,0x10A3,0x2104,0x18E4,0x0000,0x0020,0x0000,0x0000,0x0000,0x0000,0x0000,0x0020,0x0861,
  0x18A3,0x18E4,0x08A5,0x08E6,0x0023,0x09CD,0x0AB4,0x0B38,0x0358,0x0359,0x0359,0x0358,0x0358,0x0338,0x0358,0x0338,
  0x0338,0x0338,0x0338,0x0338,0x0338,0x0358,0x0338,0x0338,0x0358,0x0338,0x0358,0x0358,0x0358,0x0358,0x0358,0x0358,
  0x0358,0x0358,0x0358,0x0338,0x0338,0x0338,0x0358,0x0358,0x0338,0x0338,0x0358,0x0358,0x0358,0x0358,0x0358,0x0358,
  0x0358,0x0358,0x0358,0x0358,0x0358,0x0358,0x0338,0x0358,0x0358,0x0358,0x0358,0x0358,0x0358,0x0358,0x0338,0x0338,
  0x0358,0x0358,0x0358,0x0358,0x0358,0x0358,0x0358,0x0358,0x0358,0x0358,0x0358,0x0358,0x0358,0x0358,0x0358,0x0358,
  0x0358,0x0358,0x0338,0x0358,0x0358,0x0358,0x0358,0x0358,0x0338,0x0358,0x0358,0x0358,0x0358,0x0358,0x0358,0x0358,
  0x0358,0x0358,0x0358,0x0358,0x0358,0x0358,0x0358,0x0358,0x0358,0x0358,0x0358,0x0338,0x0358,0x0358,0x0358,0x0358,
  0x0358,0x0358,0x0358,0x0358,0x0358,0x0338,0x0358,0x0358,0x0358,0x0338,0x3B32,0x6B4C,0x6B4C,0x6B4C,0x6B4D,0x5ACB,
  0x630C,0x528A,0x4228,0x4A28,0x4228,0x4228,0x4228,0x39C7,0x2945,0x39E7,0x4A69,0x5AAA,0x5269,0x4A28,0x4208,0x41A5,
  0x91E1,0x99C0,0x99C0,0x91A0,0x7141,0x4840,0x50C1,0x1000,0x2020,0x4860,0x2820,0x1000,0x3000,0x3020,0x1800,0x3020,
  0x5860,0x68A0,0x4820,0x1800,0x1042,0x1A0E,0x1B78,0x1BB9,0x1BB9,0x1BB8,0x1B99,0x1B99,0x1B99,0x1B99,0x1B99,0x1B99,
  0x1B99,0x1B99,0x1B99,0x1B99,0x23D8,0x4438,0x4438,0x4438,0x4418,0x4418,0x4418,0x4418,0x3C19,0x1B98,0x1B99,0x1B99,
  0x1B99,0x1BB9,0x1BB9,0x1BB9,0x1BBA,0x1BDA,0x1BDA,0x23F9,0x12B4,0x09EF,0x09EF,0x0A10,0x01AE,0x010B,0x00EA,0x00E9,
  0x010B,0x0A53,0x0B18,0x0318,0x0338,0x0338,0x0337,0x02F5,0x0251,0x0250,0x0A0F,0x01AD,0x016B,0x012A,0x0108,0x00C7,
  0x00C6,0x00C6,0x00C6,0x00C7,0x00E7,0x00E7,0x0063,0x0000,0x0000,0x0000,0x0001,0x0001,0x0021,0x0001,0x0001,0x0001,
  0x0002,0x0023,0x09EE,0x0AD4,0x0AD4,0x0B17,0x0338,0x0358,0x0358,0x0358,0x0358,0x0358,0x0358,0x0338,0x0338,0x0358,
  0x0358,0x0358,0x0358,0x0358,0x0358,0x0358,0x0358,0x0358,0x0338,0x0358,0x0358,0x0338,0x0358,0x0358,0x0338,0x0358,
  0x0358,0x0358,0x0358,0x0338,0x0338,0x0338,0x0338,0x0358,0x0358,0x0358,0x0358,0x0358,0x0358,0x0338,0x0338,0x0338,
  0x0338,0x0338,0x0358,0x0358,0x0358,0x0358,0x0359,0x0358,0x0358,0x0358,0x0358,0x0358,0x0357,0x0337,0x1334,0x33CF,
  0x33AE,0x2B8D,0x2B8D,0x2371,0x0B56,0x0358,0x0358,0x0358,0x0358,0x0358,0x0358,0x0358,0x0358,0x0358,0x0358,0x0358,
  0x0358,0x0358,0x0338,0x0358,0x0358,0x0338,0x0358,0x0358,0x0338,0x0358,0x0359,0x0B79,0x0B58,0x0358,0x0358,0x0358,
  0x0358,0x0358,0x0358,0x0358,0x0358,0x0358,0x0358,0x0358,0x0358,0x0358,0x0358,0x0358,0x0358,0x0358,0x0358,0x0358,
  0x0358,0x0358,0x0358,0x0358,0x0358,0x0338,0x0358,0x0358,0x0358,0x0338,0x3B32,0x6B4D,0x6B4C,0x6B4C,0x6B4C,0x5ACB,
  0x632C,0x528A,0x4228,0x4228,0x4228,0x4A28,0x4228,0x39E7,0x2945,0x3165,0x41E7,0x5269,0x4208,0x39C6,0x3186,0x3144,
  0x81E2,0xA1E0,0xA1C0,0x99A0,0x8980,0x60A0,0x60C0,0x5080,0x4860,0x5860,0x58C1,0x2000,0x3000,0x4000,0x3820,0x3800,
  0x4840,0x3820,0x1800,0x0001,0x116A,0x1B57,0x1B99,0x1B99,0x1B99,0x1B99,0x1B99,0x1B99,0x1B99,0x1B99,0x1B99,0x1B99,
  0x1B99,0x1B98,0x1B99,0x1B98,0x3C18,0x4438,0x4438,0x4438,0x4438,0x4438,0x4438,0x4418,0x2BD8,0x1B99,0x1B99,0x1B99,
  0x1B99,0x1B99,0x1BB9,0x1BB9,0x1BB9,0x1BB9,0x1BB9,0x1B98,0x1B98,0x0294,0x0211,0x01F0,0x0251,0x01AE,0x012B,0x010A,
  0x0211,0x0338,0x0319,0x0318,0x0318,0x0318,0x0317,0x0AF6,0x0230,0x0A30,0x0A30,0x01CE,0x018D,0x014A,0x00C7,0x00C7,
  0x00E7,0x00E7,0x00E7,0x00E7,0x00E7,0x00E7,0x00E7,0x00E7,0x00E6,0x00C6,0x00C6,0x00C6,0x00E7,0x00E8,0x098D,0x018E,
  0x0A11,0x0AD5,0x0337,0x0338,0x0358,0x0338,0x0358,0x0358,0x0358,0x0358,0x0358,0x0358,0x0358,0x0358,0x0358,0x0358,
  0x0358,0x0358,0x0358,0x0358,0x0358,0x0358,0x0338,0x0358,0x0358,0x0358,0x0358,0x0358,0x0358,0x0358,0x0358,0x0358,
  0x0358,0x0338,0x0338,0x0338,0x0338,0x0338,0x0338,0x0338,0x0318,0x0318,0x0318,0x02F8,0x02F8,0x02F8,0x0318,0x0318,
  0x0318,0x0318,0x0338,0x0338,0x0338,0x0338,0x0338,0x1B93,0x2BD0,0x0B57,0x0358,0x0B35,0x442F,0x4C6C,0x5C48,0x6442,
  0x5C02,0x5BC1,0x53C1,0x53C3,0x4388,0x2B6D,0x1333,0x0B36,0x0338,0x0338,0x0318,0x0338,0x0338,0x0338,0x0338,0x0338,
  0x0338,0x0338,0x0358,0x0358,0x0358,0x0338,0x0338,0x0338,0x0338,0x0338,0x0318,0x1B99,0x1379,0x0338,0x0338,0x0338,
  0x0358,0x0358,0x0358,0x0358,0x0358,0x0358,0x0358,0x0358,0x0358,0x0358,0x0358,0x0358,0x0358,0x0358,0x0358,0x0358,
  0x0358,0x0358,0x0358,0x0358,0x0358,0x0358,0x0358,0x0358,0x0338,0x0338,0x3B32,0x6B4C,0x6B4C,0x6B4C,0x6B4D,0x5ACB,
  0x6B2C,0x528A,0x4228,0x4228,0x4228,0x4A28,0x4228,0x39E7,0x2965,0x2945,0x2945,0x39C7,0x3185,0x2104,0x18E3,0x18C3,
  0x28E2,0x7161,0x99A1,0x99A0,0x8980,0x70E0,0x68C0,0x68C0,0x68C0,0x68A0,0x70E0,0x5060,0x4820,0x4820,0x4020,0x2800,
  0x2000,0x1000,0x1062,0x11AB,0x2356,0x1B99,0x1B99,0x1B98,0x1BB9,0x1B99,0x1B99,0x1B99,0x1B99,0x1B99,0x1B99,0x1B99,
  0x1B99,0x1B98,0x1B98,0x3419,0x4438,0x4438,0x4438,0x4438,0x4418,0x4418,0x4438,0x4438,0x2BD9,0x1B99,0x1B99,0x1B99,
  0x1B99,0x1B99,0x1BB9,0x1BB9,0x1BB9,0x1BB9,0x1BB9,0x1B98,0x1B98,0x1358,0x02B5,0x0211,0x0251,0x0210,0x016C,0x014C,
  0x0AB5,0x0339,0x0318,0x0338,0x0318,0x0318,0x0317,0x0AF5,0x0230,0x0A2F,0x0A10,0x020F,0x01CE,0x014B,0x00C7,0x00C7,
  0x0107,0x00E7,0x00E7,0x00E7,0x00E7,0x00E7,0x00E7,0x00E7,0x00E7,0x00C7,0x00E8,0x0109,0x014B,0x12B4,0x0317,0x0338,
  0x0358,0x0338,0x0338,0x0338,0x0358,0x0338,0x0358,0x0358,0x0358,0x0358,0x0358,0x0358,0x0338,0x0358,0x0338,0x0358,
  0x0338,0x0358,0x0358,0x0358,0x0358,0x0358,0x0358,0x0358,0x0358,0x0358,0x0358,0x0358,0x0358,0x0358,0x0358,0x0358,
  0x0358,0x0338,0x0338,0x0338,0x0338,0x0338,0x0317,0x0337,0x0B34,0x33AF,0x2B6E,0x3370,0x2350,0x1313,0x02F6,0x02F7,
  0x02F6,0x1B73,0x0B16,0x0338,0x0338,0x0337,0x0B36,0x3BEB,0x33AC,0x0B56,0x2BB1,0x5CAB,0x7D05,0x7CC3,0x6441,0x53C0,
  0x53A0,0x4B80,0x4B60,0x5380,0x5380,0x4B62,0x3B03,0x2B0A,0x1313,0x0338,0x0338,0x0338,0x0338,0x0338,0x0338,0x0338,
  0x0339,0x0338,0x0358,0x0358,0x0358,0x0338,0x0338,0x0338,0x0338,0x0318,0x0338,0x33F9,0x33F9,0x0338,0x0338,0x0338,
  0x0358,0x0358,0x0358,0x0338,0x0358,0x0358,0x0358,0x0358,0x0358,0x0358,0x0358,0x0358,0x0358,0x0358,0x0358,0x0358,
  0x0358,0x0358,0x0358,0x0338,0x0358,0x0358,0x0358,0x0338,0x0338,0x0338,0x3B32,0x6B4D,0x6B4C,0x6B4D,0x6B4D,0x5ACB,
  0x6B2C,0x528A,0x4A28,0x4228,0x4A28,0x4228,0x4228,0x39E7,0x2965,0x2945,0x2945,0x2945,0x2124,0x0841,0x0841,0x0821,
  0x10A2,0x2061,0x4020,0x70E0,0x78E0,0x68A0,0x60C0,0x68C0,0x70E0,0x70E0,0x68A0,0x5040,0x3000,0x3020,0x1800,0x1000,
  0x0821,0x10E6,0x2290,0x1B56,0x1B99,0x1B99,0x1B99,0x1B98,0x1B99,0x1B99,0x1B99,0x1B99,0x1B99,0x1B99,0x1B99,0x1B99,
  0x1B99,0x1B99,0x1B98,0x3C39,0x4438,0x4439,0x4438,0x4438,0x4438,0x4438,0x4438,0x3C19,0x1B98,0x1B99,0x1B99,0x1BB9,
  0x1BB9,0x1BB9,0x1BB9,0x1B99,0x1BB9,0x1BB9,0x1BB9,0x1BB9,0x1BB9,0x1BB9,0x0B17,0x0294,0x0251,0x0230,0x018D,0x01EF,
  0x02F7,0x0318,0x0318,0x0338,0x0338,0x0338,0x0337,0x02B3,0x0230,0x0A30,0x0A10,0x0A30,0x01EF,0x018C,0x0108,0x00C7,
  0x0107,0x00E7,0x0107,0x00E7,0x00E7,0x00E7,0x00E7,0x00E7,0x014A,0x01AE,0x0B17,0x0B38,0x0B38,0x0358,0x0358,0x0358,
  0x0358,0x0358,0x0338,0x0358,0x0358,0x0358,0x0358,0x0358,0x0358,0x0358,0x0358,0x0358,0x0358,0x0358,0x0358,0x0358,
  0x0358,0x0358,0x0358,0x0358,0x0358,0x0358,0x0358,0x0358,0x0358,0x0358,0x0358,0x0358,0x0358,0x0358,0x0358,0x0358,
  0x0358,0x0358,0x0338,0x0358,0x0337,0x2372,0x540E,0x540D,0x6488,0x7CC2,0x7462,0x73E2,0x5B82,0x4B64,0x3349,0x2B2C,
  0x2B4D,0x43EC,0x33AF,0x0B15,0x1B70,0x3BEB,0x3BAA,0x5C04,0x4BC5,0x3389,0x6486,0x6C62,0x5BC1,0x4B60,0x4B81,0x4320,
  0x4320,0x42E0,0x3AA0,0x42E0,0x3AC0,0x3280,0x3260,0x2A21,0x0985,0x12F3,0x1B72,0x33CE,0x3BCE,0x338E,0x33AF,0x2B72,
  0x1317,0x0B37,0x0B38,0x0358,0x0358,0x0338,0x0338,0x0338,0x0338,0x0338,0x1378,0x4439,0x2BF9,0x0B79,0x0358,0x0338,
  0x0358,0x0358,0x0358,0x0358,0x0358,0x0358,0x0358,0x0358,0x0358,0x0358,0x0358,0x0358,0x0358,0x0358,0x0358,0x0358,
  0x0358,0x0358,0x0358,0x0358,0x0338,0x0338,0x0358,0x0358,0x0338,0x0338,0x3B32,0x6B4D,0x6B4C,0x6B4C,0x6B4D,0x5ACB,
  0x6B2C,0x528A,0x4228,0x4228,0x4228,0x4228,0x4228,0x39E7,0x2965,0x2945,0x2945,0x2945,0x2124,0x0000,0x0000,0x0000,
  0x0000,0x0000,0x0000,0x2000,0x3040,0x4860,0x5080,0x60A0,0x70E0,0x68C0,0x5880,0x2800,0x0800,0x0000,0x08A5,0x118B,
  0x1A50,0x1B15,0x1B98,0x1B98,0x1B99,0x1B99,0x1B99,0x1B98,0x1B98,0x1B99,0x1B99,0x1B98,0x1B99,0x1B99,0x1B99,0x1B99,
  0x1B99,0x1BB9,0x33F9,0x4439,0x4438,0x4438,0x4438,0x4438,0x4438,0x4438,0x4439,0x3C19,0x1B98,0x1B98,0x1B98,0x1BB9,
  0x1B99,0x1BB9,0x1BB9,0x1B99,0x1BB9,0x1BB9,0x1BB9,0x1B99,0x1BB9,0x1B99,0x1358,0x02D6,0x0251,0x0230,0x01AE,0x0A10,
  0x0317,0x0318,0x0318,0x0338,0x0338,0x0338,0x0338,0x0272,0x0230,0x0A30,0x0A10,0x0230,0x0A30,0x018D,0x014A,0x00E7,
  0x0107,0x0107,0x0107,0x0107,0x00E7,0x00E7,0x01AC,0x0A0F,0x0AD4,0x0358,0x0358,0x0359,0x0358,0x0358,0x0338,0x0358,
  0x0358,0x0358,0x0358,0x0358,0x0358,0x0358,0x0358,0x0358,0x0358,0x0358,0x0358,0x0358,0x0358,0x0358,0x0338,0x0338,
  0x0358,0x0338,0x0358,0x0358,0x0358,0x0358,0x0358,0x0358,0x0358,0x0358,0x0358,0x0358,0x0358,0x0358,0x0358,0x0358,
  0x0338,0x0358,0x0338,0x1355,0x440E,0x7CC8,0x9505,0x7CA2,0x6441,0x7440,0x7B41,0x91C0,0x7940,0x5A21,0x5B21,0x4B21,
  0x4303,0x4BEB,0x6CC9,0x648A,0x5C65,0x6461,0x5C00,0x5C00,0x5BC0,0x53A0,0x5BE1,0x4B40,0x3AA0,0x4B62,0x3AC0,0x3280,
  0x5362,0x3240,0x2A00,0x3261,0x3280,0x2A00,0x21C0,0x42E3,0x5B84,0x53E7,0x6CA6,0x74A2,0x6421,0x6BC1,0x7382,0x82A4,
  0x6967,0x4A8A,0x2B2F,0x1337,0x0338,0x0339,0x0338,0x0338,0x0339,0x0339,0x1B98,0x3C19,0x23D9,0x1BBA,0x0358,0x0358,
  0x0358,0x0358,0x0358,0x0358,0x0358,0x0358,0x0358,0x0358,0x0358,0x0358,0x0358,0x0358,0x0358,0x0358,0x0358,0x0358,
  0x0358,0x0358,0x0358,0x0358,0x0338,0x0358,0x0358,0x0338,0x0338,0x0338,0x3B32,0x6B4D,0x6B4C,0x6B4D,0x6B4D,0x5ACB,
  0x6B2C,0x528A,0x4228,0x4228,0x4248,0x4A48,0x4228,0x39E7,0x2965,0x2965,0x2965,0x2965,0x2924,0x0000,0x0000,0x0000,
  0x0001,0x0043,0x116A,0x114A,0x10C5,0x0000,0x1000,0x3840,0x5060,0x3820,0x3000,0x1000,0x0001,0x0908,0x1AB3,0x1B98,
  0x1B99,0x1B99,0x1B99,0x1B98,0x1B99,0x1B99,0x1B99,0x1BB9,0x1B99,0x1B99,0x1B99,0x1B99,0x1B99,0x1B99,0x1B99,0x1B99,
  0x1B98,0x2BD8,0x4439,0x4438,0x4438,0x4438,0x4438,0x4438,0x4438,0x4418,0x4438,0x2BD8,0x1BB9,0x1BB9,0x1BB9,0x1BB9,
  0x1B99,0x1B99,0x1B99,0x1B99,0x1B99,0x1B99,0x1B99,0x1B99,0x1B98,0x1B78,0x1378,0x02F7,0x0273,0x0230,0x01EF,0x0A10,
  0x0317,0x0318,0x0318,0x0318,0x0338,0x0338,0x0338,0x0251,0x0250,0x0230,0x0230,0x0230,0x020F,0x016B,0x012A,0x00C7,
  0x00E7,0x00E7,0x00E7,0x0109,0x09EF,0x0230,0x0B36,0x0338,0x0358,0x0358,0x0338,0x0358,0x0358,0x0358,0x0358,0x0358,
  0x0358,0x0358,0x0358,0x0358,0x0358,0x0358,0x0358,0x0358,0x0358,0x0358,0x0338,0x0358,0x0358,0x0338,0x0358,0x0358,
  0x0358,0x0358,0x0358,0x0358,0x0358,0x0338,0x0358,0x0358,0x0358,0x0358,0x0358,0x0338,0x0358,0x0358,0x0358,0x0358,
  0x0338,0x0338,0x1335,0x43CB,0x5422,0x6421,0x53C1,0x4340,0x4B20,0x7220,0x68E1,0xA142,0xE2C4,0x9142,0x6140,0x5281,
  0x6403,0x6C63,0x53A0,0x4B60,0x5C01,0x4B80,0x4360,0x4340,0x4B80,0x5380,0x4B60,0x4B20,0x4301,0x4301,0x2A00,0x3AA1,
  0x42C2,0x3A81,0x42A2,0x21A0,0x4B22,0x2180,0x6C24,0x84E4,0x8503,0x6441,0x5C00,0x53A0,0x5380,0x71C0,0x80A0,0x7080,
  0xCB06,0x99A2,0x61C3,0x39C9,0x1272,0x0359,0x0359,0x0359,0x02F8,0x02D7,0x3C5A,0x33F9,0x1B98,0x1B78,0x02F7,0x02F8,
  0x0358,0x0358,0x0358,0x0358,0x0338,0x0358,0x0358,0x0358,0x0358,0x0358,0x0358,0x0358,0x0358,0x0358,0x0358,0x0338,
  0x0358,0x0358,0x0358,0x0358,0x0338,0x0358,0x0358,0x0358,0x0338,0x0338,0x3B32,0x6B2C,0x6B4C,0x6B4C,0x6B4C,0x5ACB,
  0x6B2C,0x528A,0x4A28,0x4228,0x4A48,0x4A48,0x4248,0x39E7,0x2965,0x2965,0x2965,0x2965,0x2924,0x0000,0x0001,0x094A,
  0x1A71,0x22D3,0x1B36,0x1B77,0x2336,0x22B1,0x1149,0x0884,0x1842,0x1822,0x1022,0x1949,0x1AB2,0x1B57,0x1B98,0x1BB9,
  0x1BB9,0x1BB9,0x1BB9,0x1BB9,0x1B99,0x1BB9,0x1BB9,0x1BB9,0x1B99,0x1BB9,0x1B99,0x1B98,0x1B99,0x1B99,0x1B99,0x1B99,
  0x2398,0x4439,0x4438,0x4438,0x4438,0x4438,0x4438,0x4438,0x4438,0x4418,0x3C19,0x2398,0x1B99,0x1BB9,0x1B99,0x1B99,
  0x1B99,0x1B99,0x1B99,0x1B99,0x1B99,0x1B99,0x1B99,0x1BB9,0x1B98,0x1B99,0x1378,0x02F7,0x02B4,0x0230,0x01EF,0x0A30,
  0x0B17,0x0318,0x0338,0x0338,0x0338,0x0338,0x02B5,0x0210,0x0251,0x0250,0x0230,0x020F,0x01CE,0x014A,0x0108,0x00C7,
  0x00E7,0x00E8,0x01AD,0x0A52,0x0338,0x0338,0x0358,0x0358,0x0358,0x0358,0x0338,0x0338,0x0358,0x0338,0x0358,0x0358,
  0x0338,0x0338,0x0358,0x0338,0x0358,0x0358,0x0358,0x0358,0x0358,0x0358,0x0358,0x0358,0x0338,0x0358,0x0358,0x0358,
  0x0338,0x0358,0x0358,0x0358,0x0358,0x0358,0x0358,0x0358,0x0358,0x0358,0x0358,0x0358,0x0358,0x0358,0x0358,0x0358,
  0x0338,0x0317,0x338E,0x3AC2,0x5C02,0x32E0,0x5BE1,0x53A1,0x2A00,0x5100,0x2800,0x68E2,0x7081,0x3000,0x3860,0x20A0,
  0x5323,0x6441,0x4340,0x3B00,0x4340,0x3AE0,0x3AE0,0x32A0,0x3AE0,0x4300,0x3AA0,0x3280,0x3AC1,0x4B02,0x3221,0x4B22,
  0x63E3,0x63E3,0x5BA1,0x5381,0x5341,0x4B21,0x63E1,0x5C01,0x4BA0,0x4B60,0x4B60,0x3B20,0x3280,0x5181,0x3000,0x3820,
  0x9122,0x4800,0x4020,0x2020,0x08A4,0x12B3,0x0359,0x0359,0x02F8,0x1358,0x3C5A,0x2BF9,0x1B98,0x23B8,0x0B58,0x02F8,
  0x0358,0x0358,0x0358,0x0358,0x0358,0x0358,0x0358,0x0358,0x0358,0x0358,0x0358,0x0358,0x0358,0x0358,0x0358,0x0358,
  0x0358,0x0358,0x0358,0x0338,0x0338,0x0358,0x0358,0x0338,0x0338,0x0338,0x3B32,0x6B4C,0x6B4C,0x6B4C,0x6B4D,0x5ACB,
  0x632C,0x528A,0x4228,0x4248,0x4A28,0x4228,0x4248,0x39E7,0x2965,0x2965,0x2965,0x2965,0x2124,0x0001,0x0109,0x1315,
  0x1BB9,0x1BB9,0x23B9,0x1BB9,0x23B9,0x2398,0x2398,0x2397,0x2B97,0x2B97,0x2B97,0x2397,0x1B99,0x1BB9,0x1B99,0x1BB9,
  0x1BB9,0x1B99,0x1BB9,0x1B99,0x1BB9,0x1BB9,0x1B99,0x1B99,0x1BB9,0x1B99,0x1B99,0x1B99,0x1B98,0x1B99,0x1B98,0x1BB8,
  0x33F9,0x4439,0x4439,0x4438,0x4438,0x4438,0x4438,0x4438,0x4438,0x4418,0x33D8,0x1B99,0x1B99,0x1BB9,0x1BB9,0x1B99,
  0x1B99,0x1B99,0x1B99,0x1B99,0x1B99,0x1B99,0x1B99,0x1B99,0x1B99,0x1B99,0x1B99,0x0317,0x02B4,0x0230,0x020F,0x09EF,
  0x1315,0x0338,0x0318,0x0338,0x0318,0x0338,0x0272,0x0210,0x0251,0x0251,0x0250,0x020F,0x018C,0x014A,0x00A6,0x00C7,
  0x014A,0x0A51,0x0AF6,0x0338,0x0338,0x0358,0x0338,0x0358,0x0358,0x0358,0x0338,0x0338,0x0358,0x0358,0x0338,0x0338,
  0x0358,0x0358,0x0338,0x0358,0x0358,0x0358,0x0358,0x0358,0x0358,0x0358,0x0358,0x0358,0x0358,0x0358,0x0358,0x0358,
  0x0358,0x0358,0x0358,0x0358,0x0358,0x0358,0x0358,0x0358,0x0358,0x0358,0x0358,0x0358,0x0358,0x0358,0x0338,0x0338,
  0x0338,0x0318,0x1290,0x29A2,0x5B83,0x3200,0x4B21,0x42E1,0x1120,0x39E1,0x1060,0x2061,0x38C1,0x0820,0x4264,0x1100,
  0x4302,0x4340,0x5C02,0x4B41,0x2A20,0x3AA1,0x3AE1,0x2A40,0x3260,0x4B21,0x42C1,0x3AA1,0x6C24,0x7CA4,0x74A3,0x6C42,
  0x63E1,0x5BA1,0x5360,0x5340,0x5AC0,0x62E1,0x5B00,0x5340,0x5BE1,0x53E2,0x2A60,0x32C0,0x2A80,0x39E0,0x20C0,0x1000,
  0x50C1,0x1000,0x2081,0x0820,0x0040,0x00A6,0x0B37,0x037A,0x02F7,0x2BF9,0x3C39,0x23B8,0x1BB8,0x1BB9,0x1379,0x0318,
  0x0358,0x0358,0x0358,0x0358,0x0358,0x0358,0x0358,0x0358,0x0358,0x0358,0x0358,0x0358,0x0358,0x0358,0x0358,0x0358,
  0x0358,0x0358,0x0338,0x0338,0x0358,0x0358,0x0338,0x0358,0x0338,0x0338,0x3B32,0x6B4D,0x6B4C,0x6B4C,0x6B4C,0x5ACB,
  0x6B2C,0x528A,0x4228,0x4228,0x4A28,0x4228,0x4A48,0x39E7,0x2965,0x2965,0x2965,0x2965,0x2104,0x0044,0x1AB3,0x1BB9,
  0x1BB9,0x23B9,0x23B9,0x1BB9,0x2399,0x1BB9,0x23B9,0x23B9,0x23B9,0x23B9,0x1BB9,0x1BB9,0x1B99,0x1B99,0x1B99,0x1BB9,
  0x1B99,0x1BB9,0x1B99,0x1B99,0x1BB9,0x1B99,0x1B99,0x1B99,0x1BB9,0x1B99,0x1B98,0x1B99,0x1B98,0x1B99,0x1B98,0x2BD8,
  0x4439,0x4439,0x4439,0x4438,0x4438,0x4438,0x4438,0x4438,0x4438,0x4418,0x33D9,0x1B99,0x1B99,0x1BB9,0x1B99,0x1BB9,
  0x1BB9,0x1B99,0x1B99,0x1BB9,0x1B99,0x1B99,0x1B99,0x1B99,0x1B98,0x1B98,0x1B99,0x1379,0x02B4,0x0231,0x0210,0x01AD,
  0x12B3,0x0B58,0x0338,0x0338,0x0317,0x02D5,0x0231,0x0230,0x0251,0x0251,0x0250,0x01AD,0x016B,0x0109,0x012A,0x0A73,
  0x0AD5,0x0338,0x0358,0x0358,0x0338,0x0358,0x0358,0x0338,0x0338,0x0338,0x0338,0x0338,0x0358,0x0338,0x0338,0x0338,
  0x0358,0x0358,0x0358,0x0358,0x0358,0x0358,0x0358,0x0358,0x0358,0x0338,0x0358,0x0358,0x0358,0x0358,0x0358,0x0358,
  0x0358,0x0358,0x0358,0x0358,0x0358,0x0358,0x0358,0x0358,0x0358,0x0358,0x0358,0x0358,0x0358,0x0358,0x0338,0x0358,
  0x0338,0x0338,0x1AD4,0x6163,0x3080,0x2860,0x5221,0x2141,0x0020,0x21E1,0x08A0,0x10E1,0x1961,0x0040,0x2A03,0x2161,
  0x42A2,0x2A00,0x53A2,0x2A41,0x1980,0x4302,0x1940,0x3A62,0x29E1,0x29E1,0x63E3,0x6C23,0x6C63,0x6442,0x53E0,0x5C00,
  0x4B60,0x4320,0x52A0,0x7A01,0x70C0,0x9161,0x8181,0x5A01,0x2160,0x2200,0x19E0,0x4362,0x2A41,0x2221,0x2A01,0x0060,
  0x39A2,0x0840,0x2122,0x0020,0x0020,0x0929,0x0B78,0x039A,0x1379,0x3C3A,0x3C39,0x1B98,0x1B98,0x23B9,0x1399,0x0338,
  0x0338,0x0358,0x0338,0x0358,0x0358,0x0358,0x0358,0x0358,0x0358,0x0358,0x0358,0x0358,0x0358,0x0358,0x0358,0x0358,
  0x0358,0x0358,0x0358,0x0338,0x0358,0x0358,0x0358,0x0358,0x0338,0x0338,0x3B32,0x6B4D,0x6B4C,0x6B4C,0x6B4D,0x5ACB,
  0x632C,0x528A,0x4A28,0x4A28,0x4A28,0x4228,0x4A48,0x39E7,0x2965,0x2965,0x2965,0x2965,0x2104,0x00E8,0x1B36,0x1BB9,
  0x1BB9,0x1BB9,0x1BB9,0x1BB9,0x1B99,0x2399,0x2399,0x2399,0x1B99,0x1BB8,0x23B9,0x1BB9,0x1B99,0x1B99,0x1B99,0x1B99,
  0x1BB9,0x1BB9,0x1B99,0x1B99,0x1B99,0x1B99,0x1B99,0x1B99,0x1B99,0x1B99,0x1B99,0x1B98,0x1B99,0x1B99,0x23B8,0x3C39,
  0x4439,0x4439,0x4439,0x4439,0x4438,0x4438,0x4438,0x4439,0x4438,0x4439,0x2BB8,0x1B99,0x1B99,0x1B99,0x1B99,0x1B99,
  0x1B99,0x1B99,0x1B99,0x1B99,0x1B99,0x1B99,0x1B99,0x1B99,0x1B98,0x1B99,0x1B99,0x1399,0x0AF6,0x0231,0x0230,0x01AE,
  0x0A10,0x1315,0x0B37,0x0B16,0x0293,0x0230,0x0230,0x0230,0x0250,0x0230,0x01AD,0x014B,0x012B,0x01AE,0x0AD5,0x0338,
  0x0338,0x0358,0x0358,0x0358,0x0358,0x0358,0x0338,0x0338,0x0338,0x0338,0x0358,0x0358,0x0358,0x0358,0x0338,0x0338,
  0x0358,0x0358,0x0358,0x0358,0x0358,0x0358,0x0358,0x0358,0x0358,0x0358,0x0358,0x0358,0x0358,0x0358,0x0358,0x0358,
  0x0358,0x0358,0x0358,0x0358,0x0358,0x0358,0x0358,0x0358,0x0358,0x0358,0x0358,0x0358,0x0358,0x0358,0x0358,0x0358,
  0x0338,0x0338,0x1AF5,0x8A24,0x7161,0x6941,0x5961,0x0800,0x1020,0x2962,0x0020,0x10A0,0x2121,0x0020,0x0820,0x28A1,
  0x28C1,0x1880,0x3A22,0x0040,0x18E0,0x42E3,0x0020,0x1961,0x1101,0x3A63,0x4B81,0x53C1,0x53A1,0x3B20,0x5C41,0x4B81,
  0x32C0,0x3AA0,0x69A0,0x5060,0x4040,0xCAE6,0x68E1,0x30A0,0x1080,0x0880,0x1120,0x3B02,0x08C0,0x2181,0x19A1,0x0020,
  0x0840,0x10A2,0x0000,0x0000,0x0000,0x09CD,0x039A,0x039A,0x1B99,0x4439,0x33F8,0x1B78,0x1B98,0x1B98,0x1B99,0x0B58,
  0x0338,0x0338,0x0338,0x0338,0x0358,0x0358,0x0358,0x0358,0x0358,0x0358,0x0358,0x0358,0x0358,0x0358,0x0358,0x0338,
  0x0358,0x0358,0x0358,0x0338,0x0358,0x0338,0x0358,0x0338,0x0338,0x0338,0x3B32,0x6B4C,0x6B4C,0x6B4D,0x6B4C,0x5ACB,
  0x6B2C,0x528A,0x4228,0x4228,0x4A48,0x4228,0x4228,0x39E7,0x2965,0x2965,0x2965,0x2965,0x2967,0x1210,0x2398,0x1BB9,
  0x1BB8,0x1BB9,0x1B99,0x1B99,0x1B99,0x1B99,0x1B99,0x1B99,0x1B99,0x1BB9,0x23B9,0x1BB9,0x1B99,0x1B99,0x1B99,0x1B99,
  0x1B99,0x1BB9,0x1B99,0x1B99,0x1B99,0x1BB9,0x1B99,0x1B99,0x1B99,0x1B99,0x1B99,0x1B99,0x1B99,0x1B98,0x33F9,0x4439,
  0x4439,0x4439,0x4439,0x4439,0x4439,0x4438,0x4438,0x4439,0x4438,0x3C19,0x1B98,0x1B99,0x1B99,0x1B99,0x1B99,0x1B99,
  0x1B99,0x1B99,0x1B99,0x1B99,0x1B99,0x1B99,0x1B99,0x1B99,0x1B99,0x1B99,0x1B98,0x1B99,0x0B38,0x0252,0x0230,0x0210,
  0x01CE,0x01EF,0x0230,0x0251,0x0230,0x0230,0x0210,0x0230,0x020F,0x01AD,0x014B,0x016D,0x0A94,0x0338,0x0338,0x0338,
  0x0358,0x0358,0x0358,0x0358,0x0358,0x0358,0x0338,0x0338,0x0358,0x0358,0x0358,0x0358,0x0358,0x0358,0x0358,0x0338,
  0x0358,0x0358,0x0358,0x0358,0x0358,0x0358,0x0338,0x0358,0x0358,0x0358,0x0358,0x0358,0x0358,0x0358,0x0358,0x0358,
  0x0358,0x0358,0x0358,0x0338,0x0358,0x0358,0x0358,0x0358,0x0358,0x0358,0x0358,0x0358,0x0358,0x0358,0x0358,0x0358,
  0x0358,0x0338,0x1AF5,0x8204,0x99E0,0x89A0,0x7120,0x4060,0x4040,0x3060,0x0800,0x2880,0x50E1,0x1800,0x1000,0x3820,
  0x58E1,0x6121,0x3880,0x0800,0x2040,0x2901,0x0000,0x10A1,0x1080,0x3222,0x3261,0x4B41,0x3AC0,0x5402,0x4BA1,0x2220,
  0x3B01,0x4342,0x4201,0x1880,0x2000,0x7081,0x0800,0x2923,0x0000,0x0000,0x1040,0x31C1,0x0020,0x1860,0x2901,0x0000,
  0x0000,0x1000,0x0000,0x0000,0x2041,0x120F,0x037A,0x0B99,0x3C5A,0x4439,0x33F9,0x1B78,0x1B99,0x1B98,0x2398,0x1399,
  0x0338,0x0338,0x0338,0x0358,0x0358,0x0358,0x0358,0x0358,0x0358,0x0358,0x0358,0x0358,0x0358,0x0358,0x0358,0x0358,
  0x0358,0x0358,0x0358,0x0358,0x0358,0x0358,0x0358,0x0358,0x0338,0x0338,0x3B32,0x6B4C,0x6B4C,0x6B4D,0x6B4D,0x5ACB,
  0x6B2C,0x528A,0x4228,0x4248,0x4A28,0x4228,0x4228,0x39E7,0x2965,0x2965,0x2965,0x2965,0x2188,0x2315,0x23B9,0x23B9,
  0x1BB9,0x1BB9,0x1B99,0x1B99,0x1B99,0x1B99,0x1B99,0x1B99,0x1B99,0x1B99,0x23B9,0x23B9,0x1BB9,0x1B99,0x1B99,0x1B99,
  0x1B99,0x1B99,0x1B99,0x1B99,0x1B99,0x1B99,0x1B99,0x1B99,0x1B98,0x1B99,0x1B99,0x1B99,0x1B99,0x23D8,0x4439,0x4439,
  0x4439,0x4439,0x4439,0x4439,0x4439,0x4438,0x4439,0x4439,0x4438,0x3C19,0x1B98,0x1B99,0x1B99,0x1B99,0x1B99,0x1BB9,
  0x1B99,0x1B99,0x1B99,0x1B99,0x1B99,0x1B99,0x1B99,0x1B99,0x1B98,0x1B98,0x1B98,0x1B99,0x1399,0x0293,0x0230,0x0230,
  0x0230,0x0A30,0x0A30,0x0A30,0x0A30,0x0A30,0x0230,0x01EE,0x018C,0x016C,0x09F0,0x0B17,0x0338,0x0338,0x0338,0x0338,
  0x0358,0x0358,0x0358,0x0358,0x0358,0x0358,0x0358,0x0358,0x0358,0x0358,0x0358,0x0338,0x0358,0x0358,0x0338,0x0358,
  0x0358,0x0358,0x0358,0x0358,0x0358,0x0358,0x0358,0x0358,0x0358,0x0358,0x0358,0x0358,0x0358,0x0358,0x0358,0x0358,
  0x0358,0x0358,0x0358,0x0358,0x0358,0x0358,0x0358,0x0358,0x0358,0x0358,0x0358,0x0358,0x0358,0x0358,0x0358,0x0358,
  0x0338,0x0338,0x0B17,0x520A,0x91C1,0x8980,0x8960,0x7920,0x5860,0x5880,0x5080,0x5060,0x68C0,0x60E1,0x2800,0x4840,
  0x8961,0x7920,0x6901,0x4860,0x5080,0x3060,0x0800,0x3040,0x4060,0x2060,0x28A0,0x39C2,0x10E0,0x5362,0x1960,0x10E0,
  0x3281,0x08C0,0x2A02,0x1100,0x0800,0x1820,0x0000,0x0020,0x0000,0x0800,0x3840,0x48A0,0x1000,0x2800,0x3820,0x1800,
  0x1000,0x2800,0x2820,0x1000,0x2063,0x1272,0x0379,0x1BD9,0x4459,0x4C59,0x2398,0x1B98,0x1B99,0x1B99,0x1B99,0x1B99,
  0x0B58,0x0338,0x0338,0x0338,0x0338,0x0338,0x0358,0x0358,0x0358,0x0358,0x0358,0x0358,0x0358,0x0358,0x0358,0x0338,
  0x0358,0x0358,0x0338,0x0358,0x0338,0x0358,0x0358,0x0358,0x0338,0x0338,0x3B32,0x6B4D,0x6B4D,0x6B4D,0x6B4D,0x5ACB,
  0x6B2C,0x528A,0x4228,0x4228,0x4228,0x4A28,0x4228,0x39E7,0x2965,0x2965,0x2965,0x2965,0x2189,0x2377,0x23B9,0x1BB9,
  0x1BB9,0x23B9,0x1B99,0x1B99,0x1B99,0x1B99,0x1B99,0x1B99,0x1B99,0x1B99,0x23B9,0x2399,0x1BB9,0x1B99,0x1B99,0x1B99,
  0x1B99,0x1B99,0x1B99,0x1B99,0x1B99,0x1B99,0x1B99,0x1B99,0x1B99,0x1B99,0x1B99,0x1B98,0x1B98,0x3C19,0x4439,0x4439,
  0x4439,0x4439,0x4439,0x4439,0x4439,0x4438,0x4439,0x4439,0x4439,0x23B8,0x1B99,0x1B99,0x1B99,0x1BB9,0x1B99,0x1B99,
  0x1B99,0x1B99,0x1B99,0x1B99,0x1B99,0x1B99,0x1B99,0x1B99,0x1B99,0x1B99,0x1B99,0x1B99,0x1B99,0x0A93,0x0230,0x0230,
  0x0A50,0x0A50,0x0A50,0x0A30,0x0A50,0x0A30,0x09EE,0x014B,0x010A,0x0211,0x0B37,0x0358,0x0338,0x0338,0x0338,0x0338,
  0x0358,0x0358,0x0358,0x0358,0x0358,0x0358,0x0358,0x0358,0x0358,0x0358,0x0358,0x0358,0x0358,0x0358,0x0338,0x0358,
  0x0338,0x0358,0x0358,0x0358,0x0358,0x0358,0x0358,0x0358,0x0358,0x0358,0x0358,0x0338,0x0358,0x0358,0x0358,0x0358,
  0x0358,0x0338,0x0338,0x0358,0x0358,0x0358,0x0358,0x0358,0x0358,0x0358,0x0358,0x0358,0x0358,0x0358,0x0358,0x0358,
  0x0338,0x0358,0x0338,0x1AD3,0x5965,0x8120,0x8960,0x8940,0x6880,0x6060,0x70A0,0x68A0,0x70E0,0x7900,0x5860,0x70E1,
  0x8940,0x8140,0x8940,0x7921,0x68C0,0x68E1,0x60C1,0x60A0,0x60C0,0x50A0,0x4880,0x2840,0x3081,0x51C2,0x0800,0x1060,
  0x29E2,0x0040,0x2981,0x18C0,0x0000,0x0000,0x0000,0x0000,0x0000,0x0000,0x4860,0x6080,0x5880,0x5040,0x6080,0x5040,
  0x3000,0x3000,0x4840,0x3841,0x18A5,0x0AF6,0x0B79,0x3C39,0x4439,0x4439,0x1B98,0x1B99,0x1B99,0x1B99,0x1B99,0x1B99,
  0x1379,0x0338,0x0339,0x0338,0x0358,0x0338,0x0358,0x0358,0x0358,0x0358,0x0358,0x0338,0x0358,0x0358,0x0358,0x0358,
  0x0358,0x0358,0x0358,0x0358,0x0358,0x0358,0x0358,0x0338,0x0338,0x0338,0x3B52,0x6B4C,0x6B4D,0x6B4D,0x6B4D,0x5ACB,
  0x632C,0x528A,0x4228,0x4A28,0x4A48,0x4228,0x4A28,0x39E7,0x2965,0x2965,0x2965,0x2965,0x21A9,0x2BB7,0x23B8,0x23B9,
  0x1B99,0x2399,0x2399,0x1B99,0x1B99,0x1B99,0x1B99,0x1B99,0x1B99,0x1B99,0x1B99,0x1B99,0x1B99,0x1B99,0x1B99,0x1B99,
  0x1B99,0x1B99,0x1B99,0x1B99,0x1B98,0x1B98,0x1B99,0x1B99,0x1B99,0x1B99,0x1B99,0x1B99,0x2BB8,0x4439,0x4439,0x4439,
  0x4439,0x4439,0x4439,0x4438,0x4438,0x4438,0x4439,0x4439,0x4439,0x23B9,0x1B98,0x1B99,0x1B99,0x1B99,0x1B99,0x1B99,
  0x1B99,0x1B99,0x1B99,0x1B99,0x1B99,0x1B99,0x1B99,0x1B99,0x1B98,0x1B99,0x1B98,0x1B99,0x1B36,0x0230,0x0230,0x0230,
  0x0A50,0x0A50,0x0A50,0x0A50,0x0A50,0x0A0F,0x016B,0x0109,0x01CE,0x02D6,0x0338,0x0338,0x0338,0x0338,0x0338,0x0338,
  0x0358,0x0358,0x0358,0x0358,0x0358,0x0358,0x0358,0x0358,0x0358,0x0358,0x0358,0x0358,0x0358,0x0358,0x0358,0x0358,
  0x0358,0x0358,0x0358,0x0358,0x0358,0x0358,0x0358,0x0358,0x0358,0x0358,0x0358,0x0338,0x0358,0x0338,0x0358,0x0358,
  0x0358,0x0358,0x0358,0x0358,0x0358,0x0358,0x0358,0x0358,0x0358,0x0358,0x0358,0x0358,0x0358,0x0358,0x0358,0x0358,
  0x0338,0x0338,0x0338,0x0B17,0x116A,0x3841,0x70C0,0x70C0,0x6080,0x5860,0x6060,0x70C0,0x70C0,0x70C0,0x5840,0x5060,
  0x5880,0x8121,0x8940,0x8940,0x6080,0x6080,0x68C0,0x6080,0x68C0,0x68C0,0x5060,0x60E1,0x60E1,0x58E1,0x3020,0x3020,
  0x20C1,0x0000,0x1840,0x2840,0x0800,0x0800,0x2020,0x1000,0x0000,0x2000,0x5040,0x5840,0x6060,0x6080,0x6880,0x6060,
  0x4020,0x2800,0x1800,0x18A5,0x09AD,0x02D6,0x1337,0x4439,0x4439,0x4439,0x1B98,0x1B99,0x1BB9,0x1B99,0x1B99,0x1B99,
  0x1379,0x02F8,0x0318,0x0318,0x0338,0x0338,0x0338,0x0358,0x0358,0x0358,0x0338,0x0358,0x0338,0x0358,0x0338,0x0338,
  0x0338,0x0338,0x0338,0x0338,0x0338,0x0338,0x0339,0x0338,0x0338,0x0338,0x3B32,0x6B4C,0x6B4D,0x6B4D,0x6B4D,0x5ACB,
  0x632C,0x528A,0x4228,0x4228,0x4A28,0x4A48,0x4A48,0x39E7,0x2965,0x2965,0x2965,0x2965,0x21C9,0x23B7,0x1BB8,0x1BB8,
  0x1B98,0x1B99,0x2399,0x1B99,0x2399,0x1B99,0x1B99,0x2399,0x1B99,0x1B99,0x1B99,0x1B99,0x1B99,0x1B99,0x1B99,0x1B99,
  0x1B99,0x1B99,0x1B99,0x1B99,0x1B98,0x1B99,0x1B99,0x1B99,0x1B99,0x1B99,0x1B99,0x1B98,0x3C19,0x4439,0x4439,0x4439,
  0x4439,0x4439,0x4439,0x4438,0x4438,0x4438,0x4439,0x4439,0x3C19,0x2398,0x1B99,0x1B99,0x1B99,0x1B99,0x1B99,0x1B99,
  0x1B99,0x1B99,0x1B99,0x1B99,0x1B99,0x1B99,0x1B99,0x1B99,0x1B99,0x1B98,0x1B98,0x1B98,0x12D4,0x0230,0x0230,0x0250,
  0x0A50,0x0A50,0x0A50,0x0A30,0x0A2F,0x01AC,0x0109,0x014B,0x0AB4,0x0338,0x0338,0x0338,0x0338,0x0338,0x0338,0x0338,
  0x0358,0x0358,0x0358,0x0358,0x0358,0x0358,0x0358,0x0358,0x0338,0x0358,0x0358,0x0358,0x0358,0x0358,0x0358,0x0358,
  0x0358,0x0358,0x0358,0x0358,0x0358,0x0358,0x0358,0x0358,0x0358,0x0358,0x0358,0x0338,0x0358,0x0338,0x0358,0x0358,
  0x0358,0x0358,0x0358,0x0358,0x0358,0x0358,0x0358,0x0358,0x0358,0x0358,0x0358,0x0358,0x0358,0x0358,0x0358,0x0358,
  0x0338,0x0358,0x0338,0x0338,0x0B17,0x11CD,0x2863,0x3800,0x5040,0x5860,0x6060,0x70C0,0x70C0,0x5860,0x2800,0x0800,
  0x1000,0x4020,0x60A0,0x6880,0x5840,0x5840,0x60A0,0x70E0,0x70E0,0x68A0,0x68C1,0x7900,0x8100,0x8940,0x70E0,0x5880,
  0x4080,0x2840,0x3840,0x5060,0x3040,0x1800,0x3020,0x3820,0x2000,0x2800,0x4020,0x5020,0x6060,0x68A0,0x68A0,0x5860,
  0x3000,0x1000,0x10A4,0x120F,0x02D6,0x0316,0x3C19,0x4439,0x4439,0x2BD9,0x1B99,0x1B99,0x1B99,0x1B99,0x1B99,0x1B99,
  0x1B99,0x0B39,0x0318,0x0318,0x0338,0x0358,0x0358,0x0358,0x0358,0x0358,0x0358,0x0358,0x0358,0x0358,0x0338,0x0338,
  0x0338,0x0338,0x0338,0x0358,0x0338,0x0338,0x0339,0x0339,0x0339,0x0338,0x3B32,0x6B4C,0x6B4D,0x6B4D,0x6B4D,0x5ACB,
  0x632C,0x528A,0x4228,0x4228,0x4228,0x4A48,0x4228,0x39E7,0x2965,0x2965,0x2965,0x2965,0x21C9,0x23B7,0x1BB8,0x1BB8,
  0x1B98,0x1BB8,0x1B99,0x1B99,0x1B99,0x23B9,0x1B99,0x1B99,0x1B99,0x1B99,0x1B99,0x1B99,0x1B99,0x1B99,0x1B99,0x1B99,
  0x1B99,0x1B99,0x1B99,0x1B99,0x1B99,0x1B99,0x1B98,0x1B99,0x1B99,0x1B99,0x1B99,0x3419,0x4439,0x4438,0x4438,0x4439,
  0x4439,0x4438,0x4438,0x4438,0x4438,0x4438,0x4439,0x4439,0x33F9,0x1B99,0x1B99,0x1B99,0x1B99,0x1B99,0x1B99,0x1B99,
  0x1B99,0x1B99,0x1B99,0x1B99,0x1B99,0x1B99,0x1B99,0x1B99,0x1B98,0x1B98,0x1B98,0x1B98,0x12D3,0x0230,0x0230,0x0250,
  0x0A50,0x0A50,0x0A50,0x0A30,0x01CD,0x014B,0x014B,0x0AB4,0x0338,0x0338,0x0338,0x0338,0x0338,0x0338,0x0338,0x0338,
  0x0358,0x0358,0x0338,0x0358,0x0358,0x0358,0x0358,0x0358,0x0358,0x0358,0x0358,0x0358,0x0338,0x0338,0x0358,0x0338,
  0x0358,0x0358,0x0358,0x0358,0x0358,0x0358,0x0358,0x0358,0x0358,0x0338,0x0358,0x0358,0x0358,0x0358,0x0358,0x0358,
  0x0358,0x0358,0x0358,0x0358,0x0358,0x0358,0x0358,0x0358,0x0358,0x0358,0x0358,0x0358,0x0358,0x0358,0x0338,0x0358,
  0x0338,0x0338,0x0338,0x0338,0x0338,0x0B37,0x1251,0x10E7,0x1022,0x3020,0x5860,0x6060,0x5040,0x4020,0x1000,0x0000,
  0x0000,0x1000,0x2000,0x4040,0x4840,0x5840,0x5860,0x70E0,0x70E0,0x6080,0x3020,0x4860,0x78E0,0x8940,0x8120,0x6080,
  0x5880,0x60C0,0x5060,0x60A0,0x60C0,0x3820,0x3800,0x3820,0x2800,0x1800,0x1000,0x2820,0x4840,0x5880,0x4840,0x3800,
  0x2000,0x0843,0x11EE,0x02F6,0x02F7,0x2BD9,0x4439,0x4439,0x4439,0x23B8,0x1B99,0x1B99,0x1BB9,0x1B99,0x1BB9,0x1B99,
  0x1BBA,0x139A,0x0338,0x0338,0x0338,0x0358,0x0358,0x0338,0x0358,0x0358,0x0338,0x0338,0x0358,0x0358,0x0358,0x0338,
  0x0338,0x0338,0x0338,0x0358,0x0B57,0x23B4,0x0337,0x0339,0x0339,0x0338,0x3B32,0x6B4C,0x6B4D,0x6B4D,0x6B4D,0x5ACB,
  0x632C,0x528A,0x4228,0x4228,0x4248,0x4228,0x4228,0x39E7,0x2965,0x2965,0x2965,0x2965,0x21C9,0x2397,0x1BB8,0x1BB8,
  0x2398,0x1B98,0x2399,0x23B9,0x1B99,0x1B99,0x1B99,0x1B99,0x1B99,0x1B99,0x1B99,0x1B99,0x1B99,0x1B99,0x1B99,0x1B99,
  0x1B99,0x1B99,0x1B99,0x1B99,0x1B99,0x1B99,0x1B99,0x1BB9,0x1B99,0x1BB9,0x2BF9,0x4439,0x4439,0x4438,0x4438,0x4438,
  0x4438,0x4438,0x4438,0x4438,0x4438,0x4438,0x4438,0x4439,0x2398,0x1B99,0x1B99,0x1B99,0x1B99,0x1B99,0x1B99,0x1B99,
  0x1B99,0x1B99,0x1B99,0x1B99,0x1B99,0x1B99,0x1B99,0x1B99,0x1B99,0x1B98,0x1B98,0x1B77,0x0251,0x0230,0x0230,0x0230,
  0x0A50,0x0A50,0x0A50,0x0A30,0x016C,0x01CE,0x0AF6,0x0338,0x0338,0x0358,0x0338,0x0358,0x0338,0x0338,0x0338,0x0358,
  0x0338,0x0358,0x0338,0x0358,0x0358,0x0358,0x0338,0x0358,0x0338,0x0338,0x0358,0x0358,0x0358,0x0358,0x0358,0x0358,
  0x0358,0x0358,0x0358,0x0358,0x0338,0x0338,0x0358,0x0358,0x0358,0x0338,0x0358,0x0358,0x0358,0x0358,0x0358,0x0358,
  0x0358,0x0358,0x0358,0x0358,0x0358,0x0358,0x0358,0x0338,0x0358,0x0338,0x0338,0x0338,0x0358,0x0358,0x0358,0x0358,
  0x0358,0x0358,0x0338,0x0338,0x0338,0x0358,0x0338,0x0B37,0x1251,0x098B,0x28C6,0x4041,0x3021,0x2000,0x0000,0x0000,
  0x0000,0x0000,0x0000,0x0000,0x0800,0x2800,0x5040,0x5840,0x5020,0x3800,0x0800,0x1000,0x4040,0x5860,0x6060,0x5860,
  0x5860,0x60A0,0x68C0,0x68C0,0x68C0,0x4840,0x2800,0x2000,0x1000,0x0000,0x0000,0x0000,0x1000,0x1800,0x1800,0x2842,
  0x1129,0x0A51,0x0317,0x0318,0x0B37,0x3C39,0x4439,0x4439,0x4439,0x23B9,0x1B99,0x1B99,0x1B99,0x1B99,0x1B99,0x1B99,
  0x1BB9,0x1BBA,0x0B59,0x0338,0x0358,0x0358,0x0338,0x0358,0x0358,0x0338,0x0338,0x0358,0x0338,0x0338,0x0338,0x0338,
  0x0338,0x0338,0x0338,0x0338,0x0B36,0x2B90,0x2BD2,0x0B37,0x0338,0x0339,0x3B52,0x6B4D,0x6B4D,0x6B4D,0x6B4D,0x5ACB,
  0x630C,0x528A,0x4228,0x4228,0x4248,0x4248,0x4A48,0x39E7,0x2965,0x2965,0x2965,0x2965,0x21C9,0x2397,0x1BB8,0x23B8,
  0x2398,0x1B98,0x2398,0x1B99,0x23B9,0x23B9,0x23B9,0x23B9,0x1B99,0x23B9,0x1B99,0x1B99,0x1B99,0x1B99,0x1B99,0x1B99,
  0x1B99,0x1B99,0x1B98,0x1B99,0x1B99,0x1B99,0x1B99,0x1B99,0x1B99,0x1378,0x33F9,0x4439,0x4438,0x4438,0x4438,0x4438,
  0x4439,0x4438,0x4438,0x4438,0x4438,0x4438,0x4438,0x3C39,0x2399,0x1B99,0x1B99,0x1B99,0x1B99,0x1B99,0x1B99,0x1B99,
  0x1B99,0x1B99,0x1B99,0x1B99,0x1B99,0x1B99,0x1B99,0x1B99,0x1379,0x1379,0x1378,0x1316,0x0231,0x0230,0x0250,0x0250,
  0x0250,0x0250,0x0230,0x01EF,0x016C,0x0A73,0x0338,0x0338,0x0338,0x0358,0x0338,0x0358,0x0338,0x0358,0x0338,0x0358,
  0x0338,0x0358,0x0338,0x0338,0x0358,0x0358,0x0358,0x0358,0x0358,0x0358,0x0358,0x0358,0x0358,0x0358,0x0358,0x0358,
  0x0358,0x0358,0x0358,0x0358,0x0358,0x0358,0x0358,0x0358,0x0358,0x0358,0x0358,0x0358,0x0358,0x0358,0x0358,0x0338,
  0x0358,0x0358,0x0358,0x0358,0x0358,0x0358,0x0358,0x0358,0x0358,0x0358,0x0358,0x0338,0x0338,0x0358,0x0358,0x0358,
  0x0358,0x0358,0x0358,0x0338,0x0338,0x0338,0x0338,0x0358,0x0358,0x0B17,0x0AB4,0x1250,0x120F,0x11AC,0x0884,0x0001,
  0x0001,0x0001,0x0001,0x0063,0x08E7,0x0884,0x2000,0x2800,0x4020,0x2820,0x0000,0x0000,0x0800,0x1820,0x3000,0x4020,
  0x4840,0x58A0,0x60C0,0x60C0,0x5880,0x2000,0x0800,0x0000,0x0000,0x0000,0x0001,0x0002,0x00A6,0x11CD,0x09EE,0x1210,
  0x0AD5,0x0338,0x0318,0x0318,0x23B9,0x4439,0x4439,0x4439,0x443A,0x23B9,0x1B99,0x1B99,0x1B99,0x1B99,0x1BB9,0x1B99,
  0x1B99,0x1B99,0x1358,0x0318,0x0338,0x0338,0x0358,0x0358,0x0338,0x0358,0x0338,0x0338,0x0338,0x0318,0x0318,0x02F8,
  0x02F6,0x0AF5,0x0AF4,0x2351,0x3BCC,0x3B89,0x4BE6,0x3B89,0x2B6E,0x1313,0x4331,0x6B4D,0x6B4C,0x6B4C,0x6B4C,0x5ACB,
  0x632C,0x528A,0x4228,0x4228,0x4A48,0x4248,0x4248,0x39E7,0x2965,0x2965,0x2965,0x2965,0x21C9,0x2397,0x1BB8,0x23B9,
  0x23B9,0x2398,0x2398,0x1B99,0x1B99,0x1B99,0x23B9,0x1B99,0x1B99,0x1B99,0x1B99,0x1BB8,0x1B99,0x1B98,0x1B99,0x1B99,
  0x1B99,0x1B99,0x1B98,0x1BB9,0x1B99,0x1B99,0x1BB9,0x1BB9,0x1B99,0x2BD9,0x4439,0x4439,0x4439,0x4438,0x4438,0x4438,
  0x4439,0x4439,0x4439,0x4438,0x4438,0x4438,0x4439,0x2BD8,0x1B99,0x1B99,0x1B99,0x1B99,0x1B99,0x1B99,0x1B99,0x1B99,
  0x1B99,0x1B99,0x1B99,0x1B99,0x1B99,0x1B99,0x1B99,0x1B99,0x1B99,0x1B78,0x1B78,0x0A93,0x0230,0x0230,0x0230,0x0250,
  0x0250,0x0250,0x022F,0x018C,0x018D,0x0B38,0x0338,0x0338,0x0358,0x0358,0x0358,0x0358,0x0358,0x0358,0x0358,0x0358,
  0x0358,0x0358,0x0338,0x0338,0x0358,0x0358,0x0358,0x0358,0x0358,0x0358,0x0358,0x0358,0x0358,0x0358,0x0358,0x0358,
  0x0358,0x0358,0x0358,0x0358,0x0358,0x0358,0x0358,0x0358,0x0358,0x0358,0x0358,0x0358,0x0358,0x0358,0x0358,0x0338,
  0x0358,0x0358,0x0358,0x0358,0x0358,0x0358,0x0358,0x0358,0x0358,0x0358,0x0358,0x0358,0x0358,0x0358,0x0358,0x0358,
  0x0358,0x0358,0x0358,0x0358,0x0358,0x0358,0x0358,0x0358,0x0358,0x0338,0x0338,0x0338,0x0338,0x0B37,0x0AD5,0x12B3,
  0x12D4,0x0A93,0x09EF,0x09AD,0x01AD,0x014A,0x00A5,0x0021,0x0001,0x0001,0x0000,0x0000,0x0000,0x0000,0x0000,0x0000,
  0x1000,0x3820,0x3840,0x3000,0x3020,0x0800,0x0000,0x0000,0x0001,0x00A7,0x0A31,0x0AF5,0x0AF6,0x0317,0x0317,0x0317,
  0x0318,0x0338,0x0338,0x0B38,0x3C39,0x4439,0x4439,0x4439,0x2BD9,0x1B99,0x1B99,0x1B99,0x1B99,0x1B99,0x1B99,0x1B99,
  0x1B99,0x1B98,0x1B98,0x0338,0x0358,0x0358,0x0338,0x0358,0x0358,0x0358,0x0338,0x0338,0x0338,0x0318,0x0317,0x0AF4,
  0x440D,0x6CC8,0x6467,0x5403,0x53E1,0x5BA0,0x6380,0x6381,0x6362,0x5B84,0x5B49,0x6B6D,0x6B4D,0x6B4C,0x6B4D,0x5ACA,
  0x632C,0x528A,0x4228,0x4A28,0x4A48,0x4A48,0x4228,0x39E7,0x2965,0x2965,0x2965,0x2965,0x21C9,0x2397,0x23B8,0x2398,
  0x23B9,0x2398,0x23B8,0x2399,0x1B99,0x23B9,0x23B9,0x23B9,0x1B99,0x1BB8,0x1B98,0x1BB8,0x1B98,0x1B98,0x1B98,0x1B98,
  0x1B99,0x1B99,0x1B98,0x1B98,0x1B99,0x1B99,0x1B99,0x1BB9,0x2BD9,0x4459,0x4459,0x4439,0x4439,0x4438,0x4438,0x4439,
  0x4439,0x4439,0x4439,0x4438,0x4438,0x4438,0x4439,0x2BD8,0x1B99,0x1B99,0x1B99,0x1B99,0x1B99,0x1B99,0x1B99,0x1B99,
  0x1B99,0x1B99,0x1B99,0x1B99,0x1B99,0x1B99,0x1BB9,0x1BB9,0x1B99,0x1B78,0x1337,0x0210,0x0230,0x0230,0x0230,0x0230,
  0x0250,0x0250,0x01EE,0x016B,0x01CF,0x0B59,0x0359,0x0358,0x0338,0x0358,0x0358,0x0358,0x0358,0x0358,0x0338,0x0358,
  0x0338,0x0338,0x0338,0x0338,0x0358,0x0358,0x0358,0x0358,0x0358,0x0358,0x0358,0x0358,0x0358,0x0358,0x0358,0x0358,
  0x0358,0x0358,0x0358,0x0358,0x0358,0x0338,0x0358,0x0358,0x0358,0x0358,0x0358,0x0358,0x0358,0x0358,0x0358,0x0358,
  0x0358,0x0338,0x0358,0x0358,0x0358,0x0358,0x0358,0x0358,0x0358,0x0358,0x0358,0x0358,0x0358,0x0358,0x0358,0x0358,
  0x0358,0x0358,0x0358,0x0358,0x0358,0x0358,0x0358,0x0338,0x0358,0x0338,0x0338,0x0338,0x0338,0x0338,0x0338,0x0338,
  0x0338,0x0338,0x0B17,0x0272,0x020F,0x01EE,0x016B,0x012A,0x012A,0x00E8,0x0043,0x0022,0x0021,0x0000,0x0000,0x0021,
  0x0043,0x0843,0x1021,0x1021,0x1064,0x00A5,0x00A5,0x00A6,0x016C,0x0B17,0x0338,0x0338,0x0318,0x0318,0x0338,0x0338,
  0x0338,0x0338,0x0338,0x2398,0x4C59,0x4C39,0x4439,0x4419,0x2BD9,0x1B99,0x1B99,0x1B99,0x1B99,0x1B99,0x1B99,0x1BB9,
  0x1BB9,0x1BB9,0x1B99,0x0B58,0x0358,0x0358,0x0338,0x0358,0x0338,0x0338,0x0358,0x0358,0x0338,0x0317,0x1313,0x5C2A,
  0x7D25,0x7D03,0x5C20,0x5C21,0x4B80,0x5320,0x7220,0x8140,0x8100,0x9221,0x6A65,0x736D,0x6B4C,0x6B4D,0x6B4C,0x5ACB,
  0x632C,0x528A,0x4228,0x4228,0x4228,0x4A28,0x4248,0x39E7,0x2965,0x2965,0x2965,0x2965,0x21C9,0x2398,0x23B8,0x2398,
  0x2398,0x2398,0x1B98,0x23B9,0x1B99,0x1B99,0x23B9,0x1B99,0x1B99,0x1BB8,0x1BB8,0x1BB8,0x1BB8,0x1B98,0x1B98,0x1B98,
  0x1B98,0x1B98,0x1B98,0x1B99,0x1B99,0x1B99,0x1B99,0x1BB9,0x2BF9,0x4459,0x4459,0x4439,0x4439,0x4439,0x4439,0x4439,
  0x4419,0x4419,0x4439,0x4418,0x4438,0x4438,0x3C19,0x2398,0x1B99,0x1B99,0x1B99,0x1B99,0x1B99,0x1B99,0x1B99,0x1B99,
  0x1B99,0x1B99,0x1B99,0x1B99,0x1B99,0x1B99,0x1BB9,0x1BB9,0x1B99,0x1B78,0x0273,0x0230,0x0A30,0x0A30,0x0A50,0x0A30,
  0x0250,0x0250,0x01EE,0x016B,0x01CF,0x0B59,0x0359,0x0358,0x0358,0x0358,0x0358,0x0358,0x0358,0x0358,0x0338,0x0358,
  0x0338,0x0358,0x0358,0x0358,0x0358,0x0358,0x0358,0x0338,0x0358,0x0358,0x0358,0x0338,0x0338,0x0358,0x0358,0x0358,
  0x0358,0x0358,0x0358,0x0358,0x0358,0x0358,0x0358,0x0358,0x0358,0x0358,0x0358,0x0358,0x0358,0x0358,0x0358,0x0358,
  0x0358,0x0358,0x0358,0x0358,0x0358,0x0358,0x0358,0x0358,0x0358,0x0358,0x0358,0x0358,0x0358,0x0358,0x0358,0x0358,
  0x0358,0x0358,0x0358,0x0358,0x0358,0x0338,0x0358,0x0338,0x0338,0x0338,0x0338,0x0338,0x0338,0x0338,0x0338,0x0338,
  0x0338,0x0338,0x0358,0x0B17,0x0293,0x0230,0x01EF,0x01AD,0x01AD,0x016B,0x014A,0x0108,0x00E7,0x0063,0x08C6,0x00C6,
  0x0085,0x0084,0x0064,0x0084,0x00A5,0x00A6,0x0108,0x0A72,0x0B17,0x0339,0x0359,0x0338,0x0318,0x0318,0x0318,0x0338,
  0x0318,0x0318,0x1358,0x4439,0x4C38,0x4C39,0x4439,0x4439,0x33D9,0x1B99,0x1B99,0x1B99,0x1B99,0x1B99,0x1BB9,0x1BB9,
  0x1B99,0x1B99,0x1B99,0x1B99,0x0338,0x0338,0x0338,0x0338,0x0338,0x0358,0x0358,0x0338,0x0338,0x0B34,0x5C2A,0x5B81,
  0x53E1,0x43A0,0x53C1,0x4B80,0x3AE0,0x6260,0x80C0,0x5000,0xC204,0xB162,0x7A27,0x738D,0x6B4C,0x6B4C,0x6B4D,0x5ACB,
  0x632C,0x528A,0x4228,0x4228,0x4A48,0x4A49,0x4A28,0x39E7,0x2965,0x2965,0x2965,0x2965,0x21C9,0x2398,0x1BB8,0x23B8,
  0x23B8,0x1BB8,0x1BB9,0x1BB9,0x1B99,0x1BB9,0x1B99,0x1B98,0x1B98,0x1BB8,0x1BB8,0x1B98,0x1B98,0x1B98,0x1B98,0x1B98,
  0x1B99,0x1B98,0x1B98,0x1B99,0x1B99,0x1B99,0x1B79,0x2398,0x3C19,0x4439,0x4439,0x4439,0x4419,0x4439,0x4439,0x4418,
  0x4419,0x4418,0x4438,0x4438,0x4438,0x4438,0x3C19,0x1B98,0x1B99,0x1B99,0x1B99,0x1B99,0x1B99,0x1B99,0x1B98,0x1B99,
  0x1B99,0x1B99,0x1B99,0x1B99,0x1B98,0x1B98,0x1B98,0x1B98,0x1B98,0x12F5,0x0231,0x0230,0x0230,0x0230,0x0A30,0x0A30,
  0x0A50,0x0A30,0x018C,0x014A,0x016B,0x0AB5,0x0358,0x0358,0x0358,0x0358,0x0358,0x0358,0x0358,0x0358,0x0358,0x0358,
  0x0338,0x0338,0x0358,0x0358,0x0358,0x0358,0x0358,0x0358,0x0358,0x0358,0x0358,0x0358,0x0358,0x0358,0x0358,0x0358,
  0x0358,0x0358,0x0358,0x0358,0x0358,0x0358,0x0338,0x0358,0x0358,0x0358,0x0358,0x0358,0x0358,0x0358,0x0358,0x0358,
  0x0358,0x0338,0x0358,0x0358,0x0358,0x0358,0x0358,0x0358,0x0358,0x0358,0x0358,0x0358,0x0358,0x0358,0x0358,0x0358,
  0x0358,0x0358,0x0358,0x0358,0x0358,0x0358,0x0338,0x0338,0x0358,0x0358,0x0358,0x0358,0x0358,0x0358,0x0358,0x0358,
  0x0338,0x0359,0x0359,0x0358,0x02D5,0x0231,0x01EF,0x01AD,0x01CD,0x016B,0x012A,0x0109,0x00E8,0x00C6,0x0085,0x0085,
  0x00A5,0x00A5,0x0085,0x0084,0x0064,0x0085,0x09CF,0x0317,0x0359,0x0359,0x0358,0x0338,0x0338,0x0338,0x0338,0x0338,
  0x0318,0x02F7,0x33F9,0x4459,0x4438,0x4438,0x4438,0x4419,0x23B9,0x1B99,0x1B99,0x1B99,0x1B99,0x1B99,0x1B99,0x1B99,
  0x1B99,0x1B99,0x1BB9,0x1BB9,0x0B38,0x0318,0x0319,0x0339,0x0338,0x0338,0x0338,0x0338,0x0337,0x33CF,0x4B23,0x6C22,
  0x53C1,0x5C22,0x4BA1,0x2200,0x3AE1,0x4241,0x3080,0x1000,0x78A2,0x2800,0x41A6,0x738E,0x6B4C,0x6B4C,0x6B4C,0x5ACB,
  0x632C,0x528A,0x4228,0x4228,0x4A49,0x4A49,0x4A49,0x39E7,0x2965,0x2965,0x2965,0x2965,0x21CA,0x23B8,0x1BB8,0x23B8,
  0x2398,0x1BB8,0x1BB9,0x1BB9,0x1B99,0x1B99,0x1B99,0x1B98,0x1BB8,0x1B98,0x1B98,0x1BB8,0x1B99,0x1B98,0x1B98,0x1B98,
  0x1B98,0x1B98,0x1B99,0x1B98,0x1B99,0x1B99,0x1B99,0x3C3A,0x4439,0x4439,0x4439,0x4439,0x4419,0x4418,0x4418,0x4439,
  0x4418,0x4418,0x4438,0x4439,0x4438,0x4439,0x33D9,0x1B98,0x1B99,0x1B99,0x1B99,0x1B99,0x1B99,0x1B99,0x1B99,0x1B98,
  0x1B99,0x1B99,0x1B99,0x1B99,0x1B98,0x1B98,0x1B98,0x1B98,0x12F5,0x0251,0x0230,0x0230,0x0250,0x0A30,0x0A30,0x0A30,
  0x0A50,0x01EE,0x016B,0x014A,0x014A,0x01EF,0x0358,0x0358,0x0358,0x0358,0x0358,0x0358,0x0338,0x0358,0x0338,0x0358,
  0x0338,0x0338,0x0358,0x0358,0x0358,0x0338,0x0358,0x0358,0x0358,0x0358,0x0358,0x0358,0x0358,0x0358,0x0358,0x0358,
  0x0358,0x0358,0x0358,0x0358,0x0358,0x0338,0x0358,0x0358,0x0358,0x0358,0x0358,0x0358,0x0358,0x0358,0x0358,0x0358,
  0x0358,0x0358,0x0358,0x0358,0x0358,0x0358,0x0358,0x0358,0x0358,0x0358,0x0358,0x0358,0x0358,0x0358,0x0358,0x0358,
  0x0358,0x0358,0x0358,0x0358,0x0358,0x0358,0x0358,0x0358,0x0358,0x0338,0x0338,0x0358,0x0358,0x0358,0x0358,0x0358,
  0x0358,0x0338,0x0338,0x0358,0x0338,0x02D5,0x0211,0x020F,0x020F,0x01CD,0x014B,0x014A,0x016A,0x0108,0x00E7,0x0085,
  0x00A5,0x00A5,0x0085,0x0084,0x0085,0x09CE,0x0B17,0x0338,0x0359,0x0358,0x0358,0x0358,0x0338,0x0338,0x0338,0x0338,
  0x0318,0x1358,0x3C39,0x4459,0x4438,0x4438,0x4438,0x33F8,0x1B99,0x1B99,0x1B99,0x1B99,0x1B99,0x1B99,0x1B99,0x1B99,
  0x1B99,0x1BB9,0x1B99,0x1B99,0x1B99,0x0318,0x0319,0x0338,0x0338,0x0358,0x0338,0x0338,0x0338,0x12AF,0x2901,0x4A62,
  0x1961,0x4302,0x2A21,0x1100,0x3242,0x08E0,0x1101,0x18E1,0x2820,0x0800,0x31A6,0x738E,0x6B4D,0x6B4C,0x6B4C,0x5ACA,
  0x632C,0x528A,0x4228,0x4228,0x4A49,0x4A29,0x4A48,0x39E7,0x2965,0x2965,0x2965,0x2945,0x21EA,0x2BB8,0x23B9,0x1BB8,
  0x1BB9,0x1B99,0x2399,0x1B99,0x1B99,0x1B99,0x1B99,0x1B98,0x1BB8,0x1B99,0x1B99,0x1B98,0x1B99,0x1B98,0x1B98,0x1B98,
  0x1B98,0x1B98,0x1B98,0x1B99,0x1B99,0x1B99,0x2BF9,0x4439,0x4439,0x4439,0x4439,0x4419,0x4439,0x4418,0x4418,0x4439,
  0x4418,0x4438,0x4438,0x4439,0x4438,0x4439,0x2398,0x1B99,0x1B99,0x1B99,0x1B99,0x1B99,0x1B99,0x1B99,0x1B99,0x1B98,
  0x1B99,0x1B99,0x1B99,0x1BB9,0x1B98,0x1B98,0x1B98,0x0AD4,0x0251,0x0250,0x0A50,0x0230,0x0A50,0x0A50,0x0A30,0x0A2F,
  0x09EE,0x01AC,0x016A,0x016A,0x016B,0x0210,0x0B58,0x0358,0x0358,0x0358,0x0338,0x0338,0x0338,0x0358,0x0338,0x0358,
  0x0338,0x0358,0x0338,0x0338,0x0358,0x0358,0x0358,0x0358,0x0358,0x0358,0x0358,0x0358,0x0358,0x0338,0x0358,0x0358,
  0x0358,0x0358,0x0358,0x0358,0x0358,0x0358,0x0358,0x0358,0x0358,0x0358,0x0358,0x0358,0x0358,0x0358,0x0358,0x0358,
  0x0358,0x0358,0x0358,0x0358,0x0358,0x0358,0x0358,0x0358,0x0358,0x0358,0x0358,0x0358,0x0358,0x0358,0x0358,0x0358,
  0x0358,0x0358,0x0358,0x0358,0x0358,0x0358,0x0338,0x0358,0x0358,0x0358,0x0358,0x0358,0x0358,0x0358,0x0338,0x0358,
  0x0358,0x0338,0x0338,0x0358,0x0338,0x0338,0x0AD5,0x0210,0x0A51,0x020F,0x018C,0x014A,0x018C,0x016B,0x00E8,0x00A6,
  0x00A5,0x00A5,0x0085,0x012A,0x0A51,0x0B16,0x0338,0x0338,0x0358,0x0338,0x0338,0x0358,0x0358,0x0338,0x0338,0x0338,
  0x0318,0x2BF9,0x4439,0x4459,0x4458,0x4438,0x4439,0x2BD9,0x1B99,0x1B99,0x1B99,0x1B99,0x1B99,0x1B99,0x1B99,0x1B99,
  0x1B99,0x1B99,0x1BB9,0x1BB9,0x1BB9,0x0B59,0x0318,0x0338,0x0338,0x0338,0x0338,0x0338,0x0339,0x1315,0x61A4,0x3860,
  0x2040,0x3A02,0x0020,0x1840,0x31C2,0x0040,0x10C0,0x18E1,0x0000,0x0000,0x31A6,0x73AE,0x6B4D,0x6B4D,0x6B4D,0x5ACA,
  0x6B2C,0x528A,0x4228,0x4A48,0x4A48,0x4A48,0x4A28,0x39E7,0x2965,0x2965,0x2945,0x2945,0x21EA,0x23B8,0x23B9,0x1BB8,
  0x1BB9,0x1B99,0x2399,0x1B99,0x1B99,0x1BB9,0x1BB8,0x1B98,0x1B99,0x1B99,0x1B99,0x1B98,0x1B98,0x1B98,0x1B98,0x1B98,
  0x1B99,0x1B99,0x1B99,0x1B99,0x1B99,0x1BB9,0x3C3A,0x4459,0x4439,0x4418,0x4439,0x4438,0x4419,0x4419,0x4418,0x4439,
  0x4439,0x4438,0x4439,0x4438,0x4439,0x4439,0x2398,0x1B99,0x1B99,0x1B99,0x1B99,0x1B98,0x1B99,0x1B98,0x1B99,0x1B99,
  0x1B99,0x1B99,0x1B99,0x1B99,0x1B98,0x1B98,0x0AD4,0x0251,0x0A50,0x0250,0x0A50,0x0A50,0x0A50,0x0A50,0x0A0F,0x01CE,
  0x018B,0x016B,0x016A,0x016A,0x016B,0x01AE,0x0317,0x0358,0x0358,0x0338,0x0338,0x0338,0x0338,0x0338,0x0338,0x0338,
  0x0358,0x0338,0x0358,0x0358,0x0358,0x0358,0x0358,0x0358,0x0358,0x0358,0x0358,0x0358,0x0358,0x0358,0x0358,0x0358,
  0x0358,0x0358,0x0358,0x0358,0x0358,0x0358,0x0358,0x0358,0x0358,0x0358,0x0358,0x0358,0x0358,0x0358,0x0358,0x0358,
  0x0358,0x0358,0x0358,0x0358,0x0358,0x0358,0x0358,0x0358,0x0358,0x0358,0x0358,0x0358,0x0358,0x0358,0x0338,0x0358,
  0x0358,0x0358,0x0358,0x0358,0x0358,0x0358,0x0358,0x0358,0x0358,0x0358,0x0358,0x0358,0x0358,0x0338,0x0358,0x0358,
  0x0338,0x0338,0x0338,0x0338,0x0338,0x0338,0x0317,0x0252,0x0A51,0x0A30,0x01CD,0x016B,0x018C,0x018C,0x0108,0x00C7,
  0x00A5,0x00A5,0x0129,0x0AD4,0x0337,0x0338,0x0338,0x0338,0x0338,0x0338,0x0338,0x0358,0x0358,0x0358,0x0338,0x0338,
  0x1B98,0x3C59,0x4439,0x4459,0x4439,0x4459,0x4439,0x1B78,0x1B99,0x1B99,0x1B99,0x1B99,0x1B99,0x1B99,0x1B99,0x1B99,
  0x1B99,0x1B99,0x1B99,0x1B99,0x1BB9,0x1399,0x0338,0x0338,0x0338,0x0338,0x0338,0x0339,0x0339,0x1AF4,0x8A24,0x8181,
  0x60E0,0x5901,0x2020,0x3820,0x38C1,0x0000,0x0820,0x2060,0x0800,0x0000,0x39A6,0x73AE,0x6B4C,0x6B4D,0x6B4D,0x5ACB,
  0x6B2C,0x5269,0x4228,0x4A28,0x4A28,0x4A48,0x4228,0x39E7,0x2965,0x2945,0x2945,0x2965,0x21CA,0x23B8,0x23B9,0x1BB9,
  0x1B99,0x1B99,0x1B99,0x1B99,0x1B99,0x1B99,0x1BB8,0x1B98,0x1B99,0x1B98,0x1B98,0x1B98,0x1B98,0x1B98,0x1B98,0x1B98,
  0x1B99,0x1B99,0x1B99,0x1B99,0x1B99,0x3419,0x4439,0x4439,0x4439,0x4439,0x4439,0x4419,0x4439,0x4439,0x4439,0x4439,
  0x4439,0x4419,0x4419,0x4438,0x4439,0x33D9,0x1B99,0x1B99,0x1B99,0x1B99,0x1B99,0x1B99,0x1B99,0x1B99,0x1B98,0x1B99,
  0x1B98,0x1B98,0x1B98,0x1B99,0x1B98,0x1335,0x0230,0x0A30,0x0A50,0x0A50,0x0A50,0x020F,0x0A0F,0x0A0F,0x01CE,0x018C,
  0x018B,0x018B,0x016B,0x016B,0x016B,0x016B,0x0AD5,0x0338,0x0338,0x0338,0x0338,0x0338,0x0338,0x0338,0x0338,0x0338,
  0x0338,0x0358,0x0358,0x0358,0x0358,0x0358,0x0358,0x0338,0x0358,0x0358,0x0358,0x0358,0x0358,0x0358,0x0358,0x0358,
  0x0358,0x0358,0x0358,0x0358,0x0358,0x0338,0x0358,0x0358,0x0358,0x0358,0x0358,0x0338,0x0358,0x0358,0x0358,0x0358,
  0x0358,0x0358,0x0358,0x0358,0x0338,0x0358,0x0358,0x0358,0x0358,0x0358,0x0358,0x0358,0x0358,0x0358,0x0358,0x0358,
  0x0358,0x0358,0x0358,0x0338,0x0358,0x0338,0x0338,0x0358,0x0358,0x0338,0x0358,0x0358,0x0358,0x0358,0x0358,0x0358,
  0x0358,0x0338,0x0338,0x0358,0x0338,0x0338,0x0338,0x02D5,0x0251,0x0230,0x01CE,0x016C,0x016B,0x016B,0x0129,0x00E7,
  0x00A5,0x0084,0x016C,0x0317,0x0338,0x0338,0x0358,0x0358,0x0338,0x0338,0x0338,0x0358,0x0318,0x0318,0x0318,0x02F8,
  0x2BF9,0x3C19,0x4419,0x4419,0x3C19,0x4439,0x3C19,0x1B78,0x1B99,0x1B99,0x1B99,0x1B99,0x1B99,0x1B99,0x1B99,0x1B99,
  0x1B99,0x1B99,0x1B99,0x1B99,0x1B99,0x1B99,0x0B39,0x0318,0x0318,0x0318,0x0318,0x0318,0x0339,0x1AF4,0x8A23,0x99C0,
  0x91A0,0x8980,0x7100,0x5040,0x5081,0x2000,0x2820,0x3820,0x1820,0x1820,0x41A6,0x73CA,0x6BC7,0x6B4C,0x6B4D,0x5AEB,
  0x6B2C,0x5289,0x4228,0x4A28,0x4A48,0x4A48,0x4228,0x39E7,0x2965,0x2945,0x2965,0x2965,0x21EA,0x23B8,0x23B9,0x1BB9,
  0x1B99,0x1B99,0x1B99,0x1B99,0x1B99,0x1B99,0x1B99,0x1B99,0x1B99,0x1B98,0x1B98,0x1B98,0x1B98,0x1B98,0x1B98,0x1B99,
  0x1B99,0x1B99,0x1B99,0x1B99,0x3419,0x4439,0x4439,0x4439,0x4419,0x4418,0x4439,0x4439,0x4418,0x4439,0x4439,0x4439,
  0x4439,0x4438,0x4439,0x4439,0x4439,0x2BF9,0x1B99,0x1B99,0x1B99,0x1B99,0x1B99,0x1B99,0x1B99,0x1B98,0x1B99,0x1B99,
  0x1B98,0x1B98,0x1B99,0x1B98,0x1B98,0x0AB3,0x0A2F,0x0A2F,0x0A30,0x0230,0x020F,0x01AD,0x01AD,0x016C,0x016B,0x014A,
  0x018B,0x018B,0x018B,0x016B,0x016B,0x016B,0x01CE,0x0B37,0x0338,0x0338,0x0338,0x0338,0x0338,0x0338,0x0338,0x0338,
  0x0338,0x0338,0x0358,0x0358,0x0358,0x0358,0x0358,0x0358,0x0358,0x0358,0x0358,0x0358,0x0358,0x0358,0x0358,0x0338,
  0x0358,0x0358,0x0358,0x0358,0x0358,0x0358,0x0358,0x0358,0x0358,0x0358,0x0358,0x0358,0x0358,0x0358,0x0358,0x0338,
  0x0358,0x0358,0x0358,0x0358,0x0358,0x0358,0x0358,0x0358,0x0358,0x0358,0x0358,0x0358,0x0358,0x0358,0x0358,0x0358,
  0x0358,0x0358,0x0338,0x0338,0x0358,0x0358,0x0358,0x0358,0x0358,0x0358,0x0358,0x0358,0x0358,0x0358,0x0358,0x0338,
  0x0358,0x0338,0x0338,0x0338,0x0338,0x0338,0x0338,0x0318,0x0273,0x0A51,0x0210,0x01AD,0x018C,0x018B,0x014A,0x00E7,
  0x00A6,0x00E8,0x0AB4,0x0338,0x0338,0x0338,0x0358,0x0358,0x0338,0x0338,0x0358,0x0358,0x0338,0x0338,0x0318,0x1B98,
  0x4439,0x4438,0x4418,0x4419,0x4419,0x4419,0x3C19,0x1B78,0x1B99,0x1B99,0x1B99,0x1B99,0x1B99,0x1B99,0x1B99,0x1B99,
  0x1B99,0x1B99,0x1B99,0x1B99,0x1B99,0x1B99,0x0B59,0x0318,0x0318,0x0338,0x0318,0x0318,0x0339,0x1AF4,0x8A23,0x99E0,
  0x99C0,0x99C0,0x9180,0x6080,0x60A0,0x5880,0x4840,0x5060,0x5080,0x2820,0x41A5,0x6BE7,0x6BC7,0x6B6D,0x6B4D,0x5AEB,
  0x632C,0x528A,0x4A28,0x4A28,0x4A48,0x4A49,0x4228,0x39C6,0x2965,0x2945,0x2945,0x2965,0x21EA,0x23B8,0x23B9,0x1BB9,
  0x1B99,0x1B99,0x1B99,0x1B99,0x1B99,0x1B98,0x1B99,0x1B98,0x1B98,0x1B98,0x1B98,0x1B98,0x1B98,0x1B99,0x1B99,0x1B99,
  0x1B99,0x1B99,0x1B99,0x2BB9,0x4439,0x4439,0x4438,0x4439,0x4439,0x4419,0x4419,0x4439,0x4439,0x4419,0x4439,0x4418,
  0x4439,0x4439,0x4418,0x4438,0x3C39,0x2BD9,0x1B99,0x1B99,0x1B99,0x1B99,0x1B99,0x1B99,0x1B98,0x1B99,0x1B99,0x1B98,
  0x1B98,0x1B98,0x1B99,0x1B98,0x1B77,0x0251,0x0A2F,0x0A2F,0x0A0F,0x01CD,0x018C,0x016B,0x016B,0x016B,0x014B,0x014B,
  0x016B,0x018B,0x018B,0x016B,0x016B,0x016A,0x016B,0x0AB4,0x0338,0x0338,0x0338,0x0338,0x0338,0x0338,0x0338,0x0338,
  0x0358,0x0338,0x0358,0x0338,0x0338,0x0358,0x0358,0x0358,0x0358,0x0358,0x0358,0x0358,0x0358,0x0358,0x0358,0x0358,
  0x0358,0x0338,0x0358,0x0358,0x0358,0x0358,0x0358,0x0358,0x0358,0x0338,0x0358,0x0358,0x0358,0x0358,0x0358,0x0358,
  0x0358,0x0358,0x0358,0x0358,0x0358,0x0358,0x0358,0x0358,0x0358,0x0358,0x0358,0x0358,0x0358,0x0338,0x0358,0x0358,
  0x0358,0x0358,0x0358,0x0358,0x0358,0x0358,0x0358,0x0358,0x0338,0x0358,0x0358,0x0358,0x0338,0x0358,0x0338,0x0358,
  0x0338,0x0338,0x0338,0x0338,0x0338,0x0338,0x0338,0x0338,0x02D5,0x0272,0x0A51,0x01CE,0x018C,0x018C,0x012A,0x00E7,
  0x012A,0x0A73,0x0B58,0x0338,0x0338,0x0358,0x0358,0x0358,0x0338,0x0338,0x0338,0x0338,0x0338,0x0339,0x0B58,0x3C39,
  0x4438,0x4438,0x4438,0x4438,0x4419,0x4439,0x2BD9,0x1B79,0x1B99,0x1B99,0x1B99,0x1B99,0x1B99,0x1B99,0x1B99,0x1B99,
  0x1B99,0x1B99,0x1B99,0x1B99,0x1B99,0x1B99,0x1B99,0x0318,0x0338,0x0338,0x0337,0x0B35,0x0338,0x1AF4,0x8A23,0xA200,
  0x99E0,0x91C0,0x89A0,0x69E1,0x6A61,0x6A61,0x5A21,0x5A21,0x6200,0x48E0,0x51E3,0x6383,0x6B8A,0x6B6D,0x6B6E,0x62EC,
  0x632C,0x52AA,0x4A28,0x4208,0x39E7,0x31A6,0x3186,0x2965,0x2965,0x2965,0x2965,0x2965,0x21C9,0x23B8,0x1BB9,0x1BB9,
  0x1B99,0x1B99,0x1B99,0x1B99,0x1B99,0x1B99,0x1B99,0x1B99,0x1B99,0x1B99,0x1B98,0x1B98,0x1B99,0x1B99,0x1B99,0x1B99,
  0x1B99,0x1B99,0x23B9,0x4439,0x4438,0x4439,0x4439,0x4439,0x4419,0x4439,0x4419,0x4439,0x4439,0x4439,0x4439,0x4439,
  0x4438,0x4418,0x4438,0x4419,0x3C19,0x1B99,0x1B99,0x1B99,0x1B99,0x1B99,0x1B99,0x1B99,0x1B99,0x1B99,0x1B99,0x1B99,
  0x1B99,0x1B99,0x1B99,0x1B77,0x0A92,0x0A30,0x0A2F,0x01EE,0x01AC,0x016C,0x016B,0x016C,0x016C,0x016B,0x014A,0x00E8,
  0x00C8,0x00E8,0x016A,0x018B,0x016A,0x00E8,0x012A,0x01EF,0x0AD5,0x0338,0x0358,0x0338,0x0338,0x0338,0x0338,0x0338,
  0x0338,0x0358,0x0358,0x0338,0x0358,0x0338,0x0358,0x0338,0x0358,0x0358,0x0358,0x0358,0x0358,0x0358,0x0358,0x0338,
  0x0358,0x0358,0x0358,0x0358,0x0358,0x0358,0x0358,0x0358,0x0358,0x0358,0x0358,0x0338,0x0358,0x0338,0x0358,0x0338,
  0x0358,0x0358,0x0358,0x0358,0x0358,0x0358,0x0358,0x0358,0x0358,0x0358,0x0358,0x0338,0x0358,0x0358,0x0358,0x0358,
  0x0358,0x0338,0x0358,0x0358,0x0358,0x0358,0x0358,0x0358,0x0358,0x0358,0x0358,0x0358,0x0358,0x0338,0x0338,0x0338,
  0x0338,0x0338,0x0338,0x0358,0x0338,0x0338,0x0338,0x0338,0x0B58,0x0272,0x0251,0x01EF,0x01AC,0x018C,0x0129,0x00E8,
  0x09F0,0x0B38,0x0339,0x0338,0x0338,0x0358,0x0338,0x0358,0x0338,0x0338,0x0338,0x0358,0x0339,0x0338,0x341A,0x4439,
  0x4438,0x4438,0x4439,0x4439,0x4439,0x3C39,0x1B78,0x1B79,0x1B99,0x1B99,0x1B99,0x1B99,0x1B99,0x1B99,0x1B99,0x1B99,
  0x1B99,0x1B99,0x1B99,0x1B99,0x1B99,0x1B99,0x1B99,0x0B59,0x0318,0x0319,0x0B36,0x3BAC,0x0B34,0x1B14,0x8A43,0xA220,
  0x9AA0,0x8BC1,0x83C2,0x7442,0x6420,0x5BE0,0x53E0,0x5BE0,0x5BC0,0x5B01,0x6BC3,0x5BC1,0x6389,0x6B6D,0x6B6E,0x630C,
  0x6B2C,0x528A,0x31A6,0x3185,0x31A6,0x2965,0x2945,0x2945,0x2945,0x2965,0x2965,0x2945,0x21A9,0x2377,0x1B78,0x1B78,
  0x1B99,0x1B99,0x1B99,0x1B99,0x1B99,0x1B99,0x1B99,0x1B99,0x1B98,0x1B98,0x1B98,0x1B98,0x1B78,0x1B78,0x1B78,0x1B98,
  0x1B79,0x1B79,0x33F9,0x4419,0x4418,0x4418,0x4418,0x4418,0x4418,0x4439,0x4418,0x4439,0x4439,0x4439,0x4439,0x4439,
  0x4418,0x4418,0x4438,0x4438,0x3BF9,0x1B99,0x1B99,0x1B99,0x1B99,0x1B99,0x1B99,0x1B99,0x1B98,0x1B99,0x1B98,0x1B98,
  0x1B98,0x1B98,0x1B77,0x0AB3,0x0A30,0x0A2F,0x09EE,0x018C,0x018C,0x016C,0x016B,0x016C,0x016B,0x014A,0x00E8,0x00A7,
  0x00A7,0x00A6,0x00A7,0x00E8,0x0109,0x00C7,0x00C7,0x0968,0x2AA9,0x22AA,0x232D,0x1333,0x0338,0x0338,0x0338,0x0338,
  0x0338,0x0358,0x0358,0x0358,0x0358,0x0358,0x0358,0x0358,0x0358,0x0358,0x0358,0x0358,0x0358,0x0358,0x0358,0x0338,
  0x0358,0x0358,0x0358,0x0358,0x0358,0x0358,0x0358,0x0358,0x0358,0x0358,0x0358,0x0358,0x0358,0x0358,0x0358,0x0358,
  0x0358,0x0358,0x0358,0x0338,0x0358,0x0358,0x0358,0x0358,0x0358,0x0358,0x0358,0x0358,0x0358,0x0338,0x0358,0x0358,
  0x0358,0x0358,0x0358,0x0358,0x0358,0x0358,0x0358,0x0358,0x0358,0x0358,0x0338,0x0358,0x0358,0x0358,0x0358,0x0358,
  0x0338,0x0338,0x0338,0x0358,0x0338,0x0338,0x0338,0x0338,0x0B59,0x0252,0x0231,0x01EE,0x018C,0x014A,0x00E7,0x0109,
  0x0AF5,0x0359,0x0338,0x0358,0x0358,0x0338,0x0338,0x0358,0x0338,0x0338,0x0338,0x0338,0x0318,0x1338,0x3C19,0x4439,
  0x4439,0x4439,0x4439,0x4439,0x4439,0x3C39,0x1B78,0x1378,0x1B99,0x1B99,0x1B99,0x1B99,0x1B99,0x1B99,0x1B99,0x1B99,
  0x1B79,0x1B79,0x1B79,0x1B79,0x1B79,0x1379,0x1379,0x1359,0x0319,0x0319,0x0318,0x234F,0x236F,0x1314,0x8344,0x93A1,
  0x8401,0x7D02,0x6CA1,0x5C01,0x5BA1,0x4B60,0x4B60,0x4B80,0x4BA0,0x4340,0x3B00,0x2A80,0x3262,0x4AE8,0x6B6D,0x632D,
  0x630C,0x4228,0x3186,0x2124,0x2945,0x2945,0x2945,0x2945,0x2965,0x2965,0x2945,0x2945,0x21A8,0x2B52,0x3BAD,0x3B8D,
  0x334E,0x2B73,0x1B98,0x1B99,0x1B99,0x1B99,0x1B99,0x1B99,0x1B99,0x1B98,0x1B98,0x1B98,0x1B98,0x1B98,0x1B98,0x1B98,
  0x1B99,0x2BD9,0x3C19,0x4418,0x4418,0x4418,0x4418,0x4418,0x4418,0x4418,0x4439,0x4439,0x4418,0x4439,0x4439,0x4438,
  0x4418,0x4418,0x4418,0x4419,0x2BB9,0x1B99,0x1B99,0x1B99,0x1B99,0x1B99,0x1B99,0x1B99,0x1B99,0x1B98,0x1B98,0x2398,
  0x33B7,0x33B6,0x22F2,0x1A6F,0x120E,0x09AC,0x018C,0x018C,0x018C,0x016C,0x016B,0x0969,0x3267,0x4305,0x2A43,0x1164,
  0x00C6,0x00A7,0x00A6,0x00A6,0x00C6,0x00C5,0x1163,0x5BC5,0x5BC1,0x3AE0,0x3AE1,0x32E6,0x230E,0x1312,0x0337,0x0338,
  0x0338,0x0338,0x0338,0x0358,0x0358,0x0358,0x0358,0x0358,0x0358,0x0358,0x0358,0x0358,0x0358,0x0358,0x0358,0x0358,
  0x0358,0x0358,0x0358,0x0358,0x0358,0x0358,0x0358,0x0358,0x0358,0x0358,0x0358,0x0358,0x0358,0x0358,0x0358,0x0358,
  0x0358,0x0358,0x0358,0x0358,0x0358,0x0358,0x0358,0x0338,0x0358,0x0358,0x0358,0x0358,0x0358,0x0338,0x0358,0x0358,
  0x0358,0x0358,0x0358,0x0358,0x0338,0x0338,0x0358,0x0338,0x0358,0x0358,0x0358,0x0358,0x0358,0x0338,0x0358,0x0338,
  0x0338,0x0358,0x0358,0x0358,0x0338,0x0338,0x0338,0x0338,0x0B38,0x0231,0x0231,0x01EE,0x018B,0x0108,0x00C7,0x09EF,
  0x0B38,0x0339,0x0338,0x0358,0x0358,0x0358,0x0338,0x0358,0x0338,0x0338,0x0338,0x0338,0x0318,0x2BD9,0x4439,0x4439,
  0x4439,0x4439,0x4439,0x4439,0x4439,0x2BD9,0x1B79,0x1399,0x1B99,0x1B99,0x1B99,0x1B99,0x1B99,0x1B99,0x1B99,0x1B99,
  0x1B79,0x1B79,0x1B79,0x1B79,0x1B79,0x1B99,0x1B78,0x2397,0x0B16,0x0316,0x1333,0x12F0,0x2B6B,0x2B2E,0x7C24,0x63E0,
  0x5BE1,0x6B20,0x6241,0x6180,0x6901,0x5960,0x4220,0x3220,0x3280,0x2A60,0x2A40,0x2200,0x1180,0x08E0,0x4AA9,0x630C,
  0x62EB,0x39C7,0x2925,0x2104,0x2945,0x2945,0x2945,0x2965,0x2965,0x2965,0x2945,0x2963,0x3A64,0x6446,0x63C1,0x5341,
  0x42A0,0x3AE6,0x334E,0x2B94,0x2397,0x23B9,0x1BB9,0x1B99,0x1B98,0x1B98,0x1B98,0x1B98,0x1B98,0x1B98,0x1B97,0x2396,
  0x2BB7,0x4418,0x4418,0x4438,0x4418,0x4418,0x4418,0x4418,0x4418,0x4418,0x4439,0x4439,0x4439,0x4439,0x4439,0x4439,
  0x4438,0x4438,0x4438,0x3C19,0x2399,0x1B79,0x1B99,0x1B99,0x1B99,0x1B99,0x1B99,0x1B99,0x1B98,0x2397,0x3395,0x53B3,
  0x7411,0x7C11,0x8451,0x8452,0x8472,0x6BD1,0x2A2D,0x096A,0x096A,0x0969,0x2A07,0x5A84,0x6BC3,0x4B20,0x3AA0,0x3AA1,
  0x3284,0x1144,0x2A04,0x4B24,0x3283,0x3AC2,0x5B82,0x63A0,0x5B81,0x42A0,0x4B00,0x4B20,0x4B41,0x32C4,0x2AEB,0x230D,
  0x1334,0x0358,0x0358,0x0358,0x0358,0x0358,0x0358,0x0358,0x0358,0x0358,0x0358,0x0358,0x0358,0x0358,0x0358,0x0358,
  0x0338,0x0358,0x0358,0x0358,0x0358,0x0358,0x0358,0x0338,0x0358,0x0358,0x0358,0x0358,0x0358,0x0358,0x0358,0x0358,
  0x0358,0x0358,0x0358,0x0358,0x0358,0x0358,0x0358,0x0358,0x0358,0x0358,0x0358,0x0358,0x0358,0x0358,0x0338,0x0338,
  0x0358,0x0358,0x0358,0x0358,0x0358,0x0358,0x0358,0x0338,0x0358,0x0358,0x0358,0x0358,0x0338,0x0338,0x0338,0x0338,
  0x0338,0x0338,0x0338,0x0358,0x0338,0x0338,0x0338,0x0338,0x0273,0x0231,0x0231,0x01EF,0x016B,0x00E8,0x00C8,0x0A93,
  0x0339,0x0338,0x0338,0x0358,0x0338,0x0358,0x0338,0x0358,0x0358,0x0338,0x0338,0x0338,0x0B37,0x4439,0x4439,0x4439,
  0x4439,0x4439,0x4439,0x4439,0x4439,0x23B9,0x1379,0x1399,0x1B99,0x1B99,0x1B99,0x1B99,0x1B99,0x1B99,0x1B99,0x1B99,
  0x1B99,0x1B79,0x1B79,0x1B78,0x2396,0x2395,0x2B93,0x648B,0x5C08,0x3B67,0x3B45,0x4344,0x3B21,0x6425,0x5AC1,0x63C2,
  0x4260,0x7900,0x5020,0xA122,0xD9A2,0xA102,0x4040,0x2080,0x3A82,0x2200,0x11A0,0x0920,0x0080,0x0020,0x0000,0x4A49,
  0x62EC,0x3186,0x2124,0x2104,0x2125,0x2145,0x2165,0x29A3,0x4AA3,0x3A43,0x3A23,0x4B02,0x5362,0x6C03,0x5362,0x3260,
  0x4B21,0x3AE0,0x4B61,0x4325,0x3B28,0x3392,0x23B8,0x1BB9,0x1B99,0x1B78,0x1B78,0x1B77,0x1B77,0x1B76,0x33F2,0x4C0B,
  0x436A,0x43B0,0x4C38,0x4438,0x4438,0x4438,0x4419,0x4418,0x4418,0x4439,0x4439,0x4439,0x4418,0x4439,0x4439,0x4439,
  0x4438,0x4438,0x4438,0x33F9,0x1B99,0x1B99,0x1B99,0x1B99,0x1B99,0x1B99,0x1B99,0x1B98,0x2396,0x6413,0x73F0,0x738E,
  0x738E,0x7BCF,0x8430,0x8410,0x8410,0x9472,0x8451,0x6B8C,0x4B26,0x4AE3,0x8B04,0x90C0,0x6981,0x41A0,0x6382,0x4B40,
  0x5C01,0x5BC2,0x6C42,0x63A1,0x4AE1,0x4B20,0x52E0,0x5AA0,0x5240,0x3160,0x6322,0x5340,0x5381,0x3AC0,0x3AE0,0x3B01,
  0x3307,0x1B52,0x0358,0x0358,0x0358,0x0358,0x0358,0x0358,0x0358,0x0358,0x0358,0x0358,0x0358,0x0358,0x0358,0x0358,
  0x0358,0x0358,0x0358,0x0358,0x0358,0x0358,0x0358,0x0338,0x0358,0x0358,0x0358,0x0358,0x0358,0x0358,0x0358,0x0358,
  0x0358,0x0358,0x0358,0x0358,0x0358,0x0338,0x0358,0x0358,0x0358,0x0358,0x0358,0x0338,0x0358,0x0358,0x0358,0x0358,
  0x0358,0x0358,0x0358,0x0358,0x0358,0x0358,0x0358,0x0358,0x0358,0x0358,0x0358,0x0358,0x0358,0x0358,0x0338,0x0338,
  0x0338,0x0358,0x0338,0x0358,0x0338,0x0338,0x0338,0x0338,0x0273,0x0231,0x0231,0x01EF,0x016B,0x00E8,0x0A10,0x0B38,
  0x0338,0x0338,0x0338,0x0338,0x0358,0x0358,0x0358,0x0358,0x0358,0x0338,0x0338,0x0B38,0x33F9,0x4439,0x4439,0x4439,
  0x4439,0x4439,0x4439,0x4439,0x443A,0x23B9,0x1B99,0x1B99,0x1B99,0x1B99,0x1B99,0x1B99,0x1B99,0x1B99,0x1B99,0x1B99,
  0x1B99,0x1B98,0x1B96,0x4430,0x854B,0x7CE8,0x7CC6,0x7CC3,0x5BE0,0x4B80,0x4B80,0x4B80,0x4340,0x4301,0x30E0,0x6B84,
  0x31C1,0x5161,0x2000,0x6881,0x6041,0x1800,0x1820,0x0800,0x0880,0x3222,0x1160,0x21A2,0x0880,0x0000,0x0861,0x52AA,
  0xBE7B,0xA5DA,0x9558,0x9599,0x8539,0x64D6,0x5CB2,0x6467,0x6401,0x4B20,0x42C0,0x42E0,0x42C3,0x7CF3,0x7CF5,0x6470,
  0x3B44,0x4BA1,0x5BE1,0x4B20,0x4B41,0x32A3,0x330B,0x33F7,0x3C19,0x4438,0x757A,0x963C,0x963C,0x85DC,0x8DD9,0x95B4,
  0x7D13,0x7535,0x7558,0x755A,0x6D3A,0x651A,0x4438,0x3C18,0x4418,0x4418,0x4418,0x4419,0x4439,0x4439,0x4439,0x4439,
  0x4438,0x4439,0x3C39,0x2BB9,0x1B99,0x1B99,0x1B99,0x1B99,0x1B99,0x1B99,0x1B99,0x3396,0x7412,0x73AE,0x73AE,0x83EF,
  0x8410,0x8430,0x8430,0x8430,0x8C71,0x9CD2,0x9491,0x5AEA,0x5305,0x6A41,0x98E0,0x7800,0x6800,0x4020,0x4261,0x42E0,
  0x7462,0x4A40,0x6361,0x4201,0x41E1,0x7442,0x42A0,0x6C01,0x5381,0x3220,0x3280,0x2A60,0x3AC1,0x1980,0x3AA1,0x42E1,
  0x1941,0x2ACB,0x0B58,0x0359,0x0358,0x0358,0x0358,0x0358,0x0358,0x0358,0x0338,0x0338,0x0358,0x0358,0x0358,0x0358,
  0x0358,0x0338,0x0358,0x0358,0x0358,0x0358,0x0358,0x0358,0x0358,0x0358,0x0358,0x0358,0x0358,0x0358,0x0358,0x0358,
  0x0358,0x0358,0x0358,0x0358,0x0358,0x0358,0x0358,0x0358,0x0358,0x0358,0x0358,0x0358,0x0358,0x0338,0x0358,0x0358,
  0x0358,0x0358,0x0358,0x0358,0x0358,0x0358,0x0358,0x0338,0x0338,0x0338,0x0358,0x0358,0x0358,0x0338,0x0358,0x0358,
  0x0358,0x0358,0x0358,0x0338,0x0338,0x0318,0x0318,0x02F6,0x0272,0x0251,0x0230,0x01AD,0x014A,0x012A,0x0AD5,0x0338,
  0x0338,0x0338,0x0338,0x0338,0x0358,0x0358,0x0358,0x0358,0x0318,0x0318,0x02D8,0x1B78,0x3C39,0x4439,0x4439,0x4439,
  0x4439,0x4439,0x4439,0x4439,0x33F9,0x1B98,0x1B99,0x1B99,0x1B99,0x1B99,0x1B99,0x1B99,0x1B99,0x1B99,0x1B99,0x1B99,
  0x1378,0x1B54,0x43EB,0x6425,0x84C5,0x6C62,0x6441,0x53E0,0x4320,0x32C0,0x32C0,0x32C0,0x3AE0,0x3200,0x6161,0x38A0,
  0x0800,0x52E4,0x0000,0x2820,0x3061,0x0000,0x0860,0x0860,0x0020,0x0020,0x2122,0x0040,0x0000,0x0000,0x2965,0x6B6D,
  0x2B54,0x2B14,0x2314,0x1B35,0x1B36,0x3391,0x53C7,0x4AE1,0x5B81,0x3A41,0x5281,0x62A1,0x5A23,0x59E7,0x72ED,0x6BB2,
  0x3330,0x3B68,0x4B41,0x29E0,0x4B21,0x29C1,0x2A22,0x3305,0x64AA,0x5407,0x53E6,0x53C6,0x4B87,0x338E,0x3372,0x2B70,
  0x2350,0x2330,0x4BAA,0x5BC9,0x4307,0x436B,0x4C35,0x4438,0x4439,0x4419,0x4418,0x4418,0x4439,0x4439,0x4439,0x4439,
  0x4439,0x4439,0x33F9,0x1B79,0x1B99,0x1B99,0x1B99,0x1B99,0x1B99,0x1B99,0x2B97,0x6BF2,0x73AE,0x6B4D,0x6B6D,0x73AE,
  0x7BEF,0x8430,0x8C50,0x9CF3,0xA534,0x8C71,0x4A69,0x2965,0x2984,0x5AA2,0x78A0,0x6800,0x5000,0x4901,0x3260,0x2A40,
  0x6B21,0x61E0,0x6A01,0x2880,0x5A22,0x7C82,0x4B42,0x53E1,0x42E1,0x3AE1,0x3280,0x2200,0x21A1,0x0020,0x2141,0x39C1,
  0x0861,0x1A71,0x0379,0x0359,0x0338,0x0358,0x0358,0x0358,0x0358,0x0358,0x0338,0x0338,0x0358,0x0358,0x0358,0x0358,
  0x0358,0x0358,0x0358,0x0358,0x0358,0x0358,0x0358,0x0358,0x0358,0x0358,0x0358,0x0358,0x0358,0x0358,0x0358,0x0358,
  0x0358,0x0358,0x0358,0x0358,0x0358,0x0358,0x0358,0x0358,0x0358,0x0358,0x0358,0x0358,0x0338,0x0358,0x0358,0x0358,
  0x0358,0x0358,0x0358,0x0358,0x0358,0x0358,0x0338,0x0338,0x0358,0x0358,0x0338,0x0358,0x0358,0x0358,0x0338,0x0358,
  0x0358,0x0358,0x0358,0x0358,0x0318,0x0318,0x0318,0x0273,0x0251,0x0231,0x01EF,0x016B,0x012A,0x0210,0x0B38,0x0338,
  0x0338,0x0338,0x0338,0x0338,0x0358,0x0338,0x0358,0x0358,0x0318,0x0318,0x0318,0x3C19,0x4419,0x4439,0x4439,0x4439,
  0x4439,0x4439,0x4439,0x4439,0x33F9,0x1B99,0x1B99,0x1B99,0x1B99,0x1B99,0x1B99,0x1B99,0x1B99,0x1B99,0x1B99,0x1B99,
  0x2375,0x3B69,0x6423,0x4B60,0x5381,0x53A1,0x4B60,0x4320,0x3280,0x2A20,0x2A40,0x21E0,0x4302,0x29A0,0x9241,0x6900,
  0x6941,0x4121,0x1000,0x1800,0x1820,0x0000,0x1080,0x2101,0x0020,0x0000,0x1020,0x0000,0x0000,0x1000,0x49C7,0x736D,
  0x634E,0x5B0D,0x5B0D,0x5B0D,0x530D,0x536C,0x6B03,0x6220,0x6240,0x20A0,0x5921,0x5902,0x6123,0xC269,0x89A6,0x4904,
  0x0861,0x3223,0x2160,0x0860,0x41E2,0x2921,0x0880,0x7463,0x6C61,0x5BC0,0x4B00,0x4B00,0x42A0,0x3AA2,0x3AE3,0x32A2,
  0x3A84,0x4A4A,0x4164,0x7244,0x6A42,0x4A82,0x3AC5,0x4BAD,0x4416,0x4439,0x4419,0x4418,0x4439,0x4439,0x4439,0x4439,
  0x4439,0x4439,0x33F9,0x1B79,0x1B99,0x1B99,0x1B99,0x1B99,0x1B99,0x1B98,0x43B5,0x73CF,0x6B6D,0x6B4D,0x6B4D,0x6B4D,
  0x5AAA,0x4A69,0x5269,0x528A,0x52AA,0x4228,0x2965,0x2945,0x2144,0x4282,0x51A1,0x5961,0x30A0,0x39C1,0x3A80,0x2120,
  0x6AC1,0xA381,0x7A20,0x6180,0x7A61,0x5AA2,0x10E0,0x52E2,0x18C0,0x2140,0x3A21,0x0860,0x2981,0x1081,0x2880,0x5182,
  0x1041,0x1272,0x037A,0x0359,0x0358,0x0358,0x0358,0x0358,0x0358,0x0358,0x0358,0x0358,0x0358,0x0358,0x0358,0x0358,
  0x0358,0x0338,0x0358,0x0358,0x0358,0x0358,0x0358,0x0358,0x0358,0x0358,0x0358,0x0358,0x0358,0x0358,0x0358,0x0358,
  0x0358,0x0358,0x0358,0x0358,0x0358,0x0358,0x0358,0x0358,0x0358,0x0358,0x0358,0x0358,0x0358,0x0358,0x0338,0x0358,
  0x0358,0x0338,0x0358,0x0358,0x0358,0x0358,0x0358,0x0338,0x0338,0x0358,0x0358,0x0358,0x0358,0x0358,0x0338,0x0338,
  0x0358,0x0358,0x0358,0x0338,0x0318,0x0318,0x02F6,0x0231,0x0231,0x0230,0x01CE,0x014B,0x014C,0x0B37,0x0338,0x0338,
  0x0338,0x0338,0x0338,0x0338,0x0338,0x0338,0x0338,0x0358,0x0338,0x0318,0x2BF9,0x4439,0x4439,0x4439,0x4439,0x4439,
  0x4439,0x4439,0x4439,0x4439,0x2BD9,0x1B99,0x1B99,0x1B99,0x1B99,0x1B99,0x1B99,0x1B99,0x1B99,0x1B99,0x1B99,0x1B99,
  0x2B92,0x3AC5,0x5322,0x5381,0x5BE2,0x6401,0x3AC1,0x19C0,0x42E1,0x2A00,0x29E0,0x1960,0x4302,0x1900,0x9A81,0xAA61,
  0x9A00,0x89C1,0x5080,0x4820,0x48A1,0x1000,0x2820,0x4060,0x2000,0x1000,0x2000,0x2000,0x1000,0x3020,0x59E7,0x734D,
  0x632C,0x5ACB,0x5269,0x5269,0x4249,0x4248,0x8B84,0xA381,0x8AC1,0x59A0,0x8202,0x2020,0x2020,0x58E3,0x0800,0x1061,
  0x0000,0x2121,0x3A02,0x18A0,0x4121,0x38E0,0x2080,0x5AC3,0x5301,0x5B41,0x41A0,0x7BE2,0x4AC0,0x63C2,0x5361,0x42A0,
  0x7B84,0x3060,0x7988,0xE330,0x8945,0x40E1,0x18E0,0x4305,0x43D2,0x4439,0x4439,0x4439,0x4439,0x4439,0x4439,0x4439,
  0x4439,0x4439,0x33F9,0x1B79,0x1B99,0x1B99,0x1B99,0x1B99,0x1B99,0x1B78,0x6C13,0x738E,0x6B6D,0x6B4D,0x6B4D,0x6B2C,
  0x4A49,0x4228,0x4A28,0x4A28,0x4A48,0x4228,0x3166,0x2945,0x2145,0x2183,0x10C0,0x63C3,0x3A81,0x4AE2,0x5B62,0x2960,
  0x5261,0xABA0,0xB3A0,0xB3A0,0xB3C1,0x9302,0x4961,0x4961,0x1020,0x30C0,0x51E2,0x0000,0x1861,0x0800,0x38C1,0x6981,
  0x61C3,0x22B2,0x0379,0x0359,0x0358,0x0338,0x0358,0x0358,0x0358,0x0358,0x0358,0x0358,0x0358,0x0358,0x0358,0x0358,
  0x0338,0x0358,0x0358,0x0338,0x0358,0x0338,0x0358,0x0358,0x0338,0x0338,0x0358,0x0358,0x0358,0x0358,0x0358,0x0358,
  0x0358,0x0358,0x0358,0x0358,0x0358,0x0358,0x0358,0x0358,0x0358,0x0338,0x0358,0x0338,0x0358,0x0358,0x0358,0x0358,
  0x0358,0x0358,0x0358,0x0358,0x0358,0x0358,0x0358,0x0338,0x0338,0x0338,0x0338,0x0338,0x0338,0x0338,0x0338,0x0338,
  0x0358,0x0358,0x0358,0x0338,0x0338,0x0338,0x02B5,0x0210,0x0230,0x0210,0x018D,0x012A,0x0A72,0x0338,0x0338,0x0338,
  0x0338,0x0338,0x0338,0x0358,0x0358,0x0358,0x0358,0x0358,0x0318,0x1358,0x3C39,0x4439,0x4439,0x4439,0x4439,0x4439,
  0x4439,0x4439,0x4439,0x3C39,0x1B98,0x1B99,0x1B99,0x1B99,0x1B99,0x1B99,0x1B99,0x1B99,0x1B99,0x1B99,0x1B99,0x1B99,
  0x2376,0x10E4,0x5282,0x3201,0x42A2,0x4B62,0x1100,0x29E1,0x3242,0x08A0,0x4B23,0x08E0,0x10C0,0x3181,0x9A81,0xAA80,
  0xA240,0x9A00,0x89C1,0x68C0,0x68E0,0x58C0,0x5880,0x68C0,0x60E1,0x2000,0x3820,0x4020,0x3840,0x3820,0x59E7,0x6B4C,
  0x632C,0x4A69,0x4208,0x4228,0x4228,0x4228,0x7AE3,0xB3C0,0xB3E0,0xA361,0xA301,0x7A63,0x38E1,0x28A2,0x0000,0x28A1,
  0x30C1,0x1020,0x2080,0x0800,0x30E1,0x5180,0x41E1,0x4AA2,0x3A60,0x3A00,0x49C1,0x73C1,0x63A2,0x6C22,0x3A81,0x3A61,
  0x5B22,0x1060,0x3062,0x60C4,0x1800,0x28C1,0x0820,0x2A6C,0x4438,0x4439,0x4439,0x4439,0x4419,0x4439,0x4418,0x4419,
  0x4439,0x3C39,0x2398,0x1B99,0x1B99,0x1B99,0x1B99,0x1B99,0x1B99,0x2377,0x7411,0x6B4D,0x6B4D,0x6B2C,0x6B2C,0x630C,
  0x4A49,0x4228,0x4A28,0x4A48,0x4A28,0x39E7,0x2125,0x2124,0x2123,0x10C3,0x1921,0x5BC2,0x6C62,0x5BE1,0x32A0,0x2A20,
  0x42A1,0x7321,0x9B81,0xB3E1,0xBC20,0xB3E1,0x7240,0x5140,0x38C0,0x5120,0x7221,0x30C1,0x30A0,0x4901,0x38A0,0x6160,
  0x69C2,0x22B0,0x0359,0x0359,0x0358,0x0358,0x0358,0x0358,0x0358,0x0358,0x0358,0x0358,0x0358,0x0358,0x0358,0x0338,
  0x0358,0x0338,0x0358,0x0338,0x0358,0x0358,0x0358,0x0358,0x0358,0x0358,0x0358,0x0358,0x0338,0x0358,0x0358,0x0338,
  0x0358,0x0358,0x0358,0x0358,0x0358,0x0358,0x0358,0x0358,0x0358,0x0358,0x0358,0x0358,0x0358,0x0338,0x0338,0x0338,
  0x0358,0x0358,0x0358,0x0358,0x0358,0x0358,0x0358,0x0358,0x0338,0x0358,0x0358,0x0338,0x0338,0x0358,0x0358,0x0358,
  0x0358,0x0338,0x0358,0x0338,0x0338,0x0318,0x0293,0x01EF,0x0230,0x020F,0x018C,0x012A,0x0A72,0x0338,0x0338,0x0338,
  0x0338,0x0338,0x0338,0x0338,0x0338,0x0338,0x0338,0x0338,0x0AF7,0x2BB8,0x4439,0x4439,0x4419,0x4439,0x4419,0x4438,
  0x4419,0x4419,0x4439,0x3C19,0x1B98,0x1B99,0x1B99,0x1B99,0x1B99,0x1B99,0x1B99,0x1B99,0x1B99,0x1B99,0x1B99,0x1B99,
  0x1B98,0x528C,0x6142,0x2840,0x4182,0x1900,0x0000,0x1901,0x1941,0x0060,0x2A01,0x08E0,0x0000,0x0800,0x9221,0xA220,
  0x9A00,0x91E0,0x89C0,0x7100,0x70E0,0x70E0,0x68C0,0x68C0,0x70E0,0x3840,0x3820,0x4020,0x4840,0x4840,0x59C6,0x6B2C,
  0x6B2C,0x4A69,0x4208,0x4208,0x4228,0x4228,0x7AE4,0xB3C0,0xB3E0,0xB400,0xB3C0,0x9B00,0x7200,0x5980,0x30C0,0x59A1,
  0x7221,0x4121,0x38E1,0x28E1,0x4221,0x6381,0x6C01,0x5B81,0x3220,0x3240,0x3A60,0x4B01,0x1960,0x4B02,0x1901,0x10A0,
  0x3A21,0x10C1,0x1840,0x2041,0x0800,0x4941,0x30C1,0x2A4C,0x4439,0x4439,0x4439,0x4439,0x4438,0x4439,0x4439,0x4418,
  0x4439,0x3C39,0x1B79,0x1B99,0x1B99,0x1B99,0x1B99,0x1B99,0x1B99,0x2376,0x634E,0x6B2C,0x6B2C,0x6B2D,0x6B4D,0x52AA,
  0x4A28,0x4228,0x4A28,0x4A48,0x4228,0x39C6,0x2983,0x3A82,0x5362,0x3AA2,0x4B22,0x4B20,0x5341,0x5341,0x3200,0x3AA1,
  0x3260,0x3A80,0x4240,0x5AA0,0x8BA1,0xA401,0x82C0,0x7A40,0x7200,0x69C0,0x7A20,0x7A21,0x5940,0x69A0,0x6980,0x6160,
  0x61A1,0x2AB0,0x0359,0x0359,0x0338,0x0358,0x0358,0x0358,0x0358,0x0358,0x0358,0x0358,0x0358,0x0358,0x0358,0x0358,
  0x0358,0x0358,0x0358,0x0358,0x0358,0x0358,0x0358,0x0358,0x0358,0x0358,0x0358,0x0358,0x0358,0x0338,0x0338,0x0358,
  0x0358,0x0358,0x0358,0x0358,0x0358,0x0358,0x0358,0x0358,0x0358,0x0358,0x0338,0x0358,0x0358,0x0358,0x0358,0x0358,
  0x0358,0x0358,0x0358,0x0358,0x0358,0x0358,0x0358,0x0358,0x0338,0x0358,0x0338,0x0338,0x0358,0x0358,0x0358,0x0358,
  0x0358,0x0338,0x0358,0x0338,0x0338,0x0338,0x0293,0x01EF,0x0230,0x020F,0x016B,0x014A,0x0A30,0x0338,0x0338,0x0338,
  0x0338,0x0338,0x0338,0x0358,0x0338,0x0338,0x0338,0x0318,0x1B58,0x4439,0x4439,0x4439,0x4419,0x4438,0x4418,0x4418,
  0x3C19,0x4419,0x3C39,0x23B8,0x1B98,0x1B98,0x1B99,0x1B99,0x1B99,0x1B99,0x1B99,0x1B99,0x1B99,0x1B99,0x1B99,0x1B99,
  0x1B98,0x5ACD,0x99C1,0x70E0,0x7981,0x2860,0x2020,0x2040,0x10A1,0x0000,0x30E1,0x1880,0x0000,0x1800,0x9221,0xA220,
  0x9200,0x91E0,0x89C0,0x7100,0x70E0,0x70E0,0x70E0,0x70E0,0x70E0,0x5060,0x4020,0x4820,0x4840,0x4840,0x59C6,0x630B,
  0x6B2D,0x528A,0x4228,0x4228,0x4228,0x4228,0x7AE4,0xBBC0,0xBBE0,0xB400,0xB400,0xA340,0x8AA0,0x82A0,0x7A40,0x7A80,
  0x7BA1,0x73A2,0x4241,0x31E0,0x4B41,0x5381,0x5B81,0x4280,0x4281,0x4280,0x5381,0x3AA0,0x3220,0x3A61,0x10C0,0x18C1,
  0x41C1,0x1080,0x1040,0x28A1,0x1000,0x5981,0x59C1,0x534E,0x4438,0x4439,0x4439,0x4439,0x4418,0x4419,0x4418,0x4419,
  0x3C39,0x23D9,0x1B99,0x1B99,0x1B99,0x1B99,0x1B99,0x1B99,0x1B99,0x2396,0x634E,0x6B4C,0x6B4C,0x6B4D,0x6B4D,0x528A,
  0x4A49,0x4A49,0x4228,0x4A28,0x4227,0x42C3,0x6403,0x6441,0x5BE0,0x4320,0x42E0,0x3AA0,0x4280,0x39C0,0x2900,0x5322,
  0x5341,0x5341,0x4AE0,0x3A80,0x3260,0x3A60,0x5A60,0x82A0,0x8260,0x8240,0x8A40,0x8220,0x69C0,0x6980,0x69A0,0x69A1,
  0x30C1,0x1A71,0x0359,0x0359,0x0358,0x0338,0x0338,0x0338,0x0358,0x0358,0x0358,0x0358,0x0358,0x0358,0x0358,0x0338,
  0x0358,0x0338,0x0338,0x0338,0x0358,0x0358,0x0358,0x0358,0x0358,0x0338,0x0358,0x0358,0x0358,0x0358,0x0358,0x0358,
  0x0358,0x0358,0x0358,0x0338,0x0358,0x0358,0x0358,0x0338,0x0358,0x0358,0x0358,0x0358,0x0358,0x0358,0x0358,0x0358,
  0x0358,0x0358,0x0358,0x0358,0x0358,0x0358,0x0358,0x0358,0x0338,0x0338,0x0338,0x0338,0x0358,0x0358,0x0338,0x0338,
  0x0338,0x0338,0x0338,0x0338,0x0338,0x0318,0x0272,0x020F,0x0251,0x020F,0x016B,0x012A,0x018D,0x0B37,0x0338,0x0338,
  0x0338,0x0338,0x0338,0x0358,0x0338,0x0338,0x0338,0x0B37,0x33F9,0x4439,0x4439,0x4439,0x4439,0x4418,0x4439,0x3C39,
  0x4419,0x4439,0x3C39,0x1B78,0x1B99,0x1B99,0x1B99,0x1B99,0x1B99,0x1B99,0x1B99,0x1B99,0x1B99,0x1B99,0x1B99,0x1B99,
  0x1B98,0x5ACD,0xA200,0xA1C0,0x99C0,0x8181,0x5040,0x5060,0x3840,0x2000,0x4840,0x4020,0x2000,0x2000,0x9A21,0x9A00,
  0x91E0,0x91E0,0x89C0,0x7100,0x70E0,0x70E0,0x70E0,0x70E0,0x70E0,0x5060,0x4820,0x4820,0x4840,0x4840,0x59C6,0x630B,
  0x6B2D,0x528A,0x4228,0x4228,0x4228,0x4228,0x7AE4,0xBBE0,0xBC00,0xB400,0xB3E0,0xA340,0x8AC0,0x8AA0,0x8340,0x7401,
  0x6C41,0x5BC0,0x3AA0,0x3240,0x32A0,0x42A1,0x5AA1,0x39A0,0x4221,0x42C0,0x5BA1,0x4B40,0x42E0,0x3260,0x3221,0x4241,
  0x6281,0x59A1,0x40E0,0x5960,0x6181,0x6180,0x6201,0x534D,0x4438,0x4439,0x4439,0x4439,0x4418,0x4418,0x4419,0x4419,
  0x3C3A,0x23B9,0x1B99,0x1B99,0x1B99,0x1B99,0x1B99,0x1B99,0x1B99,0x2397,0x636E,0x6B4C,0x6B4C,0x6B6D,0x632C,0x4A49,
  0x4A49,0x4A49,0x4228,0x4A28,0x4226,0x4B63,0x31C0,0x6BE2,0x5281,0x4A61,0x5C01,0x4320,0x5BE1,0x5361,0x52A2,0x69E1,
  0x7161,0x8223,0x61C1,0x52C1,0x1920,0x1120,0x4200,0x82A0,0x8A60,0x8A40,0x8A60,0x8240,0x71C0,0x6980,0x6180,0x38A0,
  0x0842,0x12B4,0x0359,0x0359,0x0338,0x0358,0x0338,0x0338,0x0338,0x0338,0x0338,0x0358,0x0358,0x0358,0x0358,0x0358,
  0x0338,0x0338,0x0338,0x0338,0x0358,0x0358,0x0358,0x0358,0x0358,0x0338,0x0358,0x0358,0x0358,0x0358,0x0358,0x0338,
  0x0358,0x0358,0x0358,0x0358,0x0358,0x0358,0x0358,0x0358,0x0338,0x0358,0x0358,0x0358,0x0358,0x0358,0x0338,0x0338,
  0x0358,0x0358,0x0358,0x0338,0x0358,0x0358,0x0358,0x0358,0x0338,0x0358,0x0358,0x0358,0x0358,0x0338,0x0338,0x0338,
  0x0338,0x0338,0x0338,0x0358,0x0317,0x02B4,0x0230,0x0230,0x0251,0x0230,0x018C,0x014A,0x016C,0x0B17,0x0338,0x0358,
  0x0338,0x0338,0x0338,0x0358,0x0338,0x0338,0x0318,0x2BD9,0x4439,0x4439,0x4439,0x4439,0x4419,0x4438,0x4439,0x4419,
  0x4439,0x4439,0x3C19,0x1B78,0x1B99,0x1B98,0x1B99,0x1B99,0x1B99,0x1B99,0x1B99,0x1B99,0x1B98,0x1B98,0x1B99,0x1B99,
  0x1B99,0x42EF,0x9A01,0xAA00,0x99E0,0x91A0,0x7900,0x68C0,0x68E0,0x6080,0x6060,0x6080,0x4060,0x3000,0x9A21,0xA200,
  0x91E0,0x91E0,0x91E0,0x7100,0x7100,0x70E0,0x70E0,0x68E0,0x68E0,0x5860,0x4820,0x4820,0x4840,0x4840,0x61C6,0x630B,
  0x632C,0x528A,0x4228,0x4228,0x4228,0x4228,0x7AE4,0xB3E0,0xBC00,0xB400,0xB3E0,0x9B40,0x8AC0,0x8AC0,0x8381,0x4AC0,
  0x4AA1,0x5B41,0x2120,0x5B62,0x5361,0x5381,0x5C21,0x32A0,0x42C1,0x3260,0x4B41,0x29E0,0x3A41,0x5B22,0x10C0,0x49E1,
  0x7AA1,0x8AA1,0x6180,0x5940,0x6180,0x6180,0x4961,0x42ED,0x4438,0x4439,0x4439,0x4439,0x4418,0x4418,0x4418,0x4419,
  0x445A,0x1B79,0x1B99,0x1B99,0x1B99,0x1B99,0x1B99,0x1B99,0x1B99,0x1B57,0x4B30,0x6B4C,0x736D,0x736D,0x632C,0x4A69,
  0x4228,0x4228,0x4228,0x4228,0x3A07,0x4223,0x59E0,0x51A0,0x38A0,0x52A2,0x6441,0x4B81,0x5C22,0x3AC1,0x5A42,0x4060,
  0x79C7,0xC430,0x8A89,0x38A1,0x0820,0x0820,0x59C2,0x8A60,0x8A60,0x8A60,0x8240,0x71E0,0x69A0,0x6180,0x48E0,0x2860,
  0x10E7,0x0AD6,0x0359,0x0358,0x0338,0x0358,0x0358,0x0358,0x0358,0x0358,0x0358,0x0358,0x0358,0x0358,0x0358,0x0358,
  0x02F8,0x0318,0x0338,0x0338,0x0338,0x0358,0x0358,0x0358,0x0358,0x0358,0x0358,0x0358,0x0358,0x0358,0x0358,0x0358,
  0x0358,0x0358,0x0338,0x0338,0x0338,0x0338,0x0339,0x0359,0x0339,0x0338,0x0338,0x0338,0x0338,0x0338,0x0338,0x0338,
  0x0358,0x0358,0x0338,0x0338,0x0358,0x0358,0x0338,0x0358,0x0338,0x0358,0x0358,0x0358,0x0358,0x0358,0x0338,0x0338,
  0x0338,0x0338,0x0338,0x0338,0x0AF6,0x0251,0x0230,0x0230,0x0251,0x0230,0x018C,0x0129,0x014A,0x0AB4,0x0358,0x0358,
  0x0338,0x0338,0x0338,0x0338,0x0318,0x02D8,0x0AF7,0x33F9,0x4439,0x4439,0x4439,0x4439,0x4439,0x4439,0x4438,0x4438,
  0x3C19,0x3C19,0x1B78,0x1358,0x1B99,0x1B99,0x1B99,0x1B99,0x1B99,0x1B99,0x1B99,0x1B99,0x1B98,0x1B98,0x1B98,0x1B98,
  0x1B99,0x1B14,0x5A08,0x91C0,0xA1E0,0x99C0,0x8960,0x70E0,0x70E0,0x68C0,0x6060,0x70C0,0x60A0,0x4820,0x9A01,0x9A00,
  0x91E0,0x91E0,0x91C0,0x7100,0x7100,0x7100,0x70E0,0x7100,0x68E0,0x5060,0x4820,0x4820,0x5040,0x4820,0x59C6,0x630B,
  0x632C,0x528A,0x4228,0x4228,0x4228,0x4228,0x6AA4,0xB3C0,0xBC00,0xB400,0xB3E0,0x9B40,0x8AC0,0x8AC0,0x8AC0,0x6A40,
  0x59C0,0x4140,0x1840,0x6382,0x5361,0x5C42,0x5BE2,0x3A81,0x3AA0,0x29E0,0x3A41,0x10A0,0x0820,0x49E1,0x1860,0x38E1,
  0x92E1,0x8A80,0x69C0,0x6160,0x6180,0x5160,0x2080,0x220B,0x3C18,0x4439,0x4439,0x4439,0x4419,0x4418,0x4418,0x4418,
  0x2BD9,0x1B99,0x1B99,0x1B99,0x1B99,0x1B99,0x1B99,0x1B99,0x1B99,0x1B58,0x2AD1,0x4A69,0x738D,0x736D,0x632C,0x4A69,
  0x4228,0x4228,0x4228,0x4228,0x4207,0x5242,0xB3C2,0x92C0,0x71E0,0x7301,0x4AC1,0x08A0,0x3AC2,0x0880,0x38A1,0x1800,
  0x4061,0x3820,0x1000,0x0800,0x0000,0x0000,0x61C1,0x8A60,0x8260,0x7A00,0x71E0,0x69C0,0x69A0,0x5940,0x3080,0x0821,
  0x098D,0x0338,0x0359,0x0358,0x0358,0x0358,0x0358,0x0358,0x0358,0x0358,0x0358,0x0358,0x0358,0x0358,0x0358,0x0338,
  0x02F8,0x0B38,0x1B99,0x0338,0x0338,0x0338,0x0358,0x0358,0x0358,0x0338,0x0358,0x0358,0x0358,0x0358,0x0358,0x0338,
  0x0358,0x0358,0x0358,0x0358,0x0358,0x0338,0x0339,0x0359,0x0339,0x0339,0x0339,0x0338,0x0338,0x0338,0x0338,0x0358,
  0x0358,0x0358,0x0358,0x0358,0x0358,0x0338,0x0358,0x0338,0x0358,0x0338,0x0338,0x0338,0x0338,0x0338,0x0338,0x0338,
  0x0338,0x0338,0x0338,0x0318,0x0272,0x0230,0x0230,0x0230,0x0251,0x0250,0x01AD,0x0149,0x0149,0x01EF,0x0358,0x0358,
  0x0338,0x0338,0x0338,0x0338,0x0318,0x02F8,0x1B78,0x3C39,0x4419,0x4439,0x4419,0x4439,0x4439,0x4439,0x4439,0x4439,
  0x3C19,0x3C19,0x1B78,0x1358,0x1B99,0x1B99,0x1B99,0x1B99,0x1B99,0x1B99,0x1B99,0x1B99,0x1B98,0x1B98,0x1B98,0x1B98,
  0x1B98,0x1B98,0x1A91,0x6143,0x8960,0x9180,0x9180,0x70E0,0x70E0,0x70C0,0x70E0,0x70E0,0x70C0,0x6060,0x99E0,0x9A00,
  0x99E0,0x99E0,0x91C0,0x70E0,0x7100,0x7100,0x6900,0x7100,0x68E0,0x5060,0x4820,0x4820,0x5020,0x4820,0x59C6,0x630B,
  0x632C,0x528A,0x4228,0x4228,0x4228,0x4228,0x5A45,0x9B20,0xB3E0,0xB3E0,0xB3E0,0xA360,0x92E0,0x8AE0,0x8AC0,0xABA1,
  0xABA1,0x7200,0x61A0,0x7B61,0x2940,0x3221,0x2161,0x0840,0x4241,0x2121,0x20E1,0x0840,0x1860,0x4961,0x3901,0x4921,
  0x9B01,0x8A80,0x69C0,0x6180,0x6180,0x38E0,0x0820,0x222C,0x4418,0x4439,0x4438,0x4439,0x4439,0x4438,0x4418,0x4419,
  0x2BD9,0x1B99,0x1B99,0x1B99,0x1B99,0x1B99,0x1B99,0x1B99,0x1B99,0x1B99,0x2335,0x3A09,0x5ACB,0x738D,0x6B2C,0x4A69,
  0x4228,0x4A28,0x4228,0x4228,0x4207,0x5AA3,0xB3E1,0xC401,0xABA0,0xABC1,0x8321,0x4161,0x2920,0x0800,0x40A0,0x40E1,
  0x3040,0x2840,0x0800,0x2881,0x30C0,0x30C0,0x6A01,0x8260,0x7200,0x69E0,0x6180,0x5120,0x4900,0x38C1,0x0821,0x094A,
  0x0AF6,0x0359,0x0359,0x0358,0x0358,0x0358,0x0358,0x0358,0x0358,0x0358,0x0358,0x0338,0x0338,0x0358,0x0338,0x0358,
  0x02F7,0x2398,0x23FA,0x0358,0x0358,0x0338,0x0358,0x0358,0x0358,0x0358,0x0358,0x0358,0x0358,0x0358,0x0358,0x0358,
  0x0358,0x0358,0x0338,0x0338,0x0338,0x0338,0x0339,0x0339,0x0338,0x0339,0x0339,0x0338,0x2394,0x23B3,0x0358,0x0359,
  0x0358,0x0338,0x0358,0x0358,0x0358,0x0358,0x0358,0x0358,0x0358,0x0338,0x0358,0x0338,0x0338,0x0338,0x0338,0x0338,
  0x0358,0x0358,0x0358,0x0AF6,0x0230,0x022F,0x0230,0x0230,0x0251,0x0250,0x01EE,0x014A,0x016A,0x0230,0x0358,0x0359,
  0x0338,0x0338,0x0338,0x0338,0x0318,0x1358,0x3C19,0x4439,0x4419,0x4439,0x4439,0x4439,0x4439,0x4439,0x4439,0x4439,
  0x3C39,0x3C39,0x1B99,0x1379,0x1B99,0x1B98,0x1B98,0x1B99,0x1B99,0x1B99,0x1B99,0x1B99,0x1B98,0x1B98,0x1B98,0x1B98,
  0x1B98,0x1B99,0x1B77,0x3189,0x50A1,0x7900,0x8120,0x70C0,0x6060,0x6880,0x70E0,0x78E0,0x68A0,0x6060,0x89C1,0x99E0,
  0x99E0,0x99E0,0x91A0,0x7100,0x7100,0x7100,0x7100,0x70E0,0x6900,0x5060,0x4820,0x4820,0x5020,0x4820,0x59C6,0x630B,
  0x632C,0x528A,0x4228,0x4228,0x4228,0x4228,0x4A06,0x82A2,0x9B20,0xB3E0,0xABA0,0xA340,0x92E0,0x8AE0,0x8AC0,0x9300,
  0xBBE0,0xBBE1,0xB3A1,0xB401,0x82C1,0x5181,0x2080,0x2880,0x61E1,0x28C1,0x1860,0x1860,0x1020,0x4941,0x69C0,0x71E1,
  0x9B01,0x8240,0x71E0,0x6180,0x5980,0x28C0,0x10E5,0x43F7,0x4438,0x4418,0x4439,0x4439,0x4439,0x4438,0x4439,0x3BF9,
  0x2399,0x1B99,0x1B99,0x1B99,0x1B99,0x1B98,0x1B99,0x1B99,0x1B99,0x1B99,0x1B98,0x2AD1,0x4A49,0x62EB,0x5ACA,0x4228,
  0x4A28,0x4208,0x41E7,0x39C6,0x39E6,0x3183,0x8B02,0xA340,0xB3C0,0xABA0,0xABC1,0x8AA0,0x69C0,0x5120,0x69A0,0x71C0,
  0x6181,0x38A0,0x4121,0x5141,0x5981,0x5981,0x59A1,0x61C1,0x5140,0x40E0,0x38E1,0x1021,0x2127,0x19CB,0x09EF,0x0AF7,
  0x0359,0x0358,0x0358,0x0358,0x0358,0x0358,0x0358,0x0358,0x0358,0x0358,0x0358,0x0358,0x0338,0x0338,0x0338,0x0358,
  0x02F7,0x3C3A,0x2C1A,0x0B58,0x0338,0x0338,0x0338,0x0338,0x0338,0x0338,0x0358,0x0358,0x0358,0x0338,0x0338,0x0338,
  0x0358,0x0338,0x0358,0x0338,0x0338,0x0339,0x0338,0x0B17,0x1315,0x0B34,0x0B54,0x1355,0x1333,0x3C0D,0x1395,0x0359,
  0x0359,0x0338,0x0338,0x0358,0x0358,0x0358,0x0338,0x0358,0x0358,0x0358,0x0358,0x0358,0x0338,0x0338,0x0338,0x0338,
  0x0338,0x0358,0x0338,0x0A93,0x0230,0x022F,0x022F,0x0230,0x0250,0x0250,0x01CE,0x014A,0x016B,0x020F,0x0338,0x0359,
  0x0338,0x0338,0x0338,0x0338,0x0317,0x2BD9,0x4439,0x4439,0x4439,0x4439,0x4439,0x4418,0x4439,0x4439,0x4439,0x4418,
  0x4439,0x3419,0x1B79,0x1B79,0x1B99,0x1B98,0x1B98,0x1B99,0x1B99,0x1B99,0x1B99,0x1B99,0x1B98,0x1B98,0x1B98,0x1B98,
  0x1B99,0x1B99,0x1B98,0x2355,0x2A0C,0x3861,0x5040,0x5840,0x6040,0x6880,0x78E0,0x78E0,0x68A0,0x3840,0x3860,0x91C1,
  0x91A0,0x8940,0x8140,0x70C0,0x68E0,0x70E0,0x70E0,0x70E0,0x70E0,0x5060,0x4820,0x4820,0x4820,0x5923,0x7B4C,0x630B,
  0x632C,0x5289,0x4228,0x4228,0x4208,0x4208,0x4207,0x6A43,0x8AA0,0xA340,0xAB60,0x92E0,0x8A80,0x8260,0x8260,0x8260,
  0xA340,0xB3E0,0xBC00,0xBC00,0xA340,0x7A20,0x5981,0x5140,0x7A21,0x7222,0x2040,0x38E0,0x5981,0x5140,0x5140,0x4901,
  0x8A80,0x7A20,0x71C0,0x5960,0x4100,0x1880,0x0928,0x4C7A,0x3C19,0x4418,0x4418,0x4438,0x3C18,0x3C18,0x3C19,0x2BB9,
  0x1B99,0x1B99,0x1B99,0x1B98,0x1B98,0x1B98,0x1B98,0x1B98,0x1B99,0x1B99,0x1B99,0x2377,0x2A4D,0x39E8,0x41E7,0x3185,
  0x39E7,0x39A6,0x31A6,0x3185,0x2945,0x2924,0x59E2,0x92C0,0x92C0,0x92C0,0x92A0,0x9280,0x92A0,0x8240,0x7A00,0x71C0,
  0x7A01,0x61C1,0x5140,0x38E0,0x2040,0x1840,0x1020,0x1040,0x1041,0x0821,0x1148,0x11AD,0x0A11,0x0B18,0x0339,0x0338,
  0x0338,0x0358,0x0358,0x0358,0x0358,0x0338,0x0358,0x0358,0x0338,0x0338,0x0358,0x0358,0x0338,0x0338,0x0338,0x0338,
  0x02D7,0x445A,0x2398,0x1B79,0x0318,0x0318,0x0318,0x0318,0x0318,0x0318,0x0318,0x0318,0x0318,0x0318,0x0318,0x0318,
  0x0318,0x0318,0x0318,0x02F8,0x02F8,0x02D7,0x1B54,0x2A4D,0x49E5,0x6C26,0x6CC5,0x6CC6,0x5C45,0x4C05,0x2B8C,0x12F1,
  0x0AF4,0x0338,0x0338,0x0339,0x0338,0x0338,0x0338,0x0338,0x0338,0x0338,0x0338,0x0338,0x0318,0x0338,0x0339,0x0339,
  0x0339,0x0338,0x0AF6,0x0230,0x0A2F,0x01EE,0x01CD,0x020F,0x0230,0x0230,0x01EE,0x014A,0x016B,0x018C,0x0AB5,0x0359,
  0x0338,0x0318,0x0318,0x02F7,0x1B78,0x4439,0x4419,0x4439,0x4439,0x4439,0x4418,0x4418,0x4418,0x4418,0x4418,0x4418,
  0x4439,0x2BD9,0x1B79,0x1B99,0x1B99,0x1B98,0x1B98,0x1B98,0x1B99,0x1B99,0x1B99,0x1B99,0x1B98,0x1B98,0x1B98,0x1B98,
  0x1B98,0x1B99,0x1B99,0x1B98,0x1B15,0x1A2E,0x18A4,0x2041,0x4040,0x6060,0x6880,0x5860,0x4840,0x2000,0x1800,0x60C1,
  0x8120,0x8960,0x8140,0x68A0,0x5840,0x60A0,0x70E0,0x70E0,0x70E0,0x5860,0x4000,0x3800,0x3020,0x6AAA,0x736D,0x630B,
  0x632C,0x526A,0x4208,0x4228,0x4208,0x4208,0x4208,0x41C5,0x6A22,0x82A1,0x92C0,0x8AA0,0x8A80,0x8260,0x7200,0x69E0,
  0x9B21,0xAB80,0xBBC0,0xB380,0x9AE0,0x8A80,0x8240,0x8240,0x8A60,0x7A00,0x61A1,0x4920,0x5960,0x4100,0x30C0,0x69E2,
  0x7A21,0x69C0,0x5980,0x4100,0x20A0,0x0042,0x1AD3,0x23D9,0x3C19,0x4419,0x3C18,0x4418,0x3C18,0x3C19,0x3C19,0x1B98,
  0x1BB9,0x1BB9,0x1B99,0x1B99,0x1B98,0x1B98,0x1B98,0x1B98,0x1B99,0x1B99,0x1B99,0x1B99,0x2377,0x2AB1,0x29C9,0x2945,
  0x2965,0x2944,0x2124,0x18E3,0x1082,0x1082,0x1860,0x4121,0x7201,0x8A60,0x9280,0x9280,0x9260,0x7A00,0x69C0,0x5980,
  0x4120,0x30C0,0x30A0,0x1020,0x0000,0x0021,0x0042,0x0064,0x1A4F,0x1AF3,0x2377,0x1B78,0x0B59,0x0339,0x0339,0x0338,
  0x0338,0x0358,0x0358,0x0358,0x0358,0x0358,0x0358,0x0358,0x0358,0x0358,0x0358,0x0358,0x0338,0x0338,0x0338,0x0338,
  0x2BB9,0x3C39,0x1B78,0x1B79,0x0338,0x0318,0x0318,0x0318,0x0318,0x0318,0x0318,0x0318,0x0318,0x0318,0x0318,0x0318,
  0x0319,0x0319,0x0318,0x0318,0x2394,0x5BCD,0x8348,0x4861,0x5020,0x5A81,0x6420,0x6401,0x62C1,0x5240,0x4B41,0x3B22,
  0x2AA5,0x128D,0x0AF4,0x0338,0x0339,0x0339,0x0338,0x0338,0x0338,0x0338,0x0338,0x0358,0x0338,0x0338,0x0339,0x0339,
  0x0338,0x0338,0x0293,0x0230,0x01EE,0x016B,0x018C,0x0271,0x0251,0x0210,0x022F,0x018C,0x018B,0x016B,0x0A94,0x0339,
  0x0318,0x0318,0x0318,0x2398,0x3C19,0x4418,0x4439,0x4439,0x4439,0x4439,0x4439,0x4439,0x4439,0x4438,0x4418,0x4439,
  0x4439,0x2BD9,0x1B99,0x1B99,0x1B98,0x1B98,0x1B98,0x1B98,0x1B98,0x1B98,0x1B98,0x1B98,0x1B98,0x1B98,0x1B98,0x1B98,
  0x1B98,0x1B99,0x1B99,0x1B99,0x1B98,0x2398,0x1AD3,0x116A,0x10C5,0x3063,0x3800,0x3000,0x2800,0x0800,0x0000,0x1000,
  0x4060,0x60A0,0x68A0,0x6060,0x5840,0x6060,0x70E0,0x70E0,0x70E0,0x4820,0x2000,0x0800,0x20A2,0x6B4C,0x6B6D,0x62EB,
  0x632C,0x528A,0x4208,0x4228,0x4228,0x4208,0x4208,0x39A6,0x2923,0x3962,0x59E1,0x7A41,0x7200,0x69E1,0x5160,0x5140,
  0x8AC1,0xA320,0xA320,0xA300,0x8A80,0x9280,0x8A60,0x8240,0x7A00,0x71E0,0x6180,0x5960,0x38E0,0x2080,0x2060,0x5161,
  0x4920,0x4101,0x1840,0x18A2,0x08E5,0x3332,0x5D5C,0x23FA,0x4419,0x4418,0x3C18,0x4418,0x3C19,0x3C19,0x3419,0x1378,
  0x1B99,0x1B99,0x1B98,0x1B99,0x1B98,0x1B98,0x1B98,0x1B98,0x1B98,0x1B99,0x1B99,0x1B99,0x1B79,0x1B78,0x2315,0x19AB,
  0x220D,0x19EC,0x1A0D,0x224E,0x0909,0x08A7,0x0001,0x0000,0x1861,0x4942,0x69E1,0x8A82,0x7A01,0x61C1,0x4941,0x30E0,
  0x20A1,0x0820,0x0821,0x0907,0x098B,0x1AB2,0x1B15,0x2397,0x1B98,0x1B98,0x1BB9,0x1BB9,0x1399,0x0339,0x0339,0x0338,
  0x0338,0x0358,0x0358,0x0358,0x0358,0x0338,0x0358,0x0358,0x0358,0x0358,0x0338,0x0358,0x0338,0x0338,0x0338,0x0338,
  0x3C3A,0x4439,0x1B98,0x1B99,0x1399,0x0318,0x0318,0x0318,0x0318,0x0318,0x02F7,0x23B8,0x2BB9,0x2399,0x1B79,0x1399,
  0x0B59,0x1378,0x1B97,0x3BF1,0x9C6A,0xD385,0x8060,0x4800,0x4840,0x69A3,0x5961,0x6161,0x5040,0x5080,0x4AC1,0x3AE0,
  0x2A20,0x21E1,0x11C6,0x0AF5,0x0339,0x0339,0x0338,0x0338,0x0338,0x0338,0x0338,0x0338,0x0338,0x0338,0x0338,0x0338,
  0x0AF6,0x0272,0x020F,0x01AD,0x016C,0x01EF,0x0AB4,0x0317,0x0AF5,0x0230,0x0230,0x01EE,0x018C,0x018C,0x0211,0x02F8,
  0x0339,0x0338,0x0B38,0x33F9,0x4419,0x4438,0x4439,0x4439,0x4439,0x4439,0x4439,0x4418,0x4418,0x4418,0x4418,0x4439,
  0x3BF9,0x1B99,0x1B99,0x1B98,0x1B98,0x1B98,0x1B98,0x1B98,0x1B98,0x1B98,0x1B98,0x1B98,0x1B98,0x1B98,0x1B98,0x1B98,
  0x1B98,0x1B98,0x1B98,0x1B98,0x1B98,0x1B98,0x1B98,0x2398,0x2356,0x1230,0x118C,0x1949,0x1063,0x0000,0x0001,0x0001,
  0x0800,0x2000,0x3820,0x4020,0x5040,0x6060,0x70E0,0x7100,0x5860,0x2800,0x0000,0x18C3,0x5AAA,0x6B4C,0x6B4D,0x5AEB,
  0x630C,0x5289,0x4228,0x4228,0x4208,0x4208,0x4228,0x39C7,0x2144,0x2124,0x2923,0x3942,0x3941,0x30E1,0x28E2,0x18E4,
  0x3184,0x5A02,0x8AE2,0x92C0,0x8A80,0x9280,0x8A60,0x71C0,0x69A0,0x5140,0x4100,0x38C0,0x2060,0x0841,0x18C3,0x20A2,
  0x20E2,0x18A2,0x00A5,0x014B,0x2B15,0x3BF8,0x75FD,0x23FA,0x4419,0x4418,0x4418,0x4418,0x3C19,0x3C39,0x33FA,0x1B79,
  0x1B99,0x1B99,0x1B98,0x1B99,0x1B98,0x1B98,0x1B98,0x1B98,0x1B99,0x1B98,0x1B99,0x1B99,0x1B99,0x1B78,0x1B78,0x1B78,
  0x23DA,0x23FA,0x23FA,0x23FB,0x1B58,0x1B16,0x1A70,0x1A4F,0x1A4F,0x1A2E,0x32AF,0x430F,0x32AE,0x32AF,0x2A8E,0x1A4E,
  0x1A4E,0x120E,0x122F,0x1B35,0x1B78,0x1BB9,0x1B98,0x1B98,0x1B99,0x1B98,0x1B99,0x1BB8,0x1B99,0x0338,0x0339,0x0338,
  0x0358,0x0358,0x0358,0x0358,0x0358,0x0358,0x0358,0x0358,0x0338,0x0338,0x0358,0x0358,0x0338,0x0338,0x0338,0x23B9,
  0x4C59,0x3C19,0x1B98,0x1B99,0x1BB9,0x0338,0x0338,0x0338,0x0318,0x0B37,0x7D9B,0x961D,0x755C,0x4C9B,0x343B,0x2C1A,
  0x23DA,0x3C5A,0x5494,0x6C86,0x9323,0x80A0,0x5000,0x8061,0x3061,0x4881,0x5020,0x6041,0x2800,0x30E1,0x3261,0x2A40,
  0x1980,0x1100,0x0080,0x0948,0x0AF6,0x0339,0x0338,0x0338,0x0338,0x0338,0x0338,0x0338,0x0338,0x0339,0x0338,0x02F6,
  0x0210,0x01CD,0x01AC,0x016B,0x0A31,0x0B17,0x0338,0x0338,0x0317,0x0293,0x0210,0x0230,0x01CD,0x018C,0x016C,0x0AD6,
  0x0339,0x0338,0x23B9,0x4439,0x4438,0x4438,0x4439,0x4439,0x4418,0x4439,0x4418,0x4418,0x4418,0x4418,0x4418,0x4439,
  0x33F9,0x1B99,0x1B99,0x1B99,0x1B98,0x1B98,0x1B98,0x1B98,0x1B99,0x1B98,0x1B99,0x1B98,0x1B98,0x1B98,0x1B98,0x1B98,
  0x1B98,0x1B99,0x1B98,0x1B98,0x1B98,0x1B99,0x1B98,0x1B99,0x1B99,0x1BB9,0x23B9,0x2397,0x1AD3,0x1AB1,0x22D1,0x1A90,
  0x094A,0x0001,0x0800,0x0800,0x1800,0x4820,0x5040,0x4820,0x3800,0x1000,0x0020,0x5269,0x6B2C,0x6B4D,0x6B4D,0x5ACB,
  0x632C,0x5289,0x4228,0x4228,0x4228,0x4228,0x4228,0x39C7,0x2965,0x2965,0x2965,0x2945,0x2124,0x0085,0x0129,0x122F,
  0x0109,0x00A5,0x1904,0x4183,0x61E1,0x69E1,0x69C1,0x4920,0x4100,0x28A0,0x1040,0x18A2,0x0884,0x00C6,0x00C6,0x00C6,
  0x00C6,0x00A6,0x00C9,0x22B3,0x2B77,0x4418,0x6DBD,0x1BDA,0x4419,0x4418,0x4418,0x3C18,0x3C19,0x3C39,0x1B98,0x1B79,
  0x1B99,0x1B99,0x1B99,0x1B98,0x1B98,0x1B98,0x1B99,0x1B98,0x1B98,0x1B99,0x1B98,0x1B98,0x1B98,0x1B98,0x1B98,0x1B99,
  0x1B99,0x1BB9,0x1BB9,0x1BB9,0x1BB9,0x1B99,0x1B98,0x1B98,0x1B98,0x1B99,0x1B99,0x1B99,0x1BB9,0x1BB9,0x1BB9,0x1B99,
  0x1BB9,0x1B99,0x1BB9,0x1BB9,0x1B99,0x1B99,0x1B99,0x1B98,0x1B98,0x1B98,0x1B98,0x1B98,0x1B99,0x0B38,0x02F8,0x02F8,
  0x0339,0x0358,0x0358,0x0358,0x0358,0x0338,0x0338,0x0358,0x0338,0x0358,0x0338,0x0338,0x0318,0x0318,0x02D7,0x33D9,
  0x4C59,0x2398,0x1B98,0x1B98,0x1B99,0x0318,0x0318,0x0318,0x02F8,0x4417,0xBEFE,0x5CB9,0x3C59,0x1BB9,0x0B7A,0x0B5A,
  0x0B5A,0x139A,0x3C10,0x3262,0x6384,0x1020,0x1000,0x6081,0x1000,0x3962,0x2840,0x2820,0x1040,0x1901,0x2A21,0x21E1,
  0x29E2,0x0880,0x0840,0x0042,0x0A73,0x0338,0x0338,0x0338,0x0338,0x0338,0x0338,0x0338,0x0339,0x0339,0x0338,0x0231,
  0x018C,0x012A,0x014B,0x0A51,0x0B17,0x0338,0x0338,0x0338,0x0317,0x02D5,0x0231,0x020F,0x020F,0x018C,0x012A,0x09EF,
  0x0AF6,0x1358,0x3C19,0x4439,0x4418,0x3C18,0x4418,0x4418,0x4439,0x4439,0x4418,0x4418,0x4438,0x4418,0x4418,0x4419,
  0x2BD9,0x1B99,0x1B99,0x1B99,0x1B98,0x1B98,0x1B99,0x1B99,0x1B99,0x1B99,0x1B99,0x1B98,0x1B99,0x1B98,0x1B98,0x1B98,
  0x1B99,0x1B98,0x1B99,0x1B98,0x1B99,0x1B99,0x1B98,0x1B98,0x1B99,0x1B99,0x1B99,0x1B99,0x1B99,0x1BB9,0x1BB9,0x1378,
  0x1336,0x1251,0x09CD,0x0909,0x0063,0x1000,0x3020,0x3000,0x2020,0x0000,0x20E3,0x6B4C,0x6B4C,0x6B4C,0x6B4D,0x5ACB,
  0x630C,0x5269,0x4228,0x4228,0x4228,0x4228,0x4228,0x39E7,0x2965,0x2965,0x2945,0x2945,0x2125,0x0129,0x1AD2,0x33F8,
  0x3BB6,0x2AF2,0x11CD,0x00A6,0x1927,0x1927,0x2188,0x1969,0x1148,0x0908,0x00C7,0x00C6,0x00E7,0x00E7,0x00E7,0x00C7,
  0x00C7,0x094A,0x22D3,0x3BF9,0x3BF9,0x4438,0x659D,0x23FA,0x4439,0x4419,0x4419,0x4418,0x3C39,0x33F9,0x1B79,0x1B99,
  0x1B98,0x1B99,0x1B99,0x1B98,0x1B98,0x1B98,0x1B99,0x1B98,0x1B98,0x1B98,0x1B98,0x1B98,0x1B98,0x1B98,0x1B98,0x1B98,
  0x1B98,0x1B99,0x1B99,0x1B99,0x1B99,0x1B99,0x1B99,0x1B99,0x1BB9,0x1BB9,0x1B99,0x1B99,0x1B99,0x1B99,0x1B99,0x1BB9,
  0x1B99,0x1BB9,0x1BB9,0x1BB9,0x1BB9,0x1B99,0x1B99,0x1B98,0x1B98,0x1B98,0x1B98,0x1B98,0x1B98,0x1378,0x0318,0x02F8,
  0x0338,0x0338,0x0358,0x0358,0x0338,0x0338,0x0338,0x0338,0x0338,0x0338,0x0338,0x0338,0x0318,0x0318,0x1B78,0x4459,
  0x4C59,0x2398,0x1B98,0x1B98,0x1BB9,0x1379,0x0318,0x0318,0x02F8,0x3C17,0x753B,0x0AD7,0x1B12,0x3BAC,0x1AAE,0x1A51,
  0x1AB5,0x0B1A,0x1B15,0x1902,0x5283,0x1060,0x4AA3,0x3162,0x0020,0x42C4,0x1901,0x0820,0x29A2,0x0040,0x0880,0x31E3,
  0x0860,0x0020,0x0020,0x0928,0x0B17,0x0338,0x0338,0x0338,0x0338,0x0338,0x0338,0x0338,0x0339,0x0338,0x02D6,0x01CE,
  0x014A,0x016B,0x0A73,0x0B38,0x0339,0x0339,0x0338,0x0338,0x0318,0x0317,0x0272,0x020F,0x0230,0x01EE,0x014A,0x0109,
  0x012B,0x1AB3,0x3C19,0x4439,0x4439,0x4418,0x4418,0x4418,0x4418,0x4418,0x4418,0x4418,0x4419,0x4419,0x4438,0x3BF9,
  0x2399,0x1B99,0x1B99,0x1B99,0x1B98,0x1B99,0x1B98,0x1B98,0x1B98,0x1B98,0x1B99,0x1B98,0x1B98,0x1B99,0x1B99,0x1B98,
  0x1B99,0x1B99,0x1B99,0x1B99,0x1B98,0x1B98,0x1B98,0x1B98,0x1B98,0x1B99,0x1B99,0x1B99,0x1B99,0x1B99,0x1B99,0x1B98,
  0x1B98,0x1B98,0x0B17,0x0295,0x09F0,0x0064,0x0000,0x0000,0x0000,0x0000,0x39C6,0x736D,0x6B4C,0x6B4D,0x6B4D,0x5ACB,
  0x630C,0x528A,0x4228,0x4228,0x4228,0x4228,0x4228,0x39E7,0x2965,0x2945,0x2965,0x2965,0x2167,0x2AF2,0x4459,0x4459,
  0x3C39,0x3C19,0x3BD7,0x1A50,0x014C,0x016D,0x01EF,0x020F,0x0210,0x01CF,0x012A,0x00E7,0x0107,0x0107,0x00E7,0x0129,
  0x1A0F,0x43F8,0x4419,0x3C19,0x3BF8,0x4C38,0x861D,0x23FA,0x4419,0x4418,0x4418,0x4418,0x3C39,0x23D9,0x1B99,0x1B99,
  0x1B99,0x1B99,0x1B98,0x1B98,0x1B99,0x1B99,0x1B99,0x1B98,0x1B99,0x1B98,0x1B99,0x1B98,0x1B98,0x1B98,0x1B98,0x1B98,
  0x1B98,0x1B98,0x1B98,0x1B99,0x1B99,0x1B99,0x1B99,0x1B98,0x1BB9,0x1B99,0x1B99,0x1BB9,0x1B99,0x1BB9,0x1BB9,0x1B99,
  0x1B99,0x1B99,0x1BB9,0x1B99,0x1B99,0x1B98,0x1B98,0x1B98,0x1B99,0x1B98,0x1B98,0x1B98,0x1B98,0x1B99,0x0B58,0x0318,
  0x0338,0x0358,0x0338,0x0358,0x0338,0x0338,0x0338,0x0338,0x0338,0x0338,0x0338,0x0358,0x0318,0x0318,0x3419,0x4459,
  0x4439,0x2398,0x1B98,0x1B98,0x1BB9,0x1BBA,0x0318,0x0318,0x0318,0x3419,0x549B,0x12B2,0x5429,0x3B01,0x21C2,0x1063,
  0x4106,0x3A0D,0x42D1,0x6983,0x6961,0x40A0,0x4961,0x1820,0x1800,0x2921,0x0060,0x1020,0x20E1,0x0000,0x0000,0x0000,
  0x0800,0x0000,0x0000,0x11AB,0x0318,0x0338,0x0338,0x0338,0x0338,0x0338,0x0338,0x0338,0x0339,0x0317,0x0210,0x016B,
  0x016B,0x0A73,0x0337,0x0338,0x0338,0x0339,0x0338,0x0338,0x0338,0x0338,0x0273,0x020F,0x0230,0x0A30,0x01CD,0x014A,
  0x0129,0x012A,0x016C,0x2B55,0x3BB7,0x4439,0x4439,0x4418,0x4418,0x4418,0x4418,0x4439,0x4419,0x4419,0x4419,0x3419,
  0x1B79,0x1B99,0x1B99,0x1B99,0x1B98,0x1B98,0x1B98,0x1B99,0x1B98,0x1B98,0x1B99,0x1B98,0x1B99,0x1B98,0x1B99,0x1B98,
  0x1B99,0x1B99,0x1B98,0x1B99,0x1B99,0x1B99,0x1B98,0x1B98,0x1B98,0x1B98,0x1B98,0x1B99,0x1B99,0x1B98,0x1B99,0x1B99,
  0x1B98,0x1B98,0x1358,0x0318,0x0B79,0x0AD5,0x0109,0x0002,0x0000,0x0000,0x39C7,0x738D,0x6B4D,0x6B4C,0x6B4D,0x5ACB,
  0x630C,0x528A,0x4228,0x4228,0x4228,0x4228,0x4228,0x39E7,0x2965,0x2945,0x2965,0x2965,0x2187,0x4C38,0x4459,0x4439,
  0x3C19,0x3C19,0x3C19,0x4439,0x1231,0x01AE,0x020F,0x020F,0x0231,0x01EF,0x014B,0x00E7,0x0108,0x0109,0x09AC,0x2B14,
  0x3BF8,0x4419,0x4419,0x4419,0x3BF8,0x5458,0x9E5D,0x23FA,0x4438,0x4418,0x4418,0x4418,0x3C3A,0x23D9,0x1B99,0x1B99,
  0x1B98,0x1B98,0x1B98,0x1B98,0x1B98,0x1B99,0x1B98,0x1B98,0x1B98,0x1B99,0x1B98,0x1B98,0x1B98,0x1B98,0x1B98,0x1B98,
  0x1B98,0x1B98,0x1B98,0x1B98,0x1B99,0x1B99,0x1B99,0x1B99,0x1B99,0x1B99,0x1B99,0x1B99,0x1B99,0x1BB9,0x1BB9,0x1BB9,
  0x1BB9,0x1BB9,0x1B99,0x1B99,0x1B98,0x1B99,0x1B98,0x1B99,0x1B99,0x1B98,0x1B98,0x1B98,0x1B98,0x1B99,0x1BB9,0x0338,
  0x0358,0x0358,0x0338,0x0338,0x0338,0x0338,0x0338,0x0338,0x0338,0x0338,0x0338,0x0338,0x0318,0x0318,0x447A,0x4459,
  0x2BB7,0x1B98,0x1B98,0x1BB9,0x1BB9,0x1BBA,0x1379,0x0338,0x0318,0x2BF9,0x4C99,0x5C6C,0x6443,0x4BA2,0x2AC7,0x1AD4,
  0x19AD,0x30A3,0x71A3,0x89A0,0x91C0,0x91C0,0x81A1,0x50C1,0x4840,0x48A0,0x1060,0x2020,0x3860,0x1000,0x0000,0x1800,
  0x2020,0x0800,0x2820,0x2A0D,0x0338,0x0339,0x0338,0x0338,0x0338,0x0338,0x0338,0x02F7,0x0AD6,0x0231,0x018D,0x01AD,
  0x0A52,0x0338,0x0338,0x0338,0x0338,0x0338,0x0318,0x0338,0x0338,0x0338,0x0293,0x020F,0x0A30,0x0230,0x0A2F,0x01EE,
  0x01AC,0x014B,0x016B,0x016B,0x0A10,0x3396,0x4439,0x4439,0x4438,0x4418,0x4439,0x4438,0x4419,0x4419,0x4439,0x2398,
  0x1B99,0x1B99,0x1B99,0x1B99,0x1B98,0x1B98,0x1B98,0x1B99,0x1B98,0x1B98,0x1B98,0x1B98,0x1B99,0x1B98,0x1B99,0x1B99,
  0x1B99,0x1B98,0x1B98,0x1B98,0x1B99,0x1B99,0x1B98,0x1B98,0x1B99,0x1B98,0x1B98,0x1B98,0x1B98,0x1B98,0x1B98,0x1B99,
  0x1B99,0x1B99,0x1B99,0x0338,0x0BBA,0x0BBA,0x1399,0x1293,0x0929,0x0085,0x39E8,0x738D,0x6B4C,0x6B4C,0x6B4D,0x5ACB,
  0x632C,0x528A,0x4228,0x4228,0x4A28,0x4228,0x4228,0x39E7,0x2965,0x2945,0x2965,0x2965,0x29C9,0x4C58,0x4459,0x4439,
  0x3C19,0x3C19,0x3C19,0x3C19,0x2335,0x01EF,0x01EF,0x01EF,0x0231,0x01EF,0x016B,0x00E8,0x0109,0x120F,0x43F8,0x4419,
  0x4419,0x4439,0x4419,0x4418,0x3BF8,0x43F7,0x8E3D,0x23FA,0x4439,0x4418,0x4418,0x3C18,0x33D9,0x1B99,0x1B99,0x1B99,
  0x1B98,0x1B98,0x1B98,0x1B98,0x1B98,0x1B98,0x1B98,0x1B98,0x1B98,0x1B99,0x1B98,0x1B98,0x1B98,0x1B98,0x1B98,0x1B98,
  0x1B98,0x1B98,0x1B98,0x1B98,0x1B98,0x1B98,0x1B99,0x1B99,0x1B99,0x1B99,0x1B99,0x1B99,0x1B99,0x1B99,0x1B99,0x1BB9,
  0x1BB9,0x1BB9,0x1B99,0x1B99,0x1B99,0x1B99,0x1B98,0x1B99,0x1B99,0x1B98,0x1B98,0x1B98,0x1B98,0x1B98,0x1B99,0x0B38,
  0x0338,0x0338,0x0338,0x0338,0x0338,0x0338,0x0338,0x0338,0x0338,0x0338,0x0318,0x0338,0x02F8,0x2378,0x4438,0x4438,
  0x2398,0x1B78,0x1B78,0x1B98,0x1B99,0x1B99,0x1358,0x02F8,0x02F8,0x1378,0x33F8,0x440A,0x3303,0x1AAD,0x0A91,0x0318,
  0x0B19,0x1A50,0x4146,0x7961,0x99E0,0x99E0,0x91C0,0x91E1,0x6080,0x60E0,0x40A0,0x4040,0x60C1,0x3880,0x1000,0x2820,
  0x4040,0x3020,0x3000,0x296B,0x0338,0x0339,0x0338,0x0318,0x0338,0x0338,0x02B5,0x0252,0x01CE,0x016B,0x018C,0x0AB4,
  0x0B17,0x0338,0x0338,0x0338,0x0338,0x0338,0x0338,0x0338,0x0338,0x0317,0x0272,0x0210,0x0230,0x0A30,0x0230,0x0A50,
  0x0A2F,0x09EE,0x018C,0x0129,0x012A,0x11AD,0x3375,0x4418,0x3C19,0x4418,0x4418,0x4418,0x4418,0x3C18,0x3C19,0x1B78,
  0x1B99,0x1B99,0x1B99,0x1B99,0x1B98,0x1B98,0x1B98,0x1B98,0x1B98,0x1B98,0x1B99,0x1B99,0x1B99,0x1B99,0x1B99,0x1B99,
  0x1B98,0x1B98,0x1B99,0x1B99,0x1B98,0x1B98,0x1B98,0x1B98,0x1B99,0x1B98,0x1B98,0x1B98,0x1B98,0x1B98,0x1B98,0x1B99,
  0x1B98,0x1B98,0x1B99,0x1379,0x0318,0x0318,0x0318,0x0318,0x02F7,0x0212,0x3A8E,0x6B4C,0x6B4C,0x6B4C,0x6B4D,0x5ACB,
  0x632C,0x528A,0x4228,0x4228,0x4228,0x4228,0x4228,0x39E7,0x2965,0x2945,0x2965,0x2965,0x29E9,0x4C58,0x4459,0x4439,
  0x3C19,0x3C19,0x3C19,0x3419,0x1B15,0x01EF,0x01EF,0x020F,0x0230,0x01CE,0x016C,0x09AD,0x22B2,0x4418,0x4439,0x4439,
  0x4419,0x4419,0x4419,0x4419,0x3BF9,0x4419,0x657D,0x23FA,0x4438,0x4418,0x4438,0x4418,0x2BD8,0x1B99,0x1B99,0x1B98,
  0x1B98,0x1B98,0x1B98,0x1B98,0x1B98,0x1B98,0x1B98,0x1B98,0x1B98,0x1B98,0x1B99,0x1B98,0x1B98,0x1B98,0x1B98,0x1B98,
  0x1B98,0x1B98,0x1B98,0x1B98,0x1B98,0x1B98,0x1B99,0x1B99,0x1B99,0x1B99,0x1B99,0x1B99,0x1B99,0x1B99,0x1B99,0x1BB9,
  0x1BB9,0x1B99,0x1B99,0x1B99,0x1B99,0x1B99,0x1B99,0x1B98,0x1B98,0x1B98,0x1B98,0x1B98,0x1B98,0x1B98,0x1B98,0x1378,
  0x0338,0x0338,0x0338,0x0338,0x0338,0x0338,0x0338,0x0338,0x0338,0x0318,0x0318,0x0338,0x0AF7,0x3C19,0x4418,0x4419,
  0x23B8,0x1B78,0x1B78,0x1B78,0x1B78,0x1B98,0x1B99,0x0318,0x0318,0x1B99,0x341A,0x232E,0x22A7,0x0AF6,0x02F8,0x0319,
  0x033A,0x0319,0x1A73,0x79E4,0x99E0,0x99E0,0x99E0,0x99E0,0x7920,0x70E0,0x70E0,0x60A0,0x60A0,0x6100,0x3820,0x3000,
  0x4840,0x4840,0x4020,0x316A,0x0B38,0x0338,0x0318,0x02B5,0x02B5,0x0273,0x0231,0x01AD,0x0109,0x00E8,0x0A30,0x0B58,
  0x0339,0x0338,0x0338,0x0338,0x0338,0x0338,0x0338,0x0338,0x0338,0x02D5,0x0230,0x0210,0x0A50,0x0A50,0x0A50,0x0A50,
  0x0A30,0x0230,0x01EE,0x016B,0x014A,0x0108,0x010A,0x3396,0x3C18,0x4418,0x4418,0x4419,0x4418,0x3C18,0x3C39,0x1B78,
  0x1B99,0x1B99,0x1B99,0x1B98,0x1B98,0x1B98,0x1B99,0x1B99,0x1B98,0x1B99,0x1B98,0x1B99,0x1B98,0x1B99,0x1B99,0x1B99,
  0x1B98,0x1B98,0x1B98,0x1B98,0x1B98,0x1B98,0x1B98,0x1B98,0x1B99,0x1B99,0x1B98,0x1B98,0x1B98,0x1B98,0x1B99,0x1B99,
  0x1B99,0x1B98,0x1B98,0x1B99,0x0318,0x0318,0x0318,0x0318,0x0318,0x0318,0x3B32,0x6B4C,0x6B4C,0x6B4D,0x6B4D,0x5ACB,
  0x630C,0x528A,0x4228,0x4A28,0x4228,0x4228,0x4228,0x39E7,0x2965,0x2945,0x2965,0x2965,0x21C9,0x3C38,0x4459,0x4439,
  0x3C19,0x3C19,0x3C19,0x33F9,0x0251,0x020F,0x020F,0x020F,0x01EF,0x018D,0x1210,0x3B97,0x4C59,0x4439,0x4439,0x4439,
  0x4439,0x4439,0x4439,0x4439,0x3C19,0x4419,0x555D,0x23DA,0x4438,0x4438,0x4438,0x4418,0x2BD9,0x1B99,0x1B99,0x1B98,
  0x1B98,0x1B98,0x1B98,0x1B98,0x1B98,0x1B98,0x1B98,0x1B98,0x1B98,0x1B98,0x1B99,0x1B98,0x1B99,0x1B98,0x1B98,0x1B98,
  0x1B98,0x1B98,0x1B98,0x1B98,0x1B98,0x1B98,0x1B98,0x1B98,0x1B99,0x1B99,0x1B98,0x1B99,0x1B99,0x1B99,0x1B98,0x1BB8,
  0x1B98,0x1B99,0x1B98,0x1B98,0x1B98,0x1B98,0x1B98,0x1B98,0x1B98,0x1B98,0x1B98,0x1B98,0x1B98,0x1B98,0x1B99,0x1B99,
  0x0B59,0x0338,0x0338,0x0338,0x0338,0x0338,0x0338,0x0358,0x0338,0x0338,0x0338,0x0338,0x2BD8,0x4438,0x4438,0x33F8,
  0x1B98,0x1B98,0x1B98,0x1B98,0x1B98,0x1B98,0x1B99,0x1379,0x0318,0x1B99,0x343B,0x0B14,0x12F0,0x02F7,0x0319,0x0319,
  0x035B,0x033A,0x12F7,0x7A25,0x99E0,0x99E0,0x9A00,0x99E0,0x8140,0x70E0,0x70E0,0x70E0,0x6900,0x6100,0x5080,0x4020,
  0x4840,0x4840,0x4840,0x316A,0x0B37,0x02B5,0x0273,0x0252,0x0252,0x0251,0x01EE,0x0129,0x00E7,0x09EF,0x0B17,0x0359,
  0x0339,0x0338,0x0338,0x0338,0x0338,0x0338,0x0338,0x0338,0x0338,0x02D5,0x0230,0x0230,0x0A50,0x0A50,0x0A50,0x0A50,
  0x0230,0x0A30,0x0A2F,0x01AD,0x018C,0x014A,0x00C7,0x1230,0x4439,0x4438,0x4439,0x4439,0x4418,0x4439,0x2BD8,0x1B78,
  0x1B99,0x1B98,0x1B98,0x1B99,0x1B98,0x1B98,0x1B99,0x1B98,0x1B99,0x1B98,0x1B99,0x1B99,0x1B99,0x1B99,0x1B99,0x1B98,
  0x1B99,0x1B98,0x1B99,0x1B98,0x1B99,0x1B98,0x1B99,0x1B99,0x1B99,0x1B99,0x1B99,0x1B99,0x1B99,0x1B99,0x1B99,0x1B98,
  0x1B98,0x1B99,0x1B98,0x1B98,0x1379,0x0318,0x0318,0x0318,0x0318,0x0B38,0x4373,0x6B4C,0x6B4C,0x6B4C,0x6B4D,0x5ACB,
  0x632C,0x528A,0x4228,0x4228,0x4228,0x4228,0x4228,0x39E7,0x2965,0x2965,0x2965,0x2965,0x1988,0x1B34,0x447A,0x445A,
  0x3C39,0x3C19,0x33F9,0x12B4,0x0210,0x020F,0x020F,0x01EE,0x016C,0x1231,0x4439,0x4459,0x4439,0x4439,0x4439,0x4439,
  0x4419,0x4418,0x4439,0x4439,0x3C19,0x3C19,0x44FD,0x23FA,0x4419,0x4418,0x4438,0x3C19,0x1B98,0x1B99,0x1B99,0x1B99,
  0x1B98,0x1B98,0x1B98,0x1B98,0x1B98,0x1B98,0x1B98,0x1B98,0x1B98,0x1B98,0x2398,0x1B98,0x1B98,0x1B98,0x1B98,0x1B98,
  0x1B98,0x1B98,0x2398,0x1B98,0x1B98,0x1B98,0x1B98,0x1B98,0x1B98,0x1B98,0x1B98,0x1B98,0x1B98,0x1B99,0x1B98,0x1B98,
  0x1B98,0x1B98,0x1B98,0x1B98,0x1B98,0x1B98,0x1B98,0x1B98,0x1B98,0x1B98,0x1B99,0x1B98,0x1B98,0x1B98,0x1B98,0x1B99,
  0x1379,0x0338,0x0338,0x0338,0x0338,0x0338,0x0338,0x0338,0x0338,0x0338,0x0338,0x1BB9,0x4439,0x4C38,0x4C59,0x33F8,
  0x1B78,0x1B98,0x1B98,0x1B99,0x1B99,0x1B98,0x1B98,0x1B99,0x0339,0x1B99,0x3C7C,0x0B59,0x0B79,0x0B59,0x0319,0x0319,
  0x035A,0x0B7B,0x1338,0x8245,0x9A00,0x99E0,0x99E0,0x99E0,0x7940,0x70E0,0x70E0,0x70E0,0x68E0,0x60E0,0x5080,0x4820,
  0x4840,0x4840,0x4840,0x3148,0x0252,0x0252,0x0252,0x0252,0x0252,0x0A0F,0x09AC,0x00E6,0x0989,0x0AF6,0x0338,0x0338,
  0x0338,0x0339,0x0338,0x0338,0x0338,0x0338,0x0338,0x0338,0x0338,0x0AD5,0x0230,0x0210,0x0A50,0x0A50,0x0250,0x0A50,
  0x0A50,0x0A50,0x0A30,0x0A0F,0x01EE,0x018B,0x0129,0x014B,0x4438,0x4438,0x4439,0x4419,0x4419,0x3C39,0x23B8,0x1B99,
  0x1B99,0x1B99,0x1B98,0x1B99,0x1B99,0x1B99,0x1B99,0x1B99,0x1B98,0x1B99,0x1B98,0x1B99,0x1B99,0x1B99,0x1B99,0x1B99,
  0x1B99,0x1B98,0x1B99,0x1B99,0x1B98,0x1B98,0x1B99,0x1B99,0x1B99,0x1B98,0x1B99,0x1B99,0x1B99,0x1B98,0x1B98,0x1B98,
  0x1B98,0x1B98,0x1B99,0x1B98,0x1B99,0x0338,0x0338,0x0338,0x0318,0x1B78,0x53B2,0x6B4C,0x6B4C,0x6B4C,0x6B4D,0x5ACB,
  0x632C,0x528A,0x4228,0x4228,0x4A28,0x4228,0x4228,0x39E7,0x2965,0x2965,0x2945,0x2965,0x1967,0x0A50,0x2B97,0x445A,
  0x445A,0x33D8,0x0A93,0x0210,0x0210,0x020F,0x020F,0x016C,0x098D,0x3397,0x4439,0x4438,0x4439,0x4439,0x4439,0x4439,
  0x4418,0x4418,0x4418,0x4439,0x3C18,0x3C19,0x2C5C,0x1BB9,0x3C18,0x4418,0x4418,0x33F9,0x1B99,0x1B99,0x1B99,0x1B98,
  0x1B98,0x1B98,0x1B98,0x1B98,0x1B98,0x1B98,0x1B98,0x1B98,0x1B98,0x1B98,0x1B98,0x1B98,0x1B98,0x1B98,0x1B99,0x1B98,
  0x1B98,0x1B98,0x2399,0x1B98,0x1B98,0x1B98,0x1B98,0x1B98,0x1B98,0x1B98,0x1B98,0x1B98,0x1B98,0x1B98,0x1B98,0x1B98,
  0x1B98,0x1B98,0x1B98,0x1B98,0x1B98,0x1B98,0x1B98,0x1B99,0x1B98,0x1B98,0x1B98,0x1B98,0x1B99,0x1B98,0x1B99,0x1B98,
  0x1B99,0x0318,0x02F8,0x02F8,0x0338,0x0338,0x0338,0x0338,0x0318,0x0318,0x0318,0x2BD9,0x4438,0x4438,0x4418,0x33F9,
  0x1378,0x1B78,0x1B78,0x1B78,0x1B79,0x1B78,0x1B78,0x1B99,0x0B59,0x1359,0x2BF9,0x2397,0x2377,0x2357,0x2336,0x1316,
  0x1B17,0x0AD7,0x12F7,0x8225,0x9A00,0x99E0,0x99E0,0x99E0,0x7940,0x70E0,0x70E0,0x70E0,0x68E0,0x60E0,0x5080,0x4820,
  0x4840,0x4840,0x4820,0x2906,0x0230,0x0231,0x020F,0x0271,0x0A0F,0x0109,0x00C6,0x08E3,0x32E8,0x0B36,0x0338,0x0338,
  0x0338,0x0338,0x0338,0x0338,0x0338,0x0338,0x0338,0x0338,0x0338,0x02B4,0x020F,0x020F,0x0A50,0x0A50,0x0A50,0x0A50,
  0x0A50,0x0A50,0x0A2F,0x0230,0x0A2F,0x018C,0x016A,0x012A,0x4C38,0x4438,0x4438,0x4418,0x3C18,0x3C19,0x2398,0x1B79,
  0x1B99,0x1B98,0x1B98,0x1B99,0x1B99,0x1B98,0x1B99,0x1B98,0x1B98,0x1B99,0x1B98,0x1B99,0x1B98,0x1B98,0x1B99,0x1B98,
  0x1B99,0x1B98,0x1B98,0x1B99,0x1B98,0x1B98,0x1B99,0x1B98,0x1B98,0x1B98,0x1B98,0x1B98,0x1B98,0x1B98,0x1B98,0x1B98,
  0x1B98,0x1B98,0x1B99,0x1B99,0x1B98,0x0B58,0x02F8,0x02F8,0x02F7,0x33D8,0x53B2,0x6B2C,0x6B4C,0x6B4C,0x6B4D,0x5ACB,
  0x632C,0x528A,0x4228,0x4228,0x4228,0x4228,0x4228,0x39E7,0x2965,0x2945,0x2945,0x2945,0x2167,0x0A0F,0x0A51,0x2B96,
  0x33B7,0x0A93,0x0231,0x0230,0x0230,0x022F,0x01CD,0x014B,0x3396,0x4439,0x4438,0x4438,0x4439,0x4439,0x4439,0x4439,
  0x4418,0x4418,0x4418,0x4418,0x3C19,0x3C3A,0x1C3C,0x1BD9,0x3C18,0x3C18,0x3C19,0x2398,0x1B99,0x1B99,0x1B98,0x1B98,
  0x1B98,0x1B98,0x1B98,0x1B98,0x1B98,0x1B98,0x1B98,0x1B98,0x1B98,0x1B98,0x1B98,0x1B98,0x1B98,0x1B98,0x2399,0x1B98,
  0x2399,0x1B98,0x1B99,0x1B98,0x1B98,0x1B98,0x1B98,0x1B98,0x1B98,0x1B98,0x1B98,0x1B98,0x1B99,0x1B98,0x1B98,0x1B98,
  0x1B98,0x1B98,0x1B98,0x1B98,0x1B98,0x1B98,0x1B98,0x1B99,0x1B98,0x1B98,0x1B98,0x1B98,0x1B99,0x1B99,0x1B99,0x1B98,
  0x1B98,0x1358,0x02F8,0x02F8,0x0338,0x0338,0x0338,0x0338,0x0318,0x0318,0x0B17,0x4459,0x4438,0x4418,0x4439,0x23B8,
  0x1B98,0x1B78,0x1B78,0x1B78,0x1B78,0x1B78,0x1B78,0x1B78,0x1317,0x33B7,0x7CF7,0x9D56,0x94D4,0x94D4,0x8CB4,0x8CB4,
  0x8CB5,0x6C34,0x4B94,0x8224,0x9A00,0x99E0,0x99E0,0x91E0,0x7940,0x70E0,0x70E0,0x70E0,0x6900,0x6100,0x5080,0x4820,
  0x4840,0x4840,0x4820,0x28E5,0x01EF,0x020F,0x0A0D,0x22CB,0x09C8,0x19A7,0x0925,0x2A43,0x2265,0x0AF5,0x0338,0x0338,
  0x0338,0x0338,0x0338,0x0338,0x0338,0x0338,0x0338,0x0338,0x0317,0x0A93,0x020F,0x020F,0x0A50,0x0A50,0x0A50,0x0A50,
  0x0A50,0x0A30,0x0A30,0x0A2F,0x0A2F,0x01AC,0x016B,0x014B,0x4418,0x4438,0x4438,0x4419,0x3C39,0x33D9,0x1B79,0x1B99,
  0x1B99,0x1B98,0x1B98,0x1B98,0x1B99,0x1B98,0x1B99,0x1B98,0x1B99,0x1B99,0x1B98,0x1B98,0x1B99,0x1B99,0x1B98,0x1B98,
  0x1B99,0x1B98,0x1B98,0x1B98,0x1B98,0x1B99,0x1B99,0x1B98,0x1B98,0x1B98,0x1B98,0x1B98,0x1B98,0x1B98,0x1B98,0x1B98,
  0x1B98,0x1B98,0x1B98,0x1B98,0x1B78,0x1399,0x0338,0x02F8,0x1317,0x4438,0x53B2,0x6B2C,0x6B4C,0x6B4D,0x6B4C,0x5ACB,
  0x632C,0x528A,0x4228,0x4228,0x4A28,0x4228,0x4228,0x39E7,0x2965,0x2965,0x2965,0x2945,0x2167,0x0A0F,0x0210,0x0A30,
  0x0231,0x0231,0x0231,0x0230,0x0230,0x022F,0x018C,0x09CD,0x3C18,0x3C38,0x4438,0x4439,0x4439,0x4439,0x4418,0x4418,
  0x4418,0x4418,0x4418,0x4418,0x3C39,0x343A,0x03BA,0x1BDA,0x3C19,0x3C18,0x3C19,0x1B78,0x1B99,0x1B99,0x1B98,0x1B98,
  0x1B98,0x1B98,0x1B98,0x1B98,0x1B98,0x1B98,0x1B98,0x1B98,0x1B98,0x1B98,0x1B98,0x1B98,0x1B98,0x1B98,0x1B99,0x2399,
  0x1B98,0x1B98,0x2399,0x1B98,0x2399,0x1B98,0x1B98,0x1B98,0x1B98,0x1B98,0x1B98,0x1B98,0x1B98,0x1B98,0x1B98,0x1B98,
  0x1B98,0x1B98,0x1B98,0x1B98,0x1B98,0x1B98,0x1B98,0x1B98,0x1B98,0x1B98,0x1B98,0x1B98,0x1B98,0x1B98,0x1B99,0x1B99,
  0x1B98,0x1B99,0x0B38,0x02F8,0x0339,0x0338,0x0338,0x0338,0x0318,0x0338,0x341A,0x4C59,0x4438,0x4438,0x4439,0x1B98,
  0x1B78,0x1B78,0x1B78,0x1B78,0x1B78,0x1B78,0x1B78,0x2376,0x5C57,0x8CF5,0x6B6E,0x6B2C,0x6B4C,0x7BCE,0x83EF,0x840F,
  0x8C50,0x8C51,0x9451,0x9243,0x9A00,0x9A00,0x99E0,0x91C0,0x7940,0x70E0,0x70E0,0x70E0,0x6900,0x6900,0x5080,0x4820,
  0x4840,0x4840,0x4840,0x28C3,0x09AB,0x01AA,0x2267,0x2AA4,0x32C3,0x32C3,0x3AC2,0x4323,0x0901,0x096A,0x0AD6,0x0338,
  0x0338,0x0338,0x0338,0x0338,0x0338,0x0338,0x0338,0x0338,0x0317,0x0AD4,0x020F,0x020F,0x0A50,0x0251,0x0A50,0x0A50,
  0x0A50,0x0A30,0x0A30,0x0A2F,0x020F,0x01AD,0x018B,0x012A,0x2B55,0x4438,0x4439,0x3C39,0x4439,0x2BF9,0x1B99,0x1B99,
  0x1B98,0x1B98,0x1B98,0x1B98,0x1B99,0x1B98,0x1B99,0x1B98,0x1B98,0x1B99,0x1B99,0x1B99,0x1B99,0x1B99,0x1B98,0x1B98,
  0x1B99,0x1B99,0x1B98,0x1B99,0x1B99,0x1B99,0x1B98,0x1B98,0x1B99,0x1B98,0x1B98,0x1B98,0x1B99,0x1B98,0x1B98,0x1B98,
  0x1B98,0x1B98,0x1B99,0x1B99,0x1B99,0x1B99,0x0B79,0x02F8,0x2B98,0x4418,0x53B2,0x6B2C,0x6B4C,0x6B4D,0x6B4D,0x5ACB,
  0x630C,0x528A,0x4228,0x4228,0x4228,0x4A28,0x4A28,0x39E7,0x2965,0x2945,0x2965,0x2945,0x2167,0x0A0F,0x0210,0x0210,
  0x0230,0x0231,0x0230,0x0230,0x0230,0x01CE,0x016B,0x3375,0x3C18,0x3C18,0x4418,0x4439,0x4439,0x4439,0x4418,0x4418,
  0x4418,0x4418,0x4418,0x4418,0x3C39,0x343A,0x03BB,0x23FA,0x3C19,0x3C19,0x33F9,0x1B78,0x1B99,0x1B99,0x1B99,0x1B98,
  0x1B98,0x1B98,0x1B98,0x1B98,0x1B98,0x1B98,0x1B98,0x1B98,0x1B98,0x1B98,0x1B98,0x1B98,0x2399,0x1B98,0x1B98,0x1B98,
  0x1B99,0x1B99,0x2399,0x2399,0x1B99,0x1B98,0x2398,0x1B98,0x1B98,0x1B98,0x1B98,0x1B98,0x1B98,0x1B98,0x1B98,0x1B98,
  0x1B98,0x1B98,0x2398,0x1B98,0x1B98,0x1B99,0x1B98,0x1B99,0x1B98,0x1B98,0x1B98,0x1B98,0x1B98,0x1B98,0x1B99,0x1B99,
  0x1B98,0x1B99,0x1B99,0x0318,0x0338,0x0338,0x0338,0x0338,0x0318,0x0337,0x3C39,0x4459,0x4438,0x4439,0x4439,0x1B98,
  0x1B98,0x1B78,0x1B98,0x1B98,0x1B98,0x1B77,0x43B4,0x6BF2,0x73F0,0x6B8E,0x8430,0x8430,0x840F,0x8C71,0x8C51,0x8C51,
  0x8C50,0x8C30,0x942F,0x8A63,0x91E0,0x9200,0x9200,0x9200,0x7960,0x68E0,0x70E0,0x70E0,0x7100,0x6900,0x5880,0x4820,
  0x4820,0x4840,0x4080,0x5B04,0x4345,0x4344,0x6463,0x6462,0x4BA0,0x4BA0,0x4B80,0x4B80,0x3AE1,0x2AA3,0x1ACD,0x0B16,
  0x0338,0x0338,0x0338,0x0338,0x0338,0x0338,0x0338,0x0338,0x0317,0x0316,0x0251,0x020F,0x0A50,0x0250,0x0A50,0x0250,
  0x0A50,0x0250,0x0250,0x0A30,0x01EE,0x01CD,0x018B,0x0108,0x1A2E,0x4438,0x4439,0x4439,0x3C39,0x2399,0x1B99,0x1B99,
  0x1B98,0x1B98,0x1B99,0x1B99,0x1B98,0x1B98,0x1B99,0x1B98,0x1B98,0x1B99,0x1B99,0x1B99,0x1B99,0x1B98,0x1B99,0x1B98,
  0x1B98,0x1B98,0x1B98,0x1B98,0x1B98,0x1B99,0x1B98,0x1B98,0x1B99,0x1B98,0x1B99,0x1B98,0x1B98,0x1B98,0x1B98,0x1B98,
  0x1B98,0x1B99,0x1B98,0x1B99,0x1B99,0x13B9,0x1399,0x1B98,0x4418,0x4418,0x53B2,0x6B4C,0x6B4C,0x6B4D,0x6B4C,0x5ACB,
  0x630C,0x5289,0x4228,0x4228,0x4228,0x4A28,0x4A28,0x39E7,0x2965,0x2965,0x2965,0x2945,0x2167,0x0A2F,0x0230,0x0210,
  0x0230,0x0230,0x0230,0x0230,0x020F,0x016B,0x016C,0x3C19,0x3C18,0x4418,0x4419,0x4438,0x4418,0x4418,0x4418,0x4418,
  0x4418,0x4419,0x4418,0x4438,0x3C19,0x2BF9,0x039A,0x1BFA,0x3C19,0x3C19,0x1B78,0x1378,0x1B99,0x1B98,0x1B98,0x1B98,
  0x1B98,0x1B98,0x1B98,0x1B98,0x1B98,0x1B98,0x1B98,0x1B98,0x1B98,0x1B99,0x1B99,0x1B98,0x1B98,0x1B98,0x2399,0x1B98,
  0x2399,0x1B98,0x2399,0x1B99,0x1B99,0x1B98,0x2399,0x1BB8,0x1B98,0x1B98,0x1B98,0x1B98,0x1B98,0x1B98,0x1B98,0x1B98,
  0x1B98,0x1B98,0x2399,0x1B98,0x1B98,0x1B99,0x1B98,0x1B98,0x1B99,0x1B98,0x1B98,0x1B98,0x1B98,0x1B98,0x1B98,0x1B98,
  0x1B98,0x1B98,0x1B98,0x0B38,0x0318,0x0318,0x0318,0x0318,0x02F7,0x23B8,0x3C38,0x4438,0x3C18,0x4C58,0x6CFB,0x64FB,
  0x5CBA,0x445A,0x33F9,0x2BD8,0x2BF9,0x3C39,0x74D7,0x84D6,0x8CD5,0x8493,0x840F,0x840F,0x840F,0x840F,0x83EF,0x8410,
  0x9491,0x9CD3,0x8BEE,0x8223,0x81E0,0x8301,0x8C22,0x8C62,0x5AC1,0x4920,0x6900,0x7100,0x7100,0x7120,0x5880,0x4820,
  0x4040,0x51C2,0x8D05,0x8D84,0x6461,0x53E0,0x4B80,0x4340,0x4340,0x4340,0x4360,0x4340,0x4360,0x2AA0,0x1A22,0x1249,
  0x0AF4,0x0338,0x0339,0x0339,0x0339,0x0339,0x0319,0x0318,0x0318,0x0317,0x0252,0x020F,0x0270,0x0A50,0x0A50,0x0A50,
  0x0A50,0x0A50,0x0A50,0x0A50,0x01EE,0x01AD,0x016B,0x0108,0x00E7,0x3333,0x4438,0x4439,0x3C39,0x1B98,0x1B99,0x1B99,
  0x1B98,0x1B98,0x1B99,0x1B98,0x1B98,0x1B99,0x1B98,0x1B99,0x1B98,0x1B98,0x1B98,0x1B99,0x1B98,0x1B99,0x1B98,0x1B98,
  0x1B99,0x1B99,0x1B98,0x1B98,0x1B99,0x1B98,0x1B99,0x1B99,0x1B99,0x1B98,0x1B99,0x1B98,0x1B99,0x1B98,0x1B98,0x1B98,
  0x1B98,0x1B99,0x1B99,0x1B99,0x1B99,0x1B99,0x1398,0x3C19,0x4418,0x4418,0x5392,0x6B2C,0x6B4C,0x6B4C,0x6B4D,0x5ACB,
  0x630C,0x5269,0x4228,0x4228,0x4228,0x4228,0x4228,0x39E7,0x2965,0x2945,0x2965,0x2945,0x1967,0x09EE,0x0210,0x0210,
  0x0210,0x0230,0x0230,0x020F,0x01CD,0x01CE,0x3BF8,0x4439,0x4418,0x4418,0x4418,0x4418,0x4418,0x4418,0x4418,0x4418,
  0x4418,0x4418,0x4418,0x4418,0x3C19,0x2BF9,0x039A,0x1BDA,0x3C19,0x3C19,0x1B78,0x1B78,0x1B99,0x1B99,0x1B98,0x1B98,
  0x1B98,0x1B98,0x1B98,0x1B98,0x1B98,0x1B98,0x1B98,0x1B98,0x1B98,0x1B98,0x1B99,0x1B98,0x1B99,0x1B98,0x1B98,0x1B99,
  0x1B98,0x1B99,0x2399,0x1B99,0x1B99,0x1B98,0x1B98,0x1B98,0x1B98,0x1B98,0x1B98,0x1B98,0x1B98,0x1B98,0x1B98,0x1B98,
  0x1B98,0x1B98,0x1B99,0x1B98,0x1B98,0x1B98,0x1B98,0x1B98,0x1B98,0x1B98,0x1B98,0x1B98,0x1B98,0x1B98,0x1B98,0x1B98,
  0x1B98,0x1B98,0x1B98,0x1358,0x0318,0x0318,0x0318,0x0338,0x1358,0x3C39,0x3C38,0x3C19,0x2356,0xC73F,0xBEFE,0x961C,
  0x5CDA,0x33F8,0x2BD8,0x2BD8,0x2C1A,0x447A,0x7CF8,0x9D99,0xDF3E,0x9D56,0x7BCF,0x8C30,0x9471,0x9491,0xA4F3,0xAD34,
  0xAD34,0x9491,0x5268,0x6242,0x8423,0x7C61,0x6C01,0x6401,0x32A0,0x2A00,0x3920,0x50E0,0x7120,0x7120,0x60A0,0x4840,
  0x5A02,0x5BA2,0x6C81,0x6CA2,0x3B00,0x3B20,0x4340,0x32E0,0x2AA0,0x2A60,0x2A80,0x2A60,0x2260,0x1A00,0x1180,0x08E1,
  0x0927,0x0AF6,0x0319,0x0339,0x0339,0x0339,0x0318,0x0318,0x0318,0x0317,0x02D5,0x0210,0x0250,0x0250,0x0250,0x0250,
  0x0A50,0x0A50,0x0A50,0x0A51,0x0230,0x01CE,0x016B,0x0149,0x00C7,0x0949,0x2B33,0x4439,0x3C39,0x1BB9,0x1BB9,0x1B99,
  0x1B98,0x1B98,0x1B98,0x1B98,0x1B98,0x1B98,0x1B99,0x1B99,0x1B98,0x1B98,0x1B98,0x1B98,0x1B98,0x1B99,0x1B98,0x1B98,
  0x1B98,0x1B98,0x1B98,0x1B98,0x1B98,0x1B98,0x1B99,0x1B99,0x1B99,0x1B99,0x1B99,0x1B98,0x1B99,0x1B99,0x1B98,0x1B98,
  0x1B98,0x1B99,0x1B98,0x1B98,0x1B98,0x1B99,0x2BD9,0x4439,0x4418,0x4418,0x5392,0x6B2C,0x6B4C,0x6B4C,0x6B4D,0x5ACB,
  0x630C,0x528A,0x4228,0x4228,0x4A28,0x4A28,0x4248,0x39E7,0x2965,0x2945,0x2945,0x2945,0x1946,0x01AD,0x0210,0x0230,
  0x0230,0x0230,0x0230,0x01AD,0x014B,0x1AB2,0x4459,0x4439,0x3C18,0x4418,0x4419,0x4418,0x4418,0x4418,0x4418,0x4418,
  0x4418,0x4418,0x4418,0x4418,0x3C19,0x3C39,0x1C3B,0x1BFA,0x3C19,0x2BB8,0x1B78,0x1B78,0x1B99,0x1B98,0x1B98,0x1B98,
  0x1B98,0x1B98,0x1B98,0x1B98,0x1B98,0x1B98,0x1B98,0x1B98,0x1B98,0x1B98,0x1B99,0x1B99,0x1B98,0x1B98,0x1B98,0x1B98,
  0x1B98,0x1B98,0x2399,0x1B98,0x2399,0x1B98,0x1B99,0x1B99,0x1B98,0x1B98,0x1B99,0x1B98,0x1B99,0x1B99,0x1B99,0x1B98,
  0x2399,0x1B98,0x2399,0x1B98,0x1B99,0x1B98,0x1B98,0x1B98,0x1B98,0x1B98,0x1B98,0x1B98,0x1B98,0x1B98,0x1B98,0x1B98,
  0x1B98,0x1B98,0x1B98,0x1B99,0x0338,0x0318,0x0318,0x0338,0x33F9,0x4439,0x4438,0x3C39,0x2356,0xC73F,0x64DA,0x2B97,
  0x1B77,0x1B78,0x1B78,0x1B78,0x1378,0x2355,0x5B2E,0x6B4D,0xAD97,0x8CF5,0x5AEB,0x5269,0x5269,0x5269,0x5289,0x5289,
  0x4A69,0x39C7,0x3164,0x5201,0x4A60,0x52E0,0x4240,0x3A20,0x29E0,0x1160,0x0880,0x2820,0x7120,0x7120,0x60A0,0x6162,
  0x7424,0x7482,0x6421,0x4340,0x53E1,0x3B01,0x2A40,0x4322,0x2A20,0x2A20,0x21E0,0x5342,0x2220,0x19A0,0x00A0,0x0020,
  0x0000,0x098C,0x0318,0x0339,0x0318,0x0338,0x0B55,0x0317,0x0318,0x0338,0x0338,0x0252,0x0250,0x0250,0x0250,0x0A50,
  0x0250,0x0A50,0x0A50,0x0251,0x0230,0x01EE,0x016B,0x014A,0x0108,0x00C7,0x0129,0x2AF2,0x2B55,0x23B9,0x1BB9,0x1B99,
  0x1B99,0x1B98,0x1B98,0x1B98,0x1B98,0x1B99,0x1B99,0x1B99,0x1B99,0x1B98,0x1B99,0x1B99,0x1B98,0x1B98,0x1B98,0x1B98,
  0x1B98,0x1B98,0x1B98,0x1B98,0x1B98,0x1B98,0x1B99,0x1B99,0x1B99,0x1B99,0x1B98,0x1B98,0x1B98,0x1B98,0x1B98,0x1B98,
  0x1B98,0x1B99,0x1B98,0x1B99,0x1B99,0x1B99,0x3C39,0x4439,0x4418,0x4438,0x5372,0x6B2C,0x6B4C,0x6B4C,0x6B4C,0x5ACB,
  0x630C,0x526A,0x4228,0x4228,0x4228,0x4A28,0x4A28,0x39E7,0x2965,0x2945,0x2945,0x2945,0x1946,0x01AC,0x0230,0x0230,
  0x0230,0x0230,0x01CE,0x014B,0x09CE,0x3BD7,0x4439,0x4439,0x4418,0x4418,0x3C18,0x4418,0x4418,0x4418,0x4418,0x4418,
  0x4418,0x4418,0x4418,0x4418,0x4439,0x3C39,0x2CBD,0x1BFA,0x3419,0x23B8,0x1B78,0x1B98,0x1B99,0x1B98,0x1B98,0x1B98,
  0x1B98,0x1B98,0x1B98,0x1B98,0x1B98,0x1B98,0x1B98,0x1B98,0x1B98,0x1B98,0x1B99,0x1B98,0x1B99,0x1B98,0x1B98,0x1B98,
  0x1B98,0x1B98,0x2399,0x1B98,0x1B98,0x1B98,0x1B99,0x1B98,0x1B99,0x1B98,0x1B99,0x1B99,0x1B99,0x1B99,0x1B99,0x1B98,
  0x1B98,0x1B98,0x1B99,0x1B99,0x1B99,0x1B98,0x1B99,0x1B98,0x1B98,0x1B98,0x1B98,0x1B98,0x1B98,0x1B98,0x1B98,0x1B98,
  0x1B98,0x1B99,0x1B98,0x1B99,0x0B59,0x0318,0x0318,0x1B98,0x4439,0x4439,0x4439,0x4439,0x2356,0xA67F,0x33F9,0x23D9,
  0x1B98,0x1B78,0x1378,0x1B78,0x1378,0x2356,0x5B2E,0x6B2C,0x94F5,0x7495,0x5AEB,0x4A48,0x4207,0x4207,0x4A28,0x4A28,
  0x4228,0x3186,0x3144,0x8A22,0x71C0,0x59E0,0x59A1,0x28A0,0x30C1,0x0800,0x40A1,0x60C0,0x7100,0x7120,0x6080,0x48C1,
  0x2100,0x4B02,0x3241,0x3AA1,0x4321,0x21C0,0x2A21,0x4302,0x08E0,0x3221,0x1100,0x2181,0x3A83,0x1100,0x2162,0x0020,
  0x0000,0x1A0E,0x1B16,0x2A92,0x2A0F,0x2A8D,0x5409,0x440F,0x0B36,0x0338,0x0338,0x0AF6,0x0230,0x0250,0x0250,0x0250,
  0x0250,0x0A50,0x0250,0x0250,0x01EF,0x01CE,0x016B,0x016A,0x0129,0x00E7,0x00C7,0x0086,0x098B,0x1AD3,0x1B77,0x1B99,
  0x1B99,0x1B99,0x1B99,0x1B99,0x1B99,0x1B99,0x1B98,0x1B98,0x1B98,0x1B98,0x1B99,0x1B99,0x1B98,0x1B98,0x1B98,0x1B98,
  0x1B98,0x1B99,0x1B98,0x1B99,0x1B98,0x1B98,0x1B99,0x1B99,0x1B98,0x1B99,0x1B99,0x1B98,0x1B99,0x1B98,0x1B98,0x1B98,
  0x1B99,0x1B99,0x1B99,0x1B98,0x1B99,0x23D9,0x4459,0x4439,0x4418,0x4439,0x5392,0x6B4C,0x6B4C,0x6B4C,0x6B4D,0x5ACB,
  0x630C,0x528A,0x4228,0x4228,0x4A28,0x4228,0x4228,0x39E7,0x2965,0x2945,0x2965,0x2945,0x2146,0x01AC,0x020F,0x0230,
  0x0230,0x01CE,0x016B,0x018D,0x2335,0x3C39,0x4439,0x3C18,0x4418,0x3C18,0x3C18,0x3C18,0x3C19,0x3C19,0x3C19,0x3C19,
  0x4419,0x4418,0x3C18,0x4418,0x3C18,0x3C19,0x245C,0x1BBA,0x33F9,0x1B98,0x1B98,0x1B99,0x1B99,0x1B98,0x1B98,0x1B98,
  0x1B98,0x1B98,0x1B98,0x1B98,0x1B98,0x1B98,0x1B98,0x1B98,0x1B98,0x1B98,0x1B98,0x1B99,0x1B98,0x1B99,0x1B99,0x1B99,
  0x1B99,0x1B98,0x1B98,0x1B98,0x1B98,0x1B98,0x1B98,0x1B98,0x1B98,0x1B99,0x1B99,0x1B99,0x1B99,0x1B99,0x1B99,0x1B98,
  0x1B99,0x1B99,0x1B99,0x1B99,0x1B98,0x1B98,0x1B98,0x1B98,0x1B98,0x1B98,0x1B98,0x1B98,0x1B98,0x1B98,0x1B98,0x1B98,
  0x1B98,0x1B98,0x1B99,0x1BB9,0x1399,0x02F7,0x0B38,0x33F9,0x3C39,0x4439,0x4438,0x4439,0x3BF8,0x6D5D,0x1358,0x1B99,
  0x1B99,0x1399,0x1B99,0x1B99,0x1399,0x33D8,0x5B2F,0x630C,0x7CB5,0x5C35,0x5ACB,0x4207,0x4A48,0x4A48,0x4A49,0x4A49,
  0x4228,0x2965,0x3123,0x89E1,0x91C0,0x79A0,0x6140,0x40A0,0x48C1,0x4880,0x6900,0x7100,0x6900,0x60C0,0x5860,0x4820,
  0x48A0,0x4961,0x1040,0x3981,0x4243,0x0840,0x29A1,0x1980,0x0000,0x3222,0x0880,0x0000,0x0880,0x0860,0x0020,0x0000,
  0x1020,0x420C,0x4189,0x4926,0x10E8,0x21A3,0x4B22,0x6444,0x3C0E,0x0338,0x0338,0x0317,0x0251,0x0250,0x0250,0x0250,
  0x0250,0x0250,0x0250,0x020F,0x01EE,0x018C,0x016B,0x016B,0x016B,0x00E8,0x00C7,0x0085,0x00C6,0x00E7,0x096B,0x1AF4,
  0x1B98,0x1B98,0x1B99,0x1B99,0x1B98,0x1B98,0x1B98,0x1B98,0x1B98,0x1B98,0x1B98,0x1B99,0x1B98,0x1B98,0x1B98,0x1B98,
  0x1B98,0x1B98,0x1B99,0x1B98,0x1B98,0x1B98,0x1B98,0x1B98,0x1B99,0x1B98,0x1B98,0x1B98,0x1B98,0x1B98,0x1B98,0x1B99,
  0x1B78,0x1B78,0x1B78,0x1B78,0x1B78,0x3C19,0x4439,0x4439,0x4419,0x3BF9,0x4332,0x6B2C,0x6B4C,0x6B4C,0x6B4C,0x5ACB,
  0x6B2C,0x528A,0x4228,0x4228,0x4228,0x4228,0x4228,0x39E7,0x2965,0x2965,0x2945,0x2945,0x2146,0x014A,0x01CD,0x01EF,
  0x01CD,0x018C,0x09CE,0x2B77,0x3C3A,0x4439,0x4418,0x4418,0x3C18,0x3C18,0x3C18,0x3C18,0x3C19,0x3C19,0x3C19,0x3C18,
  0x3C18,0x4419,0x4418,0x4418,0x4418,0x3C39,0x2C7C,0x1BDA,0x2BF9,0x1B78,0x1B79,0x1B79,0x1B98,0x1B98,0x1B98,0x1B98,
  0x1B98,0x1B98,0x1B98,0x1B98,0x1B98,0x1B98,0x1B98,0x1B98,0x1B98,0x1B98,0x1B98,0x1B99,0x1B98,0x1B98,0x1B98,0x1B98,
  0x2399,0x1B98,0x1B98,0x1B98,0x1B98,0x1B98,0x1B98,0x1B99,0x1B98,0x1B98,0x1B98,0x1B99,0x1B98,0x1B99,0x1B98,0x1B98,
  0x1B99,0x1B99,0x1B99,0x1B99,0x1B99,0x1B99,0x1B99,0x1B98,0x1B98,0x1B98,0x1B98,0x1B98,0x1B98,0x1B98,0x1B98,0x1B98,
  0x1B98,0x1B99,0x1B99,0x1B98,0x1BB9,0x0338,0x1B98,0x4439,0x3C39,0x4439,0x4439,0x4439,0x3BF8,0x54DD,0x1358,0x1379,
  0x1379,0x1399,0x1B99,0x1399,0x1399,0x341A,0x4374,0x632E,0x6C76,0x4BD5,0x5ACB,0x4207,0x4A48,0x4A48,0x4A48,0x4A48,
  0x4228,0x3185,0x3143,0x91E1,0x99C0,0x91C0,0x89C0,0x7940,0x6900,0x60E0,0x68E0,0x6900,0x7A45,0x936C,0x9B8D,0x9BAD,
  0x9AA6,0x8181,0x58C0,0x6920,0x38C1,0x2840,0x3901,0x20E0,0x0000,0x2101,0x0840,0x0000,0x0800,0x2020,0x0800,0x1000,
  0x4841,0x78A3,0x2108,0x1252,0x0AB5,0x09C8,0x2A81,0x6402,0x5489,0x0337,0x0318,0x02D6,0x0251,0x0250,0x0250,0x0250,
  0x0250,0x0230,0x0230,0x01CE,0x01CE,0x018B,0x016B,0x016B,0x016B,0x0109,0x0108,0x00A5,0x00C6,0x00C5,0x00A5,0x012A,
  0x1B15,0x1B98,0x1B99,0x1B99,0x1B99,0x1B99,0x1B99,0x1B99,0x1B99,0x1B99,0x1B98,0x1B98,0x1B99,0x1B99,0x1B99,0x1B98,
  0x1B98,0x1B99,0x1B99,0x1B98,0x1B99,0x1B99,0x1B99,0x1B99,0x1B99,0x1B98,0x1B99,0x1B98,0x1B99,0x1B98,0x1B99,0x1B99,
  0x1B98,0x1B98,0x1B98,0x1B78,0x2B98,0x4439,0x4438,0x4438,0x4439,0x33F9,0x4332,0x6B2C,0x6B4C,0x6B4C,0x6B4D,0x5ACB,
  0x6B2C,0x528A,0x4228,0x4228,0x4A28,0x4228,0x4228,0x39E7,0x2965,0x2965,0x2965,0x2945,0x2146,0x0108,0x014A,0x016B,
  0x016B,0x09CE,0x3376,0x3C39,0x4439,0x4419,0x4419,0x4418,0x3C18,0x4418,0x3C18,0x3C18,0x3C18,0x3C19,0x3C19,0x3C18,
  0x3C18,0x3C18,0x3C18,0x4419,0x4419,0x4459,0x4D1C,0x13BA,0x23B9,0x1B79,0x1B79,0x1B79,0x1B98,0x1B98,0x1B98,0x1B98,
  0x1B98,0x1B98,0x1B98,0x1B98,0x1B99,0x1B98,0x1B98,0x1B99,0x1B98,0x1B98,0x1B98,0x1B98,0x1B98,0x1B98,0x1B98,0x1B98,
  0x1B98,0x1B98,0x1B98,0x1B98,0x1B98,0x1B98,0x1B98,0x1B98,0x1B98,0x1B99,0x1B99,0x1B98,0x1B98,0x1B98,0x1B98,0x1B98,
  0x1B98,0x1B99,0x1B98,0x1B98,0x1B98,0x1B98,0x1B98,0x1B98,0x1B98,0x1B98,0x1B98,0x1B98,0x1B98,0x1B98,0x1B98,0x1B98,
  0x1B98,0x1B98,0x1B99,0x1B98,0x1BB9,0x1BBA,0x3C39,0x4439,0x3C19,0x3C39,0x4439,0x4439,0x33D8,0x54BC,0x1B79,0x1379,
  0x1379,0x1379,0x1399,0x1B99,0x139A,0x2B97,0x4B94,0x5330,0x74B7,0x5C56,0x5AEB,0x4A28,0x4A48,0x4A48,0x4A48,0x4A48,
  0x4228,0x3185,0x3144,0x91E1,0x99E0,0x99E0,0x91C0,0x89A0,0x6900,0x60E0,0x5921,0x93AC,0x9C91,0x7BAD,0x7BAE,0x8C2F,
  0x8AC6,0x99C0,0x91A0,0x91A0,0x89C1,0x60E0,0x5080,0x3040,0x1800,0x3820,0x2000,0x0000,0x1800,0x3820,0x2820,0x2820,
  0x4042,0x31CD,0x0B17,0x0359,0x02F7,0x0AB3,0x0AAF,0x3B26,0x546C,0x0337,0x0318,0x0293,0x0250,0x0250,0x0250,0x0250,
  0x0250,0x0230,0x01CE,0x01AC,0x018C,0x018B,0x018B,0x018B,0x018B,0x0129,0x0108,0x0086,0x00C6,0x00C6,0x00A5,0x00A6,
  0x09AD,0x2398,0x1B99,0x1B99,0x1B98,0x1B98,0x1B98,0x1B99,0x1B98,0x1B98,0x1B98,0x1B99,0x1B98,0x1B98,0x1B98,0x1B98,
  0x1B98,0x1B99,0x1B98,0x1B99,0x1B99,0x1B98,0x1B98,0x1B99,0x1B99,0x1B99,0x1B98,0x1B98,0x1B98,0x1B98,0x1B99,0x1B98,
  0x1B98,0x1B98,0x1B98,0x2398,0x4439,0x4439,0x4438,0x4438,0x4439,0x33D9,0x4352,0x6B2C,0x6B4C,0x6B4C,0x6B4C,0x5ACB,
  0x6B2C,0x528A,0x4228,0x4228,0x4228,0x4A28,0x4228,0x39E7,0x2965,0x2945,0x2965,0x2965,0x2146,0x00E7,0x00E7,0x016B,
  0x1A71,0x33B7,0x4419,0x4419,0x4419,0x4418,0x4418,0x4418,0x4418,0x3C18,0x3C19,0x3C19,0x3C18,0x3C19,0x3C19,0x3C18,
  0x3C18,0x3C18,0x3C18,0x4439,0x4438,0x4C58,0x65BD,0x13BA,0x1B79,0x1B79,0x1B79,0x1B99,0x1B99,0x1B99,0x1B98,0x1B98,
  0x1B98,0x1B98,0x1B98,0x1B99,0x1B98,0x1B98,0x1B99,0x1B99,0x1B99,0x1B99,0x1B99,0x1B99,0x1B99,0x1B98,0x1B98,0x1B98,
  0x1B98,0x1B98,0x1B98,0x1B98,0x1B98,0x1B98,0x1B98,0x1B98,0x1B99,0x1B99,0x1B99,0x1B99,0x1B99,0x1B98,0x1B98,0x1B98,
  0x1B98,0x1B98,0x1B98,0x1B98,0x1B98,0x1B98,0x1B98,0x1B98,0x1B98,0x1B98,0x1B99,0x1B98,0x1B98,0x1B99,0x1B98,0x1B98,
  0x1B99,0x1B98,0x1B99,0x1BB9,0x1BB9,0x2BF9,0x4459,0x4439,0x4419,0x3C19,0x4419,0x3C19,0x2B98,0x5CDD,0x2BFB,0x1379,
  0x1379,0x1379,0x1379,0x1399,0x139A,0x2377,0x5B4F,0x632E,0x74B7,0x6477,0x5B0C,0x4A28,0x4A28,0x4A48,0x4A48,0x4A48,
  0x4A28,0x3186,0x3143,0x9201,0x99E0,0x99E0,0x99E0,0x91C0,0x6941,0x82C8,0xA470,0x8C2F,0x6B4C,0x7BAE,0x83EF,0x8C50,
  0x8B4A,0x91C1,0x99E0,0x99C0,0x99E0,0x7920,0x68C0,0x68C0,0x58A0,0x5880,0x60C1,0x2020,0x2820,0x4020,0x4840,0x4020,
  0x3863,0x1B37,0x0379,0x0359,0x0317,0x02F7,0x02F7,0x124D,0x1312,0x0338,0x02D6,0x0252,0x0251,0x0251,0x0251,0x0251,
  0x0230,0x01CE,0x01AD,0x016B,0x016B,0x018B,0x018B,0x018B,0x016B,0x0129,0x0108,0x0085,0x00C6,0x00C6,0x00C6,0x00C5,
  0x0148,0x1AF4,0x1B98,0x1B98,0x1B98,0x1B98,0x1B98,0x1B99,0x1B98,0x1B98,0x1B99,0x1B98,0x1B98,0x1B98,0x1B98,0x1B98,
  0x1B98,0x1B99,0x1B99,0x1B99,0x1B99,0x1B99,0x1B99,0x1B98,0x1B99,0x1B99,0x1B99,0x1B98,0x1B98,0x1B98,0x1B98,0x1B99,
  0x1B98,0x1B98,0x1B98,0x33D8,0x4439,0x4439,0x4439,0x4439,0x443A,0x1B78,0x4352,0x6B2C,0x6B2C,0x6B4C,0x6B4D,0x5ACA,
  0x6B2C,0x528A,0x4228,0x4228,0x4228,0x4228,0x4228,0x39E7,0x2965,0x2965,0x2965,0x2965,0x2145,0x00A5,0x00C7,0x22D2,
  0x33F8,0x3C19,0x4419,0x4418,0x3C18,0x3C18,0x3C18,0x3C18,0x3C19,0x3C19,0x3C18,0x3C18,0x3C18,0x3C18,0x3C18,0x3C18,
  0x3C18,0x3C18,0x4416,0x4436,0x4C37,0x4C57,0x659D,0x13BA,0x1B79,0x1B99,0x1B99,0x1B99,0x1B99,0x1B99,0x1B99,0x1B99,
  0x1B98,0x1B98,0x1B98,0x1B78,0x1B78,0x1358,0x1358,0x1358,0x1358,0x1358,0x1358,0x1B58,0x1B78,0x1B78,0x1B98,0x1B98,
  0x1B98,0x1B98,0x1B98,0x1B98,0x1B98,0x1B98,0x1B98,0x1B98,0x1B99,0x1B99,0x1B99,0x1B99,0x1B99,0x1B99,0x1B99,0x1B98,
  0x1B99,0x1B99,0x1B98,0x1B98,0x1B98,0x1B99,0x1B98,0x1B99,0x1B98,0x1B99,0x1B99,0x1B98,0x1B99,0x1B98,0x1B98,0x1B98,
  0x1B98,0x1B78,0x1B78,0x1B78,0x23B9,0x4439,0x4438,0x4439,0x4439,0x4419,0x4419,0x4419,0x2357,0x4C9C,0x1B99,0x1379,
  0x1379,0x1379,0x1379,0x1379,0x139A,0x2397,0x5B4E,0x634D,0x7CD7,0x5C35,0x632C,0x4A28,0x4228,0x4228,0x4228,0x4228,
  0x4A28,0x3186,0x3144,0x9201,0x91E0,0x91C0,0x91E0,0x8A22,0x834B,0x7B8D,0x738D,0x7BAE,0x83EF,0x8410,0x8410,0x8430,
  0x8C30,0x936B,0x8A23,0x89C1,0x8980,0x8140,0x68C0,0x68C0,0x68C0,0x5060,0x60C0,0x5060,0x3820,0x4040,0x4840,0x4820,
  0x3883,0x1357,0x0379,0x0359,0x0318,0x0317,0x0317,0x0AF6,0x02F7,0x02D6,0x0231,0x0230,0x0251,0x0251,0x0251,0x0230,
  0x01CE,0x01AD,0x016B,0x014A,0x016B,0x018B,0x018B,0x014A,0x0129,0x0109,0x00A6,0x0084,0x21A5,0x0064,0x0084,0x42E5,
  0x3AC6,0x014B,0x1B15,0x1B98,0x1B98,0x1B99,0x1B99,0x1B99,0x1B98,0x1B98,0x1B99,0x1B99,0x1B99,0x1B99,0x1B99,0x1B98,
  0x1B98,0x1B98,0x1B99,0x1B99,0x1B99,0x1B99,0x1B99,0x1B99,0x1B98,0x1B98,0x1B99,0x1B98,0x1B98,0x1B98,0x1B98,0x1B98,
  0x1B99,0x1379,0x1B78,0x3C19,0x4439,0x4439,0x4439,0x4439,0x445A,0x1B78,0x4352,0x6B4C,0x6B2C,0x6B4C,0x6B4C,0x5ACB,
  0x632C,0x528A,0x4228,0x4228,0x4228,0x4228,0x4228,0x39E7,0x2965,0x2965,0x2965,0x2965,0x2145,0x0108,0x122F,0x3BD7,
  0x3C18,0x3C19,0x4419,0x4418,0x3C19,0x4418,0x4419,0x3C18,0x3C19,0x3C18,0x3C19,0x3C19,0x3C18,0x3BF8,0x3C18,0x3BF8,
  0x4416,0x5430,0x5C48,0x4385,0x3AE5,0x3AE8,0x5D1B,0x139A,0x1B79,0x1B99,0x1B99,0x1B99,0x1B99,0x1B99,0x1B99,0x1B99,
  0x1B98,0x1B98,0x1B98,0x1B79,0x1B78,0x1B57,0x2B76,0x2B76,0x3376,0x3396,0x3396,0x2B97,0x2377,0x1B78,0x1B98,0x1B98,
  0x1B99,0x1B99,0x1B99,0x1B99,0x1B99,0x1B99,0x1B99,0x1B98,0x1B98,0x1B99,0x1B99,0x1B99,0x1B98,0x1B98,0x1B98,0x1B98,
  0x1B99,0x1B99,0x1B98,0x1B99,0x1B99,0x1B98,0x1B99,0x1B99,0x1B99,0x1B99,0x1B99,0x1B98,0x1B99,0x1B99,0x1B98,0x1B98,
  0x1B98,0x1B78,0x1B78,0x1B78,0x3C19,0x4C59,0x4439,0x4439,0x4439,0x4439,0x4439,0x3C19,0x1B37,0x33FA,0x1B78,0x4418,
  0x33D7,0x4459,0x5458,0x5478,0x4C79,0x2BB7,0x5B92,0x634D,0x7CD7,0x6CB7,0x630C,0x4A28,0x4228,0x4228,0x4228,0x4228,
  0x4A48,0x3186,0x3144,0x8A02,0x91E0,0x91E0,0x91E0,0x8A02,0x734B,0x738D,0x7BAE,0x7BCF,0x840F,0x8C30,0x8C50,0x9471,
  0xA4F3,0xA513,0xB533,0xA42E,0x7A03,0x7961,0x68C0,0x68C0,0x68C0,0x68C0,0x68C0,0x5880,0x4840,0x4840,0x4820,0x4020,
  0x3883,0x1337,0x0379,0x0379,0x0318,0x0318,0x0317,0x02F7,0x0AB4,0x0230,0x022F,0x022F,0x0251,0x0251,0x0210,0x01CF,
  0x018D,0x016B,0x014A,0x014A,0x018B,0x016A,0x0129,0x0129,0x0108,0x00E8,0x0085,0x0082,0x6C48,0x1141,0x00A1,0x4B84,
  0x0962,0x00E8,0x098C,0x1AF4,0x2398,0x1B98,0x1B99,0x1B98,0x1B99,0x1B98,0x1B98,0x1B98,0x1B98,0x1B98,0x1B99,0x1B98,
  0x1B98,0x1B98,0x1B99,0x1B99,0x1B98,0x1B98,0x1B99,0x1B99,0x1B98,0x1B98,0x1B98,0x1B98,0x1B98,0x1B98,0x1B99,0x1B99,
  0x1B99,0x1399,0x2BD9,0x4439,0x4439,0x4439,0x4439,0x4439,0x3C3A,0x1B99,0x4352,0x6B4C,0x6B4C,0x6B4C,0x6B4C,0x5ACA,
  0x632C,0x528A,0x4228,0x4A28,0x4228,0x4228,0x4228,0x39E7,0x2965,0x2965,0x2965,0x2965,0x2166,0x122F,0x33D7,0x4439,
  0x4419,0x4418,0x4419,0x4418,0x3C18,0x3C19,0x3C18,0x3C18,0x3C18,0x4419,0x3C19,0x3C18,0x4436,0x4433,0x43D1,0x4BF0,
  0x5C08,0x7483,0x6C01,0x4300,0x3280,0x3AC5,0x653B,0x1315,0x2B31,0x2395,0x1B99,0x1B99,0x1B99,0x1B98,0x1B98,0x1B98,
  0x1B98,0x1B98,0x1B98,0x1B98,0x3BB7,0x6C55,0x9D36,0xA556,0x9CF4,0x9CF4,0x94D4,0x8CB3,0x7CB5,0x43D6,0x2377,0x1B98,
  0x1B99,0x1B99,0x1BB9,0x1B99,0x1B99,0x1B99,0x1B99,0x1B99,0x1B99,0x1B98,0x1B99,0x1B99,0x1B99,0x1B98,0x1B99,0x1B99,
  0x1B99,0x1B99,0x1B99,0x1B99,0x1B99,0x1B99,0x1B99,0x1B99,0x1B99,0x1B99,0x1B99,0x1B99,0x1B99,0x1B98,0x1B98,0x1B99,
  0x1B98,0x1B98,0x1B98,0x2BD8,0x4439,0x4C39,0x4439,0x4439,0x4439,0x4439,0x4439,0x3BF9,0x1B37,0x2398,0x3375,0x6BD1,
  0x53B2,0x5BF4,0x7C32,0x8430,0x7C11,0x5BF4,0x6415,0x7C53,0x7CF7,0x74F8,0x5B0C,0x4A28,0x4228,0x4228,0x4A28,0x4A28,
  0x4A48,0x31A6,0x3124,0x8223,0x9B48,0xA3CB,0xA3CB,0xA3EC,0x8C30,0x8430,0x738D,0x630B,0x6B2C,0x6B4C,0x738D,0x73AE,
  0x8C30,0x8410,0x840F,0x62EB,0x49E6,0x4143,0x40E2,0x50E1,0x68E0,0x70E0,0x70C0,0x6080,0x4820,0x4820,0x4820,0x4820,
  0x3883,0x1356,0x0379,0x0379,0x0337,0x0B37,0x1314,0x43AD,0x4BAA,0x3B28,0x3B28,0x3B29,0x1A8C,0x020E,0x01EE,0x018D,
  0x018C,0x014A,0x0129,0x0129,0x0149,0x0128,0x0129,0x0129,0x00E7,0x00A5,0x00A4,0x1962,0x42E2,0x4B62,0x42E2,0x6442,
  0x2202,0x00C5,0x00C6,0x016B,0x1AF4,0x1B98,0x1B99,0x1B99,0x1B99,0x1B99,0x1B98,0x1B98,0x1B99,0x1B98,0x1B99,0x1B98,
  0x1B99,0x1B98,0x1B99,0x1B98,0x1B99,0x1B99,0x1B99,0x1B98,0x1B99,0x1B99,0x1B98,0x1B99,0x1B99,0x1B99,0x1B99,0x1B99,
  0x1B99,0x23D9,0x4439,0x4439,0x4439,0x4439,0x4419,0x4439,0x2BB9,0x1B99,0x4352,0x6B4C,0x6B4C,0x6B4C,0x6B4C,0x5ACB,
  0x632C,0x528A,0x4228,0x4228,0x4228,0x4228,0x4228,0x39E7,0x2965,0x2965,0x2945,0x2965,0x29C9,0x4418,0x4439,0x4439,
  0x4418,0x4418,0x4418,0x4418,0x3C19,0x3C19,0x3C18,0x3C18,0x3C19,0x4439,0x4437,0x4C33,0x5C69,0x6404,0x42E1,0x4B21,
  0x4B40,0x5380,0x6381,0x41C0,0x4B02,0x4346,0x54FA,0x1AF3,0x3AA5,0x3308,0x2B4F,0x23B8,0x1BB9,0x1B98,0x1B98,0x1B98,
  0x1B99,0x1BB8,0x33F7,0x5C35,0x8493,0x83EF,0x736D,0x7B8D,0x7BAE,0x83EF,0x8410,0x8C71,0x9492,0x94D4,0x7476,0x2B96,
  0x1B98,0x1BB9,0x1B99,0x1B99,0x1B99,0x1B99,0x1B99,0x1B99,0x1B99,0x1B99,0x1B99,0x1B99,0x1B99,0x1B98,0x1B98,0x1B98,
  0x1B99,0x1B99,0x1B98,0x1B99,0x1B99,0x1B99,0x1B99,0x1B98,0x1B99,0x1B99,0x1B98,0x1B99,0x1B99,0x1B99,0x1B98,0x1B99,
  0x1B98,0x1B99,0x1B99,0x3C19,0x4419,0x4439,0x4439,0x4439,0x4439,0x4439,0x4439,0x3C19,0x2B97,0x43F8,0x6414,0x534F,
  0x5BD2,0x4BF5,0x43B5,0x7C12,0x7C31,0x7C53,0x5C36,0x6498,0x7D5A,0x9DB9,0x5AEB,0x4A28,0x4208,0x4228,0x4A28,0x4A28,
  0x4A49,0x39C6,0x5269,0xA4B1,0x83EF,0x8410,0x83EF,0x8C50,0x8430,0x9471,0x9492,0x8C51,0x6B4D,0x4A69,0x5289,0x5289,
  0x528A,0x5289,0x4A49,0x39E7,0x2945,0x2124,0x2124,0x2924,0x50E1,0x70E0,0x6900,0x58A0,0x4040,0x3840,0x4020,0x4020,
  0x3882,0x1B55,0x0B96,0x2BF4,0x548D,0x5C8C,0x6CC9,0x8504,0x6C40,0x6421,0x6421,0x6421,0x5BE3,0x4B86,0x3AE7,0x0946,
  0x0148,0x0126,0x0105,0x0106,0x0105,0x00C5,0x00C5,0x0104,0x42E4,0x5B84,0x5BA4,0x84E5,0x6421,0x53A0,0x5BE0,0x53C0,
  0x5381,0x4303,0x3AC3,0x19E5,0x11EB,0x1B55,0x1BB8,0x23B7,0x23B6,0x2396,0x2396,0x2396,0x1B98,0x1B99,0x1B99,0x1B99,
  0x1B99,0x1B98,0x1B98,0x1B98,0x1B98,0x1B99,0x1B98,0x1B98,0x1B99,0x1B99,0x1B98,0x1B98,0x1B99,0x1B99,0x1B99,0x1B99,
  0x1B99,0x3C19,0x4459,0x4439,0x4418,0x4419,0x4439,0x4439,0x2BD9,0x1B98,0x4352,0x6B4C,0x6B4C,0x6B4C,0x6B4C,0x5ACB,
  0x632C,0x526A,0x4228,0x4228,0x4228,0x4A28,0x4A28,0x39E7,0x2965,0x2965,0x2945,0x2965,0x29C9,0x4C38,0x4439,0x4439,
  0x4418,0x4418,0x4418,0x3C18,0x3C18,0x3C18,0x3C18,0x3C19,0x4439,0x4438,0x544C,0x5343,0x5BA1,0x5B81,0x3A40,0x4B00,
  0x4280,0x5BA2,0x4B40,0x3A20,0x4261,0x32A4,0x3C59,0x0B38,0x3BF3,0x43EF,0x6491,0x6518,0x5CF9,0x54F9,0x54D9,0x3419,
  0x2397,0x33B5,0x6413,0x8450,0x7BCE,0x7BCE,0x83EF,0x8410,0x8430,0x8C30,0x8C51,0x8C50,0x8430,0x840F,0x8430,0x5BD2,
  0x2B13,0x5457,0x5C57,0x5C57,0x5C57,0x5C57,0x4BF5,0x4BF6,0x2336,0x1358,0x1358,0x1B78,0x1B98,0x1B98,0x1B99,0x1B98,
  0x1B98,0x1B99,0x1B99,0x1B98,0x1B99,0x1B99,0x1B99,0x1B98,0x1B99,0x1B99,0x1B99,0x1B98,0x1B98,0x1B98,0x1B98,0x1B98,
  0x1B98,0x1379,0x23B9,0x3BF8,0x3BF8,0x3BD8,0x3BF8,0x3BF8,0x3BF8,0x3BF9,0x3BF8,0x4BD4,0x4B72,0x7519,0x7D5B,0x5499,
  0x2BB8,0x1B77,0x1377,0x2397,0x1B56,0x2357,0x2BD8,0x54FB,0x7D7A,0xA576,0xA514,0xAD34,0x9CD2,0x9492,0x8C50,0x8430,
  0x738E,0x738E,0x8C10,0x6B2C,0x73AE,0x7BEF,0x8410,0x8430,0x8410,0x8430,0x8410,0x8410,0x8C71,0x83EF,0x4A68,0x4A48,
  0x4A28,0x4A07,0x41E7,0x31A6,0x2124,0x2124,0x2124,0x2142,0x4920,0x5920,0x7382,0x6BC1,0x6382,0x4A81,0x6303,0x3981,
  0x2923,0x33AE,0x6D0B,0x7D27,0x7CC2,0x7462,0x63E1,0x5BE0,0x5BC0,0x4B60,0x4B20,0x4300,0x4B40,0x4B21,0x3AA0,0x32A3,
  0x4B63,0x5C04,0x5BC3,0x5383,0x53A4,0x19A2,0x2A02,0x74A5,0x7CE3,0x7CC2,0x5BE0,0x53C0,0x5380,0x53A0,0x4B60,0x4B60,
  0x4B40,0x4320,0x3A80,0x2A20,0x21E2,0x1A8A,0x2BB1,0x548C,0x5447,0x4BE6,0x4BC7,0x43A8,0x338E,0x2B91,0x2B73,0x2398,
  0x1B99,0x1B98,0x1B98,0x1B98,0x1B98,0x1B98,0x1B98,0x1B98,0x1B98,0x1B98,0x1B99,0x1B98,0x1B79,0x1B79,0x1B58,0x1B58,
  0x2BB9,0x4439,0x4439,0x4419,0x4419,0x4419,0x4419,0x3C19,0x23B9,0x1B98,0x4372,0x6B4C,0x6B4C,0x6B4C,0x6B4D,0x5ACB,
  0x632C,0x528A,0x4228,0x4228,0x4A28,0x4228,0x4228,0x39E7,0x2965,0x2945,0x2945,0x2965,0x29E9,0x4C38,0x4439,0x4439,
  0x4418,0x4418,0x4418,0x3C18,0x3C18,0x3C18,0x3C19,0x4419,0x4439,0x4438,0x540E,0x51C1,0x62A1,0x4A21,0x2921,0x5BC2,
  0x5BE1,0x5C41,0x4BA1,0x3AA0,0x4260,0x2A43,0x2C18,0x0BBA,0x1C3B,0x2439,0x3C79,0x3C78,0x3C58,0x3438,0x3C17,0x4334,
  0x4A2D,0x61C7,0x72EA,0x83AD,0x840F,0x8430,0x8C50,0x8C51,0x9C30,0x79A6,0x8B8E,0x8C50,0x9471,0x94B2,0x73AE,0x6B6E,
  0x8C93,0x7BF0,0x7BF0,0x7BF0,0x73AF,0x73CF,0x7BCF,0x8410,0x8474,0x5C36,0x2357,0x1B78,0x1B99,0x1B98,0x1B98,0x1B98,
  0x1B98,0x1B98,0x1B99,0x1B98,0x1B98,0x1B98,0x1B99,0x1B98,0x1B98,0x1B98,0x1B99,0x1B99,0x1B98,0x1B98,0x1B99,0x1B98,
  0x1B99,0x23B8,0x3C39,0x4439,0x4418,0x4418,0x3BF8,0x4418,0x4439,0x4439,0x43F7,0x5B4E,0x632D,0xBE5A,0x8D38,0x74D8,
  0x5C98,0x4C58,0x33D6,0x33D6,0x43F6,0x3BD6,0x4C17,0x8539,0x8473,0x630C,0x6B4C,0x736D,0x738D,0x73AE,0x7BCE,0x840F,
  0x8430,0x8C50,0x7BAE,0x83CF,0x8C30,0x8C50,0x8C30,0x8430,0x8430,0x8430,0x8C51,0x9471,0x9CB2,0x83ED,0x8A87,0x8184,
  0x6902,0x8163,0x7144,0x4185,0x2983,0x2982,0x4282,0x7CA4,0x7C82,0x7442,0x6C61,0x7401,0x6AE1,0x59E1,0x9241,0x9262,
  0x6A42,0x5B44,0x5381,0x4B60,0x5360,0x59E0,0x4A01,0x4B20,0x4300,0x42E0,0x3AC0,0x3AA0,0x5361,0x7483,0x7462,0x6C62,
  0x6C81,0x6C60,0x6C00,0x63C1,0x63A0,0x5381,0x5381,0x4B60,0x53A1,0x53A0,0x4B60,0x4B40,0x5380,0x5360,0x4300,0x42E0,
  0x42E0,0x3AC0,0x2A40,0x3AC1,0x6C23,0x6C43,0x6464,0x6C82,0x5C00,0x53E0,0x53A0,0x4B80,0x4B81,0x4B82,0x3B44,0x2B2D,
  0x2374,0x1B98,0x1B99,0x1B98,0x1B98,0x1B98,0x1B99,0x1B98,0x1B99,0x1B99,0x1B98,0x1B99,0x1B79,0x1B79,0x1B79,0x1B58,
  0x3C19,0x4438,0x4419,0x4419,0x4419,0x4419,0x4419,0x33F9,0x1B98,0x1B98,0x4372,0x6B4C,0x6B4C,0x6B4C,0x6B4C,0x5ACB,
  0x632C,0x528A,0x4228,0x4228,0x4228,0x4A28,0x4228,0x39E7,0x2965,0x2945,0x2945,0x2965,0x29C9,0x4438,0x4418,0x4438,
  0x4418,0x4418,0x4418,0x4418,0x4418,0x3C18,0x3C19,0x4419,0x4439,0x4459,0x5435,0x8303,0x8260,0x48E0,0x51A1,0x6342,
  0x3A41,0x5BE2,0x3221,0x31A1,0x52A1,0x2182,0x2370,0x23F4,0x1BF3,0x1BB2,0x1B91,0x1B72,0x1B52,0x1B31,0x3AF0,0x6948,
  0x7965,0xDBAE,0xBB0B,0x58C2,0x2923,0x7C0D,0x8C4F,0x7AEA,0xBB4C,0x8041,0x5082,0x9451,0x94B2,0x6B4D,0x738E,0x8430,
  0x738D,0x738E,0x738E,0x7BCF,0x7BEF,0x83EF,0x840F,0x840F,0x8C30,0x9493,0x84B5,0x43B6,0x2398,0x1B98,0x1B98,0x1B98,
  0x1B98,0x1B98,0x1B98,0x1B98,0x1B98,0x1B98,0x1B98,0x1B98,0x1B98,0x1B98,0x1B98,0x1B98,0x1B98,0x1B98,0x1B98,0x1B98,
  0x4459,0x95FC,0x961D,0x7D9C,0x5CDB,0x549A,0x4C59,0x54BB,0x651B,0x85BC,0x7D39,0x634D,0x6B2C,0x6B6D,0x6B6D,0x6B6D,
  0x7BF0,0x7C10,0x7C11,0x8452,0x94D3,0x9CD4,0x8411,0x73AE,0x736D,0x7B8E,0x7BCF,0x8C30,0x8C30,0x8C30,0x840F,0x8410,
  0x8C50,0x9491,0x9CB2,0x83CE,0x83EF,0x8C50,0x9471,0x9471,0x9491,0x9CD2,0xA514,0xA4F3,0x6B6B,0x62C6,0x9141,0x5820,
  0xB2A4,0xD2C4,0x8061,0x4860,0x5243,0x7323,0x9463,0x8CE2,0x6C20,0x53A0,0x4B40,0x71E0,0x7060,0x60A1,0xE2E5,0xB962,
  0x6020,0x28A0,0x29C0,0x2A00,0x42A1,0x5100,0x49E1,0x3AC0,0x42E0,0x3280,0x4B21,0x7483,0x7482,0x7461,0x5BC0,0x5BC0,
  0x63E0,0x8B01,0x6920,0x9941,0xA160,0x6980,0x4180,0x4280,0x3280,0x3280,0x42E1,0x4B21,0x5382,0x5361,0x3240,0x3261,
  0x4B42,0x4301,0x6402,0x7482,0x7482,0x6401,0x53A0,0x53C0,0x53A0,0x4B60,0x4320,0x4320,0x4300,0x4300,0x3A80,0x3261,
  0x19E5,0x2B54,0x1B99,0x1B99,0x1B99,0x1B98,0x1B99,0x1B98,0x1B99,0x1B99,0x1B99,0x1B99,0x1B79,0x1B99,0x1B78,0x2BD9,
  0x4419,0x4418,0x4418,0x4419,0x4439,0x4419,0x4419,0x33F9,0x1B98,0x1B98,0x4372,0x6B4C,0x6B4C,0x6B4D,0x6B4D,0x5ACB,
  0x632C,0x528A,0x4228,0x4228,0x4A28,0x4228,0x4228,0x39E7,0x2965,0x2965,0x2965,0x2945,0x29C9,0x4418,0x4419,0x4438,
  0x4418,0x3C19,0x3C18,0x3C18,0x4418,0x3C18,0x3C19,0x4419,0x4459,0x4459,0x5C54,0xBC84,0xB3E1,0x92E0,0x9301,0x8302,
  0x20C0,0x4A63,0x0860,0x1040,0x5242,0x0880,0x5C25,0x6485,0x5423,0x4B83,0x32E2,0x4383,0x42A3,0x42C2,0x5AE5,0x38C2,
  0x38C3,0xAAEB,0x1800,0x0800,0x0000,0x31C2,0x52E3,0x8AC6,0x7881,0x5000,0x40A2,0x526A,0x528A,0x7BAE,0x7BEF,0x83EF,
  0x7BEF,0x8430,0x8430,0x8430,0x8410,0x8410,0x840F,0x8430,0x8C50,0x9491,0x94B2,0x634E,0x3AEF,0x2397,0x1BB8,0x1B98,
  0x1B98,0x1B98,0x1B98,0x1B98,0x2399,0x1B98,0x1B98,0x1B98,0x1B99,0x1B98,0x1B98,0x1B98,0x1B98,0x1B98,0x1BB8,0x23B8,
  0x7D7A,0xCF1E,0x8DBC,0x64DA,0x3C18,0x3BF8,0x3C19,0x3C39,0x4439,0x6D3B,0x7D38,0x634D,0x6B2C,0x6B4D,0x6B4D,0x5ACB,
  0x528A,0x528A,0x528A,0x5AAA,0x738D,0x738E,0x83EF,0x83EF,0x83EF,0x8410,0x8C30,0x8430,0x8430,0x8430,0x8430,0x8C71,
  0x9CD2,0x9CB2,0x734D,0x5269,0x5269,0x7B8D,0x83CF,0x83EF,0x83EF,0x8430,0x8430,0x52C8,0x6BE5,0x7444,0x7B03,0x2820,
  0x6081,0x3000,0x3820,0x7861,0x68A1,0xA982,0xC1C1,0xAA41,0x51A0,0x42A1,0x42C0,0x6261,0x50C0,0x3000,0x78A1,0x3000,
  0x3040,0x0820,0x0060,0x0060,0x2181,0x4222,0x29A1,0x3AA1,0x3AA1,0x3A81,0x6C62,0x74A1,0x5BC0,0x5341,0x4B40,0x4B40,
  0x5B20,0x8140,0x6020,0xD922,0xA881,0x6041,0x3020,0x28E0,0x1980,0x1140,0x5B28,0x846D,0x8CAD,0x848D,0x7C0D,0x7BEC,
  0x73EC,0x63A7,0x7CA4,0x6C41,0x5380,0x5BC1,0x4320,0x4300,0x4340,0x42E0,0x3280,0x3AA0,0x4B41,0x3240,0x21C0,0x1960,
  0x0080,0x0926,0x2356,0x1B99,0x1B98,0x1B98,0x1B99,0x1B98,0x1B99,0x1B99,0x1B98,0x1B98,0x1B99,0x1B99,0x23B9,0x4419,
  0x4418,0x4418,0x4419,0x4438,0x4419,0x4439,0x4439,0x33F9,0x1B98,0x1B98,0x4372,0x6B4C,0x6B4C,0x6B4C,0x6B4C,0x5ACB,
  0x632C,0x528A,0x4228,0x4228,0x4A28,0x4A28,0x4228,0x39E7,0x2965,0x2945,0x2945,0x2945,0x29C9,0x4418,0x4418,0x4419,
  0x3C18,0x3C18,0x3C18,0x3C18,0x4418,0x4419,0x4419,0x3C39,0x3C39,0x3C39,0x5C33,0xAC23,0xBC40,0xBC60,0xAC41,0x8341,
  0x5261,0x2960,0x1880,0x4921,0x6A42,0x3100,0x5B23,0x29E0,0x63E2,0x3A21,0x4241,0x5361,0x3261,0x53E2,0x2A80,0x1900,
  0x20C1,0x2882,0x0000,0x0000,0x1060,0x1080,0x2121,0x6225,0x6124,0x40C3,0x4166,0x3A29,0x5AEC,0x6B2C,0x6B6D,0x7BEF,
  0x7BEF,0x8410,0x8C31,0x8C51,0x8C71,0x9492,0x9491,0x9CF3,0x9CD3,0x6B4D,0x4A49,0x39C6,0x2187,0x2B96,0x1B99,0x1B98,
  0x1B98,0x1B98,0x1B98,0x1B98,0x1B98,0x1B98,0x1B98,0x1B98,0x1B99,0x1B98,0x1B98,0x1B98,0x1B78,0x1B78,0x1B78,0x2378,
  0x8DBB,0x95DB,0x6CFA,0x4438,0x4419,0x3C19,0x3C18,0x445A,0x3C3A,0x3C5A,0x3BD6,0x634D,0x632C,0x632C,0x6B4D,0x5AEB,
  0x4A28,0x4228,0x4228,0x4228,0x630C,0x6B2C,0x6B2D,0x738E,0x7BCE,0x8C50,0x9471,0x9471,0x9491,0xA4F3,0xAD34,0xB555,
  0x738D,0x528A,0x31A6,0x2924,0x39A6,0x5289,0x5289,0x528A,0x528A,0x4249,0x3A45,0x63E4,0x6422,0x7484,0x5BA3,0x4242,
  0x4100,0x1000,0x1800,0x5041,0x3820,0xAA45,0x7901,0x3800,0x2840,0x1900,0x1940,0x4AE3,0x4242,0x3141,0x2840,0x18E1,
  0x4284,0x0060,0x08A1,0x0000,0x10E1,0x3242,0x0860,0x42A2,0x3262,0x4B24,0x6C23,0x63E1,0x5381,0x5BA1,0x53A1,0x3AA0,
  0x42C0,0x39C1,0x2840,0x7061,0x3000,0x20A1,0x18C1,0x0000,0x3A24,0x73ED,0x8430,0x73AE,0x73AE,0x7BAE,0x73AE,0x7BCE,
  0x840F,0x8C70,0x8CAE,0x7407,0x5B62,0x6C43,0x3AA1,0x2200,0x4B42,0x3260,0x2A60,0x1180,0x4B43,0x21A1,0x1121,0x10E1,
  0x0040,0x0041,0x11CD,0x23B9,0x1B98,0x1B98,0x1B98,0x1B98,0x1B98,0x1B98,0x1B98,0x1B98,0x1B79,0x1B58,0x2BD8,0x4419,
  0x4439,0x4438,0x4439,0x4439,0x4439,0x4439,0x3C39,0x1B78,0x1B99,0x1B98,0x4372,0x6B4C,0x6B4C,0x6B4C,0x6B4C,0x5ACB,
  0x630C,0x526A,0x4228,0x4228,0x4228,0x4228,0x4228,0x39E7,0x2965,0x2945,0x2965,0x2945,0x29C9,0x4418,0x3C18,0x4418,
  0x4418,0x3C18,0x3C18,0x3C18,0x3C19,0x4419,0x4418,0x3C19,0x3C19,0x3C19,0x5413,0xAC03,0xB440,0x94A0,0x7441,0x4B00,
  0x3260,0x29C0,0x39E0,0x51C0,0x7A81,0x6A01,0x59E0,0x4140,0x6AC2,0x1040,0x4A21,0x6BE1,0x3B01,0x3380,0x3B42,0x2A81,
  0x42C3,0x2142,0x1901,0x0820,0x3942,0x2901,0x0820,0x41E6,0x4A28,0x4A08,0x4208,0x5BB1,0x7474,0x6B4C,0x6B4C,0x6B4C,
  0x632C,0x6B2C,0x6B6D,0x738E,0x7BAE,0x7BEF,0x7BEF,0x73AE,0x4208,0x2945,0x2944,0x2945,0x2167,0x2B96,0x1BB9,0x1B99,
  0x1BB8,0x1B98,0x1B98,0x1B98,0x1B98,0x1B98,0x1B98,0x1B98,0x1B98,0x1B98,0x1B98,0x1B98,0x1B78,0x1B78,0x1B78,0x2398,
  0x7D7B,0x8DBC,0x4C58,0x4439,0x4439,0x4419,0x3C18,0x4C59,0x445A,0x3C3A,0x3395,0x634D,0x632C,0x632C,0x6B4C,0x5AEB,
  0x4A49,0x4228,0x4228,0x4208,0x62EB,0x632C,0x6B2C,0x6B2C,0x632C,0x5ACB,0x62CB,0x62EB,0x6B0B,0x6B4C,0x6B2C,0x5269,
  0x3186,0x2945,0x2945,0x2945,0x3186,0x4A28,0x4A48,0x4A48,0x4229,0x4248,0x5B85,0x5BA1,0x6C42,0x3AC0,0x3AC0,0x63E2,
  0x3A60,0x2180,0x31A2,0x30E1,0x1000,0x5081,0x1000,0x0840,0x0860,0x0040,0x0080,0x0060,0x1100,0x3AA2,0x0880,0x10C1,
  0x21A1,0x10C1,0x0840,0x0000,0x1040,0x2080,0x2860,0x4181,0x2981,0x2141,0x3A42,0x42A1,0x31C1,0x5B62,0x3A81,0x1980,
  0x4B22,0x3221,0x29C1,0x3121,0x2060,0x41C2,0x31E3,0x5289,0x73AE,0x738D,0x738E,0x7BAE,0x83EF,0x8C50,0x8C30,0x8430,
  0x840F,0x8430,0x8C50,0x9490,0x7C2B,0x5323,0x1960,0x21E0,0x21A1,0x08C0,0x3282,0x0920,0x1101,0x29E3,0x10C1,0x0040,
  0x0020,0x08A4,0x33D8,0x23DA,0x1B99,0x1B98,0x1B98,0x1B98,0x1B98,0x1B98,0x1B98,0x1B98,0x1B79,0x2398,0x4419,0x4418,
  0x4439,0x4438,0x4439,0x4439,0x4419,0x4439,0x3C39,0x1B79,0x1B99,0x1B98,0x4372,0x6B4C,0x6B4C,0x6B4C,0x6B4D,0x5ACB,
  0x632C,0x526A,0x4228,0x4228,0x4228,0x4228,0x4228,0x39E7,0x2965,0x2965,0x2965,0x2945,0x29C9,0x4418,0x4418,0x4418,
  0x3C18,0x4418,0x3C18,0x4418,0x3C18,0x4419,0x4419,0x43F7,0x42F0,0x5B50,0x530B,0x8B42,0x7C01,0x7481,0x6400,0x4AC0,
  0x3A60,0x29E0,0x3240,0x3200,0x5260,0x5A80,0x7B01,0xA3A1,0x8280,0x61A0,0x7261,0x6282,0x2121,0x3AA2,0x0080,0x31A2,
  0x31C1,0x0860,0x18E1,0x1040,0x4101,0x51A2,0x1860,0x41E6,0x4228,0x4228,0x4229,0x85BB,0x3B52,0x6B4D,0x6B4C,0x6B2C,
  0x6B2C,0x5AAA,0x4A48,0x4A49,0x4A69,0x4A69,0x4A69,0x41E7,0x2945,0x2944,0x2925,0x2945,0x2166,0x2B96,0x1B99,0x1BB9,
  0x1B98,0x1B98,0x1B98,0x1B98,0x1B98,0x1B98,0x1B98,0x1B98,0x1B98,0x1B98,0x1B98,0x1B99,0x1B98,0x1B98,0x1B98,0x33F9,
  0x64DA,0x753B,0x4C39,0x4C7A,0x4C59,0x4419,0x4418,0x3C18,0x54BB,0x3C5A,0x2B95,0x634D,0x634C,0x6B4C,0x6B4C,0x5AEB,
  0x4A48,0x4228,0x4A28,0x4208,0x62EB,0x632D,0x6B2C,0x6B4D,0x6B2C,0x5289,0x4228,0x4207,0x4A28,0x4A48,0x4A48,0x39C6,
  0x2945,0x2945,0x2945,0x2945,0x31A6,0x4A48,0x4A48,0x4A48,0x4A49,0x4269,0x4AE5,0x31C1,0x5BA2,0x4AE1,0x4B21,0x3AA1,
  0x21C0,0x2200,0x21C1,0x29E1,0x2181,0x1020,0x1080,0x1941,0x29A2,0x0020,0x0040,0x0000,0x0860,0x3222,0x1080,0x0020,
  0x0020,0x0000,0x0000,0x0000,0x48E1,0x6121,0x4880,0x58E0,0x38A0,0x38A0,0x4961,0x3900,0x3080,0x5A42,0x18A0,0x18A0,
  0x3A41,0x08C0,0x2181,0x2121,0x1040,0x20A1,0x5B0A,0x7BAE,0x7BCE,0x7BEF,0x83EF,0x8C10,0x8C30,0x8C30,0x8C50,0x8C30,
  0x8C30,0x8C30,0x9471,0x8C50,0x632B,0x39E5,0x0820,0x1901,0x1901,0x0020,0x2161,0x0860,0x0000,0x0020,0x0800,0x0000,
  0x0000,0x08A5,0x2BD9,0x23DA,0x1BB9,0x1B98,0x1B98,0x1B98,0x1B98,0x1B98,0x1B98,0x1B99,0x1B98,0x3C39,0x4439,0x4438,
  0x4418,0x4439,0x4439,0x4439,0x4439,0x4439,0x2BB9,0x1B79,0x1B99,0x1B98,0x4372,0x6B4C,0x6B4D,0x6B4C,0x6B4D,0x5ACB,
  0x632C,0x528A,0x4228,0x4228,0x4228,0x4228,0x4228,0x39E7,0x2965,0x2945,0x2965,0x2945,0x29C9,0x4418,0x4418,0x4418,
  0x4418,0x3C18,0x3C18,0x3C18,0x4418,0x4418,0x5B73,0x49EA,0x6145,0xBB6C,0x9A87,0x5141,0x4221,0x4AC2,0x5B01,0x3940,
  0x4A82,0x3280,0x4341,0x2A60,0x2A40,0x3280,0x5B01,0x9BC1,0xB3E1,0xA360,0xA3A1,0xA382,0x4941,0x3921,0x1020,0x30A0,
  0x5A02,0x0000,0x2881,0x2040,0x30A0,0x69E1,0x5181,0x49E5,0x4228,0x4228,0x4249,0x7DBB,0x3B73,0x6B4D,0x6B2C,0x6B2C,
  0x632C,0x52AA,0x4208,0x4228,0x4228,0x4228,0x4228,0x39E7,0x2965,0x2944,0x2944,0x2944,0x2166,0x2B76,0x1B99,0x23B9,
  0x1BB8,0x1B98,0x1B98,0x1B98,0x1B98,0x1B98,0x1B98,0x1B98,0x1B98,0x1B98,0x1B99,0x1B99,0x1B98,0x1B98,0x23B8,0x3C19,
  0x5CBA,0x64FB,0x4C59,0x4439,0x4439,0x4419,0x4439,0x3C18,0x4439,0x343A,0x2BB6,0x634D,0x632C,0x6B4C,0x6B4C,0x62EB,
  0x4A48,0x4A28,0x4A28,0x4208,0x5AEB,0x6B2C,0x6B2D,0x6B4D,0x632C,0x4A49,0x4207,0x4207,0x4228,0x4228,0x4A28,0x39C6,
  0x2945,0x2945,0x2945,0x2945,0x39A6,0x4A48,0x4A48,0x4A48,0x4A49,0x4A49,0x39C6,0x4101,0x4161,0x1080,0x4B02,0x1940,
  0x08C0,0x2A21,0x1100,0x21C1,0x2A02,0x0020,0x0880,0x10C1,0x0880,0x0000,0x0000,0x1000,0x0800,0x28E1,0x1820,0x0000,
  0x1000,0x2020,0x0000,0x1820,0x6101,0x89E1,0x6920,0x7160,0x7181,0x6901,0x7981,0x79C1,0x6141,0x6981,0x3040,0x38A0,
  0x3961,0x1040,0x20A0,0x28C0,0x1820,0x3124,0x736D,0x6B4D,0x738E,0x7BAE,0x840F,0x8C30,0x8C50,0x9471,0x9CB2,0x9CD2,
  0x9CD3,0x9491,0x6B6D,0x4208,0x31A6,0x31A6,0x3081,0x3080,0x1040,0x0800,0x2840,0x1000,0x0000,0x1000,0x2820,0x0800,
  0x1000,0x20C6,0x2BB8,0x23DA,0x1B99,0x1B98,0x1B98,0x1B98,0x1B99,0x1B98,0x1B99,0x1B99,0x23B8,0x4439,0x4439,0x4439,
  0x4418,0x4418,0x4418,0x4418,0x4439,0x4439,0x2399,0x1B99,0x1B99,0x1B98,0x4372,0x6B4C,0x6B4C,0x6B4D,0x6B4C,0x5ACB,
  0x632C,0x528A,0x4228,0x4228,0x4228,0x4228,0x4228,0x39E7,0x2965,0x2945,0x2945,0x2945,0x29C9,0x4418,0x4418,0x4418,
  0x4418,0x3C18,0x4418,0x4418,0x3C18,0x4418,0x5ACE,0x1000,0x5925,0x6A08,0x2020,0x1820,0x0020,0x3AC2,0x3B00,0x3200,
  0x3A20,0x3A60,0x4B21,0x29E0,0x4AA1,0x3A01,0x1100,0x5200,0x9B81,0xB400,0xB400,0xAB80,0x8281,0x61C1,0x40E0,0x5940,
  0x7A61,0x38E1,0x38A1,0x40E0,0x4941,0x59A0,0x59A0,0x4A05,0x4A48,0x4A48,0x428B,0x4CDA,0x3B93,0x6B4D,0x6B4C,0x6B4C,
  0x632C,0x528A,0x4208,0x4207,0x4A49,0x4A49,0x4A48,0x39E7,0x2965,0x2944,0x2945,0x2944,0x2145,0x2B55,0x2399,0x1B99,
  0x1B98,0x1B98,0x1B98,0x1B98,0x1B98,0x1B98,0x1B98,0x1B98,0x1B98,0x1B99,0x1B99,0x1B99,0x1379,0x1B78,0x33F9,0x3C19,
  0x549A,0x549A,0x4459,0x4439,0x4419,0x4419,0x4418,0x3C19,0x4439,0x2398,0x1B36,0x42EE,0x6B4C,0x6B4C,0x6B6D,0x62EB,
  0x4A28,0x4208,0x4208,0x4207,0x5AEB,0x632C,0x6B2C,0x6B2C,0x632C,0x4A48,0x4228,0x4228,0x4228,0x4228,0x4228,0x39A6,
  0x2945,0x2945,0x2945,0x2945,0x39A6,0x4A49,0x4A48,0x4A48,0x4A49,0x4A49,0x49C5,0x79A1,0x6961,0x4901,0x51C1,0x2060,
  0x1060,0x3A62,0x10C0,0x1900,0x2981,0x0840,0x0000,0x0800,0x1020,0x0000,0x0000,0x4103,0x6248,0x72A9,0x6A89,0x5249,
  0x6269,0x6269,0x3124,0x3020,0x6100,0x89E0,0x7960,0x7960,0x8180,0x7961,0x79A1,0x8202,0x79C1,0x79E2,0x6962,0x5101,
  0x4921,0x3040,0x3880,0x40A0,0x3061,0x3924,0x6B4C,0x6B4D,0x6B4D,0x6B6D,0x6B4D,0x6B4C,0x738D,0x738E,0x7BCF,0x7BEF,
  0x7BCE,0x4A69,0x31A6,0x2985,0x3186,0x3185,0x4902,0x58A0,0x40A0,0x2020,0x4080,0x3860,0x1820,0x2000,0x3840,0x3840,
  0x3020,0x20A5,0x2BB8,0x23D9,0x1B99,0x1B98,0x1B98,0x1B98,0x1B79,0x1B78,0x1B58,0x2398,0x3C19,0x4419,0x3C18,0x4418,
  0x4419,0x4418,0x4418,0x4439,0x4439,0x3C39,0x2379,0x1B79,0x1B99,0x1B98,0x4372,0x6B4C,0x6B4C,0x6B4C,0x6B4C,0x5ACB,
  0x6B2C,0x528A,0x4228,0x4228,0x4A28,0x4228,0x4228,0x39E7,0x2965,0x2945,0x2945,0x2945,0x29E9,0x4418,0x4418,0x4418,
  0x4418,0x3C18,0x3C18,0x3C18,0x3C18,0x4418,0x5392,0x2081,0x50E2,0x3040,0x1840,0x5A23,0x0840,0x4303,0x4381,0x52A1,
  0x5201,0x4980,0x69E1,0x51A2,0x4941,0x3961,0x0000,0x72A3,0xB400,0xB400,0xB400,0xAB80,0x8AC0,0x8280,0x7220,0x69C0,
  0x8280,0x7A41,0x5940,0x6160,0x6180,0x59A0,0x4120,0x49E5,0x4A48,0x4A48,0x428B,0x3459,0x3B94,0x6B4D,0x6B4C,0x6B4C,
  0x6B2D,0x52AA,0x4208,0x4208,0x4A49,0x4A49,0x4A49,0x39E7,0x3185,0x2965,0x2945,0x2944,0x2146,0x2B75,0x1B99,0x2399,
  0x1BB8,0x1B98,0x1B98,0x1B98,0x1B98,0x1B98,0x1B98,0x1B98,0x1BB8,0x1B99,0x1B99,0x1B99,0x1B79,0x2BD8,0x3C19,0x3C18,
  0x549A,0x549A,0x547A,0x4439,0x4439,0x4419,0x4438,0x4439,0x4439,0x1B98,0x1357,0x2A6E,0x5AAA,0x6B4C,0x6B6D,0x630B,
  0x4A48,0x4208,0x4208,0x4207,0x630C,0x6B4C,0x6B4C,0x6B4C,0x6B2C,0x4A69,0x4228,0x4A28,0x4228,0x4228,0x4228,0x39A6,
  0x2945,0x2945,0x2945,0x2945,0x39C6,0x4A48,0x4A48,0x4A48,0x4A48,0x4A49,0x49C5,0x8201,0x89E0,0x7980,0x7181,0x50A0,
  0x4080,0x4101,0x2040,0x3080,0x3080,0x1000,0x0800,0x2820,0x2820,0x1041,0x4A07,0x942F,0x7BAE,0x83CE,0x83EF,0x83EF,
  0x8410,0x8C30,0x8C30,0x836C,0x7A87,0x81E1,0x7960,0x7160,0x7204,0x9C0E,0xA4B1,0xA4B1,0x9C90,0xA4B1,0xA4B0,0x9C90,
  0x8B8C,0x7205,0x6101,0x6100,0x50E1,0x4103,0x6B4C,0x6B4D,0x6B4C,0x6B4D,0x630C,0x5289,0x4A69,0x4A69,0x4A69,0x4A69,
  0x4A49,0x31A6,0x2965,0x2965,0x3186,0x3185,0x6182,0x60E0,0x6100,0x50C0,0x4880,0x58E0,0x4080,0x2800,0x4040,0x4840,
  0x4061,0x2169,0x23B8,0x1BB9,0x1B98,0x1B98,0x1B98,0x1B98,0x1B79,0x1B79,0x1B78,0x33F9,0x4419,0x4418,0x4418,0x3C18,
  0x4418,0x4418,0x4418,0x4418,0x4439,0x33F9,0x1B79,0x1B79,0x1B99,0x1B98,0x4372,0x6B4C,0x6B4D,0x6B4C,0x6B4D,0x5ACB,
  0x632C,0x528A,0x4228,0x4A28,0x4228,0x4A28,0x4228,0x39E7,0x2965,0x2945,0x2945,0x2965,0x29E9,0x4417,0x4418,0x4418,
  0x4418,0x3C18,0x3C18,0x3C18,0x3C18,0x3C18,0x5415,0x9BA5,0xA322,0x5160,0x38E0,0x8B23,0x2901,0x3283,0x21C1,0x58E1,
  0x68E2,0x58C3,0xCB0D,0xAA28,0x6143,0x1040,0x0000,0x7AE3,0xB400,0xB400,0xB400,0xA380,0x8AC0,0x82A0,0x8280,0x8260,
  0x8AA0,0x8280,0x69C0,0x5960,0x5980,0x4940,0x1020,0x1861,0x4A68,0x4A69,0x428B,0x2419,0x3353,0x6B4C,0x6B4C,0x6B4C,
  0x6B4D,0x52AB,0x4208,0x4208,0x4A48,0x4A48,0x4A49,0x39E7,0x3185,0x2965,0x2965,0x2965,0x2146,0x2B76,0x1B99,0x1B99,
  0x1BB8,0x1B98,0x1B98,0x1B98,0x1B98,0x1BB8,0x1B98,0x1B98,0x1BB8,0x1BB8,0x1BB9,0x1B99,0x2BB8,0x3C39,0x4418,0x3C18,
  0x547A,0x4C79,0x4C79,0x4C7A,0x4439,0x4439,0x4439,0x4C79,0x3C39,0x1B78,0x1378,0x2AD1,0x4229,0x5ACA,0x6B4C,0x62EB,
  0x4A48,0x4A28,0x4207,0x4207,0x632C,0x6B4C,0x6B4C,0x6B4C,0x6B2C,0x5269,0x4A28,0x4A28,0x4A28,0x4228,0x4228,0x39A6,
  0x2945,0x2945,0x2945,0x2945,0x39C7,0x4A49,0x4A48,0x4A48,0x4A48,0x4A48,0x49E5,0x8A01,0x9200,0x9220,0x9200,0x89E1,
  0x60E0,0x6900,0x50C0,0x5080,0x58C0,0x40A1,0x2000,0x3020,0x5165,0x7B8D,0x7BCE,0x6B6D,0x736D,0x738D,0x840F,0x840F,
  0x8410,0x8430,0x8410,0x840F,0x8BEF,0x7AC8,0x71E3,0x7AE9,0x8C0F,0x736D,0x736D,0x738D,0x7BAE,0x7BAE,0x83EF,0x8C30,
  0x8C30,0x942F,0x8B4A,0x6961,0x6100,0x5143,0x6B2C,0x6B2C,0x6B4C,0x6B4D,0x630C,0x4A69,0x4A48,0x4A48,0x4A49,0x4A49,
  0x4A48,0x31A6,0x2965,0x3166,0x3186,0x3185,0x6182,0x68E0,0x6900,0x60E0,0x60C0,0x60E0,0x58A0,0x4020,0x4040,0x4040,
  0x28C4,0x2B34,0x1BB9,0x1BB9,0x1B98,0x1B98,0x1B98,0x1B98,0x1B99,0x1B99,0x23B8,0x3C19,0x4418,0x4418,0x4418,0x4418,
  0x4418,0x4418,0x4418,0x4418,0x4439,0x2BD9,0x1B99,0x1B99,0x1B99,0x1B98,0x4372,0x6B4C,0x6B4C,0x6B4D,0x6B4D,0x5ACB,
  0x6B2C,0x528A,0x4228,0x4228,0x4228,0x4A28,0x4228,0x39E7,0x2965,0x2945,0x2945,0x2965,0x29C9,0x4417,0x4418,0x4418,
  0x4418,0x3C18,0x4418,0x3C18,0x3C18,0x3C19,0x4C15,0xAC25,0xB3C0,0xABA1,0xA381,0x9321,0x3100,0x2141,0x0860,0x2020,
  0x3881,0x2000,0x81A7,0x1800,0x0800,0x0000,0x0800,0x82E3,0xB400,0xB400,0xB3E0,0xA380,0x8AC0,0x82A0,0x82A0,0x8280,
  0x8AC0,0x8260,0x69C0,0x5960,0x5980,0x28A0,0x0000,0x1061,0x5269,0x4A69,0x42AB,0x23F8,0x2B12,0x630C,0x6B4C,0x6B4D,
  0x6B4D,0x5ACB,0x4228,0x4228,0x4A48,0x4A48,0x4248,0x39E7,0x3185,0x2945,0x3165,0x2945,0x08C5,0x2376,0x1B99,0x1B99,
  0x1B99,0x1B98,0x1B98,0x1B98,0x1B98,0x1BB8,0x1B98,0x1B98,0x1B98,0x1B99,0x1BB9,0x23B9,0x3C19,0x4439,0x4419,0x4419,
  0x4C7A,0x4439,0x4419,0x4439,0x3C39,0x4439,0x4438,0x4438,0x3C19,0x1B98,0x1B99,0x3BF8,0x532F,0x4A69,0x5AAA,0x4A49,
  0x4228,0x4A28,0x4207,0x39A6,0x39C7,0x630B,0x6B4C,0x6B6C,0x6B2C,0x5269,0x4A28,0x4A28,0x4228,0x4228,0x4A28,0x39A6,
  0x2945,0x2945,0x2945,0x2104,0x4A48,0x4A49,0x4A49,0x4A48,0x4A48,0x4A48,0x49C5,0x8A21,0x9200,0x9220,0x9A20,0x9200,
  0x81A0,0x7100,0x6920,0x60C0,0x60E0,0x6100,0x4060,0x5A07,0x7B6D,0x7BAE,0x7BCE,0x7BEF,0x840F,0x8410,0x8430,0x8C30,
  0x8C30,0x8C30,0x8C30,0x8C50,0x8C50,0x630B,0x4A28,0x6B6D,0x736D,0x73AE,0x7BEF,0x8410,0x8410,0x8410,0x840F,0x840F,
  0x8C30,0x9471,0xA4D2,0x72A8,0x6142,0x5963,0x6B2C,0x6B2C,0x6B2D,0x6B4D,0x632C,0x5269,0x4A49,0x4A49,0x4A48,0x4A49,
  0x4A48,0x31A6,0x3165,0x3185,0x3186,0x3185,0x6182,0x68E0,0x6900,0x6900,0x6900,0x60E0,0x60E0,0x4040,0x3820,0x2820,
  0x218A,0x2397,0x1BB9,0x1BB9,0x1B98,0x1B98,0x1B98,0x1B98,0x1B99,0x1B98,0x3C19,0x4418,0x4418,0x4418,0x4418,0x4418,
  0x4418,0x4418,0x4418,0x4418,0x443A,0x23B9,0x1B99,0x1B99,0x1B99,0x1B98,0x4372,0x6B4C,0x6B4C,0x6B4C,0x6B4C,0x5ACB,
  0x6B2C,0x528A,0x4228,0x4228,0x4228,0x4228,0x4A28,0x39E7,0x2965,0x2945,0x2945,0x2965,0x29C9,0x4418,0x4418,0x3C18,
  0x3C18,0x3C18,0x3C18,0x3C18,0x3C18,0x3C18,0x4417,0x6B49,0x9B41,0xA380,0xA380,0x9B20,0x7A60,0x51C1,0x28A0,0x30C0,
  0x4921,0x40E1,0x38C2,0x0800,0x2081,0x4122,0x4921,0x82C1,0xABC0,0xABE0,0xABE0,0xA360,0x8AC0,0x82A0,0x82A0,0x82A0,
  0x82A0,0x7200,0x61A0,0x5960,0x4920,0x1840,0x0820,0x18E3,0x39E7,0x39E7,0x29E9,0x2419,0x124F,0x2124,0x5ACB,0x6B6D,
  0x6B6D,0x5ACB,0x4208,0x4208,0x4A48,0x4A48,0x4A48,0x41E7,0x3185,0x2945,0x2924,0x10E5,0x124F,0x2398,0x1B99,0x1B99,
  0x1B98,0x1B98,0x1B98,0x1B98,0x1B98,0x1B98,0x1B98,0x1B98,0x1B98,0x1B79,0x1B58,0x2BB9,0x4439,0x4419,0x4419,0x4418,
  0x4C5A,0x4439,0x3C19,0x3C19,0x3C19,0x3C39,0x4419,0x4438,0x33F9,0x3419,0x23B8,0x4C7A,0x5C56,0x320A,0x4229,0x39C7,
  0x3186,0x3165,0x3185,0x3165,0x2103,0x4A28,0x630B,0x6B4C,0x6B4C,0x4A69,0x4207,0x4207,0x4A28,0x4228,0x4A28,0x39A6,
  0x2945,0x2945,0x18C3,0x2945,0x4A28,0x4208,0x4207,0x39C6,0x4228,0x39C7,0x41A5,0x8A21,0x9220,0x9220,0x9A20,0x9200,
  0x81A0,0x6900,0x6920,0x6900,0x6900,0x6100,0x50E2,0x6B2B,0x6B4D,0x73AE,0x7BCE,0x842F,0x8430,0x8410,0x8430,0x8C71,
  0x9C92,0xA4F3,0xA4F3,0x840F,0x5AEB,0x31A6,0x2945,0x630B,0x7BCE,0x840F,0x840F,0x8410,0x8410,0x8410,0x83EF,0x8C30,
  0x94B2,0x94B2,0x738D,0x4A08,0x4143,0x5963,0x6B2C,0x6B2D,0x6B2D,0x6B4D,0x630C,0x5269,0x4A69,0x4A49,0x4A49,0x4A49,
  0x4228,0x31A6,0x3185,0x3185,0x3186,0x3185,0x5122,0x68E0,0x6900,0x6900,0x6900,0x68E0,0x58A0,0x3020,0x2000,0x1883,
  0x2AF3,0x1B98,0x1B99,0x1B98,0x1B98,0x1B98,0x1B99,0x1B99,0x1B98,0x2BB8,0x4419,0x4418,0x4418,0x4418,0x4418,0x4418,
  0x4418,0x4418,0x4418,0x4418,0x33F9,0x1B99,0x1B99,0x1B99,0x1B99,0x1B98,0x4372,0x6B4C,0x6B4C,0x6B4C,0x6B4C,0x5ACB,
  0x6B2C,0x528A,0x4228,0x4228,0x4A28,0x4A28,0x4228,0x39E7,0x2965,0x2945,0x2965,0x2945,0x29E9,0x4418,0x4418,0x4418,
  0x4419,0x4418,0x3C18,0x3C19,0x3C19,0x3C19,0x3C18,0x53B2,0x72A2,0x8AC0,0x9320,0x92E0,0x8AA0,0x7A60,0x7220,0x69C0,
  0x7200,0x71E0,0x4941,0x2880,0x4921,0x38C0,0x2880,0x6201,0x8AE0,0xA381,0xA3A0,0x9B00,0x8AA0,0x82A0,0x82A0,0x8260,
  0x7A40,0x69E0,0x6180,0x5140,0x30C0,0x1840,0x1040,0x2965,0x2945,0x2124,0x1147,0x23D8,0x09EE,0x0884,0x3A09,0x5ACB,
  0x6B6D,0x5ACB,0x4228,0x4228,0x4228,0x4228,0x4228,0x39C7,0x2965,0x2124,0x18C4,0x11CC,0x2398,0x1B99,0x1B99,0x1B99,
  0x1B98,0x1B99,0x1B99,0x1B98,0x1B98,0x1B98,0x1B98,0x1B98,0x1B79,0x1B79,0x1B79,0x3C19,0x4418,0x4419,0x3C19,0x4439,
  0x4C7A,0x651B,0x4438,0x3BF8,0x3C19,0x3BF9,0x4439,0x4419,0x33D8,0x2BD8,0x3419,0x54BA,0x8DFD,0x22F3,0x328E,0x31E9,
  0x2925,0x2104,0x18C3,0x2104,0x18C3,0x18C3,0x4A49,0x5AEB,0x630B,0x4A69,0x4207,0x4207,0x41E7,0x39E7,0x39C7,0x3186,
  0x2124,0x2104,0x10A2,0x2944,0x3185,0x39A6,0x2965,0x2965,0x2965,0x2124,0x2903,0x8202,0x9A20,0x9A20,0x9A20,0x9200,
  0x81A0,0x6920,0x6920,0x6900,0x6900,0x6900,0x5123,0x6B4C,0x6B4C,0x6B4D,0x736D,0x738E,0x840F,0x8C30,0x8C30,0x8C50,
  0x9471,0x9491,0x6B4D,0x39C7,0x31A6,0x2965,0x2965,0x5ACB,0x738D,0x7BCE,0x8430,0x8C71,0x9471,0x9CD3,0xA513,0xA513,
  0x8410,0x5289,0x39E7,0x3165,0x3944,0x5984,0x6B2C,0x6B2D,0x6B4C,0x6B4D,0x630C,0x4A69,0x4A69,0x4A49,0x4A49,0x4A49,
  0x4228,0x31A6,0x3185,0x3185,0x3186,0x3185,0x30C2,0x4880,0x6900,0x6900,0x6900,0x60E0,0x4880,0x2000,0x1062,0x224F,
  0x2398,0x1B98,0x1B98,0x1B98,0x1B98,0x1B98,0x1B98,0x1B99,0x1B78,0x3C19,0x4418,0x4418,0x4418,0x4418,0x4418,0x4418,
  0x4418,0x4418,0x4418,0x4419,0x33F9,0x1B99,0x1B99,0x1B99,0x1B99,0x1B98,0x4372,0x6B4C,0x6B4C,0x6B4C,0x6B4D,0x5ACB,
  0x632C,0x528A,0x4228,0x4A28,0x4228,0x4228,0x4228,0x39E7,0x2965,0x2945,0x2945,0x2945,0x29E9,0x4418,0x3C18,0x3C18,
  0x3C18,0x4418,0x3C19,0x3C19,0x3C19,0x3C19,0x3C18,0x43F7,0x52EA,0x7282,0x7A80,0x82A0,0x82A0,0x8280,0x7A60,0x7200,
  0x7200,0x69E0,0x5140,0x38C0,0x2860,0x0800,0x0000,0x1881,0x51C1,0x7AA1,0x82A0,0x8AA0,0x8AA0,0x8AA0,0x7A40,0x7200,
  0x69E0,0x61C0,0x5140,0x2880,0x1840,0x1020,0x0000,0x0841,0x10A2,0x18C3,0x0083,0x23F9,0x09EE,0x2AF1,0x2333,0x426B,
  0x5ACA,0x52AA,0x4A28,0x4207,0x39E7,0x39C6,0x39A6,0x2945,0x10A2,0x0841,0x0928,0x1B15,0x1B99,0x1B98,0x1B98,0x1B98,
  0x1B99,0x1B99,0x1B99,0x1B98,0x1B99,0x1B98,0x1B98,0x1B99,0x1B79,0x1B79,0x2BF9,0x3C39,0x4418,0x4419,0x4418,0x4439,
  0x755A,0x8E1D,0x64FB,0x549A,0x549A,0x4459,0x447A,0x4439,0x3C18,0x4439,0x4C59,0x7D9B,0x6D3A,0x1B57,0x1B57,0x2314,
  0x11AC,0x19EC,0x00A6,0x0883,0x0021,0x0020,0x2104,0x39E7,0x4A69,0x4208,0x39C6,0x39C6,0x39A6,0x3185,0x2945,0x20E3,
  0x18C3,0x10A2,0x0000,0x0862,0x1082,0x2104,0x18E3,0x18E3,0x18E3,0x0862,0x0841,0x38C0,0x9221,0x9A20,0x9200,0x89C0,
  0x7960,0x6900,0x6900,0x6900,0x6900,0x6900,0x5123,0x6B2C,0x6B4C,0x6B4D,0x6B4D,0x632C,0x5ACA,0x5AAA,0x52AA,0x5AAA,
  0x5AAA,0x5AAA,0x39E7,0x2965,0x3186,0x2965,0x2965,0x5ACA,0x6B4C,0x632C,0x5ACB,0x5AEB,0x630B,0x630C,0x630C,0x5ACB,
  0x39E7,0x2965,0x2965,0x2965,0x3944,0x59A4,0x734C,0x6B4D,0x6B2D,0x6B2C,0x630B,0x5269,0x4A69,0x4A69,0x4A49,0x4A49,
  0x4228,0x31A6,0x3185,0x3185,0x3186,0x2944,0x2061,0x2800,0x4040,0x60C0,0x58A0,0x4880,0x2820,0x1042,0x2AB0,0x2377,
  0x1B98,0x1B98,0x1B98,0x1B98,0x1B98,0x1B98,0x1B98,0x1B98,0x33D8,0x4419,0x4418,0x4418,0x4418,0x4418,0x4418,0x4418,
  0x4418,0x4418,0x4418,0x3C19,0x2BD9,0x1B99,0x1B99,0x1B99,0x1B99,0x1B98,0x4372,0x6B4C,0x6B4C,0x6B4C,0x6B4C,0x5ACB,
  0x632C,0x528A,0x4228,0x4A28,0x4228,0x4A28,0x4A28,0x39E7,0x2965,0x2945,0x2965,0x2945,0x29C9,0x4418,0x4418,0x4418,
  0x4418,0x3C18,0x3C18,0x3C19,0x3C19,0x3C18,0x3C19,0x3C18,0x3BD6,0x4B2F,0x62C6,0x7AA1,0x82A1,0x7A40,0x6A00,0x5960,
  0x5960,0x38C0,0x2040,0x1820,0x0800,0x0000,0x0000,0x0000,0x0000,0x1860,0x6A22,0x7A61,0x8A80,0x8261,0x69E0,0x5980,
  0x5160,0x30A0,0x2060,0x1061,0x0884,0x0885,0x0085,0x0021,0x0000,0x0000,0x0022,0x2C39,0x09EE,0x3B53,0x13D9,0x226F,
  0x4A69,0x4207,0x39E7,0x31A6,0x3186,0x3165,0x2124,0x18C3,0x1082,0x00A5,0x1AF4,0x1B99,0x1B98,0x1B98,0x1B98,0x1B99,
  0x1B98,0x1B99,0x1B99,0x1B99,0x1B99,0x1B99,0x1B99,0x1B98,0x1B79,0x1B98,0x3C19,0x4439,0x4418,0x4419,0x4418,0x4438,
  0x5478,0x54B9,0x4C9A,0x4C7A,0x4C7A,0x4459,0x4459,0x3C39,0x2BB8,0x33F9,0x2BD8,0x4C99,0x2377,0x1B78,0x1B98,0x1B98,
  0x1B98,0x1B98,0x1B56,0x1A92,0x11CD,0x08E8,0x0043,0x1082,0x4208,0x31A6,0x3185,0x2945,0x2945,0x2124,0x18C3,0x10C3,
  0x18E3,0x1020,0x1820,0x0000,0x0000,0x0840,0x0841,0x0000,0x0861,0x0000,0x0000,0x0800,0x6961,0x89C0,0x81A0,0x8180,
  0x7140,0x60C0,0x6900,0x6900,0x6900,0x6900,0x5123,0x734C,0x6B4C,0x6B4D,0x6B4D,0x632C,0x52AA,0x528A,0x528A,0x528A,
  0x528A,0x5289,0x39C7,0x2965,0x3186,0x2966,0x3186,0x5ACB,0x6B4C,0x630C,0x5289,0x528A,0x52AA,0x52AA,0x52AA,0x528A,
  0x31A6,0x2965,0x2965,0x2965,0x3924,0x5123,0x734C,0x6B4D,0x6B2D,0x6B2D,0x630B,0x5269,0x4A69,0x4A69,0x4A49,0x4A49,
  0x4228,0x31A6,0x3165,0x3185,0x3185,0x10A2,0x0800,0x1800,0x3020,0x4880,0x3861,0x1821,0x18E6,0x2AD2,0x2397,0x1B98,
  0x1B98,0x1B98,0x1B98,0x1B98,0x1B98,0x1B98,0x1B98,0x23B8,0x3C19,0x4418,0x4418,0x4418,0x4418,0x4418,0x4418,0x4418,
  0x4418,0x4418,0x4418,0x3C19,0x1B98,0x1B99,0x1B99,0x1B99,0x1B99,0x1B99,0x4372,0x6B4C,0x6B4C,0x6B4C,0x6B4C,0x5ACB,
  0x6B2C,0x528A,0x4228,0x4228,0x4A28,0x4228,0x4228,0x39E7,0x2965,0x2945,0x2945,0x2945,0x29C9,0x4418,0x4418,0x4439,
  0x4418,0x4418,0x3C18,0x3C18,0x3C18,0x3C19,0x3C19,0x3C18,0x3C18,0x3C18,0x43B4,0x3A8B,0x4227,0x4A27,0x4A07,0x3166,
  0x31C8,0x2167,0x08A4,0x0043,0x0000,0x0000,0x0000,0x0000,0x0000,0x0000,0x0000,0x2060,0x4921,0x4921,0x30C0,0x28E2,
  0x2946,0x1927,0x08E7,0x118B,0x1272,0x1272,0x1272,0x118B,0x08C6,0x08C6,0x0908,0x2419,0x0A10,0x8D57,0x0B99,0x1292,
  0x2168,0x31A7,0x3185,0x2945,0x2945,0x2945,0x10E4,0x1106,0x08C6,0x1250,0x1B78,0x1B99,0x1B98,0x1B98,0x1B98,0x1B98,
  0x1B98,0x1B99,0x1B99,0x1B98,0x1B98,0x1B78,0x1B98,0x1B78,0x2398,0x33F9,0x3C19,0x4419,0x3C19,0x3C19,0x4418,0x4418,
  0x4439,0x3C18,0x3C18,0x3C18,0x3C19,0x3C19,0x3C39,0x3419,0x1BB9,0x1BB9,0x1B99,0x1B99,0x1B99,0x1B98,0x1B98,0x1B98,
  0x1B99,0x1B98,0x1B98,0x1BB9,0x1B99,0x1B57,0x120E,0x08C7,0x0042,0x18E4,0x1905,0x10A3,0x10E4,0x1925,0x1106,0x19CC,
  0x08C7,0x1021,0x1000,0x0000,0x0000,0x0000,0x0000,0x0000,0x0000,0x0000,0x0000,0x0000,0x2840,0x7181,0x7980,0x7960,
  0x6900,0x50A0,0x60E0,0x6900,0x6900,0x6920,0x5102,0x732C,0x6B4D,0x6B4D,0x6B4D,0x632C,0x52AA,0x52AA,0x528A,0x528A,
  0x528A,0x5269,0x39C7,0x2945,0x3165,0x3186,0x3185,0x630B,0x736D,0x632C,0x528A,0x5269,0x5269,0x5289,0x528A,0x5269,
  0x39C7,0x3185,0x2965,0x2124,0x30A1,0x48C1,0x5A89,0x632C,0x632C,0x6B2C,0x630C,0x5289,0x4A49,0x4A49,0x4A49,0x4A49,
  0x4228,0x31A6,0x3165,0x3165,0x2104,0x0820,0x0000,0x0800,0x1000,0x18A5,0x2A4F,0x22B2,0x2335,0x2398,0x1B98,0x1B98,
  0x1B98,0x1B98,0x1B98,0x1B98,0x1B98,0x1B98,0x2398,0x33F8,0x4418,0x4418,0x4418,0x4418,0x4418,0x4418,0x4418,0x4418,
  0x4418,0x4418,0x4418,0x3C19,0x1B78,0x1B99,0x1B99,0x1B99,0x1B99,0x1B98,0x4372,0x6B2C,0x6B4C,0x6B4C,0x6B4C,0x5ACB,
  0x632C,0x528A,0x4228,0x4228,0x4A28,0x4228,0x4228,0x39E7,0x2965,0x2945,0x2945,0x2945,0x29E9,0x4438,0x4438,0x4438,
  0x4418,0x4418,0x4418,0x4418,0x3C19,0x3C18,0x3C19,0x3C18,0x3C18,0x3C18,0x3C18,0x4418,0x4C38,0x4C38,0x4C58,0x3BF8,
  0x2397,0x2397,0x1AF4,0x1A71,0x19CD,0x19AB,0x118A,0x118A,0x19AB,0x19AB,0x19AA,0x19AA,0x19AA,0x198A,0x118A,0x120E,
  0x1AF5,0x1B57,0x1B56,0x2398,0x2398,0x2398,0x2398,0x2397,0x2377,0x2377,0x2396,0x44BB,0x0B37,0xAEDD,0x13B9,0x1B78,
  0x2356,0x1A2F,0x1A0D,0x1A0D,0x226F,0x2290,0x1A70,0x1AD3,0x1B15,0x1B78,0x1B98,0x1B98,0x1B98,0x1B98,0x1B99,0x1B99,
  0x1B99,0x1B99,0x1B98,0x1B99,0x1B98,0x1B98,0x1B98,0x1B78,0x33D9,0x3C39,0x3C19,0x3C19,0x3C19,0x3C19,0x4419,0x4418,
  0x4419,0x4418,0x4418,0x3C18,0x3C19,0x3C19,0x3C19,0x1B78,0x1B98,0x1B99,0x1B99,0x1B99,0x1B98,0x1B98,0x1B98,0x1B98,
  0x1B99,0x1B98,0x1B98,0x1B98,0x1B99,0x1B99,0x1B98,0x2356,0x2335,0x2334,0x2314,0x2313,0x2334,0x2B55,0x2335,0x2377,
  0x2B97,0x19CC,0x10A5,0x1062,0x1863,0x0821,0x0000,0x0800,0x1000,0x1020,0x2061,0x1820,0x2041,0x3040,0x48A1,0x58C0,
  0x58C0,0x4860,0x58A0,0x6900,0x6900,0x6900,0x4060,0x49A5,0x630B,0x6B4D,0x6B4D,0x632C,0x528A,0x4A69,0x4A69,0x4A69,
  0x4A69,0x4A49,0x39C7,0x2945,0x2965,0x2965,0x41E7,0x5ACA,0x6B6D,0x6B4D,0x5269,0x4228,0x4208,0x4208,0x4228,0x41E7,
  0x39A6,0x3186,0x2124,0x18A2,0x1020,0x2020,0x39A6,0x5ACA,0x5AEB,0x6B4C,0x630C,0x5289,0x4A49,0x4A49,0x4A49,0x4A49,
  0x4228,0x31A6,0x3165,0x2104,0x1061,0x0000,0x0000,0x08C6,0x19ED,0x2B76,0x2398,0x1B99,0x1B99,0x1B99,0x1B99,0x1B98,
  0x1B98,0x1B98,0x1B98,0x1B98,0x1B99,0x1B98,0x33D8,0x4419,0x4418,0x3C18,0x3C18,0x3C18,0x3C18,0x4418,0x4418,0x4418,
  0x4418,0x4418,0x3C19,0x3419,0x1B99,0x1B99,0x1B99,0x1B99,0x1B99,0x1B98,0x4372,0x6B2C,0x6B4C,0x6B4C,0x6B4C,0x5ACA,
  0x6B2C,0x528A,0x4228,0x4228,0x4228,0x4228,0x4228,0x39E7,0x2965,0x2945,0x2945,0x2945,0x29E9,0x4438,0x4438,0x4439,
  0x4418,0x4418,0x4418,0x4418,0x4418,0x3C18,0x3C18,0x3C18,0x4418,0x3C18,0x3C19,0x4419,0x4439,0x4439,0x4459,0x23B8,
  0x1B98,0x1B98,0x2398,0x2398,0x23B8,0x2398,0x2398,0x2398,0x23B8,0x23B8,0x23B8,0x23B8,0x2398,0x2398,0x2398,0x2398,
  0x1BB8,0x1B98,0x1B98,0x1B98,0x1B98,0x1B99,0x1B98,0x1B98,0x1B98,0x1B98,0x23B7,0x54DB,0x0B37,0xA6DD,0x13B9,0x1BB9,
  0x1BB9,0x1B99,0x2399,0x2398,0x1B98,0x1B98,0x2398,0x1B98,0x1B98,0x1B98,0x1B98,0x1B98,0x1B98,0x1B98,0x1B99,0x1B99,
  0x1B99,0x1B99,0x1B99,0x1B99,0x1B98,0x1B99,0x1B98,0x2B98,0x4419,0x3C19,0x3C19,0x3C19,0x3C19,0x3C19,0x3C18,0x3C19,
  0x3C19,0x4418,0x4418,0x4418,0x3C39,0x3C19,0x3419,0x1B78,0x1B98,0x1B98,0x1B98,0x1B99,0x1B98,0x1B99,0x1B98,0x1B98,
  0x1B98,0x1B98,0x1B98,0x1B99,0x1B98,0x1B98,0x1B98,0x1B98,0x1B98,0x1B98,0x1B98,0x1B98,0x1B98,0x1B98,0x1B99,0x1B99,
  0x1BB9,0x2398,0x2356,0x1AB2,0x0A0F,0x11CD,0x08A5,0x2083,0x2882,0x28A2,0x18A3,0x10A4,0x10A4,0x08A4,0x1083,0x2882,
  0x3881,0x3820,0x3820,0x5080,0x58C0,0x5080,0x3820,0x2840,0x4A07,0x62CB,0x6B2C,0x632C,0x4A69,0x4228,0x4228,0x4228,
  0x4228,0x4228,0x3186,0x2945,0x2945,0x20E3,0x10A2,0x5289,0x5ACA,0x632C,0x5269,0x4228,0x4208,0x41E7,0x39E7,0x39A6,
  0x3165,0x2104,0x18C3,0x0020,0x0000,0x0000,0x0861,0x4228,0x528A,0x630B,0x5AEB,0x528A,0x4A49,0x4A49,0x4207,0x4207,
  0x39E7,0x2965,0x18E3,0x1082,0x0000,0x0042,0x11CC,0x2B76,0x2398,0x1B98,0x1B98,0x1B99,0x1B99,0x1B98,0x1B99,0x1B98,
  0x1B99,0x1B98,0x1B98,0x1B99,0x1B98,0x2398,0x3C19,0x4418,0x3C18,0x3C18,0x3C18,0x3C18,0x4418,0x4418,0x4418,0x4418,
  0x3C19,0x3C39,0x3C19,0x23B8,0x1B99,0x1B99,0x1B99,0x1B99,0x1B99,0x1B98,0x4372,0x6B2C,0x6B4C,0x6B4C,0x6B4C,0x5ACB,
  0x6B2C,0x528A,0x4228,0x4228,0x4A28,0x4228,0x4228,0x39E7,0x2965,0x2945,0x2945,0x2945,0x29E9,0x4418,0x4439,0x4439,
  0x4418,0x4418,0x4418,0x4418,0x4418,0x3C18,0x3C18,0x3C18,0x3C18,0x3C19,0x4418,0x4418,0x4439,0x4439,0x3C19,0x2398,
  0x1B98,0x1B99,0x1B99,0x1B99,0x1B99,0x1B98,0x23B8,0x23B8,0x1BB8,0x1BB8,0x23B8,0x23B9,0x1B98,0x1B98,0x1B98,0x1B98,
  0x1B98,0x1B98,0x1B98,0x1B98,0x1B99,0x1B99,0x1B99,0x1B98,0x1B98,0x1B98,0x33F8,0x8E3C,0x0B37,0x75DD,0x13B9,0x1BB9,
  0x1B99,0x1B99,0x1B98,0x1B98,0x1B98,0x1B98,0x1B98,0x2398,0x1B98,0x1B98,0x1B98,0x1B98,0x1B98,0x1B98,0x1B99,0x1B99,
  0x1B99,0x1B99,0x1B99,0x1B98,0x1B99,0x1B99,0x2399,0x3C19,0x4439,0x3C18,0x4419,0x4419,0x3C18,0x3C18,0x3C18,0x3C19,
  0x3C19,0x4419,0x4419,0x4419,0x4439,0x3C39,0x3419,0x1B78,0x1B99,0x1B98,0x1B98,0x1B99,0x1B98,0x1B98,0x1B98,0x1B98,
  0x1B99,0x1B98,0x1B98,0x1B98,0x1B98,0x1B98,0x1B98,0x1B99,0x1B99,0x1B98,0x1B98,0x1B98,0x1B98,0x1B98,0x1B98,0x1B98,
  0x1B99,0x1B98,0x1B98,0x1B98,0x1B36,0x0A92,0x0A10,0x122F,0x098C,0x094A,0x096A,0x096A,0x0108,0x00C5,0x00A5,0x00A4,
  0x08A4,0x1083,0x2021,0x3020,0x3020,0x3020,0x3020,0x1000,0x2103,0x4A69,0x5ACA,0x62EB,0x4A48,0x4228,0x4228,0x4208,
  0x4208,0x39C7,0x2945,0x20E3,0x18E3,0x1082,0x0000,0x2925,0x5289,0x52AA,0x4208,0x39E7,0x39C6,0x39C6,0x3186,0x2124,
  0x18E3,0x18C3,0x0861,0x0000,0x0000,0x0000,0x0000,0x0000,0x39E7,0x52AA,0x528A,0x4208,0x41E7,0x39E7,0x39C7,0x31A6,
  0x2965,0x2104,0x1082,0x0021,0x08C7,0x2314,0x2398,0x1B98,0x1B98,0x1B98,0x1B98,0x1B98,0x1B98,0x1B98,0x1B98,0x1B98,
  0x1B99,0x1B99,0x1B98,0x1B98,0x1B98,0x33F8,0x4418,0x4418,0x3C18,0x3C18,0x3C19,0x3C19,0x4418,0x3C18,0x3C18,0x3C19,
  0x4419,0x4439,0x3C39,0x2399,0x1B99,0x1B99,0x1B99,0x1B99,0x1B99,0x1B98,0x4372,0x6B4C,0x6B4C,0x6B4C,0x6B4D,0x5ACB,
  0x6B2C,0x526A,0x4228,0x4A28,0x4228,0x4A28,0x4228,0x39E7,0x2965,0x2945,0x2945,0x2965,0x29C9,0x4438,0x4439,0x4439,
  0x4418,0x4418,0x4418,0x3C18,0x4418,0x3C18,0x3C18,0x3C18,0x3C18,0x4418,0x4418,0x4419,0x4419,0x3C19,0x33D9,0x1B58,
  0x1B99,0x1B99,0x1B99,0x1B99,0x1B98,0x1B98,0x1B98,0x1B98,0x1B98,0x1B98,0x1B98,0x1B98,0x1B98,0x1B98,0x1B98,0x1B98,
  0x1B98,0x1B98,0x1B98,0x1B98,0x1B99,0x1B99,0x1B99,0x1B99,0x1B98,0x1B99,0x33F8,0x963C,0x0B37,0x6DBD,0x0B99,0x1B99,
  0x1B98,0x1B98,0x1B98,0x1B98,0x1B98,0x1B98,0x1B98,0x1B98,0x1B98,0x1B98,0x1B98,0x1B98,0x1B98,0x1B98,0x1B98,0x1B98,
  0x1B98,0x1B99,0x1B98,0x1B98,0x1B99,0x1379,0x2BB9,0x4439,0x4419,0x3C19,0x3C19,0x3C19,0x3C18,0x3C18,0x3C18,0x3C18,
  0x4419,0x4419,0x4418,0x4419,0x4439,0x4439,0x2398,0x1B78,0x1B99,0x1B99,0x1B99,0x1B99,0x1B98,0x1B98,0x1B98,0x1B98,
  0x1B98,0x1B98,0x1B98,0x1B98,0x1B99,0x1B99,0x1B99,0x1B99,0x1B99,0x1B98,0x1B98,0x1B98,0x1B98,0x1B98,0x1B98,0x1B98,
  0x1B98,0x1B98,0x1B98,0x1B98,0x1B78,0x1B36,0x0231,0x01EF,0x0230,0x020F,0x01CD,0x016B,0x016A,0x0128,0x00C6,0x00A5,
  0x00C5,0x00A5,0x08A5,0x0842,0x1821,0x2020,0x1820,0x0000,0x0020,0x31A6,0x4A69,0x4A69,0x4207,0x4208,0x39C7,0x39C7,
  0x39C7,0x3186,0x18E3,0x1082,0x1082,0x0000,0x0000,0x0020,0x2104,0x4228,0x39C7,0x39C7,0x2945,0x2945,0x18E3,0x10A2,
  0x18C3,0x0841,0x0000,0x0000,0x0000,0x0000,0x0000,0x0000,0x0000,0x2965,0x4A49,0x4207,0x39E7,0x3186,0x3186,0x2945,
  0x2104,0x10C4,0x1127,0x1A2F,0x2B97,0x1B98,0x1B98,0x1B98,0x1B99,0x1B98,0x1B98,0x1B98,0x1B98,0x1B98,0x1B98,0x1B98,
  0x1B99,0x1B98,0x1B98,0x1B98,0x23B8,0x3C18,0x4418,0x4418,0x3C18,0x3C18,0x3C19,0x3C19,0x3C19,0x4418,0x3C18,0x3C18,
  0x4419,0x3C19,0x33D9,0x1B79,0x1B99,0x1B99,0x1B99,0x1B99,0x1B99,0x1B99,0x4372,0x6B4C,0x6B4C,0x6B4C,0x6B4C,0x5ACB,
  0x6B2C,0x528A,0x4228,0x4228,0x4228,0x4228,0x4228,0x39E7,0x2965,0x2945,0x2945,0x2945,0x29E9,0x4438,0x4439,0x4439,
  0x4418,0x4419,0x4418,0x4418,0x3C19,0x3C19,0x3C18,0x3C18,0x3C18,0x4418,0x4418,0x4439,0x4439,0x3C19,0x2398,0x1B78,
  0x1B99,0x1B99,0x1B99,0x1B99,0x1B98,0x1B98,0x1B98,0x1B98,0x1B98,0x1B98,0x1B98,0x1B98,0x1B98,0x1B98,0x1B98,0x1B98,
  0x1B98,0x1B98,0x1B98,0x1B98,0x1B98,0x1B99,0x1B99,0x1B98,0x1B98,0x1B98,0x2BD7,0x963C,0x0B37,0x6D9D,0x0B99,0x1B99,
  0x2398,0x1B98,0x1B98,0x1B98,0x1B98,0x1B98,0x1B98,0x1B98,0x1B98,0x1B98,0x1B98,0x1B98,0x1B98,0x1B99,0x1B99,0x1B99,
  0x1B98,0x1B98,0x1B99,0x1B98,0x1B99,0x1B79,0x4439,0x4438,0x4439,0x4419,0x3C19,0x3C18,0x3C19,0x3C18,0x3C19,0x3C18,
  0x3C19,0x4419,0x4419,0x4418,0x4439,0x4439,0x2399,0x1B79,0x1B99,0x1B99,0x1B99,0x1B99,0x1B99,0x1B98,0x1B99,0x1B99,
  0x1B98,0x1B98,0x1B99,0x1B99,0x1B99,0x1B99,0x1B99,0x1B99,0x1B99,0x1B98,0x1B99,0x1B98,0x1B98,0x1B98,0x1B98,0x1B98,
  0x1B98,0x1B98,0x1B98,0x1B98,0x1B78,0x1B78,0x1B15,0x01F0,0x0230,0x0230,0x020F,0x01AD,0x01CD,0x016B,0x0149,0x0108,
  0x00E6,0x00A5,0x00C5,0x00C5,0x00A5,0x0884,0x0021,0x0000,0x0000,0x0020,0x2945,0x41E7,0x31A6,0x39A7,0x2965,0x2965,
  0x2104,0x20E3,0x18C3,0x0020,0x0000,0x0000,0x0000,0x0063,0x0084,0x1127,0x2A0B,0x2A0B,0x21CA,0x21C9,0x10C4,0x0000,
  0x0000,0x0000,0x0000,0x0000,0x0000,0x0000,0x0001,0x0001,0x0001,0x0000,0x0021,0x0862,0x1904,0x1905,0x1905,0x222C,
  0x1A2D,0x2B34,0x2355,0x2398,0x2398,0x1B98,0x2399,0x1B98,0x1B98,0x1B98,0x1B98,0x1B98,0x1B98,0x1B98,0x1B98,0x1B98,
  0x1B99,0x1B98,0x1B98,0x1B98,0x3BF9,0x4418,0x4418,0x4418,0x3C18,0x3C19,0x3C19,0x3C19,0x3C19,0x3C19,0x3C18,0x3C18,
  0x4419,0x3C19,0x2BD9,0x1B99,0x1B99,0x1B99,0x1B99,0x1B99,0x1B99,0x1B99,0x4372,0x6B4C,0x6B4C,0x6B4C,0x6B4C,0x5ACB,
  0x6B2C,0x528A,0x4228,0x4228,0x4228,0x4228,0x4228,0x39E7,0x2965,0x2945,0x2945,0x2945,0x29E9,0x4438,0x4439,0x4439,
  0x4418,0x4418,0x4418,0x3C18,0x3C19,0x3C19,0x3C19,0x3C19,0x4418,0x4418,0x4418,0x4418,0x4439,0x3C3A,0x1B78,0x1B78,
  0x1B98,0x1B99,0x1B99,0x1B98,0x1B98,0x1B98,0x1B98,0x1B98,0x1B98,0x1B98,0x1B98,0x1B98,0x1B98,0x2399,0x1B98,0x1B98,
  0x1B98,0x1B98,0x1B99,0x1B98,0x1B99,0x1B98,0x1B99,0x1B99,0x1B98,0x1B98,0x2BB7,0x7DDC,0x0B38,0x553C,0x0B99,0x1B99,
  0x1B98,0x1B98,0x1B98,0x1B98,0x1B98,0x1B98,0x1B98,0x1B98,0x1B98,0x1B98,0x1B98,0x1B98,0x1B98,0x1B98,0x1B98,0x1B98,
  0x1B98,0x1B98,0x1B99,0x1B98,0x1B99,0x33F9,0x4439,0x4438,0x4419,0x4418,0x4418,0x3C18,0x3C18,0x3C18,0x3C19,0x3C18,
  0x3C19,0x4419,0x4418,0x4418,0x4439,0x3C19,0x2399,0x1B79,0x1B99,0x1B99,0x1B99,0x1B99,0x1B99,0x1B99,0x1B98,0x1B98,
  0x1B98,0x1B98,0x1B98,0x1B99,0x1B99,0x1B99,0x1B99,0x1B98,0x1B99,0x1B98,0x1B99,0x1B98,0x1B98,0x1B98,0x1B98,0x1B98,
  0x1B98,0x1B98,0x1B98,0x1B98,0x1B98,0x1B78,0x1B78,0x1B35,0x0251,0x0230,0x0230,0x020F,0x0A0F,0x01CD,0x01AC,0x016A,
  0x0129,0x0108,0x00C6,0x00C6,0x00C6,0x00C6,0x00A5,0x0064,0x0042,0x0000,0x0000,0x0841,0x2125,0x2125,0x18E4,0x2125,
  0x18E3,0x08A4,0x08E6,0x00E6,0x08E6,0x08C6,0x00C6,0x0949,0x11EC,0x3BB5,0x4C38,0x4C38,0x4C38,0x4C18,0x3B53,0x1128,
  0x08C5,0x0022,0x0022,0x0022,0x0042,0x00A5,0x2AF2,0x22B2,0x2291,0x2291,0x2291,0x2291,0x2291,0x2291,0x22B2,0x23B8,
  0x2398,0x2398,0x2398,0x1B99,0x2398,0x2398,0x1B99,0x1B98,0x1B98,0x1B98,0x1B99,0x1B99,0x1B98,0x1B99,0x1B98,0x1B99,
  0x1B99,0x1B99,0x1B98,0x33D9,0x4418,0x4418,0x4418,0x4418,0x3C18,0x3C18,0x3C18,0x3C19,0x3C19,0x3C19,0x4418,0x3C18,
  0x4439,0x3C39,0x2399,0x1B79,0x1B99,0x1B99,0x1B98,0x2B95,0x23B7,0x1BB9,0x4372,0x6B4C,0x6B4C,0x6B4D,0x6B4D,0x5ACB,
  0x6B2C,0x528A,0x4228,0x4228,0x4228,0x4228,0x4228,0x39E7,0x2965,0x2945,0x2945,0x2945,0x29E9,0x4C38,0x4439,0x4439,
  0x3C19,0x3C19,0x3C18,0x3C18,0x3C18,0x3C19,0x3C18,0x4419,0x4418,0x4418,0x4418,0x4438,0x4439,0x3419,0x1B78,0x1B98,
  0x1B98,0x1B98,0x1B98,0x1B98,0x1B98,0x1B98,0x1B98,0x1B98,0x1B98,0x1B98,0x1B99,0x2398,0x2399,0x2399,0x1B98,0x1B98,
  0x1B98,0x1B98,0x1B99,0x1B98,0x1B99,0x1B98,0x1B98,0x1B98,0x1B98,0x1B98,0x23B8,0x655C,0x0B58,0x349C,0x0BBA,0x1B99,
  0x1B98,0x1B98,0x1B98,0x1B98,0x1B98,0x1B98,0x1B98,0x1B98,0x1B98,0x1B99,0x1B98,0x1B98,0x1B99,0x1B99,0x1B99,0x1B98,
  0x1B98,0x1B99,0x1B98,0x1B98,0x23B8,0x3C39,0x4439,0x4439,0x4439,0x4419,0x3C39,0x3C19,0x3C18,0x3C18,0x3C19,0x3C19,
  0x3C18,0x3C19,0x4418,0x4419,0x4439,0x33F9,0x1B99,0x1B98,0x1B99,0x1B99,0x1B99,0x1B99,0x1B99,0x1B99,0x1B99,0x1B99,
  0x1B99,0x1B99,0x1B98,0x1B98,0x1B99,0x1B99,0x1B99,0x1B99,0x1B99,0x1B98,0x1B99,0x1B98,0x1B98,0x1B98,0x1B98,0x1B98,
  0x1B98,0x1B98,0x1B98,0x1B98,0x1B98,0x1B98,0x1B98,0x1B78,0x12D4,0x0230,0x020F,0x020F,0x022F,0x0A2F,0x01EE,0x01AC,
  0x01AC,0x014A,0x0129,0x00E7,0x00C6,0x00A6,0x00A5,0x00A5,0x00A5,0x0085,0x00A5,0x00C5,0x00C6,0x00E7,0x0928,0x0949,
  0x096A,0x0A0E,0x0A2F,0x09ED,0x016A,0x014A,0x0129,0x018B,0x3354,0x4418,0x4439,0x4438,0x4418,0x4438,0x4418,0x4C18,
  0x4438,0x33D7,0x2BB7,0x2BB7,0x2BB7,0x2B98,0x2398,0x1B98,0x2398,0x1B98,0x1B98,0x1B98,0x2398,0x2398,0x2398,0x1B99,
  0x2399,0x1B98,0x2399,0x1B98,0x2399,0x2399,0x2398,0x1B98,0x2399,0x1B98,0x1B99,0x1B99,0x1B98,0x1B99,0x1B99,0x1B99,
  0x1B98,0x1B98,0x2BB8,0x4418,0x4418,0x4418,0x4418,0x4418,0x3C18,0x3C18,0x3C18,0x3C18,0x3C19,0x3C19,0x3C18,0x3C19,
  0x4439,0x3C39,0x1B99,0x1B99,0x1B99,0x1B99,0x1B99,0x3BB1,0x43CF,0x23B8,0x4372,0x6B4C,0x6B4C,0x6B4C,0x6B4C,0x5ACB,
  0x6B2C,0x528A,0x4228,0x4228,0x4228,0x4228,0x4228,0x39E7,0x2965,0x2944,0x2945,0x2945,0x29C9,0x4C38,0x4439,0x4439,
  0x4419,0x4418,0x4419,0x3C19,0x3C19,0x3C18,0x3C19,0x4418,0x4418,0x4418,0x4418,0x4418,0x4439,0x23B8,0x1B99,0x1B99,
  0x1B99,0x1B98,0x1B98,0x1B98,0x1B98,0x1B98,0x1B98,0x1B98,0x1B98,0x2399,0x2399,0x2399,0x1B99,0x1B98,0x1B99,0x1B99,
  0x1B98,0x1B98,0x2399,0x2398,0x2399,0x1B99,0x2399,0x2399,0x1B98,0x1B98,0x23B8,0x5D5C,0x0B79,0x3CBC,0x0BBA,0x1B98,
  0x1B98,0x1B98,0x1B98,0x1B98,0x1B98,0x1B98,0x1B98,0x1B98,0x1B99,0x1B98,0x1B98,0x1B98,0x1B99,0x1B98,0x1B98,0x1B98,
  0x1B98,0x1B98,0x1B78,0x1B78,0x33F9,0x3C19,0x3BF8,0x33F9,0x33F9,0x33F9,0x33F9,0x33F9,0x2BF9,0x33F9,0x33F8,0x33F9,
  0x33F9,0x3419,0x3C39,0x4439,0x4439,0x33F9,0x1B98,0x1B98,0x1B98,0x1B98,0x1B99,0x1B98,0x1B98,0x1B98,0x1B98,0x1B99,
  0x1B99,0x1B99,0x1B98,0x1B99,0x1B98,0x1B98,0x1B99,0x1B99,0x1B99,0x1B99,0x1B99,0x1B98,0x1B98,0x1B98,0x1B98,0x1B98,
  0x1B98,0x1B98,0x1B98,0x1B98,0x1B98,0x1B98,0x1B99,0x1B99,0x1336,0x0231,0x01EF,0x01EF,0x0A2F,0x0A2F,0x022F,0x020F,
  0x01CD,0x018C,0x014A,0x00E7,0x00C6,0x0085,0x0085,0x0085,0x0085,0x00A5,0x00C7,0x0108,0x018B,0x0A2F,0x0A2F,0x0A2F,
  0x020F,0x0230,0x0230,0x020F,0x01AC,0x016A,0x016A,0x22F2,0x4418,0x4418,0x4418,0x4439,0x4419,0x4418,0x4439,0x4418,
  0x3BF8,0x1B98,0x1B98,0x1B98,0x1B99,0x1B99,0x1B99,0x1B98,0x1B98,0x1B98,0x1B98,0x1B98,0x1B98,0x1B98,0x2398,0x1B99,
  0x2399,0x2399,0x2399,0x2399,0x1B99,0x2399,0x2399,0x1B98,0x1B98,0x1B98,0x1B98,0x1B98,0x1B99,0x1B99,0x1B98,0x1B98,
  0x1B98,0x2398,0x33F8,0x4418,0x4418,0x4418,0x4418,0x4418,0x4418,0x3C19,0x3C18,0x3C19,0x3C18,0x3C18,0x3C18,0x3C18,
  0x4439,0x33F9,0x1B99,0x1B99,0x1B99,0x1B99,0x1B79,0x2395,0x3B6B,0x2395,0x4372,0x6B4C,0x6B4C,0x6B4D,0x6B4D,0x5ACA,
  0x6B2C,0x528A,0x4228,0x4228,0x4228,0x4A28,0x4A28,0x39E7,0x2965,0x2945,0x2945,0x2945,0x320A,0x4C38,0x4439,0x4C38,
  0x4416,0x43F6,0x43F6,0x3C18,0x3C19,0x3C19,0x3C19,0x4419,0x4418,0x4418,0x4418,0x4418,0x3C19,0x1B98,0x1B98,0x1B98,
  0x1B98,0x1B98,0x1B98,0x1B98,0x1B98,0x1B98,0x2398,0x1B98,0x1B99,0x2399,0x2399,0x1B99,0x1B98,0x1B98,0x1B99,0x1B98,
  0x1B98,0x1B98,0x1B98,0x1B98,0x2399,0x1B99,0x1B99,0x1B99,0x1B99,0x1B98,0x23B8,0x551C,0x0B99,0x3CBC,0x0BB9,0x1B98,
  0x1B98,0x1B98,0x1B98,0x1B98,0x1B98,0x1B98,0x1B99,0x1B99,0x1B98,0x1B98,0x1B98,0x1B98,0x1B99,0x1B98,0x1B99,0x1B98,
  0x1B98,0x1B98,0x1B78,0x2B98,0x3C18,0x4417,0x6413,0x8410,0x840F,0x8430,0x8450,0x8451,0x7C10,0x7BEF,0x7BF0,0x73D0,
  0x73D0,0x7410,0x5BB1,0x3375,0x3C19,0x1B98,0x1B98,0x1B98,0x1B98,0x1B98,0x1B98,0x1B98,0x1B98,0x1B98,0x1B98,0x1B99,
  0x1B98,0x1B99,0x1B99,0x1B99,0x1B99,0x1B98,0x1B98,0x1B98,0x1B98,0x1B98,0x1B98,0x1B99,0x1B98,0x1B99,0x1B98,0x1B98,
  0x1B98,0x1B98,0x1B98,0x1B98,0x1B98,0x1B98,0x1B98,0x1B98,0x1B98,0x12F5,0x01F0,0x01EF,0x022F,0x022F,0x0230,0x0230,
  0x0230,0x01CE,0x016B,0x0129,0x0108,0x00A6,0x0085,0x0085,0x00C6,0x0928,0x1A4F,0x22F2,0x0A2F,0x022F,0x0230,0x0230,
  0x0230,0x0230,0x0230,0x0A2F,0x01AC,0x016B,0x1A4F,0x3BF8,0x4418,0x4418,0x4418,0x4418,0x4418,0x4418,0x4439,0x4418,
  0x33D8,0x1B98,0x1B98,0x1B98,0x1B99,0x1B98,0x1B99,0x1B98,0x1B99,0x1B98,0x1B98,0x1B99,0x1B98,0x1B99,0x1B98,0x2399,
  0x2399,0x2399,0x2399,0x2399,0x2399,0x2399,0x2399,0x1B99,0x1B99,0x1B99,0x1B98,0x2399,0x2399,0x1B98,0x1B98,0x1B98,
  0x1B98,0x2BB8,0x4418,0x4418,0x4418,0x4418,0x4418,0x3C18,0x3C19,0x3C18,0x3C18,0x3C18,0x3C18,0x3C18,0x3C18,0x3C19,
  0x445A,0x2BD9,0x23B8,0x23B7,0x2396,0x2396,0x1B33,0x2354,0x3B4A,0x232E,0x4372,0x6B4D,0x6B4C,0x6B4C,0x6B4C,0x5ACA,
  0x6B2C,0x528A,0x4228,0x4228,0x4228,0x4228,0x4228,0x39E7,0x3165,0x2945,0x2944,0x2944,0x320A,0x5437,0x5C53,0x6C4C,
  0x63A5,0x4B45,0x32C7,0x4C14,0x4437,0x4439,0x4419,0x4419,0x4418,0x4419,0x4418,0x4418,0x33F9,0x1B98,0x1B98,0x1B98,
  0x1B98,0x1B98,0x1B98,0x1B98,0x1B98,0x1B98,0x2399,0x2399,0x2399,0x2399,0x1B98,0x1B98,0x1B99,0x1B99,0x1B98,0x1B98,
  0x1B99,0x1B98,0x2399,0x1B98,0x2399,0x2399,0x1B99,0x1B98,0x1B98,0x1B98,0x2398,0x4CDB,0x1399,0x3CBC,0x0BB9,0x1B99,
  0x1B98,0x1B98,0x1B98,0x1B98,0x1B98,0x1B98,0x1B99,0x1B98,0x1B99,0x1B98,0x1B99,0x1B99,0x1B98,0x1B98,0x1B98,0x1B98,
  0x1B98,0x1B98,0x1B98,0x3C19,0x4C17,0x7C11,0xB44A,0xCC25,0xCC04,0xD424,0xD424,0xD425,0xD425,0xCC04,0xCC05,0xCC06,
  0xC406,0xAB85,0x4982,0x32AF,0x3BF9,0x1B98,0x1B98,0x1B98,0x1B98,0x1B98,0x1B98,0x1B98,0x1B99,0x1B99,0x1B99,0x1B98,
  0x1B99,0x1B99,0x1B99,0x1B99,0x1B99,0x1B98,0x1B98,0x1B98,0x1B98,0x1B98,0x1B98,0x1B98,0x1B98,0x1B98,0x1B98,0x1B98,
  0x1B98,0x1B98,0x1B98,0x1B98,0x1B98,0x1B98,0x1B98,0x1B98,0x1B98,0x1B78,0x0A93,0x01EF,0x0A2F,0x022F,0x0230,0x0230,
  0x0251,0x0230,0x01AD,0x014A,0x0149,0x00E7,0x0085,0x0085,0x096A,0x3333,0x4418,0x4439,0x2B75,0x0230,0x0230,0x0230,
  0x0230,0x0230,0x022F,0x01AD,0x018B,0x09CD,0x3B96,0x4419,0x4418,0x4418,0x4418,0x4418,0x4418,0x4418,0x4418,0x4418,
  0x2BD8,0x1B98,0x1B99,0x1B98,0x1B98,0x1B98,0x1B99,0x1B98,0x1B99,0x1B99,0x1B99,0x1B99,0x1B98,0x1B99,0x1B98,0x2399,
  0x2399,0x2398,0x2399,0x2399,0x2399,0x2399,0x2399,0x2399,0x1B98,0x1B99,0x1B99,0x1B99,0x1B98,0x1B99,0x1B98,0x1B98,
  0x1B97,0x3C19,0x4418,0x4418,0x4418,0x4418,0x4418,0x3C18,0x3C19,0x3C19,0x3C18,0x3C18,0x3C19,0x3C18,0x3C18,0x4417,
  0x4C57,0x3BD6,0x43F3,0x648C,0x5C28,0x4BC7,0x4324,0x4388,0x4BA8,0x3B49,0x4B6F,0x6B6C,0x6B6D,0x6B4C,0x6B4C,0x5ACB,
  0x6B2C,0x528A,0x4228,0x4228,0x4228,0x4228,0x4228,0x39E7,0x3165,0x2964,0x31C3,0x31E3,0x3A46,0x644D,0x8485,0x8442,
  0x4AE0,0x3AA0,0x3AC0,0x4B43,0x3306,0x4C11,0x4C15,0x4418,0x4418,0x4418,0x4418,0x3C19,0x2BB9,0x1B98,0x1B98,0x1B98,
  0x1B99,0x1B98,0x1B98,0x1B98,0x1B98,0x1B98,0x2399,0x1B98,0x2399,0x1B99,0x1B98,0x1B99,0x1B99,0x1B99,0x1B99,0x1B98,
  0x2399,0x1B98,0x1B98,0x2399,0x2399,0x1B99,0x1B98,0x1B98,0x1B99,0x1B98,0x1B98,0x2C1A,0x1399,0x3CBC,0x0BBA,0x1B99,
  0x1B98,0x1B98,0x1B98,0x1B98,0x1B98,0x1B98,0x1B98,0x1B98,0x1B98,0x1B98,0x1B98,0x2399,0x1B99,0x1B99,0x2398,0x2398,
  0x1B98,0x1B98,0x2BD8,0x4439,0x63F2,0xB42A,0xC429,0xAB03,0xAB02,0xB302,0xBB43,0xBB63,0xB323,0xAB03,0xAB03,0xAB45,
  0xBC8C,0x82A6,0x1840,0x4B52,0x33D9,0x1B99,0x1B98,0x1B98,0x1B98,0x1B98,0x1B98,0x1B99,0x1B98,0x1B98,0x1B98,0x2397,
  0x2BB5,0x2398,0x1B99,0x1B99,0x1B99,0x1B98,0x1B98,0x1B98,0x1B98,0x1B98,0x1B98,0x1B98,0x1B98,0x1B98,0x1B98,0x1B98,
  0x1B98,0x1B98,0x1B98,0x1B98,0x1B98,0x1B98,0x1B98,0x1B98,0x1B98,0x1B78,0x1B78,0x0A52,0x022F,0x022F,0x0230,0x0230,
  0x0250,0x0230,0x01EE,0x018B,0x018B,0x0108,0x00A6,0x096A,0x3354,0x4418,0x4418,0x4418,0x4418,0x1AF4,0x0230,0x0230,
  0x0230,0x022F,0x01EE,0x018B,0x016B,0x1271,0x4419,0x4419,0x4418,0x4418,0x4418,0x4418,0x4418,0x4418,0x4418,0x3BF8,
  0x2398,0x1B98,0x1B98,0x1B99,0x1B98,0x1B98,0x1B99,0x1B99,0x1B99,0x1B99,0x1B99,0x1B99,0x1B99,0x1B99,0x1B99,0x1B99,
  0x2399,0x2398,0x1B99,0x2399,0x2399,0x2399,0x2399,0x2399,0x1B99,0x1B98,0x1B99,0x1B98,0x1B99,0x1B98,0x1B99,0x1B98,
  0x33D8,0x4418,0x4418,0x3C18,0x4418,0x4418,0x3C18,0x3C19,0x3C19,0x3C19,0x3C19,0x3C18,0x3C18,0x3C18,0x4435,0x64AF,
  0x850A,0x84E8,0x84E6,0x7CA2,0x63E0,0x5380,0x5360,0x4B40,0x4300,0x32C1,0x3AE2,0x5326,0x6B4B,0x6B4C,0x6B4C,0x5ACB,
  0x6B2C,0x526A,0x4228,0x4228,0x4228,0x4208,0x4208,0x31A5,0x4263,0x4B22,0x5BE2,0x4301,0x3AA0,0x4AE1,0x3A20,0x4A80,
  0x39C0,0x4241,0x4B00,0x53A0,0x4340,0x32C1,0x3B46,0x43AF,0x3B91,0x3BF8,0x3C19,0x3C19,0x1B98,0x1B99,0x1B98,0x1B98,
  0x1B98,0x1B98,0x1B98,0x1B98,0x2399,0x1B98,0x2399,0x1B99,0x2399,0x1B99,0x1B98,0x1B99,0x1B99,0x1B99,0x1B98,0x1B98,
  0x2398,0x1B98,0x1B98,0x1B98,0x2399,0x2399,0x2399,0x1B98,0x1B98,0x1B98,0x23B8,0x345B,0x0B79,0x349C,0x03B9,0x1B98,
  0x1B98,0x1B98,0x1B98,0x1B98,0x1B98,0x1B98,0x1B98,0x1B98,0x1B99,0x1B99,0x2399,0x2399,0x2399,0x2399,0x2398,0x2399,
  0x1B98,0x2398,0x3C19,0x4438,0x6BF1,0xA42D,0x4963,0x79C1,0x8A00,0x8A00,0x8A00,0x81E0,0x81C0,0x7180,0x79A0,0x8243,
  0x942F,0x30C2,0x1000,0x4311,0x1B98,0x1B99,0x1B99,0x1B98,0x1B98,0x1B98,0x1B98,0x1B98,0x2397,0x32F2,0x428E,0x42CA,
  0x5BC7,0x3BD0,0x2397,0x1B99,0x1B98,0x1B98,0x1B98,0x1B98,0x1B98,0x1B98,0x1B98,0x1B98,0x1B98,0x1B98,0x1B99,0x1B99,
  0x1B98,0x1B98,0x1B99,0x1B98,0x1B98,0x1B98,0x1B98,0x1B98,0x1B78,0x1B78,0x1B77,0x0293,0x020F,0x020F,0x0210,0x0230,
  0x0230,0x0210,0x01EE,0x01AC,0x018B,0x0129,0x00C7,0x2AB1,0x4439,0x4418,0x4418,0x4418,0x4438,0x33D8,0x0231,0x01CF,
  0x01EE,0x01AC,0x016B,0x014A,0x016C,0x3BB7,0x4418,0x4418,0x4418,0x4418,0x4418,0x4418,0x4418,0x4419,0x4438,0x33F8,
  0x1B98,0x1B98,0x1B99,0x1B98,0x1B99,0x1B98,0x1B98,0x1B98,0x1B99,0x1B98,0x1B98,0x1B98,0x1B98,0x1B98,0x1B98,0x1B98,
  0x1B99,0x2399,0x2399,0x2399,0x2399,0x2399,0x2399,0x2399,0x1B98,0x1B99,0x1B99,0x1B99,0x1B98,0x1B98,0x1B98,0x2BB8,
  0x3C19,0x4418,0x4418,0x3C18,0x4419,0x3C19,0x3C19,0x3C18,0x3C18,0x3C18,0x3C18,0x3C19,0x3C18,0x4C34,0x6469,0x7485,
  0x7CC5,0x5C00,0x5C00,0x53A0,0x4340,0x4300,0x42E0,0x3AC0,0x3AC0,0x2A40,0x2A40,0x2A00,0x3A24,0x6B2B,0x6B6D,0x630B,
  0x6B2C,0x528A,0x4228,0x4228,0x4208,0x4208,0x4207,0x4A84,0x5B62,0x5BC1,0x4B80,0x3AA0,0x4300,0x3A60,0x4241,0x4B01,
  0x31E0,0x3A41,0x4AC1,0x5341,0x4301,0x3AE0,0x4B61,0x3241,0x2A03,0x3372,0x3419,0x23B9,0x1B99,0x1B99,0x1B99,0x1B98,
  0x1B98,0x1B98,0x1B98,0x1B98,0x1B99,0x1B98,0x1B98,0x1B98,0x1B99,0x1B98,0x1B99,0x1B98,0x1B98,0x1B99,0x1B99,0x1B98,
  0x2399,0x1B99,0x2399,0x2399,0x2399,0x1B99,0x2399,0x1B98,0x1B98,0x1B98,0x1B98,0x2C5A,0x0B79,0x349C,0x03B9,0x1B98,
  0x1B98,0x1B98,0x1B98,0x1B98,0x1B98,0x1B98,0x1B98,0x1B98,0x1B98,0x1B99,0x2399,0x2399,0x2399,0x2399,0x2399,0x2398,
  0x1B98,0x2BD9,0x4439,0x4438,0x6BB0,0x6142,0x48A1,0x6100,0x6100,0x6120,0x6920,0x6900,0x6900,0x6900,0x6900,0x58E1,
  0x38C2,0x2020,0x0800,0x2A4E,0x1B99,0x1B99,0x1B99,0x1B99,0x1B99,0x1B98,0x1B98,0x1B97,0x4AEF,0x5985,0x20C3,0x29C1,
  0x5BA2,0x74A6,0x3BF3,0x1B98,0x1B98,0x1B98,0x1B98,0x1B98,0x1B98,0x1B98,0x1B98,0x1B98,0x1B98,0x1B98,0x1B98,0x1B98,
  0x1B99,0x1B99,0x1B99,0x1B98,0x1B98,0x1B98,0x1B98,0x1B98,0x1B78,0x1B78,0x1B78,0x1337,0x0A92,0x0210,0x0210,0x0230,
  0x0230,0x0210,0x01EE,0x01AC,0x018B,0x0129,0x00C7,0x3313,0x4418,0x4418,0x4418,0x4418,0x4438,0x3C39,0x12B4,0x01CF,
  0x01AD,0x016B,0x014A,0x016B,0x2B34,0x4419,0x4418,0x4419,0x4418,0x4418,0x4418,0x4418,0x4418,0x4418,0x4418,0x2BD8,
  0x1B98,0x1B98,0x1B99,0x1B98,0x1B98,0x1B99,0x1B98,0x1B98,0x1B99,0x1B98,0x1B99,0x1B98,0x1B98,0x1B98,0x1B98,0x1B98,
  0x1B98,0x1B99,0x1B98,0x2399,0x2399,0x1B98,0x2399,0x2399,0x1B99,0x1B98,0x1B99,0x1B98,0x1B98,0x1B98,0x1B78,0x3C18,
  0x4418,0x4418,0x3C18,0x3C18,0x4418,0x3C19,0x3C19,0x3C19,0x3C18,0x3C18,0x3C18,0x3C19,0x4415,0x5408,0x6C84,0x5BC1,
  0x4B81,0x53A1,0x4B80,0x3B00,0x3B00,0x3AE0,0x2A20,0x2A20,0x2A60,0x1180,0x1980,0x08C0,0x08A0,0x3184,0x6B2C,0x6B2C,
  0x6B2C,0x528A,0x4228,0x4228,0x4208,0x4208,0x4208,0x4A24,0x41A0,0x5A81,0x4A81,0x2920,0x6C23,0x6C41,0x63E1,0x5BA1,
  0x2A40,0x2A40,0x3A80,0x3A40,0x1940,0x29E1,0x5AE2,0x10A0,0x21C7,0x3BF6,0x341A,0x23B9,0x1B99,0x1B98,0x1B98,0x1B98,
  0x1B98,0x1B98,0x1B98,0x1B98,0x1B98,0x1B98,0x1B98,0x1B98,0x1B99,0x1B99,0x1B99,0x1B98,0x1B99,0x1B98,0x1B98,0x1B99,
  0x1B98,0x2399,0x2399,0x2399,0x2399,0x1B98,0x1B98,0x1B98,0x1B98,0x1B98,0x1B98,0x2C3A,0x0B79,0x349C,0x03B9,0x1B99,
  0x1B98,0x1B98,0x1B98,0x1B98,0x1B98,0x1B98,0x1B98,0x1B98,0x1B99,0x1B99,0x1B98,0x2399,0x2399,0x2399,0x2399,0x1B98,
  0x23B8,0x4419,0x4439,0x4439,0x6370,0x50A0,0x3820,0x2820,0x2020,0x2840,0x3840,0x4860,0x4840,0x5040,0x3020,0x2820,
  0x2000,0x1000,0x0000,0x326F,0x1B98,0x1B99,0x1B99,0x1B99,0x1B99,0x1B99,0x1B98,0x3353,0x7A26,0x5A08,0x2B54,0x1A24,
  0x32C1,0x6C62,0x5C8E,0x1B98,0x1B98,0x1B98,0x1B98,0x1B98,0x1B98,0x1B98,0x1B98,0x1B98,0x1B99,0x1B98,0x1B98,0x1B98,
  0x1B99,0x1B98,0x1B98,0x1B98,0x1B98,0x1B98,0x1B98,0x1B98,0x1B98,0x1B78,0x1B78,0x1B77,0x0AF5,0x0251,0x0230,0x0210,
  0x0230,0x0230,0x020F,0x01CD,0x018B,0x0129,0x096B,0x43F7,0x4418,0x4418,0x4418,0x4419,0x4438,0x4439,0x1AF4,0x01CE,
  0x018B,0x014A,0x014B,0x2B34,0x4418,0x4439,0x4418,0x4418,0x4418,0x4418,0x4418,0x4418,0x4418,0x4418,0x4418,0x2397,
  0x1B98,0x1B98,0x1B99,0x1B98,0x1B99,0x1B99,0x1B98,0x1B98,0x1B99,0x1B98,0x1B99,0x1B99,0x1B98,0x1B98,0x1B98,0x1B98,
  0x1B99,0x1B99,0x2399,0x2399,0x2399,0x2399,0x2399,0x2399,0x1B99,0x1B99,0x1B98,0x1B99,0x1B98,0x1B98,0x2BD8,0x4418,
  0x4418,0x4418,0x4418,0x3C19,0x3C18,0x3C19,0x3C19,0x3C19,0x3C18,0x3C19,0x3C19,0x4418,0x43B0,0x3AC3,0x5BC1,0x5B82,
  0x5362,0x5BC1,0x3280,0x3AA1,0x3AE1,0x32A0,0x3281,0x19A0,0x3AA2,0x1120,0x10E0,0x0860,0x0020,0x0040,0x4208,0x6B4C,
  0x6B2D,0x528A,0x4228,0x4228,0x4228,0x4208,0x4208,0x39C5,0x8344,0x7240,0x5960,0x5140,0x6BA1,0x3A81,0x4B42,0x3A61,
  0x1120,0x2A20,0x2161,0x4A22,0x20E1,0x1040,0x51A2,0x1020,0x1988,0x4419,0x341A,0x1378,0x1B99,0x1B99,0x1B98,0x1B98,
  0x1B98,0x1B98,0x1B98,0x1B98,0x1B98,0x1B98,0x1B98,0x1B98,0x1B98,0x1B99,0x1B98,0x1B99,0x1B99,0x1B99,0x1B99,0x1B99,
  0x1B98,0x1B99,0x1B99,0x1B98,0x1B98,0x1B99,0x1B99,0x1B98,0x1B98,0x1B98,0x1B98,0x2C5B,0x0B79,0x349B,0x03B9,0x1B98,
  0x1B98,0x1B98,0x1B98,0x1B98,0x1B98,0x1B98,0x1B98,0x1B98,0x2399,0x1B98,0x2399,0x1B98,0x2399,0x1B98,0x1B98,0x1B98,
  0x3BF9,0x4439,0x4438,0x4439,0x7C11,0xAB45,0x8A42,0x4081,0x2840,0x40C1,0x9AE5,0x9A82,0x7981,0x7961,0x6121,0x9243,
  0x60E1,0x2040,0x0000,0x3AF0,0x1B78,0x1B98,0x1B99,0x1B99,0x1B99,0x1B99,0x1B98,0x62CD,0x6901,0x326F,0x1B99,0x2375,
  0x2B51,0x5407,0x4C2F,0x1B98,0x1B98,0x1B98,0x1B98,0x1B98,0x1B98,0x1B98,0x1B98,0x1B98,0x1B98,0x1B98,0x1B98,0x1B98,
  0x1B98,0x1B98,0x1B98,0x1B98,0x1B98,0x1B98,0x1B98,0x1B98,0x1B98,0x1B98,0x1B98,0x2398,0x1B78,0x12F4,0x0210,0x020F,
  0x0230,0x0230,0x022F,0x01CD,0x018B,0x014A,0x22D2,0x3C18,0x4438,0x4418,0x4418,0x4419,0x4439,0x4439,0x2315,0x01CD,
  0x016B,0x018C,0x2B34,0x4439,0x4439,0x4439,0x4419,0x4418,0x4418,0x4418,0x4418,0x4418,0x4418,0x4418,0x3C18,0x1B98,
  0x1B98,0x1B99,0x1B99,0x1B99,0x1B99,0x1B99,0x1B98,0x1B99,0x1B99,0x1B98,0x1B99,0x1B99,0x1B98,0x1B98,0x1B99,0x1B99,
  0x1B99,0x2399,0x2399,0x1B98,0x2399,0x2399,0x2399,0x2399,0x1B98,0x1B99,0x1B98,0x1B98,0x1B98,0x2398,0x4439,0x4438,
  0x4418,0x4418,0x4418,0x3C18,0x3C19,0x3C19,0x3C19,0x3C19,0x3C18,0x3C18,0x3C18,0x3C19,0x4C17,0x2163,0x52A3,0x10A0,
  0x3A61,0x3261,0x08C0,0x3A82,0x21E0,0x1140,0x42E3,0x00A0,0x0060,0x31C3,0x10A1,0x0000,0x0000,0x10A2,0x73AE,0x6B4C,
  0x6B4C,0x4A69,0x4207,0x4207,0x41E7,0x41E7,0x49E8,0x41E6,0x8323,0x9BA2,0x9321,0x8B01,0xACA3,0x18C0,0x2982,0x08A0,
  0x0020,0x4242,0x10A0,0x18A1,0x1860,0x28A1,0x5181,0x4121,0x29C9,0x3C39,0x23D9,0x1B99,0x1B99,0x1B99,0x1B98,0x1B98,
  0x1B98,0x1B98,0x1B98,0x1B98,0x1B98,0x1B98,0x1B98,0x1B99,0x1B98,0x1B98,0x1B98,0x1B99,0x1B98,0x1B98,0x1B99,0x1B99,
  0x1B98,0x1B99,0x1B99,0x1B98,0x1B99,0x1B99,0x1B98,0x1B98,0x1B98,0x1B98,0x1B98,0x345B,0x0B99,0x349B,0x03B9,0x1B98,
  0x2398,0x1B98,0x1B98,0x1B98,0x1B98,0x1B98,0x1B98,0x1B98,0x1B98,0x1B98,0x1B98,0x1B98,0x1B99,0x1B98,0x1B78,0x2398,
  0x4439,0x4418,0x4418,0x4419,0x7C31,0xA304,0x9221,0x6101,0x48E2,0x8265,0xA2A1,0x8180,0x7960,0x6921,0x5080,0x9202,
  0x58A0,0x2020,0x0000,0x2A4D,0x1B77,0x1B98,0x1B98,0x1B98,0x1B96,0x1BB7,0x3375,0x7A47,0x4882,0x1AB2,0x1B99,0x1B99,
  0x23B8,0x1A8B,0x2B96,0x1B98,0x1B98,0x1B98,0x1B98,0x1B98,0x1B98,0x1B98,0x1B98,0x1B98,0x1B98,0x1B98,0x1B99,0x1B98,
  0x1B98,0x1B98,0x1B98,0x1B98,0x1B98,0x1B98,0x1B98,0x1B98,0x1B98,0x1B98,0x1B98,0x23B8,0x1B97,0x1315,0x020F,0x020F,
  0x022F,0x022F,0x022F,0x01ED,0x016B,0x096B,0x3375,0x3C18,0x4418,0x4418,0x4419,0x4418,0x4438,0x4439,0x1AD4,0x01AD,
  0x016B,0x2291,0x4418,0x4438,0x4439,0x4439,0x4418,0x4418,0x4418,0x3C18,0x3C18,0x3C18,0x4418,0x4418,0x2B98,0x1B98,
  0x1B98,0x1B98,0x1B99,0x1B99,0x1B99,0x1B99,0x1B99,0x1B99,0x1B98,0x1B98,0x1B99,0x1B98,0x1B98,0x1B98,0x1B98,0x1B98,
  0x2399,0x1B98,0x2399,0x2399,0x2399,0x2399,0x2399,0x1B99,0x1B98,0x1B98,0x1B98,0x1B98,0x1B98,0x33F8,0x4438,0x4438,
  0x4418,0x4418,0x4418,0x3C18,0x3C19,0x3C18,0x3C19,0x3C19,0x3C19,0x3C18,0x3C19,0x3C19,0x4C17,0x6A26,0x58E0,0x2820,
  0x4A02,0x08A0,0x0800,0x29C1,0x1941,0x10C0,0x2A01,0x08A0,0x0000,0x0000,0x0000,0x0000,0x0000,0x18E3,0x738D,0x6B2C,
  0x6B4C,0x5289,0x4207,0x4207,0x4A46,0x61C5,0x6965,0x6944,0x8A24,0x71A1,0x82E2,0xA3E1,0xAC41,0x6A40,0x51C1,0x1020,
  0x3901,0x6201,0x30E1,0x1881,0x30E1,0x1840,0x4100,0x5980,0x4AAA,0x3C3A,0x1BB9,0x1BB9,0x1BB9,0x1B99,0x1B98,0x1B98,
  0x1B98,0x1B98,0x1B98,0x1B98,0x1B98,0x1B99,0x1B98,0x1B98,0x1B99,0x1B98,0x1B98,0x1B98,0x1B98,0x1B98,0x1B99,0x1B99,
  0x1B99,0x1B99,0x1B98,0x1B99,0x1B98,0x1B98,0x1B98,0x1B99,0x1B98,0x1B98,0x1B98,0x2C3A,0x0B99,0x34BB,0x03B9,0x1B98,
  0x2398,0x1B98,0x1B98,0x1B98,0x1B98,0x1B98,0x1B98,0x1B98,0x2398,0x1B98,0x2399,0x1B98,0x1B99,0x1B98,0x1B78,0x3BF9,
  0x4418,0x4438,0x4438,0x4419,0x7C11,0xA324,0x8A01,0x4880,0x8223,0xAAC2,0x89A0,0x8180,0x6921,0x3840,0x6921,0x89C2,
  0x58A0,0x2820,0x0800,0x220C,0x2398,0x1B98,0x1B98,0x2374,0x5C4C,0x43AD,0x4AEC,0x6922,0x2907,0x1B77,0x1BB9,0x1BB9,
  0x1B99,0x2397,0x1B98,0x1B98,0x1B98,0x1B98,0x1B98,0x1B98,0x1B98,0x1B98,0x1B98,0x1B98,0x1B98,0x1B98,0x1B98,0x1B99,
  0x1B98,0x1B98,0x1B98,0x1B98,0x1B98,0x1B98,0x1B98,0x1B98,0x1B98,0x1B98,0x1B98,0x1B98,0x1B98,0x1B15,0x020F,0x020F,
  0x022F,0x022F,0x022F,0x01ED,0x016B,0x11CD,0x4418,0x4418,0x4418,0x4418,0x4418,0x4418,0x4438,0x2B76,0x0A31,0x01AD,
  0x120E,0x4C38,0x4438,0x4438,0x4418,0x4418,0x4418,0x4419,0x3C18,0x3C18,0x3C18,0x3C18,0x4418,0x4418,0x2398,0x1B98,
  0x1B98,0x1B99,0x1B98,0x1B99,0x1B98,0x1B99,0x1B99,0x1B99,0x1B98,0x1B99,0x1B98,0x1B98,0x1B98,0x1B99,0x2399,0x1B98,
  0x2399,0x2399,0x2399,0x2398,0x2399,0x2399,0x1B98,0x1B98,0x1B98,0x1B98,0x1B98,0x1B98,0x33D8,0x4439,0x4438,0x4418,
  0x4418,0x4418,0x4418,0x3C19,0x3C19,0x3C18,0x3C18,0x3C19,0x3C19,0x3C18,0x3C19,0x4419,0x4C17,0x7A45,0x8980,0x7120,
  0x79C2,0x3060,0x3020,0x2880,0x18A0,0x1020,0x3101,0x1060,0x0800,0x1800,0x1800,0x0000,0x1000,0x3103,0x736D,0x630B,
  0x6BAA,0x5B07,0x4A65,0x52C4,0x6303,0x8A65,0x2800,0xA185,0xA268,0x8206,0x1020,0x5202,0x7321,0x6AA1,0x7A80,0x6201,
  0x5980,0x7220,0x6A01,0x38E1,0x5161,0x5160,0x5160,0x5980,0x52AB,0x2BD9,0x1BB9,0x1BB9,0x1BB9,0x1B98,0x1B98,0x1B98,
  0x1B98,0x1B98,0x1B98,0x1B98,0x1B99,0x1B99,0x1B99,0x1B98,0x1B99,0x1B99,0x1B98,0x1B99,0x1B98,0x1B98,0x1B99,0x1B99,
  0x1B99,0x1B99,0x1B98,0x1B99,0x1B98,0x1B98,0x1B98,0x1B98,0x1B98,0x1B98,0x1B98,0x2C3A,0x1399,0x34BB,0x0BB9,0x1B98,
  0x2398,0x1B98,0x1B98,0x1B98,0x1B98,0x1B98,0x1B98,0x1B98,0x1B98,0x1B98,0x2399,0x2398,0x1B99,0x1B98,0x2BB8,0x3C19,
  0x4418,0x4438,0x4418,0x4418,0x7C11,0xA323,0x89E0,0x81C2,0xB2E2,0x99E0,0x8160,0x7121,0x4880,0x58E1,0x4080,0x79C2,
  0x58A0,0x3860,0x0800,0x224E,0x1B98,0x1B98,0x2376,0x4BCA,0x6C03,0x3A81,0x3941,0x6101,0x2149,0x1B98,0x1BB9,0x1BB9,
  0x1B99,0x1B99,0x1B98,0x1B98,0x1B98,0x1B98,0x1B98,0x1B98,0x1B98,0x1B98,0x1B98,0x1B98,0x1B98,0x1B98,0x1B98,0x1B98,
  0x1B98,0x1B98,0x1B98,0x1B98,0x1B98,0x1B98,0x1B98,0x1B98,0x1B98,0x1B98,0x1B98,0x1B98,0x1B97,0x1B15,0x020F,0x020F,
  0x022F,0x022F,0x022F,0x020E,0x01AC,0x124F,0x4418,0x4418,0x4418,0x4418,0x4418,0x4418,0x4418,0x22F4,0x01D0,0x018D,
  0x1AD2,0x4C58,0x4C59,0x4438,0x4418,0x4418,0x4418,0x4419,0x3C18,0x4418,0x4418,0x3C18,0x4418,0x33D8,0x1B98,0x1B99,
  0x1B98,0x1B99,0x1B99,0x1B98,0x1B98,0x1B98,0x1B98,0x1B98,0x1B98,0x1B98,0x1B98,0x1B99,0x1B98,0x1B99,0x2399,0x1B98,
  0x2399,0x2399,0x2399,0x1B99,0x2399,0x2399,0x2399,0x1B99,0x1B98,0x1B98,0x1B98,0x2398,0x4419,0x4438,0x4438,0x4418,
  0x4418,0x4418,0x4418,0x3C18,0x3C19,0x3C19,0x3C18,0x3C19,0x3C18,0x3C19,0x3C19,0x3C19,0x4C17,0x7A46,0x91C0,0x91A0,
  0x99E0,0x89C1,0x5040,0x5060,0x3840,0x3000,0x5060,0x3840,0x1800,0x2800,0x3840,0x2020,0x1800,0x4103,0x6B4C,0x62EB,
  0x6C24,0x63C3,0x5341,0x5B81,0x5300,0x3181,0x0820,0x81E5,0x1800,0x1081,0x1081,0x0020,0x21E0,0x3200,0x72C1,0x7A80,
  0x7A60,0x8260,0x8260,0x61A0,0x5960,0x5960,0x5960,0x5960,0x4A8B,0x2BB9,0x1BB9,0x1BB9,0x1B98,0x1B98,0x1B98,0x1B98,
  0x1B98,0x1B98,0x1B98,0x1B98,0x1B99,0x1B99,0x1B99,0x1B99,0x1B99,0x1B99,0x1B98,0x1B98,0x1B98,0x1B98,0x1B98,0x1B98,
  0x1B99,0x1B99,0x1B99,0x1B98,0x1B98,0x1B98,0x1B98,0x1B98,0x1B99,0x1B98,0x1B98,0x2C5A,0x1399,0x34BB,0x0BB9,0x1B98,
  0x2398,0x1B98,0x1B98,0x1B98,0x1B98,0x1B98,0x1B98,0x1B98,0x1B98,0x1B98,0x1B99,0x1B98,0x1B98,0x2398,0x3C19,0x4419,
  0x3C19,0x4418,0x4418,0x4418,0x7C31,0xAB23,0xAAA0,0xB301,0x9A00,0x91A0,0x7141,0x3020,0x5901,0x50C1,0x48A0,0x79A2,
  0x58A0,0x3040,0x0800,0x2A6F,0x1B98,0x1B98,0x33B3,0x7CC5,0x6C23,0x3261,0x51E1,0x7941,0x2108,0x2398,0x1BB9,0x1BB9,
  0x1BB9,0x1B99,0x1B98,0x1B98,0x1B98,0x1B98,0x1B98,0x1B98,0x1B98,0x1B98,0x1B98,0x1B98,0x1B98,0x1B98,0x1B98,0x1B98,
  0x1B98,0x1B98,0x1B98,0x1B98,0x1B98,0x1B98,0x1B98,0x1B98,0x1B98,0x1B98,0x1B98,0x1B98,0x1B98,0x1B15,0x020F,0x020F,
  0x022F,0x0230,0x0230,0x0230,0x01CD,0x1270,0x4439,0x4438,0x4418,0x4418,0x4418,0x4418,0x4418,0x22D4,0x01B0,0x018D,
  0x1AD2,0x4C59,0x4C58,0x4458,0x4419,0x4419,0x4419,0x4419,0x4418,0x4418,0x4416,0x4C30,0x4417,0x2BD8,0x1B98,0x1B99,
  0x1B99,0x1B99,0x1B99,0x1B99,0x1B99,0x1B98,0x1B98,0x1B98,0x1B99,0x1B98,0x1B98,0x1B98,0x1B99,0x1B98,0x2399,0x1B98,
  0x2399,0x2399,0x2399,0x2399,0x2399,0x2399,0x2399,0x1B98,0x1B98,0x1B98,0x1B98,0x33F9,0x4439,0x4418,0x4438,0x4418,
  0x3C18,0x4418,0x4418,0x3C18,0x4419,0x3C19,0x3C18,0x3C18,0x3C19,0x3C19,0x3C19,0x3C19,0x4C17,0x7A45,0x99C0,0x99C0,
  0x99E0,0x91E0,0x7100,0x6080,0x6900,0x60C0,0x60A0,0x68E0,0x4060,0x3820,0x4840,0x4840,0x3820,0x4904,0x6B4C,0x5AEB,
  0x6B27,0x6223,0x6A82,0x5A60,0x31C0,0x4322,0x3261,0x4261,0x0860,0x10C1,0x31E3,0x10A1,0x3A62,0x29A0,0x29A0,0x5A60,
  0x8280,0x8260,0x8260,0x69C0,0x5980,0x5160,0x5160,0x38E0,0x2168,0x23B8,0x1BB9,0x1BB9,0x1B98,0x1B99,0x1B99,0x1B99,
  0x1B98,0x1B98,0x1B98,0x1B98,0x1B98,0x1B99,0x1B99,0x1B98,0x1B98,0x1B98,0x1B99,0x1B98,0x1B99,0x1B98,0x1B98,0x1B98,
  0x1B98,0x1B98,0x1B98,0x1B99,0x1B98,0x1B98,0x1B99,0x1B98,0x1B98,0x1B99,0x1B98,0x2C3A,0x0B58,0x349B,0x0BB9,0x1B98,
  0x2398,0x1BB8,0x1B98,0x1B98,0x1B98,0x1B98,0x1B98,0x1B98,0x2398,0x1B98,0x1B98,0x1B98,0x2398,0x33D8,0x4419,0x4418,
  0x3C18,0x4418,0x4418,0x4418,0x8451,0xAB03,0xAA80,0x91E0,0x89A0,0x6921,0x3840,0x58E1,0x50A0,0x4880,0x6121,0x9263,
  0x6900,0x3020,0x0800,0x220D,0x1B98,0x1B99,0x2BB3,0x53E5,0x2AC8,0x2B0E,0x52A9,0x7941,0x3883,0x2B55,0x1BB9,0x1BB9,
  0x1B98,0x1B98,0x1B98,0x1B98,0x1B98,0x1B98,0x1B98,0x1B98,0x1B98,0x1B98,0x1B98,0x1B98,0x1B98,0x1B99,0x1B98,0x1B98,
  0x1B98,0x1B98,0x1B98,0x1B98,0x1B98,0x1B98,0x1B98,0x1B98,0x1B98,0x1B98,0x1B98,0x1B98,0x1B98,0x1B15,0x020F,0x020F,
  0x022F,0x0230,0x0250,0x0250,0x01CE,0x0A2F,0x4418,0x4439,0x4418,0x4418,0x4418,0x4418,0x4418,0x22F4,0x01CF,0x018D,
  0x22D2,0x4C59,0x4C59,0x4C59,0x4419,0x3C19,0x3C19,0x3C19,0x3C19,0x4417,0x438C,0x4BEE,0x3C17,0x2398,0x1B98,0x1B99,
  0x1B99,0x1B98,0x1B98,0x1B98,0x1B98,0x1B98,0x1B99,0x1B99,0x1B98,0x1B98,0x1B99,0x1B99,0x2399,0x1B99,0x1B98,0x1B98,
  0x2399,0x1B98,0x1B98,0x2399,0x2399,0x2399,0x1B99,0x1B98,0x1B98,0x1B78,0x2398,0x3C19,0x4418,0x3C18,0x3C18,0x3C18,
  0x3C18,0x3C18,0x3C19,0x3C18,0x3C18,0x3C18,0x3C18,0x3C18,0x3C18,0x3C18,0x3C18,0x3C18,0x4C17,0x8245,0x99E0,0x99E0,
  0x99E0,0x91E0,0x7920,0x68A0,0x68E0,0x68E0,0x60A0,0x68E0,0x5880,0x4020,0x4840,0x4840,0x4040,0x4103,0x6B2D,0x5ACB,
  0x4123,0xC2A9,0xBAC9,0x81E5,0x2080,0x4B42,0x4340,0x4B61,0x3A81,0x2182,0x10E0,0x0020,0x3141,0x3141,0x0840,0x7AC1,
  0x8AA0,0x8A80,0x8260,0x69C0,0x5980,0x5160,0x4120,0x1820,0x116A,0x23B8,0x1BB9,0x1BB9,0x1B98,0x1B98,0x1B98,0x1B98,
  0x1B98,0x1B98,0x1B98,0x1B98,0x1B98,0x1B98,0x1B98,0x1B98,0x1B98,0x1B98,0x1B98,0x1B98,0x1B98,0x1B98,0x1B98,0x1B98,
  0x1B98,0x1B98,0x1B98,0x1B98,0x1B98,0x1B98,0x1B98,0x1B98,0x1B98,0x1B99,0x1B78,0x341A,0x1358,0x3C9A,0x0BB9,0x1B98,
  0x2398,0x1B98,0x1B98,0x1B98,0x1B98,0x1B98,0x1B98,0x1B98,0x1B98,0x2398,0x2398,0x2398,0x2398,0x4419,0x4418,0x4418,
  0x3C18,0x3C18,0x4418,0x4418,0x8C51,0xAB03,0xA240,0x8980,0x7980,0x50C1,0x6941,0x7960,0x7140,0x6940,0x3860,0x81E2,
  0x6940,0x3840,0x0800,0x1A0D,0x1B98,0x1B99,0x1B97,0x2B4C,0x1AAE,0x1B56,0x42CF,0x8982,0x5081,0x32F2,0x2399,0x1B99,
  0x1B98,0x1B98,0x1B98,0x1B98,0x1B98,0x1B98,0x1B98,0x1B98,0x1B98,0x1B98,0x1B99,0x1B98,0x1B99,0x1B99,0x1B98,0x1B98,
  0x1B98,0x1B98,0x1B98,0x1B98,0x1B98,0x1B98,0x1B98,0x1B98,0x1B98,0x1B98,0x1B98,0x1B98,0x1B98,0x1B15,0x0230,0x022F,
  0x0230,0x0230,0x0230,0x0250,0x01CD,0x018C,0x3396,0x4439,0x4439,0x4418,0x4419,0x4418,0x4418,0x22F4,0x01EF,0x018C,
  0x0A2F,0x4C59,0x4C59,0x4C59,0x4419,0x4419,0x4419,0x3C19,0x3C19,0x4C34,0x4B68,0x4C36,0x3BF8,0x1B78,0x1B98,0x1B98,
  0x1B98,0x1B98,0x1B98,0x1B99,0x1B99,0x1B98,0x1B99,0x1B98,0x1B98,0x1B98,0x1B98,0x2399,0x2399,0x2399,0x2399,0x2399,
  0x2399,0x2399,0x2399,0x2399,0x1B99,0x1B98,0x1B99,0x1B98,0x1B98,0x2398,0x3C19,0x4439,0x3C18,0x3C18,0x3C18,0x3C18,
  0x3C19,0x3C19,0x3C19,0x3C19,0x3C19,0x4419,0x4419,0x3C18,0x3C18,0x3C18,0x3BF8,0x3C18,0x4C18,0x8245,0xA1E0,0xA1E0,
  0x9A00,0x9200,0x7920,0x68C0,0x68E0,0x68E0,0x68E0,0x68E0,0x6080,0x4820,0x4840,0x4840,0x4820,0x4924,0x6B4C,0x5ACB,
  0x1000,0xAA27,0x1800,0x1000,0x0000,0x2141,0x29A2,0x4AC2,0x4281,0x10A0,0x2941,0x0840,0x28A1,0x3901,0x1000,0xA363,
  0x8AA0,0x8A80,0x7A00,0x69E0,0x5980,0x4940,0x2880,0x1082,0x2290,0x23B8,0x23B9,0x1BB9,0x1B98,0x1B98,0x1B98,0x1B98,
  0x1B98,0x1B98,0x1B98,0x1B98,0x1B98,0x1B98,0x1B98,0x1B98,0x1B98,0x1B98,0x1B98,0x1B98,0x1B98,0x1B98,0x1B98,0x1B98,
  0x1B98,0x1B98,0x1B98,0x1B98,0x1B99,0x1B98,0x1B99,0x1B98,0x1B78,0x1B78,0x2398,0x5CDB,0x1B57,0x7DFD,0x0BB8,0x1B98,
  0x2398,0x1BB8,0x1B98,0x1B98,0x1B98,0x1B98,0x1B98,0x1B98,0x1B98,0x2398,0x2398,0x2397,0x3BF4,0x5433,0x4C33,0x4C12,
  0x43F3,0x43F6,0x3C18,0x4418,0x8472,0xD52D,0xD4AA,0xD427,0xCC06,0xCC06,0xCC06,0xCBE6,0xC3C5,0xBB85,0xB344,0x9AC3,
  0xA389,0x6183,0x1000,0x1A2E,0x1B99,0x1B99,0x1B98,0x1B56,0x1B35,0x1B77,0x3B12,0x9A03,0x68C0,0x3169,0x2377,0x1B98,
  0x1B98,0x1B98,0x1B98,0x1B98,0x1B98,0x1B98,0x1B98,0x1B98,0x1B98,0x1B98,0x1B98,0x1B98,0x1B98,0x1B98,0x1B98,0x1B98,
  0x1B98,0x1B98,0x1B98,0x1B98,0x1B98,0x1B98,0x1B98,0x1B98,0x1B98,0x1B98,0x1B98,0x1B98,0x1B98,0x0252,0x0230,0x022F,
  0x0230,0x0230,0x0230,0x0230,0x01CD,0x014B,0x1271,0x4C39,0x4439,0x4418,0x4418,0x4418,0x3C18,0x0A71,0x020F,0x018C,
  0x01AD,0x2314,0x4439,0x4459,0x4439,0x4439,0x4439,0x4419,0x4439,0x4BCE,0x5389,0x4C36,0x43D2,0x2397,0x1B99,0x1B98,
  0x1B98,0x1B98,0x1B98,0x1B98,0x1B98,0x1B98,0x1B98,0x2399,0x2398,0x1B98,0x2398,0x1B98,0x1B98,0x1B98,0x2399,0x1B98,
  0x2399,0x1B98,0x1B98,0x1B98,0x1B98,0x1B98,0x1B98,0x1B98,0x1B98,0x3BF9,0x4439,0x4439,0x3C18,0x3C18,0x3C18,0x3C18,
  0x3C18,0x3C19,0x4418,0x4418,0x4438,0x4437,0x4C35,0x4435,0x4414,0x4414,0x43F6,0x3BF8,0x4C17,0x8245,0xA1E0,0xA1E0,
  0x9A00,0x9200,0x7920,0x68C0,0x68E0,0x68E0,0x68E0,0x68E0,0x6080,0x4820,0x4840,0x4840,0x4840,0x5144,0x6B4C,0x5ACB,
  0x4121,0x5942,0x0000,0x3922,0x1020,0x0820,0x1060,0x4161,0x6242,0x0820,0x20A0,0x0800,0x3901,0x69C1,0x5140,0xA362,
  0x8A80,0x7A20,0x7200,0x69C0,0x5960,0x38C0,0x1840,0x1107,0x2356,0x1B99,0x1B99,0x1BB9,0x1B98,0x1B98,0x1B99,0x1B98,
  0x1B98,0x1B98,0x1B98,0x1B99,0x1B98,0x1B98,0x1B99,0x1B99,0x1B99,0x1B99,0x1B99,0x1B98,0x1B98,0x1B99,0x1B99,0x1B98,
  0x1B98,0x1B99,0x1B99,0x1B99,0x1B99,0x1B99,0x1B99,0x1B99,0x1B99,0x1B99,0x2398,0x5CFB,0x1357,0x863C,0x13B8,0x1BB9,
  0x1B98,0x1B98,0x1B98,0x1B98,0x1B98,0x1B98,0x1B99,0x1B98,0x2396,0x33D3,0x3BD3,0x4C30,0x6CA7,0x6C63,0x6443,0x5C02,
  0x4B83,0x4B88,0x4BEF,0x4BB0,0x8C2E,0xCD93,0x6A04,0x9A81,0x9A60,0x89E0,0x8A00,0x89E0,0x8A00,0x81C0,0x8A00,0xA324,
  0x9C2F,0x1840,0x1128,0x2B97,0x2399,0x1B99,0x1B98,0x1B98,0x1B78,0x1B78,0x3354,0x9264,0x9180,0x48E3,0x2335,0x1B98,
  0x1B98,0x1B98,0x1B98,0x2398,0x3375,0x2377,0x1B99,0x1B99,0x1B98,0x1B98,0x1B98,0x1B98,0x1B98,0x1B98,0x1B98,0x1B98,
  0x1B98,0x1B98,0x1B98,0x1B98,0x1B98,0x1B98,0x1B98,0x1B98,0x1B98,0x1B98,0x1B98,0x1B98,0x2398,0x0230,0x0230,0x0230,
  0x0230,0x0230,0x0230,0x0250,0x020F,0x018C,0x01AD,0x43F7,0x4438,0x4418,0x4418,0x4418,0x3BF8,0x020F,0x020F,0x01CD,
  0x01AD,0x01CE,0x2B53,0x5474,0x5431,0x5430,0x5430,0x4C32,0x4C56,0x4BCD,0x5410,0x4BF0,0x438B,0x2B94,0x1B99,0x1B99,
  0x1B98,0x1B98,0x1B98,0x1B98,0x1B98,0x1B98,0x1B99,0x2398,0x2398,0x1B98,0x1B98,0x1B98,0x1B98,0x1B99,0x2399,0x1B99,
  0x2399,0x1B98,0x1B98,0x1B98,0x1B98,0x1B98,0x1B98,0x1B99,0x1B98,0x4439,0x4C59,0x4459,0x3C19,0x3C19,0x3C18,0x3C18,
  0x3C18,0x4418,0x5434,0x5C51,0x5C72,0x648E,0x7CC6,0x6C64,0x53C3,0x5383,0x5347,0x5B2E,0x6371,0x8224,0xA1E0,0xA200,
  0x9A00,0x9200,0x7920,0x70C0,0x70E0,0x68E0,0x68E0,0x68E0,0x5880,0x4820,0x4820,0x4840,0x4840,0x5964,0x736D,0x5AEB,
  0x9B21,0xA362,0x6A22,0x7A42,0x6A01,0x4140,0x30E0,0x5160,0x8AE2,0x3921,0x30C1,0x3901,0x38C0,0x61C1,0x61C0,0x7A20,
  0x7A40,0x69C0,0x61A0,0x5141,0x38C0,0x1020,0x0083,0x1B13,0x1357,0x1378,0x1B58,0x1378,0x1B78,0x1B78,0x1378,0x1378,
  0x1378,0x1378,0x1B78,0x1B58,0x1378,0x1358,0x1B58,0x1358,0x1358,0x1358,0x1358,0x1378,0x1378,0x1378,0x1358,0x1378,
  0x1378,0x1378,0x1378,0x1378,0x1378,0x1358,0x1378,0x1378,0x0B78,0x0B58,0x1377,0x6D9C,0x1357,0x8E3C,0x0BB8,0x0B78,
  0x1358,0x1358,0x1358,0x1378,0x1378,0x1378,0x1B78,0x2B94,0x5C6E,0x7D08,0x74C5,0x6443,0x6421,0x53A0,0x53A0,0x53A0,
  0x4B60,0x4320,0x3AE1,0x3A81,0x5AA3,0x3901,0x3081,0x48E1,0x5121,0x5121,0x5101,0x5101,0x5121,0x5121,0x5101,0x5162,
  0x20A2,0x0864,0x22D2,0x2398,0x1B98,0x1B98,0x1B98,0x1B98,0x1B78,0x1B78,0x2377,0x72AA,0x99E1,0x4861,0x224F,0x1B98,
  0x1B99,0x1B98,0x1B98,0x2377,0x5A6C,0x52F0,0x2398,0x1B99,0x1B98,0x1B98,0x1B98,0x1B98,0x1B98,0x1B98,0x1B98,0x1B98,
  0x1B98,0x1B98,0x1B98,0x1B98,0x1B98,0x1B98,0x1B98,0x1B98,0x1B98,0x1B78,0x1B78,0x1B78,0x2BB8,0x0210,0x022F,0x022F,
  0x0230,0x0230,0x0230,0x0230,0x0230,0x01AD,0x016C,0x0A0F,0x4438,0x4439,0x4418,0x3C19,0x2335,0x020F,0x022F,0x0A2D,
  0x3B2C,0x32E9,0x32E7,0x6446,0x6C64,0x6442,0x5C22,0x5C03,0x4BC8,0x4364,0x53CA,0x336B,0x2B94,0x2398,0x1B99,0x1B99,
  0x1B58,0x1B78,0x1B78,0x1B78,0x1B78,0x1B78,0x1B78,0x1B78,0x1B58,0x1358,0x1B58,0x1B58,0x1358,0x1358,0x1358,0x1358,
  0x1358,0x1B58,0x1B58,0x1B78,0x1358,0x1358,0x1358,0x1B78,0x33F9,0x3C18,0x4418,0x3C19,0x3C18,0x3C18,0x3BF8,0x3BF8,
  0x4416,0x5C70,0x7D0A,0x8527,0x6CA4,0x6C82,0x6440,0x5BE0,0x9B82,0x71A1,0x6161,0xA243,0xA183,0x80C1,0x7921,0x91C1,
  0x9A00,0x9200,0x7920,0x70C0,0x70E0,0x68E0,0x68E0,0x68E0,0x60A0,0x4820,0x4840,0x4840,0x4840,0x5964,0x83AD,0x630B,
  0x8AC0,0x9B00,0x9B00,0x92E0,0x8A80,0x8A80,0x6A00,0x7200,0x92E1,0x7221,0x5160,0x5160,0x4100,0x2880,0x4961,0x59A1,
  0x4100,0x38E0,0x38E0,0x1881,0x29C6,0x0967,0x0A2D,0x1B55,0x1B57,0x1B57,0x1B57,0x1B57,0x1B57,0x1B57,0x1B57,0x1B56,
  0x1B57,0x1B57,0x1B57,0x1B57,0x1B57,0x1B57,0x1B57,0x1357,0x1338,0x1358,0x1358,0x1358,0x1B57,0x1B57,0x1B57,0x1B57,
  0x1B57,0x1B57,0x1357,0x1357,0x1B57,0x1B57,0x1B58,0x1B78,0x1378,0x0B58,0x1357,0x759B,0x4457,0x965C,0x13B8,0x1357,
  0x1B37,0x1357,0x1357,0x1358,0x1B78,0x1B77,0x2B72,0x6448,0x8506,0x6C62,0x6400,0x5BC0,0x5380,0x4B40,0x4320,0x4300,
  0x3AA0,0x3280,0x3240,0x2A00,0x2180,0x1921,0x29A6,0x4B72,0x4B94,0x4BB4,0x4BB4,0x4B94,0x4B94,0x4BB4,0x4394,0x4393,
  0x3333,0x22F4,0x2357,0x2398,0x1B98,0x1B98,0x1B98,0x1B98,0x1B98,0x1B98,0x1B98,0x52EE,0x9A22,0x60A0,0x3106,0x2335,
  0x1B99,0x1B98,0x1B98,0x2398,0x4B31,0x6A8A,0x2B98,0x1B99,0x1B98,0x1B98,0x1B98,0x1B98,0x1B99,0x1B98,0x1B98,0x1B98,
  0x1B98,0x1B98,0x1B98,0x1B98,0x1B98,0x1B98,0x1B98,0x1B98,0x1B98,0x1B78,0x1B78,0x2378,0x2BB8,0x0230,0x022F,0x022F,
  0x0230,0x0230,0x0230,0x0230,0x01EF,0x016C,0x016B,0x014B,0x4C38,0x4439,0x4439,0x33B7,0x0A72,0x022F,0x22EC,0x5C6A,
  0x7D27,0x6C63,0x5C22,0x53E1,0x53C0,0x4BA0,0x53A0,0x53A0,0x4B60,0x4320,0x4321,0x3AC3,0x32CA,0x2353,0x1B98,0x1B98,
  0x1B58,0x1B58,0x1B78,0x1B78,0x1B78,0x1B78,0x1B77,0x1B77,0x1B58,0x1B58,0x1B58,0x1B58,0x1B57,0x1B58,0x1B58,0x1B58,
  0x1B58,0x1B58,0x1B57,0x1B57,0x1357,0x1358,0x1B37,0x2378,0x3BF9,0x4418,0x4418,0x4419,0x3C18,0x3BF8,0x3BF8,0x4416,
  0x542C,0x6445,0x7CC5,0x5C21,0x5400,0x53C0,0x53C0,0x5380,0x7281,0x3820,0x4820,0xC1A2,0x6840,0x5020,0x2800,0x3860,
  0x8201,0x8A00,0x7940,0x70E0,0x7100,0x68E0,0x68E0,0x68E0,0x60A0,0x4820,0x4840,0x4840,0x4020,0x5964,0x836C,0x5AAA,
  0x7AA2,0x82A0,0x8AA0,0x8AA0,0x8A80,0x8A60,0x7A40,0x7220,0x7A40,0x7200,0x4940,0x38E0,0x1840,0x0800,0x0820,0x1040,
  0x0820,0x0820,0x0861,0x11E8,0x12EF,0x0B75,0x3CBA,0x6D9D,0x6D7D,0x655C,0x655C,0x655C,0x6D7C,0x85FC,0xA6BC,0xB6FC,
  0xAEBC,0x963C,0x7DBC,0x75BC,0x7DBD,0x759C,0x6D7C,0x5D1C,0x347C,0x347C,0x347B,0x5D5C,0x85FD,0x7DDD,0x7DBD,0x7DBD,
  0x7DDD,0x7DDD,0x75BD,0x75BC,0x9E7D,0xAE9D,0x7DDC,0x75BD,0x75DD,0x75FD,0x7E1C,0xC77E,0xCF7E,0xAEDE,0xA6DC,0xA69C,
  0x7DDC,0x75BC,0x655C,0x4CDB,0x3C79,0x4C75,0x53C8,0x6403,0x6C62,0x5BC0,0x6C42,0x4320,0x3AE0,0x4300,0x3AA0,0x3240,
  0x3240,0x42C2,0x21C0,0x1940,0x08A0,0x0040,0x0040,0x21EA,0x4438,0x4439,0x3C39,0x3C39,0x3C39,0x3C39,0x3C3A,0x3C3A,
  0x2BB9,0x2378,0x2398,0x1B98,0x1B98,0x1B98,0x1B98,0x1B98,0x1B98,0x1B98,0x1B98,0x3354,0x8AA6,0x99E1,0x58C1,0x29EC,
  0x1B36,0x1B98,0x1B98,0x1B98,0x3375,0x7AAA,0x3396,0x1BB9,0x2397,0x1B98,0x1B98,0x1B98,0x1B98,0x1B98,0x1B98,0x1B98,
  0x1B98,0x1B98,0x1B98,0x1B98,0x1B98,0x1B98,0x1B98,0x1B98,0x1B98,0x1B98,0x2378,0x2378,0x2356,0x0230,0x022F,0x0230,
  0x0230,0x0230,0x0230,0x0A2F,0x01EE,0x016C,0x016B,0x014A,0x4418,0x4439,0x4439,0x12D4,0x0250,0x3B6C,0x5C05,0x7CC3,
  0x74C3,0x5C41,0x53C1,0x4B80,0x4360,0x4320,0x5AC0,0x6241,0x7241,0x6240,0x5201,0x41A1,0x2941,0x1A08,0x5CD8,0x6D5C,
  0x4459,0x33D9,0x2BB8,0x3C19,0x4459,0x5CBA,0x5C99,0x6D1A,0x3396,0x7519,0x64DA,0x5C9A,0x4C7A,0x3C39,0x2BD8,0x33D8,
  0x4459,0x5479,0x5479,0x64B9,0x6D19,0x4C37,0x85BB,0x64FA,0x64DA,0x5499,0x4438,0x4438,0x5479,0x5C99,0x6CF8,0x5C4C,
  0x6425,0x5C02,0x4B81,0x5361,0x5BE1,0x4300,0x4300,0x5BA1,0x3A60,0x20C0,0x2800,0x6881,0x0800,0x0820,0x0820,0x2961,
  0x7403,0x73E1,0x6B61,0x7362,0x6AA1,0x6180,0x6100,0x68E0,0x60A0,0x4840,0x4820,0x4840,0x4881,0x7268,0x5248,0x41E7,
  0x5AEA,0x6285,0x7A82,0x82A1,0x7A60,0x7220,0x61A0,0x59A0,0x5160,0x4100,0x30C0,0x1860,0x0820,0x0000,0x0000,0x0000,
  0x0041,0x0041,0x0987,0x128C,0x0B53,0x03DA,0x0C1B,0x0BFA,0x0BFA,0x0BDA,0x13DA,0x13FA,0x13D9,0x13D9,0x1BF9,0x1BF9,
  0x1BF9,0x13D9,0x141A,0x1C1A,0x13DA,0x13FA,0x13FA,0x13FA,0x0BDA,0x0BDB,0x0BFA,0x141A,0x13FA,0x13D9,0x13D9,0x13FA,
  0x13FA,0x13F9,0x13D9,0x13D9,0x1BD9,0x1BFA,0x13FA,0x13FA,0x13D9,0x13D9,0x3479,0x657B,0x2C59,0x13FA,0x4CDA,0x8E1D,
  0x23F8,0x13D9,0x13D9,0x13DA,0x0BD9,0x2393,0x21C2,0x5B63,0x4B02,0x5BC3,0x6422,0x42E1,0x3281,0x4B62,0x21C1,0x4302,
  0x08E0,0x3242,0x3202,0x08C0,0x18E1,0x0000,0x0000,0x324C,0x4418,0x3C39,0x3C39,0x3C39,0x3C39,0x3C39,0x3C39,0x33F9,
  0x2398,0x2378,0x2398,0x1B98,0x1B98,0x1B98,0x1B98,0x1B98,0x1B98,0x1B98,0x1B98,0x2397,0x632D,0xA261,0x8960,0x48A2,
  0x222E,0x2377,0x1B98,0x1B98,0x3376,0x8288,0x4A6D,0x3B92,0x542B,0x33B3,0x1B98,0x1B98,0x1B98,0x1B98,0x1B98,0x1B98,
  0x1B98,0x1B98,0x1B98,0x1B98,0x1B99,0x1B98,0x1B98,0x1B98,0x1B98,0x1B98,0x1B98,0x1315,0x0230,0x022F,0x0230,0x0230,
  0x0250,0x0230,0x0A30,0x01EE,0x01AD,0x016B,0x016A,0x0109,0x43F8,0x4419,0x33F8,0x0252,0x1ACF,0x53E6,0x7482,0x6440,
  0x53C1,0x5C42,0x3B20,0x3B00,0x4340,0x5B42,0x89A1,0x6020,0xA142,0xD2C6,0x98E2,0x6061,0x1860,0x0080,0x19A9,0x755B,
  0x4439,0x33F9,0x3C1A,0x54BB,0x4C7A,0x7D9C,0xA65D,0xC6DD,0xB67B,0xD73D,0x9E1C,0x7D5C,0x4459,0x33F9,0x3419,0x447A,
  0x54BA,0x6D3B,0x859B,0xCF1E,0xBE9B,0xDF7E,0xC6DD,0x95DC,0x5CBA,0x4C79,0x4439,0x549A,0x5CBA,0x64DA,0x85B9,0x5B87,
  0x4AE3,0x5361,0x3241,0x63E2,0x4B41,0x21A0,0x4B42,0x4B42,0x3240,0x29E1,0x2121,0x4AC2,0x29A1,0x74A6,0x74A5,0x6CA4,
  0x5C42,0x4BC0,0x43C0,0x4BC0,0x4BC0,0x4B60,0x5320,0x52C1,0x4920,0x4040,0x4840,0x4040,0x4124,0x39A6,0x3186,0x3186,
  0x52CB,0x4A69,0x4A47,0x5225,0x49A2,0x4982,0x3921,0x3101,0x30E1,0x2080,0x1860,0x0800,0x0000,0x0001,0x0062,0x1167,
  0x0946,0x00E4,0x0A09,0x0AAF,0x03B8,0x03FB,0x03FB,0x03DB,0x03DB,0x03DB,0x03DB,0x03DB,0x03DB,0x03DB,0x03DB,0x03DB,
  0x03DB,0x03DB,0x03DB,0x03DB,0x03DB,0x03DB,0x03DB,0x03DB,0x03DB,0x03DB,0x03DB,0x03DB,0x03DB,0x03DB,0x03DB,0x03DB,
  0x03DB,0x03DB,0x03DB,0x03FB,0x03FB,0x03DB,0x03FB,0x03FB,0x03DB,0x03DB,0x13FB,0x2C9C,0x03DB,0x03DB,0x0BDB,0x44DB,
  0x451C,0x03FB,0x03DB,0x03DB,0x03DB,0x13B8,0x31A6,0x3962,0x0020,0x4AC3,0x3262,0x08A0,0x31E1,0x3243,0x08A0,0x3262,
  0x1101,0x0000,0x2142,0x08A0,0x0000,0x0000,0x0000,0x42CE,0x4BD5,0x4BD5,0x4BF6,0x4BF6,0x4BF6,0x43F6,0x43D6,0x3B96,
  0x2B77,0x2398,0x23B8,0x2399,0x1B98,0x1B98,0x1B98,0x1B98,0x1B98,0x1B98,0x1B98,0x1B98,0x3375,0x8245,0xA200,0x7100,
  0x3106,0x2315,0x1B98,0x1B99,0x3376,0x7185,0x2820,0x29E2,0x42E2,0x4BC9,0x2BD4,0x1B98,0x1B98,0x1B98,0x1B98,0x1B98,
  0x1B98,0x1B98,0x1B98,0x1B98,0x1B98,0x1B98,0x1B98,0x1B98,0x1B98,0x1B78,0x12F5,0x0251,0x0230,0x0230,0x0230,0x0230,
  0x0250,0x0230,0x0230,0x018D,0x018C,0x016B,0x0129,0x00E8,0x3334,0x3BD7,0x0AB2,0x0251,0x12AF,0x19E2,0x5BA2,0x5362,
  0x4301,0x4BA1,0x2240,0x2A40,0x32A2,0x08A0,0x5962,0x1000,0x70A2,0x68A1,0x3000,0x2820,0x0820,0x0041,0x226F,0x2BF9,
  0x1B98,0x1B98,0x1B78,0x1B77,0x1B97,0x1B77,0x5498,0x9DDB,0xBEBD,0x74F8,0x4C59,0x23B7,0x1BB8,0x23B8,0x23B8,0x23B8,
  0x1B97,0x1B97,0x2397,0x8DBB,0xA5FA,0xC6BD,0x6CD9,0x5479,0x3C18,0x3C19,0x3C19,0x3C18,0x4418,0x4418,0x4C37,0x5B70,
  0x4962,0x2921,0x18C1,0x3A81,0x2161,0x10E0,0x3AA1,0x00C0,0x1960,0x3A83,0x42E3,0x6CA3,0x7D24,0x5C41,0x53E1,0x4380,
  0x4340,0x3B20,0x3B40,0x3B40,0x3B20,0x3300,0x32E0,0x2A80,0x2A00,0x20E0,0x2020,0x2041,0x3165,0x2965,0x3186,0x2965,
  0x4A69,0x39E7,0x41E7,0x39C6,0x3185,0x3185,0x3164,0x2924,0x1081,0x0860,0x0020,0x0001,0x0084,0x122F,0x1332,0x0A8D,
  0x0A09,0x09C8,0x0A2A,0x0B33,0x03DA,0x03DB,0x03DB,0x03DB,0x03DB,0x03DB,0x03DB,0x03DB,0x03DB,0x03DB,0x03DB,0x03DB,
  0x03DB,0x03DB,0x03DB,0x03DB,0x03DB,0x03DB,0x03DB,0x03DB,0x03DB,0x03DB,0x03DB,0x03DB,0x03DB,0x03DB,0x03DB,0x03DB,
  0x03DB,0x03DB,0x03DB,0x03FB,0x03FB,0x03FB,0x03FB,0x03FB,0x03FB,0x03DB,0x03BB,0x03BB,0x03DB,0x03DB,0x03DB,0x03DB,
  0x0BFB,0x03FB,0x03DB,0x03DB,0x03DB,0x13B8,0x6A68,0x7120,0x48A0,0x61E1,0x1040,0x1000,0x40A0,0x2080,0x0860,0x1940,
  0x10A0,0x0000,0x0000,0x0800,0x4963,0xB3E8,0xBC07,0xBC28,0xB3E8,0xB408,0xB408,0xC46A,0xCCCC,0xC46A,0xBC49,0x72A8,
  0x224E,0x2398,0x2398,0x2399,0x1B98,0x1B98,0x1B98,0x1B98,0x1B98,0x1B98,0x1B98,0x1B98,0x2398,0x5ACC,0x9A00,0x8960,
  0x50A1,0x220E,0x2398,0x1BB9,0x4354,0x7123,0x2020,0x3AA2,0x4321,0x53C2,0x444E,0x1B98,0x1B98,0x1B98,0x1B98,0x1B98,
  0x1B98,0x1B98,0x1B98,0x1B98,0x1B98,0x1B98,0x1B98,0x1B98,0x2398,0x1316,0x0231,0x0210,0x0250,0x0250,0x0250,0x0250,
  0x0250,0x0230,0x01EE,0x016C,0x018B,0x014A,0x00C7,0x00A5,0x094A,0x01EE,0x0230,0x0230,0x022F,0x3184,0x51A1,0x1840,
  0x29E1,0x2A01,0x08C0,0x29C1,0x21A1,0x0020,0x2182,0x0020,0x2820,0x2820,0x0000,0x0000,0x0000,0x0021,0x3BF7,0x23B9,
  0x1B98,0x1B98,0x1B78,0x1B78,0x1B98,0x1B78,0x33D8,0x751A,0xA65D,0x4C79,0x2BB8,0x2398,0x23B8,0x23B8,0x23B8,0x23B8,
  0x1B98,0x1B98,0x1B98,0x64D9,0x8559,0x95DC,0x5479,0x4438,0x3C18,0x3C18,0x3C18,0x3C18,0x4418,0x4C38,0x4C38,0x5B71,
  0x81A2,0x58C0,0x5101,0x3981,0x0800,0x1860,0x31E1,0x0040,0x1900,0x5342,0x5BC2,0x5C01,0x6462,0x4320,0x4321,0x3280,
  0x32A0,0x32A0,0x3280,0x2A40,0x3AE1,0x3AC1,0x2200,0x19A0,0x08E0,0x0080,0x0860,0x18A2,0x2965,0x2965,0x2965,0x2985,
  0x4228,0x39E7,0x39C6,0x3185,0x2944,0x2103,0x10C2,0x10A2,0x0861,0x00C3,0x0966,0x0A0C,0x1356,0x03BA,0x03B8,0x0B94,
  0x130F,0x126B,0x0A6C,0x0B76,0x03DA,0x03DB,0x03DB,0x03DB,0x03FB,0x03FB,0x03DB,0x03DB,0x03DB,0x03DB,0x03DB,0x03DB,
  0x03DB,0x03DB,0x03DB,0x03DB,0x03DB,0x03DB,0x03DB,0x03DB,0x03DB,0x03DB,0x03DB,0x03DB,0x03DB,0x03DB,0x03DB,0x03DB,
  0x03DB,0x03DB,0x03DB,0x03FB,0x03DB,0x03FB,0x03FB,0x03FB,0x03FB,0x03FB,0x03DB,0x03DB,0x03DB,0x03DB,0x03DB,0x03DB,
  0x03FB,0x03FB,0x03DB,0x03DB,0x03FB,0x13D9,0x72A8,0x99E0,0x91E0,0x89A0,0x58C0,0x5040,0x6080,0x3020,0x1000,0x3080,
  0x2881,0x0000,0x0800,0x8B08,0xBC4C,0xBBC6,0xCBE4,0xC3C4,0xBB83,0xBB83,0xBB83,0xC383,0xC3C4,0xCC88,0xAB45,0x40C1,
  0x19EC,0x2398,0x2398,0x2399,0x1B98,0x1B98,0x1B98,0x1B98,0x1B98,0x1B98,0x1B98,0x1BB8,0x1B99,0x3B53,0x9222,0xA200,
  0x8161,0x3989,0x2357,0x2398,0x62AC,0x6102,0x198A,0x230F,0x1AAB,0x4364,0x440E,0x1B98,0x1B98,0x1B98,0x1B98,0x1B98,
  0x1B98,0x1B98,0x1B98,0x1B98,0x1B98,0x1B98,0x1B98,0x1B98,0x2398,0x0272,0x0230,0x0230,0x0250,0x0230,0x0A50,0x0250,
  0x0250,0x0250,0x01AD,0x014B,0x018B,0x0129,0x0085,0x0085,0x0108,0x01EE,0x0230,0x0230,0x0A50,0x6267,0x89A1,0x60C0,
  0x6161,0x1880,0x1000,0x38C0,0x10A0,0x0000,0x18C1,0x0000,0x0000,0x0000,0x0800,0x0000,0x0800,0x1022,0x33D7,0x23B9,
  0x2398,0x2398,0x1B98,0x23B8,0x2398,0x1B98,0x33D8,0x5CBA,0x8DDC,0x2397,0x23B8,0x23B8,0x23B8,0x23B8,0x23B8,0x23B8,
  0x2BF9,0x1BB8,0x1B97,0x5CB9,0x74F9,0x751A,0x3BF8,0x549A,0x4418,0x3C18,0x3C18,0x3C18,0x4418,0x5C99,0x4417,0x63B1,
  0x9A22,0x9A00,0x8160,0x6920,0x60E1,0x5060,0x3880,0x0800,0x1840,0x6BE5,0x3A81,0x6422,0x5BC2,0x5BE2,0x5361,0x2A00,
  0x2A40,0x42C2,0x2A21,0x21C1,0x3242,0x3AA1,0x1980,0x1981,0x08A0,0x0020,0x0000,0x18C3,0x2965,0x2965,0x2965,0x2965,
  0x2124,0x1904,0x2124,0x2104,0x1903,0x2103,0x0881,0x00A2,0x00A2,0x11C7,0x12EF,0x0BB8,0x03DA,0x03BA,0x03BA,0x0395,
  0x1372,0x0A8D,0x0AD0,0x03B9,0x03DA,0x03DA,0x03DB,0x03DB,0x03DB,0x03DB,0x03DB,0x03DB,0x03DB,0x03DB,0x03DB,0x03DB,
  0x03DB,0x03DB,0x03DB,0x03DB,0x03DB,0x03DB,0x03DB,0x03DB,0x03DB,0x03DB,0x03DB,0x03DB,0x03DB,0x03DB,0x03DB,0x03DB,
  0x03DB,0x03DB,0x03DB,0x03DB,0x03DB,0x03FB,0x03DB,0x03FB,0x03DB,0x03FB,0x03DB,0x03DB,0x03DB,0x03DB,0x03DB,0x03DB,
  0x03DB,0x03FB,0x03DB,0x03DB,0x03FB,0x13F9,0x72C8,0xA220,0x9A00,0x9200,0x91E1,0x68C0,0x70E0,0x60E1,0x5081,0x60A0,
  0x60C1,0x2020,0x2840,0xD4EF,0x7B2B,0x5941,0xA2A1,0x9A80,0x81E0,0x81C0,0x8A00,0x89E0,0x89E0,0xA3EC,0x6227,0x2861,
  0x19EC,0x2398,0x2399,0x23B9,0x1B98,0x1B98,0x1B98,0x1B98,0x1B98,0x1B98,0x1B98,0x1BB8,0x1B99,0x3374,0x8A43,0xA220,
  0x9180,0x4904,0x2315,0x3314,0x81E5,0x5144,0x2B77,0x1B99,0x1B97,0x2287,0x2394,0x1B98,0x1B98,0x1B98,0x1B98,0x1B98,
  0x1B98,0x1B98,0x1B98,0x1B98,0x1B98,0x1B98,0x1B98,0x1B98,0x1B36,0x0231,0x0230,0x0230,0x0230,0x0250,0x0230,0x0250,
  0x0250,0x020F,0x018C,0x014A,0x014A,0x0107,0x0085,0x0108,0x09EE,0x0230,0x0230,0x0230,0x0A50,0x6246,0x9A00,0x99E0,
  0x89A1,0x58C1,0x4840,0x4840,0x2840,0x1000,0x2820,0x1820,0x0800,0x1000,0x3841,0x2000,0x2800,0x3042,0x33B7,0x23B9,
  0x2398,0x2398,0x2398,0x23B8,0x341A,0x2398,0x2BB8,0x4C59,0x5CBA,0x2377,0x1B98,0x1B98,0x23B8,0x23B8,0x23B8,0x23B8,
  0x2BF9,0x3419,0x1B97,0x5499,0x5437,0x5CD9,0x3C18,0x4438,0x4418,0x3C18,0x3C18,0x3C18,0x3C18,0x4C38,0x4C38,0x73F1,
  0x9221,0x9A00,0x9A00,0x91E0,0x89C1,0x68C0,0x60C0,0x4080,0x4040,0x48E1,0x20C0,0x4AA2,0x10A0,0x5B62,0x2A00,0x1100,
  0x21E1,0x1100,0x1921,0x19A1,0x0880,0x1921,0x29E3,0x1941,0x0860,0x0000,0x1082,0x3185,0x2965,0x2965,0x2965,0x2965,
  0x122A,0x0966,0x0904,0x0081,0x08C3,0x08C2,0x00A2,0x00C3,0x0925,0x09E9,0x0AD0,0x03B9,0x03BA,0x03BA,0x03BA,0x0376,
  0x1393,0x0AAD,0x0B54,0x03DA,0x03DB,0x03DB,0x03DB,0x03DB,0x03DB,0x03DB,0x03DB,0x03DB,0x03DB,0x03DB,0x03DB,0x03DB,
  0x03DB,0x03DB,0x03DB,0x03DB,0x03FB,0x03FB,0x03DB,0x03FB,0x03FB,0x03DB,0x03DB,0x03DB,0x03DB,0x03DB,0x03DB,0x03DB,
  0x03DB,0x03DB,0x03DB,0x03DB,0x03DB,0x03FB,0x03FB,0x03FB,0x03FB,0x03FB,0x03DB,0x03FB,0x03DB,0x03DB,0x03DB,0x03DB,
  0x039A,0x03B9,0x03DB,0x03DB,0x03FB,0x13D9,0x7AC8,0xA220,0x9200,0x9200,0x9200,0x7920,0x7100,0x7100,0x70E0,0x60A0,
  0x7100,0x50A0,0x4060,0x92A6,0x5122,0x58E1,0x6920,0x7140,0x79A1,0x6900,0x6900,0x6900,0x7161,0x5102,0x38A2,0x1820,
  0x1A2D,0x23B8,0x23B9,0x2399,0x1B98,0x1BB8,0x1BB8,0x1B98,0x1B98,0x1B98,0x1B98,0x1B98,0x1B99,0x3374,0x8A63,0xA200,
  0x91A0,0x48C1,0x21ED,0x41CA,0x60E1,0x39EA,0x23B9,0x1BB9,0x1B98,0x1B34,0x1B98,0x1B98,0x1B99,0x1B98,0x1B98,0x1B98,
  0x1B98,0x1B98,0x1B98,0x1B98,0x1B97,0x1B98,0x1B98,0x1B37,0x0252,0x0230,0x0250,0x0250,0x0250,0x0250,0x0250,0x0A50,
  0x022F,0x01AD,0x016B,0x0129,0x0108,0x00A5,0x0085,0x018C,0x0A30,0x0230,0x0230,0x0230,0x09CD,0x6205,0x9A00,0x99E0,
  0x89E0,0x89C1,0x68C0,0x5840,0x58C0,0x4040,0x4020,0x5060,0x2840,0x1000,0x3820,0x4820,0x3800,0x3842,0x33B6,0x23B9,
  0x1B98,0x2398,0x2398,0x1B98,0x23B8,0x2398,0x2BB8,0x5C99,0x5C9A,0x2BD8,0x1B98,0x1B98,0x2398,0x23B8,0x23B8,0x23B8,
  0x1BB8,0x1B98,0x1B97,0x4438,0x64B9,0x5458,0x3C18,0x3C18,0x3C18,0x3C18,0x3BF8,0x3BF8,0x3C18,0x4418,0x4C38,0x6390,
  0x9221,0x9A20,0x9A20,0x9A00,0x89C0,0x7100,0x68E0,0x68E0,0x5880,0x5880,0x81A1,0x48A0,0x3880,0x5AC3,0x1060,0x1860,
  0x29C1,0x0040,0x08A1,0x1941,0x0880,0x0000,0x0020,0x0020,0x0000,0x0000,0x20C3,0x39A6,0x2965,0x2965,0x2965,0x3165,
  0x1352,0x12CD,0x0A09,0x0945,0x0104,0x00C2,0x00E3,0x0986,0x0A09,0x12AE,0x0376,0x03BA,0x03BA,0x03BA,0x03BA,0x0399,
  0x13B4,0x0AF0,0x0B75,0x03DA,0x03DB,0x03DB,0x03DB,0x03DB,0x03DB,0x03DB,0x03DB,0x03DB,0x03DB,0x03DB,0x03DB,0x03DB,
  0x03DB,0x03DB,0x03DB,0x03DB,0x03DB,0x03DB,0x03FB,0x03DB,0x03DB,0x03DB,0x03DB,0x03DB,0x03DB,0x03DB,0x03DB,0x03DB,
  0x03DB,0x03DB,0x03DB,0x03DB,0x03DB,0x03DB,0x03DB,0x03DB,0x03DB,0x03FB,0x03DB,0x03FB,0x03DB,0x03DB,0x03DB,0x03DA,
  0x2BF3,0x548F,0x2393,0x1B35,0x2334,0x2B95,0x82A7,0xA220,0x9200,0x9200,0x9200,0x7940,0x7100,0x7100,0x7100,0x7100,
  0x7100,0x60A0,0x5060,0x6983,0x3881,0x2820,0x2820,0x3040,0x50C2,0x4060,0x4060,0x3040,0x1820,0x1820,0x1000,0x0800,
  0x224E,0x23B8,0x2399,0x2399,0x1B99,0x1B99,0x1BB9,0x1BB8,0x1B98,0x1B98,0x1B98,0x1B98,0x1BB9,0x3374,0x9263,0xA220,
  0x91A0,0x60C0,0x58E2,0x58A1,0x3862,0x2B14,0x1BB9,0x1BB9,0x1B99,0x1B98,0x1B78,0x1B98,0x1B98,0x1B98,0x1B98,0x1B98,
  0x1B99,0x1B98,0x1B98,0x2397,0x4411,0x2373,0x12D5,0x0A2F,0x0230,0x0230,0x0230,0x0250,0x0230,0x0230,0x0A2F,0x01EE,
  0x01CD,0x018B,0x014A,0x00E7,0x00E7,0x0085,0x0108,0x0A0E,0x0230,0x0230,0x0230,0x020F,0x018C,0x61C4,0x99E0,0x99E0,
  0x91E0,0x91E0,0x8140,0x6880,0x68E0,0x70E0,0x5840,0x68C0,0x5880,0x3000,0x4020,0x4820,0x4820,0x3842,0x3396,0x2398,
  0x2398,0x2398,0x2398,0x2398,0x2398,0x2398,0x2BB8,0x5C9A,0x5CBA,0x33F9,0x1B98,0x1B98,0x2398,0x23B8,0x23B8,0x23B8,
  0x1BB8,0x1BB8,0x1B98,0x4C39,0x64B9,0x5479,0x3C18,0x3C18,0x3C19,0x3C19,0x3C18,0x3C18,0x4418,0x4418,0x4418,0x6370,
  0x8A21,0x9A20,0x9A20,0x9A20,0x91C0,0x7100,0x68E0,0x68E0,0x68E0,0x6900,0x9A00,0x91A1,0x8140,0x71A1,0x3820,0x3840,
  0x4141,0x0800,0x1020,0x1040,0x0020,0x0000,0x2000,0x1800,0x0000,0x2020,0x38E3,0x39A6,0x2965,0x3186,0x2965,0x2965,
  0x0B95,0x1352,0x12CD,0x0A4A,0x0A08,0x0124,0x0965,0x124A,0x12CD,0x0B33,0x03B9,0x03BA,0x03BA,0x03BA,0x03BA,0x0399,
  0x0B95,0x1352,0x0B96,0x03FB,0x03DB,0x03DB,0x03DB,0x03DB,0x03DB,0x03DB,0x03DB,0x03DB,0x03DB,0x03DB,0x03DB,0x03DB,
  0x03DB,0x03DB,0x03DB,0x03DB,0x03DB,0x03DB,0x03FB,0x03DB,0x03DB,0x03DB,0x03DB,0x03DB,0x03DB,0x03DB,0x03DB,0x03DB,
  0x03DB,0x03DB,0x03DB,0x03DB,0x03DB,0x03FB,0x03DB,0x03DB,0x03FB,0x03FB,0x03DB,0x03FB,0x03DB,0x03DB,0x03DA,0x23D3,
  0x6488,0x42C1,0x1923,0x2126,0x40C3,0x6923,0x8141,0xA220,0x9200,0x9200,0x9200,0x7940,0x7100,0x7100,0x7100,0x7100,
  0x7100,0x60C0,0x5080,0xB365,0x79E1,0x5101,0x2820,0x6142,0x9A82,0x89E1,0x6941,0x48A1,0x6142,0x50A0,0x3040,0x1000,
  0x224E,0x23B9,0x23B9,0x2398,0x1B98,0x1BB9,0x1B99,0x1BB8,0x1BB8,0x1B98,0x2398,0x1B98,0x1BB8,0x3374,0x9263,0xA220,
  0x9A00,0x7940,0x4820,0x4000,0x2863,0x2377,0x1BB9,0x1BB9,0x1BB9,0x1B98,0x1B98,0x1B98,0x1B98,0x1B98,0x1B98,0x1B98,
  0x1B98,0x2398,0x2398,0x2B97,0x22AC,0x336C,0x22EE,0x4B89,0x0A2E,0x0230,0x0250,0x0250,0x0A50,0x020F,0x01CD,0x01AC,
  0x016B,0x014A,0x00E8,0x00C6,0x00A5,0x0128,0x09CD,0x022F,0x0230,0x0230,0x020F,0x01AD,0x096B,0x61C4,0x99E0,0x99E0,
  0x9A00,0x9200,0x8160,0x68A0,0x68E0,0x7100,0x70E0,0x70E0,0x68A0,0x4820,0x4820,0x4820,0x4820,0x3842,0x43D6,0x23B8,
  0x2398,0x2398,0x23B8,0x23B8,0x2398,0x2398,0x2BD8,0x5C99,0x5CBA,0x33F8,0x1B97,0x2397,0x23B8,0x23B8,0x23B8,0x2BD8,
  0x23B8,0x1BB8,0x1B98,0x4C59,0x64B9,0x5479,0x3C18,0x4418,0x4418,0x3C18,0x3C18,0x4418,0x4C38,0x4418,0x4C38,0x6390,
  0x8A01,0x9A20,0x9A20,0x9A20,0x91C0,0x7100,0x68E0,0x68E0,0x6900,0x6900,0x9200,0x9A00,0x9A00,0x9A20,0x8161,0x6080,
  0x79A3,0x48E3,0x3020,0x4860,0x3040,0x1800,0x2800,0x4040,0x3040,0x3820,0x38E3,0x39A6,0x2965,0x3186,0x2965,0x2965,
  0x0B94,0x1394,0x1310,0x12EE,0x128C,0x09E8,0x09A7,0x12AC,0x12EF,0x03B8,0x03DA,0x03BA,0x03BA,0x03BA,0x03BA,0x03B9,
  0x0BB5,0x1372,0x0B75,0x03FB,0x03DB,0x03DB,0x03DB,0x03DB,0x03DB,0x03DB,0x03DB,0x03DB,0x03DB,0x03DB,0x03DB,0x03DB,
  0x03DB,0x03DB,0x03FB,0x03DB,0x03DB,0x03DB,0x03DB,0x03DB,0x03DB,0x03DB,0x03DB,0x03DB,0x03DB,0x03DB,0x03DB,0x03DB,
  0x03DB,0x03DB,0x03DB,0x03DB,0x03DB,0x03DB,0x03DB,0x03DB,0x03FB,0x03FB,0x03DB,0x03DB,0x03DB,0x03FB,0x03D9,0x5C8C,
  0x6402,0x4B43,0x3B08,0x2BD7,0x222E,0x4882,0x8101,0x99C0,0x9200,0x9200,0x9200,0x7940,0x7100,0x7100,0x7100,0x7100,
  0x7100,0x60C0,0x5880,0xBBA4,0x8A20,0x5901,0x6142,0xAAE3,0x89E0,0x81A0,0x6941,0x3820,0x7982,0x5060,0x3840,0x0800,
  0x1A2E,0x23B9,0x23B9,0x2398,0x1BB8,0x1BB8,0x1BB8,0x1BB8,0x1BB8,0x1B98,0x1B98,0x23B7,0x3C33,0x5C0F,0x9262,0xAA20,
  0xA200,0x7940,0x5860,0x4020,0x1020,0x33CC,0x236F,0x23B6,0x1B98,0x1B99,0x1B99,0x1B98,0x1B98,0x1B98,0x1B98,0x1B98,
  0x2397,0x33D2,0x3BEF,0x43CE,0x32E8,0x5405,0x4BA6,0x32E7,0x0A0E,0x0230,0x0250,0x022F,0x020E,0x09ED,0x018B,0x0149,
  0x00E8,0x00C7,0x00A6,0x0085,0x00E7,0x01AC,0x022F,0x022F,0x020E,0x01EE,0x01AD,0x016C,0x00EA,0x61C5,0x99E0,0xA1E0,
  0x9A00,0x9200,0x8160,0x68C0,0x7100,0x7100,0x7100,0x7100,0x68E0,0x4840,0x4820,0x4820,0x4820,0x3841,0x5457,0x23B8,
  0x2399,0x2398,0x2398,0x2BD8,0x2398,0x2398,0x33D8,0x5C99,0x5C9A,0x33D8,0x3BB5,0x5437,0x4C16,0x5C56,0x5C76,0x6497,
  0x2BB7,0x33F8,0x2397,0x4C79,0x64DA,0x4C58,0x3C18,0x4438,0x4418,0x3C18,0x4418,0x4418,0x5C99,0x4C38,0x4C38,0x63B1,
  0x8A01,0x9200,0x9A20,0x9A20,0x91C0,0x7120,0x7100,0x6900,0x6900,0x6900,0x9200,0x9A00,0x9A00,0x9A00,0x91E0,0x7920,
  0x9AC7,0x9AC8,0x68C0,0x60A0,0x7121,0x3020,0x4040,0x4020,0x4840,0x4020,0x4103,0x39A6,0x2965,0x3185,0x3186,0x3186,
  0x0B74,0x0B73,0x1352,0x12EF,0x12EE,0x0A2A,0x09C8,0x12AC,0x0B10,0x03D9,0x03DA,0x03DA,0x03DA,0x03BA,0x03BA,0x03B9,
  0x13B5,0x1352,0x0B11,0x03D9,0x03DB,0x03DB,0x03DB,0x03DB,0x03DB,0x03DB,0x03DB,0x03DB,0x03DB,0x03DB,0x03DB,0x03DB,
  0x03DB,0x03DB,0x03DB,0x03DB,0x03DB,0x03DB,0x03DB,0x03DB,0x03DB,0x03DB,0x03DB,0x03DB,0x03DB,0x03DB,0x03DB,0x03DB,
  0x03DB,0x03DB,0x03DB,0x03DB,0x03DB,0x03DB,0x03DB,0x03DB,0x03FB,0x03FB,0x03DB,0x03DA,0x03DA,0x03DB,0x03D9,0x4C4B,
  0x3B26,0x1311,0x1314,0x03DB,0x0BFA,0x228E,0x4061,0x8960,0x9200,0x9200,0x9200,0x7940,0x7100,0x7120,0x7100,0x7120,
  0x7100,0x60C0,0x5880,0xBB84,0x9220,0x6941,0x9283,0x81A0,0x7960,0x50A0,0x4040,0x50A1,0x7162,0x4860,0x2800,0x0000,
  0x19EC,0x2B96,0x2BB6,0x3C12,0x3BCE,0x33AD,0x3BAD,0x2B8F,0x23B5,0x23B7,0x23B4,0x54CE,0x7DAA,0x8483,0x9220,0x9A00,
  0x9A00,0x9A01,0x60C0,0x3020,0x18E0,0x32E1,0x2A81,0x2AA6,0x22AD,0x2376,0x1B99,0x1B98,0x1B98,0x2395,0x4432,0x4C4F,
  0x4C2D,0x5C85,0x5C22,0x53E1,0x53E1,0x4BA0,0x4BA0,0x4326,0x2AAA,0x122B,0x01CD,0x018C,0x018B,0x016A,0x0108,0x00C7,
  0x00C6,0x0084,0x0084,0x00A6,0x096B,0x0A0F,0x01CE,0x01AD,0x016C,0x012B,0x00A8,0x0068,0x0047,0x6163,0x99E0,0x99E0,
  0x9200,0x9200,0x8180,0x70C0,0x7100,0x7120,0x7120,0x7100,0x68E0,0x4840,0x4820,0x4820,0x4820,0x3021,0x33B6,0x343A,
  0x23B9,0x2398,0x2398,0x2398,0x33F9,0x2398,0x33D8,0x6CFB,0x4459,0x2BD7,0x7453,0x53B2,0x53D3,0x7434,0x7C52,0x7C53,
  0x4BB4,0x5C36,0x5436,0x6499,0x6CDA,0x4439,0x3C18,0x4418,0x4C59,0x4438,0x4438,0x4C38,0x4438,0x4C38,0x3BD7,0x5350,
  0x8201,0x9200,0x9A00,0x9A20,0x91E0,0x7120,0x6900,0x6900,0x6900,0x6900,0x9200,0x9A00,0x9200,0x9200,0x9A62,0x9AC7,
  0x9B29,0x9B29,0x92A8,0x7982,0x7100,0x4860,0x4020,0x4020,0x4840,0x4840,0x4103,0x3186,0x2965,0x3186,0x3186,0x3186,
  0x0B94,0x0B74,0x0B73,0x1331,0x1310,0x12AD,0x0A09,0x128C,0x1311,0x03D9,0x03DA,0x03DA,0x03DA,0x03DA,0x03BA,0x03B8,
  0x0AF1,0x0B52,0x0B10,0x0B75,0x03DB,0x03DB,0x03DB,0x03DB,0x03DB,0x03DB,0x03DB,0x03DB,0x03DB,0x03DB,0x03DB,0x03DB,
  0x03DB,0x03DB,0x03DB,0x03FB,0x03FB,0x03DB,0x03DB,0x03DB,0x03DB,0x03DB,0x03DB,0x03DB,0x03DB,0x03DB,0x03DB,0x03DB,
  0x03DB,0x03DB,0x03DB,0x03DB,0x03DB,0x03DB,0x03DB,0x03DB,0x03FB,0x03FB,0x03DA,0x2B36,0x2230,0x03BA,0x03DB,0x23B3,
  0x1AAC,0x0BBA,0x03DC,0x03DC,0x03DA,0x1394,0x5A06,0x9A00,0x9200,0x9220,0x9200,0x7940,0x7100,0x7100,0x7100,0x7100,
  0x7100,0x60A0,0x5080,0xC3C4,0x9240,0x8A00,0x8A00,0x79A0,0x50A0,0x4060,0x60E1,0x4860,0x6901,0x60A0,0x3840,0x0000,
  0x42A8,0x74CC,0x5C6B,0x6465,0x5C21,0x53C1,0x53A1,0x53C1,0x43C5,0x43E9,0x43E7,0x5422,0x5422,0x7360,0x9200,0x9A00,
  0x9A20,0x89C0,0x68C0,0x3040,0x3222,0x2A40,0x19A0,0x1960,0x10E1,0x1A4D,0x2398,0x1B97,0x3BF0,0x5C69,0x74E7,0x74E4,
  0x6481,0x5400,0x4B80,0x4340,0x4320,0x4320,0x4320,0x4300,0x42E1,0x2202,0x19A5,0x0127,0x0108,0x00E7,0x00C6,0x0084,
  0x0064,0x0084,0x00A5,0x094A,0x09EE,0x01AB,0x016A,0x0149,0x32E7,0x4326,0x3284,0x3264,0x3265,0x6261,0x8A20,0x9200,
  0x9200,0x9200,0x8980,0x70E0,0x7100,0x7120,0x7120,0x7100,0x68E0,0x5040,0x4820,0x4820,0x4820,0x3041,0x2B96,0x23FA,
  0x2BD9,0x2399,0x2398,0x2398,0x2BD8,0x3419,0x4439,0x753B,0x549A,0x5436,0x4B31,0x5B51,0x5B92,0x3B74,0x5BB2,0x6C12,
  0x7C53,0x63F4,0x6436,0x74B8,0x7D7A,0x4458,0x4438,0x3BF8,0x4438,0x4C38,0x43B5,0x53D4,0x53D4,0x6C76,0x3BD6,0x4B30,
  0x8201,0x9200,0x9200,0x9A00,0x91E0,0x7120,0x7100,0x6900,0x6900,0x6900,0x9200,0x9A00,0x9200,0x9200,0x9262,0x9AC7,
  0x9B29,0x9B29,0x92C7,0x79A2,0x7100,0x5080,0x4020,0x4020,0x4840,0x4840,0x4103,0x3185,0x2965,0x2965,0x3186,0x3186,
  0x0B94,0x0B94,0x0B74,0x1353,0x1353,0x12EF,0x12AD,0x12AD,0x12EF,0x0BB7,0x03DA,0x03DA,0x03DA,0x03DA,0x03BA,0x0B76,
  0x02AF,0x0B96,0x0B32,0x0B12,0x03D9,0x03DB,0x03DB,0x03DB,0x03DB,0x03DB,0x03DB,0x03DB,0x03DB,0x03DB,0x03DB,0x03DB,
  0x03DB,0x03FB,0x03DB,0x03DB,0x03DB,0x03DB,0x03DB,0x03DB,0x03DB,0x03DB,0x03DB,0x03DB,0x03DB,0x03DB,0x03DB,0x03DB,
  0x03DB,0x03DB,0x03DB,0x03DB,0x03DB,0x03DB,0x03DB,0x03DB,0x03FB,0x03FB,0x1B98,0x5928,0x3129,0x0BBA,0x03DC,0x0BDB,
  0x0B58,0x03BB,0x03BC,0x03DC,0x03D9,0x1394,0x72A6,0x9A00,0x9A00,0x9220,0x9200,0x7940,0x7100,0x7100,0x7100,0x7120,
  0x6900,0x60A0,0x5080,0xD4EA,0xD4EB,0xCC68,0xBBE6,0xABC6,0x8B05,0x8B04,0x7AA2,0x7A63,0x89E1,0x79E2,0x6204,0x1020,
  0x4AA4,0x7462,0x6421,0x6401,0x53A0,0x5380,0x4B60,0x4B60,0x5380,0x53A1,0x3AE0,0x3AE0,0x3260,0x7A60,0x9A00,0x9A00,
  0x9A20,0x7940,0x5040,0x3020,0x2161,0x19A0,0x1140,0x08A0,0x0060,0x00C2,0x228D,0x5491,0x5426,0x6C61,0x6400,0x6421,
  0x53C0,0x4B80,0x4340,0x3B00,0x3AC0,0x3AA0,0x3280,0x3260,0x2A40,0x21E0,0x1960,0x1122,0x00C3,0x0082,0x0041,0x0041,
  0x0082,0x0082,0x0927,0x1A2D,0x1A28,0x6C47,0x7465,0x6C24,0x6C62,0x5BE0,0x5380,0x53A0,0x5BC0,0x5BC0,0x6340,0x62A0,
  0x6A40,0x8A40,0x89A0,0x78E0,0x7100,0x7120,0x7100,0x7100,0x68E0,0x5060,0x4840,0x4840,0x4820,0x3862,0x43F7,0x343A,
  0x3C39,0x2BD8,0x2398,0x2398,0x2BF9,0x445A,0x64FB,0x8D9C,0x751A,0x855A,0x5C15,0x53D5,0x43D6,0x2BB8,0x2397,0x2B97,
  0x33B7,0x4438,0x5C79,0x8518,0xB69C,0x6CD9,0x5C9A,0x4438,0x4439,0x3C39,0x3C38,0x2375,0x33D6,0x43F7,0x3BD7,0x5B91,
  0x8222,0x91E0,0x9200,0x9A00,0x91E0,0x7120,0x7100,0x7100,0x6900,0x6900,0x9200,0x9A00,0x9200,0x9200,0x89C0,0x7920,
  0x92C7,0x92C7,0x7120,0x7120,0x7120,0x5080,0x4820,0x4840,0x4840,0x4860,0x40E3,0x3185,0x3186,0x3186,0x3186,0x3186,
  0x0B94,0x0B94,0x0B74,0x0B73,0x0B74,0x1331,0x12CE,0x12AD,0x12EE,0x0B53,0x03FA,0x03FB,0x03DA,0x03DA,0x03B9,0x0B53,
  0x0B33,0x03B9,0x0B75,0x0AF0,0x0B54,0x03DA,0x03DB,0x03DB,0x03DB,0x03DB,0x03DB,0x03DB,0x03DB,0x03DB,0x03DB,0x03DB,
  0x03DB,0x03DB,0x03DB,0x03DB,0x03DB,0x03DB,0x03DB,0x03DB,0x03DB,0x03DB,0x03DB,0x03DB,0x03DB,0x03DB,0x03DB,0x03DB,
  0x03DB,0x03DB,0x03DB,0x03DB,0x03DB,0x03DB,0x03DB,0x03DB,0x03FB,0x03FB,0x13BA,0x39AC,0x194A,0x0BDB,0x03FC,0x03DC,
  0x03BB,0x03BB,0x03BB,0x03BB,0x03B8,0x1393,0x7286,0x9A00,0x9A00,0x9200,0x9200,0x7960,0x7100,0x7120,0x7120,0x7120,
  0x7100,0x60A0,0x5880,0xD54C,0xAD0E,0x7282,0x7AA1,0x8383,0x8444,0x6BE2,0x63C1,0x5B41,0x6AC1,0x9D6A,0x7C8B,0x1060,
  0x3A22,0x5360,0x5360,0x5B80,0x62E0,0x52C0,0x3A80,0x3AC0,0x3AC0,0x3280,0x2A40,0x2A01,0x20A0,0x9221,0x9A00,0x9A00,
  0x91E1,0x60E0,0x4840,0x3020,0x1060,0x2A01,0x3281,0x3222,0x42C2,0x6422,0x6443,0x6CC4,0x53E1,0x4B80,0x4B20,0x6402,
  0x4341,0x3280,0x4B81,0x4B61,0x21E0,0x21E0,0x5BA4,0x2A20,0x21E0,0x21A0,0x1982,0x1121,0x3223,0x7CA5,0x7484,0x7464,
  0x63E3,0x5362,0x3B06,0x6449,0x7CC4,0x84C1,0x84A1,0x8421,0x6340,0x5340,0x5360,0x5380,0x4B60,0x4320,0x4300,0x32A0,
  0x3260,0x4A40,0x7A61,0x79E0,0x69A0,0x6980,0x6960,0x7100,0x68E0,0x5060,0x5040,0x5040,0x4840,0x4061,0x6C96,0x5CB9,
  0x5457,0x5477,0x4417,0x33B6,0x3BD6,0x5C98,0x95DA,0xA5D8,0xC6DC,0x9578,0x7CD6,0x74B7,0x5C78,0x3C17,0x3C17,0x3C18,
  0x2B97,0x3BF7,0x64B9,0xC69C,0x6B8F,0xBEBC,0x7CF8,0x74F8,0x64B8,0x5457,0x5477,0x64F9,0x33F6,0x33F6,0x5C78,0x9537,
  0xA44E,0x89C1,0x91C0,0x8980,0x8160,0x7100,0x7100,0x7100,0x6920,0x6920,0x9A00,0x9A20,0x9200,0x9200,0x89E0,0x7920,
  0x81A2,0x81A2,0x7120,0x7120,0x7120,0x5880,0x4820,0x4840,0x4840,0x4840,0x4103,0x3185,0x3186,0x3186,0x2965,0x3186,
  0x0B94,0x0B94,0x0B94,0x0B94,0x0B74,0x1352,0x12AE,0x12AD,0x12CE,0x0AEF,0x0B95,0x03DA,0x03DA,0x03DA,0x03B9,0x02F1,
  0x0B76,0x03B9,0x0375,0x0B10,0x0AF0,0x0376,0x03DB,0x03DB,0x03DB,0x03DB,0x03DB,0x03DB,0x03DB,0x03DB,0x03DB,0x03DB,
  0x03DB,0x03DB,0x03DB,0x03DB,0x03DB,0x03DB,0x03DB,0x03DB,0x03DB,0x03DB,0x03DB,0x03DB,0x03DB,0x03DB,0x03DB,0x03DB,
  0x03DB,0x03DB,0x03DB,0x03DB,0x03DB,0x03DB,0x03DB,0x03DB,0x03DB,0x03DA,0x03BA,0x0B99,0x0B99,0x03BB,0x0BBA,0x1AB4,
  0x0B9A,0x03BA,0x03BA,0x0399,0x03B6,0x0B30,0x7265,0x99E0,0x9A00,0x9A00,0x9200,0x7940,0x7100,0x7100,0x7120,0x7120,
  0x7100,0x60A0,0x5080,0xB4E8,0x7CC6,0x8505,0x7CC4,0x6422,0x6C62,0x53A0,0x53C0,0x53A0,0x53A1,0x5C03,0x1961,0x1121,
  0x4B03,0x3A80,0x4280,0x7221,0x80C0,0x9982,0x9A43,0x59C1,0x4AC2,0x21C0,0x1940,0x3940,0x81E1,0x99E0,0x91C0,0x8160,
  0x68E0,0x4040,0x4020,0x3820,0x1020,0x7C84,0x8502,0x7D02,0x74E2,0x5C00,0x53E0,0x4BA0,0x53A0,0x4BA0,0x4B60,0x4340,
  0x3280,0x2200,0x4302,0x1140,0x42C3,0x08E0,0x1121,0x42E3,0x2A21,0x5364,0x6C85,0x6C43,0x5C01,0x4BA0,0x4B60,0x4300,
  0x4B60,0x5360,0x4B60,0x5380,0x5BC0,0x4B60,0x6340,0x79C1,0x7121,0x8A22,0x8221,0x5A40,0x3260,0x3AC1,0x4321,0x3AE1,
  0x3281,0x4BC2,0x74A1,0x6420,0x5BC0,0x5BA0,0x5B01,0x59C0,0x61C1,0x4880,0x4820,0x4820,0x4820,0x3820,0x6B6E,0x6BD0,
  0x638F,0x7C11,0x7C31,0x7C31,0x7C11,0x73F0,0x73CF,0x8C72,0x9CF3,0x8430,0x8451,0x8451,0x7C11,0x8452,0x8472,0x8CB4,
  0x8494,0x6390,0x3A4A,0x3187,0x4208,0x73AF,0x73AF,0x7BF0,0x7C10,0x7C10,0x8451,0x8C72,0x94F4,0x9D35,0xA577,0xAD96,
  0x6B4C,0x5984,0x7120,0x7920,0x7120,0x5860,0x5880,0x68E0,0x6900,0x7100,0x9A00,0x9A00,0x9200,0x9200,0x89E0,0x7120,
  0x7120,0x7120,0x7120,0x7120,0x7120,0x5080,0x4840,0x4840,0x4840,0x4840,0x4103,0x3186,0x2985,0x3186,0x3186,0x2986,
  0x0B94,0x0B94,0x0B94,0x0B94,0x0B74,0x1373,0x12EF,0x12AD,0x12CE,0x12CE,0x0AEF,0x0B97,0x03DA,0x03DA,0x03B8,0x02D0,
  0x03B8,0x03BA,0x0376,0x0B52,0x0B11,0x0B54,0x03DB,0x03DB,0x03DB,0x03DB,0x03DB,0x03DB,0x03DB,0x03DB,0x03DB,0x03DB,
  0x03DB,0x03DB,0x03DB,0x03DB,0x03DB,0x03DB,0x03DB,0x03DB,0x03DB,0x03DB,0x03DB,0x03DB,0x03DB,0x03DB,0x03DB,0x03DB,
  0x03DB,0x03DB,0x03DB,0x03DB,0x03DB,0x03DB,0x03DB,0x03DB,0x03DA,0x03BA,0x03BA,0x03DB,0x03BB,0x03BB,0x03BA,0x1B37,
  0x039A,0x03BA,0x03BA,0x0397,0x0395,0x0B30,0x6A65,0xA200,0x9A00,0x9A00,0x9A00,0x8140,0x7100,0x7100,0x7120,0x7120,
  0x7100,0x58A0,0x6202,0x7422,0x74E2,0x6C82,0x53E1,0x4B80,0x4B80,0x4B40,0x4320,0x3AC0,0x2220,0x21C0,0x21E0,0x21A0,
  0x39E1,0x59C1,0x6921,0x98E2,0x5820,0xC1C3,0xA1A3,0x68A1,0x2860,0x2101,0x4121,0x8201,0x89C0,0x8180,0x7100,0x60C0,
  0x5060,0x4020,0x3020,0x2800,0x3040,0x62E2,0x6C21,0x5BC0,0x53C0,0x4340,0x4320,0x4300,0x4320,0x3B00,0x3AC0,0x2A40,
  0x19A0,0x1160,0x1120,0x00A0,0x3262,0x08A0,0x0020,0x3241,0x6423,0x74E4,0x74C4,0x5BE1,0x4340,0x3AE0,0x3AC0,0x3AC0,
  0x3AC0,0x3AA0,0x3A80,0x2A40,0x2A40,0x2A20,0x31A0,0x38A0,0x78C1,0xB1C4,0x6860,0x4880,0x18C0,0x42C3,0x8503,0x8503,
  0x6461,0x5C40,0x5400,0x4BA0,0x4BA0,0x4B80,0x4B60,0x4B20,0x5321,0x4AA1,0x4981,0x4040,0x4820,0x5145,0x83EF,0x83EF,
  0x7BEF,0x83F0,0x8410,0x8410,0x8C51,0x9CD3,0x9CD3,0x8C92,0x738E,0x528A,0x5269,0x5289,0x528A,0x5289,0x4A69,0x4A69,
  0x41E8,0x2945,0x2125,0x2965,0x7BCF,0x738E,0x6B4D,0x738D,0x738D,0x7BCE,0x7BAE,0x7BCE,0x8C10,0x8C50,0x83EF,0x528A,
  0x39C7,0x2924,0x38E2,0x58C1,0x5880,0x5060,0x5080,0x58A0,0x7100,0x7900,0x9A20,0x9A00,0x9200,0x9200,0x89E0,0x7120,
  0x7120,0x7120,0x7120,0x7120,0x7120,0x5080,0x4840,0x4840,0x4860,0x4840,0x4103,0x3185,0x2965,0x3186,0x3186,0x3185,
  0x0B94,0x0B94,0x0B93,0x0B94,0x0B94,0x0B73,0x1372,0x0ACE,0x12EE,0x12CE,0x12EE,0x0B53,0x03DA,0x03DA,0x0397,0x0AF0,
  0x03B8,0x03BA,0x0397,0x0B74,0x0B52,0x0B55,0x03DB,0x03DB,0x03DB,0x03DB,0x03DB,0x03DB,0x03DB,0x03DB,0x03DB,0x03DB,
  0x03DB,0x03DB,0x03DB,0x03DB,0x03DB,0x03DB,0x03DB,0x03DB,0x03DB,0x03DB,0x03DB,0x03DB,0x03DB,0x03DB,0x03DB,0x03DB,
  0x03DB,0x03DB,0x03DB,0x03DB,0x03DB,0x03DB,0x03DB,0x03DB,0x03D9,0x0398,0x03BA,0x03BB,0x03DB,0x03DB,0x03BB,0x03BA,
  0x03BA,0x03BA,0x03B8,0x0395,0x0BB5,0x0B51,0x6A65,0xA200,0x9A20,0x9A20,0x9A20,0x8140,0x7100,0x7120,0x7120,0x7120,
  0x7100,0x6A41,0x6382,0x5BE0,0x6422,0x4340,0x4B40,0x52E0,0x72C1,0x6A20,0x6200,0x4200,0x2A00,0x3261,0x3160,0x60E1,
  0x4060,0xB9C3,0xB102,0x9882,0x3800,0x9882,0x3000,0x1820,0x3122,0x62C4,0x8221,0x81A0,0x60E0,0x5880,0x60C0,0x4860,
  0x4840,0x3860,0x1000,0x1000,0x3840,0x38C0,0x4AA1,0x3AC0,0x42E1,0x32A0,0x3AC0,0x3280,0x3260,0x4B42,0x3260,0x1980,
  0x1120,0x0880,0x0060,0x0880,0x2121,0x1080,0x10C1,0x6404,0x4340,0x5C21,0x4320,0x5BC2,0x3B00,0x3260,0x3AA0,0x3AA0,
  0x3220,0x3A21,0x4241,0x2180,0x21A0,0x1100,0x0880,0x10A0,0x50A1,0x7081,0x1000,0x2962,0x0880,0x4B03,0x74A2,0x6441,
  0x4B80,0x4360,0x4320,0x4300,0x4320,0x4300,0x3AC0,0x3AA0,0x3240,0x29E0,0x2980,0x3120,0x4143,0x7B6C,0x83EF,0x8C50,
  0x8C50,0x8C50,0x9491,0x9CF3,0xAD55,0xAD75,0x8C30,0x630B,0x39E7,0x2144,0x39C7,0x4A69,0x4A48,0x4A48,0x4A48,0x4A28,
  0x4208,0x2945,0x2124,0x630C,0x840F,0x736D,0x6B4D,0x6B6D,0x6B4C,0x630C,0x5269,0x5289,0x5289,0x528A,0x4A28,0x31A6,
  0x2945,0x2924,0x2924,0x28A2,0x3040,0x3840,0x4860,0x60A0,0x7100,0x7100,0xA220,0xA220,0x9A00,0x9200,0x89C0,0x7920,
  0x7120,0x7120,0x7120,0x7120,0x7120,0x58A0,0x4840,0x4840,0x4860,0x4860,0x40E3,0x3185,0x2965,0x3186,0x3186,0x3186,
  0x0B94,0x0B94,0x0B94,0x0B94,0x0B94,0x0B94,0x0B73,0x1373,0x1331,0x12EF,0x12EE,0x130F,0x0B96,0x03FA,0x0B96,0x0AF1,
  0x03B8,0x03DA,0x03B9,0x0B74,0x1352,0x0B12,0x03DA,0x03FB,0x03DB,0x03DB,0x03DB,0x03DB,0x03DB,0x03DB,0x03DB,0x03DB,
  0x03DB,0x03DB,0x03DB,0x03DB,0x03DB,0x03DB,0x03DB,0x03DB,0x03DB,0x03DB,0x03DB,0x03DB,0x03DB,0x03DB,0x03DB,0x03DB,
  0x03DB,0x03DB,0x03DB,0x03DB,0x03DB,0x03DB,0x03DB,0x03DB,0x03D9,0x0354,0x03B8,0x03BB,0x03BB,0x03DB,0x03DB,0x03DA,
  0x03B9,0x0396,0x0395,0x0B94,0x0BB5,0x1351,0x6A65,0xA200,0x9A20,0x9A20,0x9A20,0x8140,0x7100,0x7120,0x7120,0x7120,
  0x6920,0x7302,0x3200,0x6403,0x3AC1,0x5382,0x73E3,0x91A1,0x7080,0xBAC5,0xCAA4,0xA102,0x4101,0x2A01,0x39C1,0x6881,
  0x2000,0x98E2,0x6840,0x4800,0x2820,0x3841,0x0800,0x2962,0x7BA5,0x7A21,0x7960,0x60E0,0x4060,0x4860,0x60C0,0x4840,
  0x3040,0x1040,0x0040,0x0820,0x2820,0x3060,0x1920,0x1120,0x1160,0x4B22,0x3241,0x3AC2,0x1160,0x2A01,0x4303,0x1120,
  0x1922,0x0000,0x0020,0x0820,0x2840,0x3040,0x31C3,0x42E2,0x5C03,0x4B61,0x4B41,0x4B81,0x3AA1,0x21C1,0x42E2,0x29A0,
  0x48E0,0x50E1,0x9141,0x70E0,0x50E0,0x1860,0x0000,0x0840,0x20E0,0x20A1,0x0020,0x63E4,0x63C3,0x53A1,0x53A1,0x4340,
  0x53C2,0x32A0,0x32A0,0x3B01,0x3280,0x2220,0x4B82,0x3AE1,0x19C0,0x1140,0x00A0,0x00A0,0x18E2,0x73AE,0x7BCF,0x6B4C,
  0x632C,0x632C,0x6B2C,0x6B6D,0x6B4D,0x5ACB,0x39C7,0x31A6,0x2124,0x2124,0x39C7,0x4A69,0x4A49,0x4A49,0x4A49,0x4A49,
  0x4228,0x2965,0x2124,0x6B2D,0x7BCE,0x6B6D,0x6B6D,0x6B6D,0x6B6D,0x5ACB,0x4208,0x4208,0x4208,0x4228,0x4228,0x31A6,
  0x2945,0x2945,0x2945,0x3186,0x39A6,0x1061,0x1820,0x5080,0x5060,0x4840,0xA221,0xA220,0x9A00,0x9200,0x89E0,0x7940,
  0x7120,0x7120,0x7120,0x7120,0x7120,0x58A0,0x4840,0x4860,0x4860,0x4860,0x4103,0x3186,0x2965,0x2986,0x2985,0x2965,
  0x0B94,0x0B94,0x0B94,0x0B94,0x0B94,0x0B94,0x0B94,0x0B73,0x0B73,0x1352,0x12EF,0x12CE,0x0B11,0x0B95,0x0B94,0x0AEF,
  0x0B55,0x03BA,0x03B9,0x0B74,0x1352,0x0AAE,0x0397,0x03DB,0x03DB,0x03FB,0x03DB,0x03DB,0x03DB,0x03DB,0x03DB,0x03DB,
  0x03DB,0x03DB,0x03DB,0x03DB,0x03DB,0x03DB,0x03DB,0x03DB,0x03DB,0x03DB,0x03DB,0x03DB,0x03DB,0x03DB,0x03DB,0x03DB,
  0x03DB,0x03DB,0x03DB,0x03DB,0x03DB,0x03DB,0x03DB,0x03DB,0x03B8,0x0B31,0x0B54,0x03BA,0x03DB,0x03DA,0x03D9,0x03B8,
  0x0B95,0x0B74,0x0B74,0x0B94,0x0BB5,0x0B0F,0x6A65,0x9A00,0x9A00,0x9220,0x9200,0x8140,0x7120,0x7120,0x7120,0x7120,
  0x7120,0x50C0,0x3121,0x31C2,0x0040,0x3A62,0x2960,0x5061,0x2000,0x8962,0x4820,0x2800,0x1820,0x0880,0x3A23,0x1040,
  0x0800,0x5862,0x1800,0x2840,0x3061,0x0800,0x2921,0x7C26,0x7A41,0x7100,0x4860,0x2860,0x20E1,0x5981,0x58C0,0x3840,
  0x2941,0x21C1,0x2201,0x1120,0x1020,0x3060,0x1060,0x0020,0x1100,0x3AA2,0x0060,0x3282,0x21E1,0x0040,0x1121,0x29E3,
  0x0040,0x0000,0x0000,0x2020,0x4840,0x5080,0x40A1,0x1880,0x4243,0x0860,0x4AC2,0x3220,0x1100,0x3222,0x1960,0x1840,
  0x7882,0x5040,0xBA05,0xC204,0x9102,0x3020,0x0000,0x1000,0x3941,0x20E1,0x0840,0x4AC3,0x3202,0x5363,0x2A21,0x53C1,
  0x4301,0x2A00,0x3AC0,0x3AA1,0x32A2,0x2220,0x2A21,0x3AE2,0x1981,0x21A2,0x0040,0x0060,0x10A2,0x6B6D,0x6B6D,0x528A,
  0x4228,0x4228,0x4228,0x4228,0x4A49,0x31A6,0x2945,0x2945,0x2965,0x2965,0x39E7,0x526A,0x4A69,0x4A69,0x4A69,0x4A49,
  0x4A49,0x2965,0x2124,0x5AAA,0x738E,0x6B6D,0x736D,0x736D,0x6B4D,0x4A69,0x4208,0x4208,0x4208,0x4208,0x4208,0x2966,
  0x2965,0x2965,0x2965,0x39C7,0x4A49,0x39E7,0x41E7,0x4185,0x3081,0x3040,0xA241,0xA220,0x9220,0x9200,0x89E0,0x7940,
  0x7120,0x7120,0x7120,0x7120,0x7120,0x50A0,0x4840,0x4840,0x4860,0x4860,0x4103,0x3186,0x3185,0x3186,0x2965,0x3186,
  0x0B94,0x0B94,0x0B94,0x0B94,0x0B93,0x0B93,0x0B73,0x0B93,0x0B73,0x0B73,0x0B73,0x1373,0x1373,0x0B73,0x1373,0x12EF,
  0x0B11,0x03B9,0x03B9,0x0B74,0x1372,0x0ACE,0x0B97,0x03FB,0x03FB,0x03FB,0x03DB,0x03DB,0x03DB,0x03DB,0x03DB,0x03DB,
  0x03DB,0x03DB,0x03DB,0x03DB,0x03DB,0x03DB,0x03DB,0x03DB,0x03DB,0x03DB,0x03DB,0x03DB,0x03DB,0x03DB,0x03DB,0x03DB,
  0x03DB,0x03DB,0x03DB,0x03DB,0x03DB,0x03DB,0x03BB,0x03DB,0x0B96,0x0B31,0x12EF,0x0B54,0x03D9,0x0397,0x0B95,0x0B94,
  0x0B94,0x0B74,0x0B74,0x0B74,0x0B94,0x0AEF,0x6A65,0x9A00,0x9A00,0x9200,0x9200,0x8140,0x7120,0x7120,0x7120,0x7120,
  0x6920,0x5880,0x8A22,0x5900,0x3060,0x49A1,0x1880,0x0800,0x0800,0x4861,0x1800,0x0000,0x0000,0x0000,0x0820,0x0000,
  0x0000,0x0800,0x0800,0x40A0,0x60E0,0x4060,0x38C0,0x5A01,0x7981,0x4840,0x3901,0x42A2,0x3A61,0x6181,0x5080,0x2020,
  0x5383,0x08E0,0x1100,0x2A02,0x10C0,0x3040,0x2020,0x0000,0x0840,0x29C1,0x0020,0x2161,0x1920,0x0000,0x0000,0x1020,
  0x0000,0x0000,0x0800,0x2820,0x50C1,0x6963,0x58E1,0x6183,0x5142,0x40A0,0x5981,0x28C0,0x1800,0x3101,0x1900,0x0800,
  0x4041,0x1000,0x7081,0x5840,0x1800,0x1000,0x0000,0x2000,0x6121,0x40A0,0x3840,0x4880,0x51A2,0x18C0,0x10C0,0x4301,
  0x2180,0x10C0,0x3A61,0x0880,0x2A22,0x21E0,0x0060,0x08A0,0x1901,0x0020,0x0000,0x0000,0x4208,0x73AE,0x6B6E,0x528A,
  0x4228,0x4228,0x4228,0x4228,0x4A28,0x31A7,0x2945,0x2945,0x2965,0x2965,0x39E7,0x5269,0x4A49,0x4A49,0x4A49,0x4A49,
  0x4A49,0x3165,0x2124,0x52AA,0x6B6D,0x6B6D,0x736D,0x736D,0x6B2C,0x4A28,0x4228,0x4208,0x4208,0x4208,0x39C7,0x2945,
  0x2965,0x2965,0x2965,0x39C7,0x4A49,0x39E7,0x39E7,0x4208,0x5248,0x6267,0x9A41,0xA220,0x9200,0x9200,0x89E0,0x7940,
  0x7120,0x7120,0x7120,0x7120,0x7120,0x5080,0x4840,0x4840,0x4840,0x4840,0x4103,0x3186,0x3185,0x2966,0x2965,0x2965,
  0x0B94,0x0B94,0x0B94,0x0B93,0x0B94,0x0B94,0x0B73,0x0B73,0x0B73,0x0B73,0x0B73,0x0B73,0x0B73,0x0B73,0x0B73,0x1331,
  0x0AEF,0x0B75,0x0398,0x0B74,0x1394,0x1330,0x0B95,0x03FA,0x03FB,0x03FB,0x03DB,0x03FB,0x03DB,0x03DB,0x03DB,0x03DB,
  0x03DB,0x03DB,0x03DB,0x03DB,0x03DB,0x03DB,0x03DB,0x03DB,0x03DB,0x03DB,0x03DB,0x03DB,0x03DB,0x03DB,0x03DB,0x03DB,
  0x03DB,0x03DB,0x03DB,0x03DB,0x03DB,0x03DB,0x03DB,0x03DA,0x0B96,0x1373,0x12EF,0x12EF,0x1353,0x0B94,0x0B94,0x0B94,
  0x0B94,0x0B74,0x0B74,0x0B94,0x0B73,0x0AEF,0x6A45,0x9A00,0x9A00,0x9200,0x9A00,0x8160,0x7120,0x7120,0x7120,0x7120,
  0x7120,0x60E0,0x9221,0x9220,0x7980,0x7981,0x4860,0x3840,0x3040,0x1000,0x0800,0x1820,0x1820,0x0000,0x1800,0x2820,
  0x0800,0x1000,0x3840,0x7120,0x7100,0x7100,0x60C0,0x7140,0x8160,0x3020,0x30E1,0x3A62,0x0840,0x58E1,0x3840,0x0000,
  0x32A2,0x1100,0x0000,0x0881,0x1901,0x2020,0x2820,0x0000,0x2840,0x28A0,0x0800,0x3060,0x3080,0x0800,0x0800,0x2020,
  0x20A2,0x20E3,0x28E3,0x51C6,0x7B4C,0x83CE,0x83CE,0x9C50,0xA490,0x8AC7,0x6920,0x58A0,0x5060,0x5080,0x1840,0x1000,
  0x2800,0x1800,0x2820,0x1000,0x0000,0x0000,0x1000,0x3840,0x6920,0x7120,0x68C0,0x7920,0x9221,0x6941,0x48E0,0x4181,
  0x0800,0x2860,0x3161,0x0000,0x08A0,0x1921,0x0000,0x0000,0x1000,0x0000,0x0000,0x0800,0x4A07,0x73AE,0x6B6D,0x528A,
  0x4A49,0x4228,0x4228,0x4228,0x4A49,0x31A6,0x2945,0x2965,0x3165,0x3185,0x39E7,0x5269,0x4A49,0x4A49,0x4A49,0x4A49,
  0x4A49,0x3186,0x2924,0x5AAA,0x6B6D,0x6B6D,0x6B6D,0x6B6D,0x630B,0x4228,0x4228,0x4228,0x4228,0x4228,0x39C7,0x2944,
  0x2965,0x2965,0x3165,0x41E7,0x4A69,0x39E7,0x3A06,0x52C6,0x4A66,0x6266,0x9A41,0xA220,0x9220,0x9220,0x89E0,0x7940,
  0x7120,0x7120,0x7120,0x7120,0x7120,0x58A0,0x4840,0x4840,0x4860,0x4860,0x4103,0x3186,0x3186,0x3186,0x3186,0x3186,
  0x0B94,0x0B94,0x0B94,0x0B94,0x0B93,0x0B94,0x0B73,0x0B73,0x0B93,0x0B93,0x0B73,0x0B73,0x0B73,0x0B73,0x0B73,0x1373,
  0x1332,0x0B53,0x0B74,0x0B73,0x13B4,0x1B72,0x1331,0x0BD9,0x03DB,0x03FB,0x03DB,0x03FB,0x03DB,0x03DB,0x03DB,0x03DB,
  0x03DB,0x03DB,0x03DB,0x03DB,0x03DB,0x03DB,0x03DB,0x03DB,0x03DB,0x03DB,0x03DB,0x03DB,0x03DB,0x03DB,0x03DB,0x03DB,
  0x03DB,0x03DB,0x03DB,0x03DB,0x03DB,0x03BB,0x03BA,0x03B8,0x0B75,0x0B74,0x1331,0x12EE,0x12EE,0x1331,0x1374,0x1394,
  0x1395,0x0B94,0x0B74,0x0B73,0x0B31,0x12EF,0x6A65,0x9A00,0x9A00,0x9200,0x9A00,0x8140,0x7120,0x7120,0x7120,0x7120,
  0x7140,0x6100,0x9220,0x9A60,0x9220,0x9200,0x91E1,0x68C0,0x58A0,0x3840,0x5081,0x58A0,0x6122,0x2020,0x3820,0x4020,
  0x3020,0x2000,0x4840,0x7120,0x7100,0x7100,0x7100,0x8160,0x89A0,0x58C0,0x7161,0x40C0,0x2020,0x5880,0x3040,0x0000,
  0x10C1,0x1040,0x0000,0x0800,0x0800,0x2000,0x3020,0x1800,0x4861,0x5080,0x4060,0x5080,0x58A0,0x3840,0x2020,0x5185,
  0x730B,0x7BCE,0x83EE,0x8C10,0x840F,0x83EF,0x840F,0x8C50,0xA4F3,0xAC8F,0x8A63,0x89C1,0x7920,0x68A0,0x50A0,0x4040,
  0x5860,0x5080,0x1820,0x1000,0x3840,0x3020,0x3020,0x4820,0x6900,0x7120,0x7120,0x7940,0x9A00,0x9200,0x89C0,0x79A1,
  0x58E1,0x5080,0x40A1,0x0000,0x1820,0x3060,0x1000,0x0800,0x3020,0x2000,0x1000,0x2820,0x5208,0x7BAE,0x6B6D,0x528A,
  0x4A49,0x4A49,0x4A48,0x4228,0x4A49,0x39C7,0x2945,0x2965,0x3166,0x3186,0x39E7,0x5269,0x4A49,0x4A49,0x4A49,0x4A69,
  0x4A49,0x31A6,0x2945,0x5ACA,0x6B6D,0x6B6D,0x6B6D,0x6B6D,0x528A,0x4228,0x4228,0x4228,0x4228,0x4228,0x39C7,0x2944,
  0x2965,0x2965,0x3165,0x41E7,0x5289,0x3A06,0x5B85,0x5344,0x31C2,0x38E1,0x7961,0x9A01,0x9220,0x9220,0x91E0,0x7940,
  0x7120,0x7120,0x7120,0x7120,0x7120,0x58A0,0x4840,0x4840,0x4860,0x4860,0x4103,0x3186,0x3186,0x3186,0x3186,0x3186,
  0x0B94,0x0B94,0x0B94,0x0B94,0x0B94,0x0B94,0x0B73,0x0B73,0x0B73,0x0B73,0x0B73,0x0B73,0x0B73,0x0B73,0x0B73,0x0B73,
  0x0B73,0x0B53,0x0B73,0x0B73,0x1BD5,0x1330,0x12EF,0x0B96,0x03DA,0x03FB,0x03DB,0x03DB,0x03FB,0x03DB,0x03DB,0x03DB,
  0x03DB,0x03DB,0x03DB,0x03DB,0x03DB,0x03DB,0x03DB,0x03DB,0x03DB,0x03DB,0x03DB,0x03DB,0x03DB,0x03DB,0x03DB,0x03DB,
  0x03DB,0x03DA,0x03DA,0x03DB,0x03DB,0x03BA,0x03B8,0x0B74,0x0B73,0x1373,0x1352,0x12CE,0x12CE,0x12EE,0x1310,0x1373,
  0x1394,0x0B94,0x0B72,0x0B10,0x0B31,0x12AC,0x6203,0x91E0,0x9200,0x9200,0x9A20,0x8140,0x7120,0x7100,0x7100,0x7100,
  0x7100,0x58E0,0x9321,0x9BE1,0x8BA1,0x7AE1,0x8200,0x7120,0x60E0,0x68E0,0x68C0,0x6080,0x7120,0x4880,0x3000,0x4020,
  0x4040,0x3820,0x4840,0x7100,0x70E0,0x70E0,0x70E0,0x8160,0x91C0,0x89C0,0x8180,0x7141,0x58A0,0x5860,0x3020,0x0800,
  0x2020,0x3040,0x0800,0x1000,0x2000,0x3820,0x3820,0x2800,0x4860,0x6080,0x60A0,0x5840,0x70C0,0x60A1,0x5165,0x7B6C,
  0x7BAE,0x8C50,0x8C71,0x8C51,0x8410,0x83EF,0x83EF,0x8C51,0xA4F3,0xAD13,0x8309,0x79C1,0x8181,0x7100,0x7100,0x68E0,
  0x6060,0x7100,0x4880,0x2820,0x4020,0x4020,0x4020,0x4840,0x6900,0x7120,0x7120,0x7940,0x9A00,0x9200,0x91E0,0x91E0,
  0x89A1,0x5840,0x50A0,0x3860,0x4040,0x5060,0x4081,0x1800,0x3820,0x4860,0x3020,0x3020,0x59C7,0x6B4D,0x6B2C,0x5269,
  0x4A49,0x4A48,0x4A49,0x4248,0x4A28,0x31A6,0x2944,0x2945,0x3166,0x2965,0x39E7,0x5269,0x4A49,0x4A49,0x4A49,0x4A49,
  0x4A49,0x3185,0x2944,0x528A,0x6B6D,0x6B6D,0x6B6D,0x6B6D,0x52AA,0x4228,0x4228,0x4228,0x4228,0x4228,0x39C7,0x2945,
  0x2965,0x2965,0x2965,0x39E7,0x4A48,0x5B44,0x6402,0x3A81,0x39E2,0x28A2,0x4020,0x5880,0x8181,0x9200,0x91E0,0x8160,
  0x7120,0x7120,0x7120,0x7120,0x7120,0x5080,0x4840,0x4840,0x4860,0x4860,0x40E3,0x3186,0x2965,0x3186,0x3186,0x3186,
  0x0B94,0x0B94,0x0B94,0x0B94,0x0B94,0x0B73,0x0B73,0x0B73,0x0B73,0x0B73,0x0B73,0x0B73,0x0B73,0x0B73,0x0B74,0x1374,
  0x0B73,0x0B73,0x0B73,0x0B73,0x1B93,0x130F,0x12EE,0x1311,0x0B96,0x03DA,0x03DB,0x03FB,0x03DB,0x03FB,0x03FB,0x03FB,
  0x03DB,0x03FB,0x03DB,0x03DB,0x03FB,0x03FB,0x03FB,0x03FB,0x03FB,0x03FB,0x03FB,0x03FB,0x03DB,0x03DB,0x03DB,0x03DB,
  0x03DB,0x03DA,0x03DB,0x03DA,0x03DA,0x03B8,0x0B74,0x0B73,0x0B73,0x1373,0x1353,0x1331,0x130F,0x12EE,0x12EE,0x12EE,
  0x130F,0x130F,0x12EF,0x12EE,0x130F,0x0A2A,0x6A03,0x9200,0x9200,0x9200,0x9220,0x7960,0x7100,0x7100,0x7100,0x7100,
  0x69A0,0x7B83,0x8482,0x7441,0x4B00,0x3A60,0x41E0,0x38E0,0x60E0,0x68E0,0x70E0,0x70E0,0x7120,0x60A0,0x4820,0x4820,
  0x4840,0x4020,0x4820,0x68E1,0x5880,0x68C0,0x68E0,0x8160,0x91E0,0x91C0,0x91C0,0x91C0,0x7940,0x5060,0x4020,0x4860,
  0x4020,0x5080,0x3860,0x2000,0x3800,0x4820,0x4020,0x3020,0x4840,0x58A0,0x60C0,0x60A0,0x60A0,0x6102,0x7B6D,0x738D,
  0x734C,0x738D,0x8C50,0x8C71,0x9471,0xA4F3,0x9CF3,0xAD55,0xA513,0x736D,0x41E6,0x3922,0x6121,0x70E0,0x7100,0x7100,
  0x70E0,0x7100,0x6080,0x4020,0x4020,0x4020,0x4860,0x6901,0x7100,0x7100,0x7100,0x7920,0x9200,0x9A00,0x9A00,0x9A00,
  0x91C0,0x7100,0x68C0,0x68C0,0x6080,0x68C0,0x68C0,0x3820,0x4840,0x4840,0x4020,0x4020,0x59E7,0x736D,0x6B2C,0x5269,
  0x4A48,0x4A48,0x4A48,0x4A48,0x4A48,0x31A6,0x2944,0x2965,0x3185,0x3186,0x39E7,0x4A69,0x4A69,0x4A49,0x4A69,0x4A69,
  0x4A49,0x3185,0x2924,0x528A,0x6B6D,0x6B6D,0x6B6D,0x6B6D,0x52AA,0x4228,0x4228,0x4228,0x4228,0x4228,0x39E7,0x2945,
  0x2965,0x2965,0x2965,0x39E7,0x4A48,0x5BA4,0x4300,0x3A61,0x2981,0x4A06,0x71A2,0x4860,0x58A1,0x8160,0x91E0,0x8160,
  0x7120,0x7120,0x7120,0x7120,0x7120,0x5080,0x4840,0x4840,0x4840,0x4860,0x40E3,0x3185,0x3186,0x3186,0x3186,0x3186,
  0x0B94,0x0B94,0x0B94,0x0B94,0x0B94,0x0B94,0x0B93,0x0B73,0x0B73,0x0B73,0x0B73,0x0B73,0x1394,0x0B73,0x0B74,0x1393,
  0x1374,0x0B73,0x1373,0x1351,0x1330,0x130F,0x130F,0x130F,0x0AF0,0x0BB8,0x03DB,0x03FB,0x03FB,0x03FB,0x03FB,0x03FB,
  0x03FB,0x03FB,0x03FB,0x03FB,0x03FB,0x03FB,0x03FB,0x03FB,0x03FB,0x03FB,0x03FB,0x03FB,0x03FB,0x03FB,0x03FB,0x03DB,
  0x03DB,0x03DA,0x03DA,0x03DA,0x03D8,0x0B94,0x0B73,0x0B73,0x1373,0x1373,0x1373,0x1373,0x1394,0x1352,0x1310,0x12EE,
  0x130F,0x130F,0x12EE,0x12EE,0x0A4B,0x11E8,0x69E2,0x9A00,0x9200,0x9220,0x9200,0x7960,0x7100,0x7100,0x7100,0x7140,
  0x7324,0x3A61,0x4B01,0x3260,0x21C0,0x21A0,0x2161,0x2101,0x3040,0x7100,0x78E0,0x7100,0x7120,0x60A0,0x4820,0x4820,
  0x4840,0x4820,0x4840,0x5880,0x5860,0x5880,0x68E0,0x7960,0x91E0,0x91E0,0x91E0,0x91C0,0x89A0,0x60A0,0x5040,0x68C0,
  0x6080,0x60A0,0x58A0,0x4020,0x4820,0x50A1,0x7A89,0xACF2,0xA491,0xA470,0x9C50,0x9C50,0x9C50,0x9C70,0x9470,0x9BCE,
  0x8ACA,0x7B6D,0x73AE,0x738E,0x5ACA,0x5AAA,0x52AA,0x5289,0x5269,0x39E7,0x2944,0x2924,0x40E1,0x60C0,0x68E0,0x7120,
  0x7120,0x7100,0x68A0,0x5040,0x4040,0x4040,0x60E1,0x7940,0x7100,0x7120,0x7100,0x7940,0x9A00,0x9A00,0x9A00,0x9A00,
  0x91C0,0x7900,0x68C0,0x68E0,0x70E0,0x70E0,0x70E0,0x5860,0x4840,0x4840,0x4840,0x4820,0x61E7,0x736D,0x6B2C,0x5269,
  0x4A48,0x4A48,0x4A48,0x4A48,0x4A28,0x31A6,0x2944,0x2945,0x3165,0x2965,0x39E7,0x4A69,0x4A69,0x4A49,0x4A49,0x4A69,
  0x4A49,0x3185,0x2944,0x52AA,0x6B6D,0x6B6D,0x6B6D,0x6B6D,0x52AA,0x4228,0x4228,0x4A28,0x4A28,0x4A28,0x39E7,0x2945,
  0x2965,0x2965,0x2965,0x39E7,0x4A48,0x5B45,0x4B03,0x4265,0x4226,0x4A06,0x8A22,0x9201,0x5880,0x89A1,0x91C0,0x7940,
  0x7120,0x7120,0x7120,0x7120,0x7120,0x50A0,0x4840,0x4840,0x4860,0x4860,0x4102,0x3185,0x3186,0x3185,0x3186,0x3186,
  0x0B94,0x0B94,0x0B94,0x1394,0x1393,0x1394,0x0B93,0x0B93,0x1394,0x0B94,0x0B94,0x1394,0x1393,0x1393,0x1394,0x1394,
  0x1373,0x1351,0x130F,0x12EE,0x1B0F,0x1B0F,0x130F,0x1B0F,0x12CD,0x0B10,0x03B8,0x03FC,0x03FB,0x03FB,0x03FB,0x03FB,
  0x03FB,0x03FB,0x03FB,0x03FB,0x03FB,0x03FB,0x03FB,0x03DB,0x03FB,0x03FB,0x03FB,0x03FB,0x03FB,0x03DB,0x03FB,0x03FB,
  0x03DB,0x03DB,0x03DA,0x03B6,0x0B94,0x0B93,0x1373,0x1373,0x1373,0x1373,0x1373,0x1373,0x13B5,0x13D5,0x13D5,0x1372,
  0x130F,0x130F,0x12EE,0x126B,0x0A0A,0x08E4,0x7202,0x9A20,0x9A00,0x9220,0x9220,0x8160,0x7100,0x7100,0x7100,0x7100,
  0x5120,0x62C3,0x3181,0x31A1,0x1900,0x10E1,0x0020,0x1000,0x60E1,0x78E0,0x7900,0x7900,0x7120,0x60A0,0x4820,0x4840,
  0x4840,0x4840,0x4840,0x5860,0x5060,0x5060,0x68E0,0x8180,0x91E0,0x91E0,0x91E0,0x91E0,0x89C0,0x68E0,0x5040,0x68C0,
  0x68C0,0x68C0,0x60C0,0x5060,0x61A6,0x8BEF,0x8C30,0x7BAE,0x6B6D,0x7BEF,0x840F,0x8430,0x8C50,0x8C71,0x9471,0x8208,
  0x6841,0x5945,0x736D,0x632C,0x4207,0x4207,0x4207,0x4207,0x4207,0x3185,0x2944,0x2944,0x38E2,0x4860,0x5860,0x7120,
  0x7120,0x7120,0x5880,0x4040,0x1820,0x1800,0x8A02,0x7940,0x7100,0x7120,0x7120,0x7940,0x9A00,0x9A00,0x9A00,0x9A00,
  0x91C0,0x7920,0x68E0,0x70E0,0x70E0,0x70E0,0x70E0,0x5860,0x4840,0x4840,0x4840,0x4840,0x59E7,0x736D,0x6B4C,0x5269,
  0x4A49,0x4A48,0x4A48,0x4A48,0x4A29,0x31A6,0x2944,0x2965,0x3185,0x2965,0x39E7,0x5269,0x4A49,0x4A69,0x4A69,0x4A69,
  0x4A49,0x3186,0x2924,0x5AAA,0x6B6D,0x6B6D,0x6B6D,0x6B6D,0x52AA,0x4228,0x4228,0x4A48,0x4A48,0x4A48,0x39E7,0x2945,
  0x2965,0x2965,0x2965,0x39E7,0x4A69,0x4A67,0x3A25,0x4A68,0x4A48,0x4A26,0x8A42,0xA220,0x9A21,0x9A20,0x91E0,0x7940,
  0x7120,0x7120,0x7120,0x7120,0x7120,0x58A0,0x4840,0x4840,0x4860,0x4860,0x40E3,0x3185,0x3186,0x3186,0x3186,0x3186,
};

const uint16_t jnb_logo_rgb[1848] = {
  0x0000,0x0000,0x0000,0x0000,0x0000,0x0000,0x0000,0x0000,0x0000,0x0000,0x0000,0x0000,0x0000,0x0000,0x0000,0x0000,
  0x0000,0x0000,0x0000,0x0000,0x0000,0x0000,0x0000,0x0000,0x0000,0x0000,0x0000,0x0000,0x0000,0x0000,0x0000,0x0000,
  0x0000,0x0000,0x0000,0x0000,0x0000,0x0000,0x0000,0x0000,0x0000,0x0000,0x0000,0x0000,0x0000,0x0000,0x0000,0x0000,
  0x0000,0x0000,0x0000,0x0000,0x0000,0x0000,0x0000,0x0000,0x0000,0x0000,0x0000,0x0000,0x0000,0x0000,0x0000,0x0000,
  0x0000,0x0000,0x0000,0x0000,0x0000,0x0000,0x0000,0x0000,0x0000,0x0000,0x0000,0x0000,0x0000,0x0000,0x0000,0x0000,
  0x0000,0x0000,0x0000,0x0000,0x0000,0x0000,0x0000,0x0000,0x0000,0x0000,0x0000,0x0000,0x0000,0x0000,0x0000,0x0000,
  0x0000,0x0000,0x0000,0x0000,0x0000,0x0000,0x0000,0x0000,0x0000,0x0000,0x0000,0x0000,0x0000,0x0000,0x0000,0x0000,
  0x0000,0x0000,0x0000,0x0000,0x0000,0x0000,0x0000,0x0000,0x0000,0x0000,0x0000,0x0000,0x0000,0x0000,0x0000,0x0000,
  0x0000,0x0000,0x0000,0x0000,0x0000,0x0000,0x0000,0x0000,0x0000,0x0000,0x0000,0x0000,0x0000,0x0000,0x0000,0x0000,
  0x0000,0x0000,0x0000,0x0000,0x0000,0x0000,0x0000,0x0000,0x0000,0x0000,0x0000,0x0000,0x0000,0x0000,0x0000,0x0000,
  0x0000,0x0000,0x0000,0x0000,0x0000,0x0000,0x0000,0x0000,0x0000,0x0000,0x0000,0x0000,0x0000,0x0000,0x0000,0x0000,
  0x0000,0x0000,0x0000,0x0000,0x0000,0x0000,0x0000,0x0000,0x0000,0x0000,0x0000,0x0000,0x0000,0x0000,0x0000,0x0000,
  0x0000,0x0000,0x0000,0x0000,0x0000,0x0000,0x0000,0x0000,0x0000,0x0000,0x0000,0x0000,0x0000,0x0000,0x0000,0x0000,
  0x0000,0x0000,0x0000,0x0000,0x0000,0x0000,0x0000,0x0000,0x0000,0x0000,0x0000,0x0000,0x0000,0x0000,0x0000,0x0000,
  0x0000,0x0000,0x0000,0x0000,0x0000,0x0000,0x0000,0x0000,0x0000,0x0000,0x0000,0x0000,0x0000,0x0000,0x0000,0x0000,
  0x0000,0x0000,0x0000,0x0000,0x0000,0x0000,0x0000,0x0000,0xEF7D,0xEF7D,0x0000,0x0000,0x0000,0x0000,0x0000,0x0000,
  0x0000,0x0000,0x0000,0x0000,0x0000,0x0000,0x0000,0x0000,0x0000,0x0000,0x0000,0x0000,0x0000,0x0000,0x0000,0x0000,
  0x0000,0x0000,0x0000,0x0000,0x0000,0x0000,0x0000,0x0000,0x0000,0x0000,0x0000,0x0000,0x0000,0x0000,0x0000,0x0000,
  0x0000,0x0000,0x0000,0x0000,0x0000,0x0000,0x0000,0x0000,0x0000,0x0000,0x0000,0x0000,0x0000,0x0000,0x0000,0x0000,
  0x0000,0x0000,0x0000,0x0000,0x0000,0x0000,0x0000,0x0000,0x0000,0x0000,0x0000,0x0000,0x0000,0x0000,0x0000,0x0000,
  0x0000,0x0000,0x0000,0x0000,0x0000,0x0000,0x0000,0x0000,0x0000,0x0000,0x0000,0x0000,0xEF7D,0xEF7D,0x0000,0x0000,
  0x0000,0x0000,0x0000,0x0000,0x0000,0x19AA,0x19EC,0x21AA,0x0000,0x0000,0x0000,0x0000,0x0000,0x0000,0x0000,0x0000,
  0x0000,0x0000,0x0000,0x0000,0x0000,0x0000,0x0000,0x0000,0x0000,0x0000,0x0000,0x0000,0x0000,0x0000,0x0000,0x0000,
  0x0000,0x0000,0x0000,0x0000,0x5AEB,0x8C51,0x4208,0x0000,0x0000,0x0000,0x0000,0x0000,0x0000,0x0000,0x0000,0x0000,
  0x31A6,0x8C51,0x94B2,0x9CD3,0x8C71,0x2965,0x0020,0x0000,0x0000,0x0000,0x0000,0x0000,0x0000,0x0000,0x0000,0x0000,
  0x0000,0x0000,0x0000,0x0000,0x0000,0x0000,0x0000,0x0000,0x0000,0xEF5D,0xEF5D,0xEF7D,0x0000,0x0000,0x0000,0x0000,
  0x0000,0xEF9E,0x0000,0x0000,0x0000,0x0000,0x0000,0x0000,0x0000,0x2AF2,0x33D7,0x2B33,0x0000,0x0001,0x0001,0x0000,
  0x0000,0x0000,0x0000,0x0000,0x0000,0x0000,0x0000,0x0000,0x0000,0x0000,0x0000,0x0000,0x0000,0x0000,0x0000,0x0000,
  0x0000,0x0000,0x0020,0x0000,0x0000,0x0000,0x0000,0x0000,0xB596,0xFFFF,0x6B4D,0x0000,0x0000,0x0000,0x0000,0x0000,
  0x0000,0x0000,0x0000,0x0000,0x5AEB,0xFFFF,0xFFFF,0xFFFF,0xFFFF,0xF7BE,0x5B0C,0x0000,0x0000,0x0000,0x0000,0x0000,
  0x0000,0x0000,0x0000,0x0000,0x0000,0x0000,0x0000,0x0000,0x0000,0x0000,0x0000,0x0000,0x0000,0x4A49,0x73CF,0x3186,
  0x0000,0x0001,0x0001,0x0000,0x0000,0xF79E,0x0000,0x0000,0x0000,0x0000,0x0000,0x0000,0x0000,0x2B13,0x2BD7,0x2B13,
  0x10C4,0x43B5,0x6436,0x426B,0x634D,0xCE9B,0xD6BB,0x0862,0xBE39,0xC67B,0xAD75,0xB595,0xE73C,0xA534,0xA4F3,0xE71C,
  0xB595,0x2924,0x2124,0xD6BB,0xBE3A,0xA534,0xBDD6,0xCE38,0x4A28,0x0000,0x0000,0x0000,0x9492,0xF79E,0x4208,0x8C71,
  0xE73C,0xDEFB,0x7BEF,0xD6DB,0x8C50,0x0861,0x0000,0x0000,0x6B4D,0xFFFF,0xFFFF,0xBDF7,0xEF5D,0xFFFF,0xC65A,0x0861,
  0xE71C,0xE71C,0x8430,0x4A8A,0xADF9,0x8D38,0x18E4,0xAD75,0xE73C,0xCE79,0x8451,0xCE9B,0xB5D7,0x8C51,0xE71C,0xCE58,
  0x31A6,0x0000,0x84B5,0x5C16,0x1A70,0x2AF2,0x3375,0x19EC,0x0000,0x0000,0x0000,0x0000,0x0000,0x0000,0x0000,0x0000,
  0x0001,0x2B13,0x2BD7,0x2B13,0x10E4,0x64D9,0xA5FC,0x4AAC,0x73AE,0xFFFF,0xFFFF,0x10A2,0xDF1D,0xCF1D,0xBE5A,0xD6BA,
  0xFFFF,0xFFFF,0xC638,0xEF7D,0xFFFF,0xAD76,0x10A2,0xEFBE,0xD71D,0xCE79,0xE71C,0xFFFF,0xDEDA,0x3186,0x0000,0x0000,
  0x39C7,0xAD55,0x0861,0x9CD3,0xFFFF,0xFFDF,0xAD76,0xE75D,0xFFDE,0x736D,0x0000,0x0000,0x632C,0xFFFF,0xFFFF,0x5269,
  0xA534,0xFFFF,0xD6FD,0x0841,0xFFDF,0xFFFF,0x94B2,0x52CB,0xBEBD,0x9DFC,0x1905,0xBDF7,0xFFFF,0xEF7D,0xB5D8,0xD71D,
  0xFFFF,0xCE58,0xEF5C,0xFFFF,0xCE9A,0x0841,0x8D17,0x74F9,0x4BF6,0x2B75,0x3C18,0x2B97,0x1127,0x0000,0x0000,0x0000,
  0x0000,0x0000,0x0000,0x0000,0x0000,0x2AF3,0x33D8,0x3B74,0x1905,0x855A,0x9DDB,0x4ACC,0x7BEF,0xFFFF,0xFFFF,0x10A2,
  0xF7BE,0xD71D,0x8C93,0x5ACB,0xFFFF,0xFFFF,0x52AA,0xB5B6,0xFFFF,0xEF5D,0x18C3,0xFFFF,0xEF7E,0x8410,0x7BCF,0xFFFF,
  0xFFFF,0x528A,0x0000,0x0000,0x0841,0x20E3,0x0000,0x9CD3,0xFFFF,0xEF7D,0x0841,0xCEDC,0xFFFF,0xA534,0x0000,0x0000,
  0x630C,0xFFFF,0xFFFF,0x94B2,0xDEDA,0xEF9E,0x94F4,0x0861,0xFFFF,0xFFFF,0x94B2,0x52CB,0xCEDD,0xA61C,0x1905,0xBDF7,
  0xFFFF,0xCE9A,0x2966,0xD71E,0xFFFF,0x738E,0x8C71,0xFFFF,0xEFBF,0x0841,0x9D98,0xB67C,0x8CF5,0x2188,0x6CFA,0x4419,
  0x19CB,0x0000,0x0000,0x0000,0x0000,0x0000,0x0000,0x0000,0x0000,0x2AD2,0x5CB9,0x6C76,0x2966,0xB67C,0xB65C,0x52EC,
  0x7BEF,0xFFFF,0xFFFF,0x1082,0xF7BE,0xD71D,0x8452,0x528A,0xFFFF,0xFFFF,0x528A,0xAD75,0xFFFF,0xEF5D,0x18C3,0xFFFF,
  0xEF7E,0x7BF0,0x6B6D,0xFFFF,0xFFFF,0x4A69,0x0000,0x0000,0x0000,0x0000,0x0000,0x9CD3,0xFFFF,0xEF7D,0x0000,0xCEBC,
  0xE77E,0xA534,0x0000,0x0000,0x5ACB,0xFFFF,0xFFFF,0xFFFF,0xFFFF,0xA555,0x2945,0x4208,0xFFDF,0xFFFF,0x94B2,0x52CB,
  0xCEFD,0xC6DD,0x2125,0xBDF7,0xFFDF,0xB619,0x2104,0xD73E,0xE77E,0x6B6D,0x8430,0xFFDF,0xDF3E,0x0841,0xC659,0xE75E,
  0xAD96,0x29A7,0x857B,0x64BA,0x29EB,0x0000,0x0000,0x0000,0x0000,0x0000,0x0000,0x0000,0x0000,0x3B32,0x74FA,0x9538,
  0x2986,0xDF3D,0xDF3D,0x632D,0x7BCF,0xF7DF,0xFFFF,0x1082,0xE75E,0xCF1D,0x8472,0x4A8A,0xFFFF,0xFFFF,0x528A,0xAD75,
  0xFFFF,0xEF5D,0x18C3,0xFFFF,0xE75E,0x73AF,0x6B6D,0xFFFF,0xFFFF,0x4A69,0x0000,0x0000,0x0000,0x0000,0x0000,0x9CD3,
  0xFFFF,0xEF5D,0x0000,0xC6BC,0xD71D,0x9CF4,0x0000,0x0000,0x630C,0xFFFF,0xFFFF,0xD69A,0xDF1D,0xD71E,0xA556,0x0841,
  0xF7BE,0xF7BF,0x94B2,0x52CB,0xD71D,0xF7BE,0x2945,0xB5B6,0xDF3E,0xB5F9,0x1904,0xBE9D,0xCEFD,0x5B2D,0x7C10,0xD73E,
  0xCEFD,0x0841,0xDEDB,0xFFFF,0xBDF7,0x39E8,0xB65D,0x751A,0x322B,0x0000,0x0000,0x0000,0x0000,0x0000,0x0000,0x0000,
  0x0000,0x53D4,0x855B,0x9D78,0x3186,0xFFFF,0xFFFF,0x6B6D,0x6B8F,0xD73E,0xEF9E,0x10A2,0xCEFD,0xBE9C,0x8C73,0x4249,
  0xDF5E,0xF7BF,0x4A6A,0xAD75,0xFFFF,0xE73C,0x18C3,0xEF9E,0xD71E,0x73CF,0x6B4D,0xFFFF,0xFFFF,0x4A69,0x0000,0x0000,
  0x0000,0x0000,0x0000,0x9CD3,0xFFFF,0xDF1C,0x0000,0xC69B,0xCEFE,0x8473,0x0000,0x0000,0x632C,0xF7DF,0xE77E,0x4A6A,
  0x9D15,0xD71E,0xBE9C,0x0861,0xD71D,0xD71D,0x9492,0x52CB,0xDF5E,0xFFFF,0x2965,0x9D35,0xD71E,0xB619,0x18E4,0xAE3C,
  0xC6DD,0x5B2D,0x638F,0xB69D,0xBEBD,0x0861,0xDEFB,0xFFFF,0xBDF7,0x39C7,0xBE7D,0x751A,0x29EA,0x0000,0x0000,0x0000,
  0x0000,0x0000,0x0000,0x0000,0x0862,0x5BF5,0x8D9B,0xA598,0x3186,0xFFFF,0xFFFF,0x6B6D,0x530E,0xBE9D,0xCF1E,0x10A2,
  0xC6BD,0xB65C,0x7C53,0x4A49,0xD71D,0xD73D,0x4249,0x94F4,0xE75E,0xD6DB,0x10A3,0xCEFE,0xD71E,0x73CF,0x5B0C,0xE77E,
  0xF7DF,0x528A,0x0000,0x0000,0x0000,0x0000,0x0000,0x94D3,0xE75E,0xCEBC,0x0000,0xD6FC,0xCEFD,0x8C93,0x0000,0x0000,
  0x5AEC,0xD71D,0xCF1D,0x4249,0x8CD3,0xC6DD,0xAE3B,0x0841,0xD71D,0xD71E,0x73F1,0x52EC,0xE77E,0xFFFF,0x2945,0x9D35,
  0xC6DD,0xA598,0x1904,0xCF1D,0xF7BF,0x6B6D,0x6BAF,0xBE9D,0xCEDD,0x0861,0xDEDB,0xFFFF,0xBDF7,0x31C8,0xAE3C,0x751A,
  0x322B,0x0000,0x0000,0x0000,0x0000,0x0000,0x0000,0x0000,0x222D,0x5479,0x8D7B,0xADD8,0x3186,0xFFDF,0xFFFF,0xAD55,
  0x638F,0xBE9D,0xE77E,0x10A2,0xEF7E,0xCEFD,0x7432,0x4249,0xD71E,0xD71D,0x4249,0x94D4,0xD71E,0xC69B,0x10A3,0xB67D,
  0xBEBD,0x7C31,0x94D3,0xCEFD,0xDF3E,0x4A69,0x0000,0x0000,0x0000,0x0000,0x0000,0x94B3,0xD71D,0xC69B,0x0000,0xEF7D,
  0xD71D,0x7C93,0x0840,0x0000,0x4A8A,0xD71D,0xCEFD,0x9516,0xAE1A,0xAE5C,0xBE7C,0x0861,0xF7BE,0xF7DF,0xAD96,0x7BCF,
  0xFFFF,0xFFFF,0x2945,0x9516,0xB67D,0x9558,0x2104,0xF7BF,0xFFFF,0x738E,0x8410,0xEF7E,0xFFDF,0x0861,0xD6BA,0xE75E,
  0xB5D8,0x5350,0x857C,0x5CBA,0x2A0C,0x0000,0x0000,0x0000,0x0000,0x0000,0x0000,0x0021,0x2AF2,0x4418,0x7D39,0x5AEC,
  0x10A2,0x8C71,0xFFDF,0xF7BE,0xEF7D,0xE75E,0xFFFF,0x10A2,0xF7BE,0xF7DF,0x8473,0x3A29,0xBE9D,0xBE9D,0x4249,0x8CD4,
  0xCEFD,0xB63B,0x10A3,0xCEFE,0xF7DF,0xD6FC,0xD6FD,0xCEFD,0x8472,0x18A2,0x0000,0x0000,0x0000,0x0000,0x0000,0x9CD3,
  0xCEFD,0xAE3A,0x0000,0xDF1C,0xC6DD,0x8552,0x1901,0x0000,0x4A8A,0xBE7D,0xB65C,0xAE5C,0xAE3C,0xAE3B,0x7C10,0x0021,
  0x7BEF,0xF7BE,0xFFBF,0xEF7D,0xFFFF,0xFFFF,0x2945,0x8CD5,0xAE5D,0x8D17,0x2104,0xEF9E,0xFFFF,0x738E,0x8410,0xFFFF,
  0xFFFF,0x0861,0xDEDB,0xDF3E,0xB63D,0x855B,0x5CBA,0x3333,0x10E5,0x0000,0x0000,0x0000,0x0000,0x0000,0x0000,0x0000,
  0x21E8,0x540A,0x5BE8,0x2963,0x0000,0x0841,0x630C,0x5ACB,0x39E7,0xA56E,0x9D4E,0x10A2,0x7BEF,0x738E,0x4229,0x2124,
  0x5B4E,0x5B0D,0x1904,0x4249,0x7C8D,0x850D,0x10C3,0xDF3E,0xFFFF,0x8410,0x52AB,0x5B0C,0x1082,0x0000,0x0000,0x0000,
  0x0000,0x0000,0x0000,0x4A49,0x5B4E,0x530D,0x0000,0x638C,0x7C8C,0x74A8,0x2962,0x0000,0x3A46,0x7CEC,0x7CEC,0x7CAC,
  0x5B6C,0x4A6A,0x0000,0x0000,0x0000,0x5AEB,0x6B4D,0x39A6,0x94EE,0xA58E,0x1903,0x424A,0x4ACC,0x428B,0x10A2,0x738E,
  0x738E,0x39C7,0x52A8,0xA5AE,0xADEE,0x0840,0xD6BB,0xCEFD,0x8CD6,0x2168,0x21EB,0x08A4,0x0000,0x0000,0x0000,0x0000,
  0x0000,0x0000,0x0000,0x0000,0x0000,0x4B22,0x3222,0x0000,0x0000,0x0000,0x0000,0x0000,0x0020,0x0020,0x3A22,0x0020,
  0x0000,0x0000,0x0000,0x0000,0x0000,0x0000,0x0000,0x0000,0x0840,0x4B03,0x10A2,0x9D90,0x94D0,0x528A,0x0000,0x0000,
  0x0000,0x0000,0x0000,0x0000,0x0000,0x0000,0x0000,0x0000,0x0000,0x0000,0x0000,0x0020,0x2181,0x4B22,0x10A1,0x0000,
  0x29A2,0x42C2,0x3242,0x10C1,0x0020,0x0000,0x0000,0x0000,0x0000,0x0000,0x0000,0x0000,0x0000,0x3202,0x0000,0x0000,
  0x0000,0x0000,0x0000,0x0000,0x0000,0x0000,0x0000,0x1901,0x6C23,0x0020,0x9D2F,0x9D8F,0x638C,0x0000,0x0000,0x0000,
  0x0000,0x0000,0x0000,0x0000,0x0000,0x0000,0x0000,0x0000,0x0000,0x29A2,0x31C3,0x0000,0x0000,0x0000,0x0000,0x0000,
  0x0000,0x0020,0x0860,0x0000,0x0000,0x0000,0x0000,0x0000,0x0000,0x0000,0x0000,0x0000,0x0000,0x3223,0x0020,0x2162,
  0x0860,0x0000,0x0000,0x0000,0x0000,0x0000,0x0000,0x0000,0x0000,0x0000,0x0000,0x0000,0x0000,0x0000,0x0000,0x0000,
  0x0020,0x3A64,0x0000,0x0000,0x0020,0x18E1,0x1902,0x0000,0x0000,0x0000,0x0000,0x0000,0x0000,0x0000,0x0000,0x0000,
  0x0000,0x0860,0x0000,0x0000,0x0000,0x0000,0x0000,0x0000,0x0000,0x0000,0x0000,0x0000,0x3A43,0x0000,0x3A42,0x42C2,
  0x0860,0x0000,0x0000,0x0000,0x0000,0x0000,0x0000,0x0000,0x0000,0x0000,0x0000,0x0000,0x0000,0x0020,0x0840,0x0000,
  0x0000,0x0000,0x0000,0x0000,0x0000,0x0000,0x0000,0x0000,0x0000,0x0000,0x0000,0x0000,0x0000,0x0000,0x0000,0x0000,
  0x0000,0x0860,0x0000,0x0000,0x0000,0x0000,0x0000,0x0000,0x0000,0x0000,0x0000,0x0000,0x0000,0x0000,0x0000,0x0000,
  0x0000,0x0000,0x0000,0x0000,0x0000,0x0860,0x0000,0x0000,0x0000,0x0000,0x0000,0x0000,0x0000,0x0000,0x0000,0x0000,
  0x0000,0x0000,0x0000,0x0000,0x0000,0x0000,0x0000,0x0000,0x0000,0x0000,0x0000,0x0000,0x0000,0x0000,0x0000,0x0000,
  0x0840,0x0000,0x3203,0x29C3,0x0000,0x0000,0x0000,0x0000,0x0000,0x0000,0x0000,0x0000,0x0000,0x0000,0x0000,0x0000,
  0x0000,0x0000,0x0000,0x0000,0x0000,0x0000,0x0000,0x0000,0x0000,0x0000,0x0000,0x0000,0x0000,0x0000,0x0000,0x0000,
  0x0000,0x0000,0x0000,0x0000,0x0000,0x0000,0x0000,0x0000,0x0000,0x0000,0x0000,0x0000,0x0000,0x0000,0x0000,0x0000,
  0x0000,0x0000,0x0000,0x0000,0x0000,0x0000,0x0000,0x0000,0x0000,0x0000,0x0000,0x0000,0x0000,0x0000,0x0000,0x0000,
  0x0000,0x0000,0x0000,0x0000,0x0000,0x0000,0x0000,0x0000,0x0000,0x0000,0x0000,0x0000,0x0000,0x0000,0x0000,0x0000,
  0x0000,0x0000,0x0000,0x0000,0x0000,0x0000,0x0881,0x0861,0x0000,0x0000,0x0000,0x0000,0x0000,0x0000,0x0000,0x0000,
  0x0000,0x0000,0x0000,0x0000,0x0000,0x0000,0x0000,0x0000,0x0000,0x0000,0x0000,0x0000,0x0000,0x0000,0x0000,0x0000,
  0x0000,0x0000,0x0000,0x0000,0x0000,0x0000,0x0000,0x0000,0x0000,0x0000,0x0000,0x0000,0x0000,0x0000,0x0000,0x0000,
  0x0000,0x0000,0x0000,0x0000,0x0000,0x0000,0x0000,0x0000,0x0000,0x0000,0x0000,0x0000,0x0000,0x0000,0x0000,0x0000,
  0x0000,0x0000,0x0000,0x0000,0x0000,0x0000,0x0000,0x0000,0x0000,0x0000,0x0000,0x0000,0x0000,0x0000,0x0000,0x0000,
  0x0000,0x0000,0x0000,0x0000,0x0000,0x0000,0x0000,0x0000,0x0000,0x0000,0x0000,0x0000,0x0000,0x0000,0x0000,0x0000,
  0x0000,0x0000,0x0000,0x0000,0x0000,0x0000,0x0000,0x0000,0x0000,0x0000,0x0000,0x0000,0x0000,0x0000,0x0000,0x0000,
  0x0000,0x0000,0x0000,0x0000,0x0000,0x0000,0x0000,0x0000,0x0000,0x0000,0x0000,0x0000,0x0000,0x0000,0x0000,0x0000,
  0x0000,0x0000,0x0000,0x0000,0x0000,0x0000,0x0000,0x0000,0x0000,0x0000,0x0000,0x0000,0x0000,0x0000,0x0000,0x0000,
  0x0000,0x0000,0x0000,0x0000,0x0000,0x0000,0x0000,0x0000,0x0000,0x0000,0x0000,0x0000,0x0000,0x0000,0x0000,0x0000,
  0x0000,0x0000,0x0000,0x0000,0x0000,0x0000,0x0000,0x0000,0x0000,0x0000,0x0000,0x0000,0x0000,0x0000,0x0000,0x0000,
  0x0000,0x0000,0x0000,0x0000,0x0000,0x0000,0x0000,0x0000,
};

const uint8_t jnb_logo_a[1848] = {
  0x00,0x00,0x00,0x00,0x00,0x00,0x00,0x00,0x00,0x00,0x00,0x00,0x00,0x00,0x00,0x00,0x00,0x00,0x00,0x00,0x00,0x00,0x00,0x00,
  0x00,0x00,0x00,0x00,0x00,0x00,0x00,0x00,0x00,0x00,0x00,0x00,0x00,0x00,0x00,0x00,0x00,0x00,0x00,0x00,0x00,0x00,0x00,0x00,
  0x00,0x00,0x00,0x00,0x00,0x00,0x00,0x00,0x00,0x00,0x00,0x00,0x00,0x00,0x00,0x00,0x00,0x00,0x00,0x00,0x00,0x00,0x00,0x00,
  0x00,0x00,0x00,0x00,0x00,0x00,0x00,0x00,0x00,0x00,0x00,0x00,0x00,0x00,0x00,0x00,0x00,0x00,0x00,0x00,0x00,0x00,0x00,0x00,
  0x00,0x00,0x00,0x00,0x00,0x00,0x00,0x00,0x00,0x00,0x00,0x00,0x00,0x00,0x00,0x00,0x00,0x00,0x00,0x00,0x00,0x00,0x00,0x00,
  0x00,0x00,0x00,0x00,0x00,0x00,0x00,0x00,0x00,0x00,0x00,0x00,0x00,0x00,0x00,0x00,0x00,0x00,0x00,0x00,0x00,0x00,0x00,0x00,
  0x00,0x00,0x00,0x00,0x00,0x00,0x00,0x00,0x00,0x00,0x00,0x00,0x00,0x00,0x00,0x00,0x00,0x00,0x00,0x00,0x00,0x00,0x00,0x00,
  0x00,0x00,0x00,0x00,0x00,0x00,0x00,0x00,0x00,0x00,0x00,0x00,0x00,0x00,0x00,0x00,0x00,0x00,0x00,0x00,0x00,0x00,0x00,0x00,
  0x00,0x00,0x00,0x00,0x00,0x00,0x00,0x00,0x00,0x00,0x00,0x00,0x00,0x00,0x00,0x00,0x00,0x00,0x00,0x00,0x00,0x00,0x00,0x00,
  0x00,0x00,0x00,0x00,0x00,0x00,0x00,0x00,0x00,0x00,0x00,0x00,0x00,0x00,0x00,0x00,0x00,0x00,0x00,0x00,0x00,0x00,0x00,0x00,
  0x00,0x00,0x00,0x00,0x00,0x00,0x00,0x00,0xB4,0x86,0x00,0x00,0x00,0x00,0x00,0x00,0x00,0x00,0x00,0x00,0x00,0x00,0x00,0x00,
  0x00,0x00,0x00,0x00,0x00,0x00,0x00,0x00,0x00,0x00,0x00,0x00,0x00,0x00,0x00,0x00,0x00,0x00,0x00,0x00,0x00,0x00,0x00,0x00,
  0x00,0x00,0x00,0x00,0x00,0x00,0x00,0x00,0x00,0x00,0x00,0x00,0x00,0x00,0x00,0x00,0x00,0x00,0x00,0x00,0x00,0x00,0x00,0x00,
  0x00,0x00,0x00,0x00,0x00,0x00,0x00,0x00,0x00,0x00,0x00,0x00,0x00,0x00,0x00,0x00,0x00,0x00,0x00,0x00,0xE5,0xB9,0x00,0x00,
  0x00,0x00,0x00,0x00,0x28,0xE7,0xE7,0xFC,0x2C,0x00,0x00,0x00,0x00,0x00,0x00,0x00,0x00,0x00,0x00,0x00,0x00,0x00,0x00,0x00,
  0x00,0x00,0x00,0x00,0x00,0x00,0x00,0x00,0x00,0x00,0x00,0x1F,0xF3,0xE7,0xB0,0x00,0x00,0x00,0x00,0x00,0x00,0x00,0x00,0x00,
  0xA0,0xE7,0xD9,0xD0,0xD9,0xD0,0x58,0x00,0x00,0x00,0x00,0x00,0x00,0x00,0x00,0x00,0x00,0x00,0x00,0x00,0x00,0x00,0x00,0x00,
  0x00,0x20,0xA2,0x58,0x00,0x00,0x00,0x00,0x00,0x5C,0x00,0x00,0x00,0x00,0x00,0x00,0x2E,0xFF,0xFF,0xFF,0x6C,0x56,0x51,0x66,
  0x59,0x53,0x4C,0x66,0x5B,0x51,0x4C,0x63,0x60,0x4C,0x4C,0x5B,0x66,0x0F,0x27,0x59,0x66,0x51,0x4C,0x54,0x33,0x00,0x00,0x2E,
  0xFF,0xFF,0xDB,0x4C,0x63,0x61,0x4C,0x4C,0x4C,0x00,0x00,0x00,0xB9,0xFF,0xFF,0xFF,0xFF,0xFF,0xDD,0x4C,0x4C,0x66,0x5B,0x58,
  0x4C,0x61,0x51,0x4C,0x4C,0x4F,0x66,0x4C,0x4C,0x54,0x66,0x51,0x22,0x21,0xE5,0x71,0x5E,0x4C,0x63,0x4A,0x00,0x25,0x00,0x00,
  0x00,0x00,0x00,0x00,0x39,0xFF,0xFF,0xFF,0xFF,0xFF,0xFF,0xFF,0xFF,0xFF,0xFF,0xFF,0xFF,0xFF,0xFF,0xFF,0xFF,0xFF,0xFF,0xFF,
  0xFF,0xBC,0x94,0xFF,0xFF,0xFF,0xFF,0xFF,0xD8,0x27,0x00,0x19,0xFF,0xFF,0xFF,0xFF,0xFF,0xFF,0xFF,0xFF,0xFA,0x7F,0x04,0x00,
  0xA4,0xFF,0xFF,0xFF,0xFF,0xFF,0xFF,0xFF,0xFF,0xFF,0xFF,0xFF,0xFF,0xFF,0xFF,0xFF,0xFF,0xFF,0xFF,0xFF,0xFF,0xFF,0xFF,0xFF,
  0xD5,0x66,0xFF,0xFF,0xFF,0xFF,0xFF,0xEA,0x47,0x00,0x00,0x00,0x00,0x00,0x00,0x00,0x43,0xFF,0xFF,0xFF,0xFF,0xFF,0xFF,0xFF,
  0xFF,0xFF,0xFF,0xFF,0xFF,0xFF,0xFF,0xFF,0xFF,0xFF,0xFF,0xFF,0xFF,0xFF,0xFF,0xFF,0xFF,0xFF,0xFF,0xFF,0xFF,0x8B,0x00,0x0A,
  0xD0,0xFF,0x96,0xFF,0xFF,0xFF,0xFF,0xFF,0xFF,0xFF,0x12,0x00,0xA2,0xFF,0xFF,0xFF,0xFF,0xFF,0xFF,0xFF,0xFF,0xFF,0xFF,0xFF,
  0xFF,0xFF,0xFF,0xFF,0xFF,0xFF,0xFF,0xFF,0xFF,0xFF,0xFF,0xFF,0xFF,0xFF,0xFF,0xFF,0xFF,0xFF,0xFF,0xFF,0xE0,0x00,0x00,0x00,
  0x00,0x00,0x00,0x00,0x2E,0xFF,0xFF,0xFF,0xFF,0xFF,0xFF,0xFF,0xFF,0xFF,0xFF,0xFF,0xFF,0xFF,0xFF,0xFF,0xFF,0xFF,0xFF,0xFF,
  0xFF,0xFF,0xFF,0xFF,0xFF,0xFF,0xFF,0xFF,0xFF,0x8B,0x00,0x00,0x51,0x8F,0x26,0xFF,0xFF,0xFF,0xFF,0xFF,0xFF,0xFF,0x00,0x00,
  0xAB,0xFF,0xFF,0xFF,0xFF,0xFF,0xFF,0xFF,0xFF,0xFF,0xFF,0xFF,0xFF,0xFF,0xFF,0xFF,0xFF,0xFF,0xFF,0xFF,0xFF,0xFF,0xFF,0xFF,
  0xFF,0xFF,0xFF,0xFF,0xFF,0xFF,0xFF,0xFF,0xCC,0x00,0x00,0x00,0x00,0x00,0x00,0x00,0x2E,0xFF,0xFF,0xFF,0xFF,0xFF,0xFF,0xFF,
  0xFF,0xFF,0xFF,0xFF,0xFF,0xFF,0xFF,0xFF,0xFF,0xFF,0xFF,0xFF,0xFF,0xFF,0xFF,0xFF,0xFF,0xFF,0xFF,0xFF,0xFF,0x8B,0x00,0x00,
  0x00,0x00,0x19,0xFF,0xFF,0xFF,0xFF,0xFF,0xFF,0xFF,0x00,0x00,0xB9,0xFF,0xFF,0xFF,0xFF,0xFF,0xFF,0xFF,0xFF,0xFF,0xFF,0xFF,
  0xFF,0xFF,0xFF,0xFF,0xFF,0xFF,0xFF,0xFF,0xFF,0xFF,0xFF,0xFF,0xFF,0xFF,0xFF,0xFF,0xFF,0xFF,0xFF,0xFF,0xCC,0x00,0x00,0x00,
  0x00,0x00,0x00,0x00,0x35,0xFF,0xFF,0xFF,0xFF,0xFF,0xFF,0xFF,0xFF,0xFF,0xFF,0xFF,0xFF,0xFF,0xFF,0xFF,0xFF,0xFF,0xFF,0xFF,
  0xFF,0xFF,0xFF,0xFF,0xFF,0xFF,0xFF,0xFF,0xFF,0x8B,0x00,0x00,0x00,0x00,0x07,0xFF,0xFF,0xFF,0xFF,0xFF,0xFF,0xFF,0x00,0x00,
  0xA9,0xFF,0xFF,0xFF,0xFF,0xFF,0xFF,0xFF,0xFF,0xFF,0xFF,0xFF,0xFF,0xFF,0xFF,0xFF,0xFF,0xFF,0xFF,0xFF,0xFF,0xFF,0xFF,0xFF,
  0xFF,0xFF,0xFF,0xFF,0xFF,0xFF,0xFF,0xFF,0xD3,0x00,0x00,0x00,0x00,0x00,0x00,0x00,0x45,0xFF,0xFF,0xFF,0xFF,0xFF,0xFF,0xFF,
  0xFF,0xFF,0xFF,0xFF,0xFF,0xFF,0xFF,0xFF,0xFF,0xFF,0xFF,0xFF,0xFF,0xFF,0xFF,0xFF,0xFF,0xFF,0xFF,0xFF,0xFF,0x8B,0x00,0x00,
  0x00,0x00,0x00,0xFF,0xFF,0xFF,0xFF,0xFF,0xFF,0xFF,0x00,0x00,0xA2,0xFF,0xFF,0xFF,0xFF,0xFF,0xFF,0xFF,0xFF,0xFF,0xFF,0xFF,
  0xFF,0xFF,0xFF,0xFF,0xFF,0xFF,0xFF,0xFF,0xFF,0xFF,0xFF,0xFF,0xFF,0xFF,0xFF,0xFF,0xFF,0xFF,0xFF,0xFF,0xE5,0x00,0x00,0x00,
  0x00,0x00,0x00,0x00,0x76,0xFF,0xFF,0xFF,0xFF,0xFF,0xFF,0xFF,0xFF,0xFF,0xFF,0xFF,0xFF,0xFF,0xFF,0xFF,0xFF,0xFF,0xFF,0xFF,
  0xFF,0xFF,0xFF,0xFF,0xFF,0xFF,0xFF,0xFF,0xFF,0x8B,0x00,0x00,0x00,0x00,0x00,0xFF,0xFF,0xFF,0xFF,0xFF,0xFF,0xFF,0x00,0x00,
  0xA4,0xFF,0xFF,0xFF,0xFF,0xFF,0xFF,0xFF,0xFF,0xFF,0xFF,0xFF,0xFF,0xFF,0xFF,0xFF,0xFF,0xFF,0xFF,0xFF,0xFF,0xFF,0xFF,0xFF,
  0xFF,0xFF,0xFF,0xFF,0xFF,0xFF,0xFF,0xFF,0xD7,0x00,0x00,0x00,0x00,0x00,0x00,0x19,0xFF,0xFF,0xFF,0xFF,0xFF,0xFF,0xFF,0xFF,
  0xFF,0xFF,0xFF,0xFF,0xFF,0xFF,0xFF,0xFF,0xFF,0xFF,0xFF,0xFF,0xFF,0xFF,0xFF,0xFF,0xFF,0xFF,0xFF,0xFF,0xFF,0x8B,0x00,0x00,
  0x00,0x00,0x05,0xFF,0xFF,0xFF,0xFF,0xFF,0xFF,0xFF,0x47,0x00,0xB9,0xFF,0xFF,0xFF,0xFF,0xFF,0xFF,0xFF,0xFF,0xFF,0xFF,0xFF,
  0xFF,0xFF,0xFF,0xFF,0xFF,0xFF,0xFF,0xFF,0xFF,0xFF,0xFF,0xFF,0xFF,0xFF,0xFF,0xFF,0xFF,0xFF,0xFF,0xFF,0xCC,0x00,0x00,0x00,
  0x00,0x00,0x00,0x1E,0xFF,0xFF,0xFF,0xF1,0xC3,0xFF,0xFF,0xFF,0xFF,0xFF,0xFF,0xFF,0xFF,0xFF,0xFF,0xFF,0xFF,0xFF,0xFF,0xFF,
  0xFF,0xFF,0xFF,0xFF,0xFF,0xFF,0xFF,0xFF,0xFF,0x6B,0x00,0x00,0x00,0x00,0x0D,0xFA,0xFF,0xFF,0xFF,0xFF,0xFF,0xFF,0x84,0x00,
  0xAE,0xFF,0xFF,0xFF,0xFF,0xFF,0xFA,0xD0,0xF5,0xFF,0xFF,0xFF,0xFF,0xFF,0xFF,0xFF,0xFF,0xFF,0xFF,0xFF,0xFF,0xFF,0xFF,0xFF,
  0xFF,0xFF,0xFF,0xFF,0xFF,0xFF,0xFF,0xFF,0xA2,0x00,0x00,0x00,0x00,0x00,0x00,0x28,0xEC,0xFF,0xFF,0xB2,0x04,0x87,0xD6,0xD5,
  0xDB,0xFF,0xFF,0xE3,0xCC,0xE3,0xDD,0xCC,0xCC,0xDD,0xE3,0xE5,0xFF,0xFF,0xFF,0xFF,0xFF,0xFC,0xE5,0xD3,0x8E,0x04,0x00,0x00,
  0x00,0x00,0x00,0xC9,0xCC,0xCE,0xE5,0xF9,0xFF,0xFF,0x73,0x00,0xA2,0xFF,0xFF,0xFF,0xF4,0xD0,0x70,0x00,0x66,0xD0,0xCC,0xEA,
  0xFF,0xFF,0xEF,0xDD,0xE3,0xCC,0xCC,0xD8,0xE5,0xD1,0xF5,0xFF,0xFF,0xFF,0xFF,0xFF,0xFF,0xD2,0xE5,0xBE,0x0F,0x00,0x00,0x00,
  0x00,0x00,0x00,0x00,0x58,0xF4,0xFF,0x56,0x00,0x00,0x00,0x00,0x16,0x9B,0xF2,0x30,0x00,0x00,0x00,0x00,0x00,0x00,0x00,0x33,
  0xA2,0xFF,0xFF,0xFF,0xFA,0xCE,0x00,0x00,0x00,0x00,0x00,0x00,0x00,0x00,0x00,0x00,0x00,0x00,0x00,0x3D,0xD0,0xFF,0x6A,0x00,
  0xA2,0xFF,0xF8,0xBA,0x42,0x00,0x00,0x00,0x00,0x00,0x00,0x14,0x72,0xFF,0x3D,0x00,0x00,0x00,0x00,0x00,0x00,0x00,0x5A,0xD3,
  0xFF,0xFF,0xFF,0xFF,0xFF,0x17,0x00,0x00,0x00,0x00,0x00,0x00,0x00,0x00,0x00,0x00,0x00,0x9F,0x99,0x00,0x00,0x00,0x00,0x00,
  0x00,0x21,0x5A,0x00,0x00,0x00,0x00,0x00,0x00,0x00,0x00,0x00,0x00,0xF3,0xEE,0xCE,0x50,0x00,0x00,0x00,0x00,0x00,0x00,0x00,
  0x00,0x00,0x00,0x00,0x00,0x00,0x00,0x00,0x60,0xFF,0x00,0x00,0x47,0xAD,0x93,0x00,0x00,0x00,0x00,0x00,0x00,0x00,0x00,0x00,
  0x12,0x5C,0x09,0x00,0x00,0x00,0x00,0x00,0x00,0x00,0x00,0x58,0xF4,0x5C,0xCE,0xF4,0x66,0x0E,0x00,0x00,0x00,0x00,0x00,0x00,
  0x00,0x00,0x00,0x00,0x00,0x42,0x37,0x00,0x00,0x00,0x00,0x00,0x00,0x00,0x00,0x00,0x00,0x00,0x00,0x00,0x00,0x00,0x00,0x00,
  0x00,0x72,0x20,0x00,0x00,0x00,0x00,0x00,0x00,0x00,0x00,0x00,0x00,0x00,0x00,0x00,0x00,0x00,0x00,0x00,0x12,0x66,0x00,0x00,
  0x00,0x00,0x00,0x00,0x00,0x00,0x00,0x00,0x00,0x00,0x00,0x00,0x00,0x00,0x00,0x00,0x00,0x00,0x00,0x00,0x00,0x00,0x00,0x28,
  0x5F,0x00,0xB2,0x8B,0x00,0x00,0x00,0x00,0x00,0x00,0x00,0x00,0x00,0x00,0x00,0x00,0x00,0x00,0x00,0x00,0x00,0x00,0x00,0x00,
  0x00,0x00,0x00,0x00,0x00,0x00,0x00,0x00,0x00,0x00,0x00,0x00,0x00,0x00,0x00,0x00,0x00,0x00,0x00,0x00,0x00,0x00,0x00,0x00,
  0x00,0x00,0x00,0x00,0x00,0x00,0x00,0x00,0x00,0x00,0x00,0x00,0x00,0x00,0x00,0x00,0x00,0x00,0x00,0x00,0x00,0x00,0x00,0x00,
  0x00,0x00,0x00,0x00,0x00,0x00,0x00,0x00,0x00,0x00,0x00,0x00,0x00,0x00,0x5F,0x4B,0x00,0x00,0x00,0x00,0x00,0x00,0x00,0x00,
  0x00,0x00,0x00,0x00,0x00,0x00,0x00,0x00,0x00,0x00,0x00,0x00,0x00,0x00,0x00,0x00,0x00,0x00,0x00,0x00,0x00,0x00,0x00,0x00,
  0x00,0x00,0x00,0x00,0x00,0x00,0x00,0x00,0x00,0x00,0x00,0x00,0x00,0x00,0x00,0x00,0x00,0x00,0x00,0x00,0x00,0x00,0x00,0x00,
  0x00,0x00,0x00,0x00,0x00,0x00,0x00,0x00,0x00,0x00,0x00,0x00,0x00,0x00,0x00,0x00,0x00,0x00,0x00,0x00,0x00,0x00,0x00,0x00,
  0x00,0x00,0x00,0x00,0x00,0x00,0x00,0x00,0x00,0x00,0x00,0x00,0x00,0x00,0x00,0x00,0x00,0x00,0x00,0x00,0x00,0x00,0x00,0x00,
  0x00,0x00,0x00,0x00,0x00,0x00,0x00,0x00,0x00,0x00,0x00,0x00,0x00,0x00,0x00,0x00,0x00,0x00,0x00,0x00,0x00,0x00,0x00,0x00,
  0x00,0x00,0x00,0x00,0x00,0x00,0x00,0x00,0x00,0x00,0x00,0x00,0x00,0x00,0x00,0x00,0x00,0x00,0x00,0x00,0x00,0x00,0x00,0x00,
  0x00,0x00,0x00,0x00,0x00,0x00,0x00,0x00,0x00,0x00,0x00,0x00,0x00,0x00,0x00,0x00,0x00,0x00,0x00,0x00,0x00,0x00,0x00,0x00,
};
