/* Automatisch erzeugt von tools/convert_assets.py - nicht von Hand aendern.
 * Inhalt: Originaldaten von Jump 'n Bump (c) 1998 Brainchild Design, GPL2+.
 */
#include "assets_level.h"

const uint16_t jnb_palette[256] = {
  0x0000,0x0001,0x0002,0x0003,0x0004,0x0005,0x0006,0x0007,0x0008,0x0009,0x000A,0x000B,
  0x000C,0x000D,0x000E,0x000F,0xFFFF,0xEF5D,0xDEDB,0xCE59,0xBDD7,0xA534,0x94B2,0x8430,
  0x73AE,0x630C,0x528A,0x4208,0x3186,0x18E3,0x0861,0x0000,0xFFFF,0xD73E,0xAE7E,0x85DD,
  0x5D3C,0x3C9B,0x1BFB,0x037A,0x02F7,0x0293,0x0210,0x01AD,0x0129,0x00C6,0x0043,0x0000,
  0xE7F4,0xCF50,0xBECD,0xA64A,0x95C7,0x7D44,0x6CC2,0x5C40,0x4BC0,0x4320,0x32A0,0x2A00,
  0x1980,0x1100,0x0860,0x0000,0xFF36,0xF6B2,0xEE0E,0xE58B,0xDD08,0xD4A5,0xCC02,0xBB41,
  0xA280,0x91E0,0x7960,0x68E0,0x5080,0x3040,0x1820,0x0000,0xFF9B,0xF6F3,0xF68C,0xEE66,
  0xEE20,0xD580,0xC4A0,0xABE0,0x9B40,0x8280,0x7200,0x59A0,0x4120,0x28C0,0x1040,0x0000,
  0x0BBA,0x2C3B,0xFFFF,0xFFFF,0xFFFF,0xFFFF,0xFFFF,0xFFFF,0xFFFF,0xFFFF,0xFFFF,0xFFFF,
  0xFFFF,0xFFFF,0xFFFF,0xFFFF,0x8980,0xFFFF,0xFFFF,0xFFFF,0xFFFF,0xFFFF,0xFFFF,0xFFFF,
  0xFFFF,0xFFFF,0xFFFF,0xFFFF,0xFFFF,0xFFFF,0xFFFF,0xFFFF,0xFFE0,0xFDC0,0xFC00,0xF800,
  0xC800,0x9000,0x6000,0x3000,0xFFFF,0xFEDB,0xFCD3,0xFACB,0xBA08,0x7945,0x3882,0x0000,
  0xFFFF,0xA69E,0x4D5E,0x043D,0x0BF7,0x0B50,0x0A4A,0x00E3,0xFFE6,0xF666,0xED06,0xE3C6,
  0xFB0C,0xE228,0xC8E3,0xB000,0xFFFF,0xFFFF,0xFFFF,0xFFFF,0xFFFF,0xFFFF,0xFFFF,0xFFFF,
  0xFFFF,0xFFFF,0xFFFF,0xFFFF,0xFFFF,0xFFFF,0xFFFF,0xFFFF,0xF800,0xD800,0xB000,0x9000,
  0x7000,0x4800,0x2800,0x0800,0xFFFF,0xFFFF,0xFFFF,0xFFFF,0xFFFF,0xFFFF,0xFFFF,0xFFFF,
  0xFFFF,0xDEDB,0xB596,0x8C71,0x6B4D,0x4228,0x2104,0x0000,0xFF9A,0xDDF1,0xBC69,0x9B04,
  0x7222,0x4961,0x20A0,0x0000,0xA534,0x8C71,0x73AE,0x5AEB,0x4228,0x2965,0x10A2,0x0000,
  0xD551,0xB46E,0x93AC,0x7AE9,0x5A27,0x3964,0x18A2,0x0000,0xFB93,0xFFFF,0xFFFF,0xFFFF,
  0xFFFF,0xFFFF,0xFFFF,0xFFFF,0xFFFF,0xFFFF,0xFFFF,0xFFFF,0xFFFF,0xFFFF,0xFFFF,0xFFFF,
  0xFFFF,0xFFFF,0xFFFF,0xFFFF,0xFFFF,0xFFFF,0xFFFF,0xFFFF,0xFFFF,0xFFFF,0xFFFF,0xFFFF,
  0xFFFF,0xFFFF,0xFFFF,0xFFFF,
};

const uint8_t jnb_level[102400] = {
  0x18,0x19,0x1A,0x1A,0x1A,0x1A,0x1A,0x1A,0x1A,0x18,0x18,0x18,0x18,0x18,0x18,0x19,0x1A,0x1A,0x1A,0x1A,0x1A,0x1A,0x1A,0x1B,0x1C,0x1C,0x1C,0x1C,0x1C,0x1C,0x16,0x15,
  0x18,0x18,0x17,0x17,0x17,0x16,0x16,0x16,0x16,0x16,0x16,0x16,0x16,0x15,0x16,0x28,0x27,0x27,0x27,0x27,0x27,0x27,0x27,0x27,0x27,0x27,0x27,0x27,0x27,0x27,0x27,0x27,
  0x27,0x27,0x27,0x27,0x27,0x27,0x27,0x27,0x27,0x27,0x27,0x27,0x27,0x27,0x27,0x27,0x27,0x27,0x27,0x27,0x27,0x27,0x27,0x27,0x27,0x27,0x27,0x27,0x27,0x27,0x27,0x27,
  0x27,0x27,0x27,0x27,0x27,0x27,0x27,0x27,0x27,0x27,0x27,0x27,0x27,0x27,0x27,0x27,0x27,0x27,0x27,0x27,0x27,0x27,0x27,0x27,0x27,0x27,0x27,0x27,0x27,0x27,0x27,0x27,
  0x27,0x27,0x27,0x27,0x27,0x27,0x27,0x27,0x27,0x27,0x27,0x27,0x27,0x27,0x27,0x27,0x27,0x27,0x27,0x27,0x27,0x27,0x27,0x27,0x27,0x27,0x27,0x27,0x27,0x27,0x27,0x27,
  0x27,0x27,0x27,0x27,0x27,0x27,0x27,0x27,0x27,0x27,0x27,0x27,0x27,0x27,0x27,0x27,0x27,0x27,0x27,0x27,0x27,0x27,0x27,0x27,0x27,0x27,0x27,0x27,0x27,0x27,0x27,0x27,
  0x27,0x27,0x27,0x27,0x27,0x27,0x27,0x27,0x27,0x27,0x27,0x27,0x27,0x27,0x27,0x27,0x27,0x27,0x27,0x27,0x27,0x27,0x27,0x27,0x27,0x27,0x27,0x27,0x27,0x27,0x27,0x27,
  0x27,0x27,0x27,0x27,0x27,0x27,0x27,0x27,0x27,0x27,0x27,0x27,0x27,0x27,0x27,0x27,0x27,0x27,0x27,0x27,0x27,0x27,0x27,0x27,0x27,0x27,0x27,0x27,0x27,0x27,0x27,0x27,
  0x27,0x27,0x27,0x27,0x27,0x27,0x27,0x27,0x27,0x27,0x27,0x27,0x27,0x27,0x27,0x27,0x27,0x27,0x27,0x27,0x27,0x27,0x27,0x27,0x27,0x27,0x27,0x27,0x27,0x27,0x27,0x27,
  0x27,0x27,0x27,0x27,0x27,0x27,0x27,0x27,0x27,0x27,0x27,0x27,0x27,0x27,0x27,0x27,0x27,0x27,0x27,0x27,0x27,0x27,0x27,0x27,0x27,0x27,0x27,0x27,0x27,0x27,0x27,0x27,
  0x27,0x27,0x27,0x27,0x27,0x27,0x27,0x27,0x27,0x27,0x27,0x27,0x27,0x27,0x27,0x27,0x27,0x27,0x27,0x27,0x27,0x27,0x27,0x27,0x27,0x27,0x27,0x27,0x27,0x27,0x27,0x27,
  0x27,0x27,0x27,0x27,0x27,0x27,0x27,0x27,0x27,0x23,0x12,0x12,0x12,0x12,0x12,0x12,0x12,0x12,0x12,0x23,0x27,0x27,0x27,0x27,0x23,0x10,0x10,0x12,0x12,0x12,0x12,0x12,
  0x12,0x12,0x12,0x12,0x12,0x12,0x12,0x12,0x12,0x14,0x1F,0x1F,0x1F,0x1F,0x1F,0x1F,0x18,0x19,0x1A,0x1A,0x1A,0x1A,0x1A,0x1A,0x1A,0x18,0x18,0x18,0x18,0x18,0x18,0x19,
  0x1A,0x1A,0x1A,0x1A,0x1A,0x1A,0x1A,0x1B,0x1C,0x1C,0x1C,0x1C,0x1C,0x1C,0x17,0x17,0x17,0x16,0x16,0x16,0x16,0x16,0x16,0x16,0x16,0x16,0x16,0x16,0x16,0x15,0x15,0x19,
  0x19,0x27,0x27,0x27,0x27,0x27,0x27,0x27,0x27,0x27,0x27,0x27,0x27,0x27,0x27,0x27,0x27,0x27,0x27,0x27,0x27,0x27,0x27,0x27,0x27,0x27,0x27,0x27,0x27,0x27,0x27,0x27,
  0x27,0x27,0x27,0x27,0x27,0x27,0x27,0x27,0x27,0x27,0x27,0x27,0x27,0x27,0x27,0x27,0x27,0x27,0x27,0x27,0x27,0x27,0x27,0x27,0x27,0x27,0x27,0x27,0x27,0x27,0x27,0x27,
  0x27,0x27,0x27,0x27,0x27,0x27,0x27,0x27,0x27,0x27,0x27,0x27,0x27,0x27,0x27,0x27,0x27,0x27,0x27,0x27,0x27,0x27,0x27,0x27,0x27,0x27,0x27,0x27,0x27,0x27,0x27,0x27,
  0x27,0x27,0x27,0x27,0x27,0x27,0x27,0x27,0x27,0x27,0x27,0x27,0x27,0x27,0x27,0x27,0x27,0x27,0x27,0x27,0x27,0x27,0x27,0x27,0x27,0x27,0x27,0x27,0x27,0x27,0x27,0x27,
  0x27,0x27,0x27,0x27,0x27,0x27,0x27,0x27,0x27,0x27,0x27,0x27,0x27,0x27,0x27,0x27,0x27,0x27,0x27,0x27,0x27,0x27,0x27,0x27,0x27,0x27,0x27,0x27,0x27,0x27,0x27,0x27,
  0x27,0x27,0x27,0x27,0x27,0x27,0x27,0x27,0x27,0x27,0x27,0x27,0x27,0x27,0x27,0x27,0x27,0x27,0x27,0x27,0x27,0x27,0x27,0x27,0x27,0x27,0x27,0x27,0x27,0x27,0x27,0x27,
  0x27,0x27,0x27,0x27,0x27,0x27,0x27,0x27,0x27,0x27,0x27,0x27,0x27,0x27,0x27,0x27,0x27,0x27,0x27,0x27,0x27,0x27,0x27,0x27,0x27,0x27,0x27,0x27,0x27,0x27,0x27,0x27,
  0x27,0x27,0x27,0x27,0x27,0x27,0x27,0x27,0x27,0x27,0x27,0x27,0x27,0x27,0x27,0x27,0x27,0x27,0x27,0x27,0x27,0x27,0x27,0x27,0x27,0x27,0x27,0x27,0x27,0x27,0x27,0x27,
  0x27,0x27,0x27,0x27,0x27,0x27,0x27,0x27,0x27,0x27,0x27,0x27,0x27,0x27,0x27,0x27,0x27,0x27,0x27,0x27,0x27,0x27,0x27,0x27,0x27,0x27,0x27,0x27,0x27,0x27,0x27,0x27,
  0x27,0x27,0x27,0x27,0x27,0x27,0x27,0x27,0x27,0x27,0x27,0x27,0x27,0x27,0x27,0x27,0x27,0x27,0x27,0x27,0x27,0x23,0x10,0x12,0x12,0x12,0x12,0x12,0x12,0x12,0x12,0x12,
  0x12,0x12,0x12,0x12,0x12,0x12,0x12,0x12,0x12,0x12,0x10,0x10,0x12,0x12,0x12,0x12,0x12,0x12,0x12,0x12,0x12,0x12,0x12,0x12,0x12,0x12,0x12,0x12,0x14,0x1F,0x1F,0x1F,
  0x18,0x19,0x1A,0x1A,0x1A,0x1A,0x1A,0x1A,0x1A,0x18,0x18,0x18,0x18,0x18,0x18,0x19,0x1A,0x1A,0x1A,0x1A,0x1A,0x1A,0x1A,0x1B,0x1C,0x1C,0x1C,0x1C,0x1C,0x1C,0x17,0x17,
  0x16,0x16,0x16,0x16,0x16,0x16,0x16,0x16,0x16,0x15,0x15,0x14,0x15,0x19,0x19,0x1C,0x1C,0x27,0x27,0x27,0x27,0x27,0x27,0x27,0x27,0x27,0x27,0x27,0x27,0x27,0x27,0x27,
  0x27,0x27,0x27,0x27,0x27,0x27,0x27,0x27,0x27,0x27,0x27,0x27,0x27,0x27,0x27,0x27,0x27,0x27,0x27,0x27,0x27,0x27,0x27,0x27,0x27,0x27,0x27,0x27,0x27,0x27,0x27,0x27,
  0x27,0x27,0x27,0x27,0x27,0x27,0x27,0x27,0x27,0x27,0x27,0x27,0x27,0x27,0x27,0x27,0x27,0x27,0x27,0x27,0x27,0x27,0x27,0x27,0x27,0x27,0x27,0x27,0x27,0x27,0x27,0x27,
  0x27,0x27,0x27,0x27,0x27,0x27,0x27,0x27,0x27,0x27,0x27,0x27,0x27,0x27,0x27,0x27,0x27,0x27,0x27,0x27,0x27,0x27,0x27,0x27,0x27,0x27,0x27,0x27,0x27,0x27,0x27,0x27,
  0x27,0x27,0x27,0x27,0x27,0x27,0x27,0x27,0x27,0x27,0x27,0x27,0x27,0x27,0x27,0x27,0x27,0x27,0x27,0x27,0x27,0x27,0x27,0x27,0x27,0x27,0x27,0x27,0x27,0x27,0x27,0x27,
  0x27,0x27,0x27,0x27,0x27,0x27,0x27,0x27,0x27,0x27,0x27,0x27,0x27,0x27,0x27,0x27,0x27,0x27,0x27,0x27,0x27,0x27,0x27,0x27,0x27,0x27,0x27,0x27,0x27,0x27,0x27,0x27,
  0x27,0x27,0x27,0x27,0x27,0x27,0x27,0x27,0x27,0x27,0x27,0x27,0x27,0x27,0x27,0x27,0x27,0x27,0x27,0x27,0x27,0x27,0x27,0x27,0x27,0x27,0x27,0x27,0x27,0x27,0x27,0x27,
  0x27,0x27,0x27,0x27,0x27,0x27,0x27,0x27,0x27,0x27,0x27,0x27,0x27,0x27,0x27,0x27,0x27,0x27,0x27,0x27,0x27,0x27,0x27,0x27,0x27,0x27,0x27,0x27,0x27,0x27,0x27,0x27,
  0x27,0x27,0x27,0x27,0x27,0x27,0x27,0x27,0x27,0x27,0x27,0x27,0x27,0x27,0x27,0x27,0x27,0x27,0x27,0x27,0x27,0x27,0x27,0x27,0x27,0x27,0x27,0x27,0x27,0x27,0x27,0x27,
  0x27,0x27,0x27,0x27,0x27,0x27,0x27,0x27,0x27,0x27,0x27,0x27,0x27,0x27,0x27,0x27,0x27,0x27,0x27,0x27,0x27,0x27,0x27,0x27,0x27,0x27,0x27,0x27,0x27,0x27,0x27,0x27,
  0x27,0x27,0x27,0x27,0x27,0x10,0x10,0x10,0x10,0x12,0x12,0x12,0x12,0x12,0x12,0x12,0x12,0x12,0x12,0x12,0x12,0x12,0x12,0x12,0x12,0x12,0x10,0x10,0x12,0x12,0x12,0x12,
  0x12,0x12,0x12,0x12,0x12,0x12,0x12,0x12,0x12,0x12,0x14,0x17,0x17,0x1C,0x1F,0x1F,0x18,0x19,0x1A,0x1A,0x1A,0x1A,0x1A,0x1A,0x1A,0x18,0x18,0x18,0x18,0x18,0x18,0x19,
  0x1A,0x1A,0x1A,0x1A,0x1A,0x1A,0x1A,0x1B,0x1C,0x1C,0x1C,0x1C,0x1C,0x1C,0x18,0x18,0x17,0x17,0x16,0x15,0x15,0x15,0x15,0x14,0x14,0x14,0x14,0x19,0x19,0x1C,0x1C,0x1C,
  0x1C,0x27,0x27,0x27,0x27,0x27,0x27,0x27,0x27,0x27,0x27,0x27,0x27,0x27,0x27,0x27,0x27,0x27,0x27,0x27,0x27,0x27,0x27,0x27,0x27,0x27,0x27,0x27,0x27,0x27,0x27,0x27,
  0x27,0x27,0x27,0x27,0x27,0x27,0x27,0x27,0x27,0x27,0x27,0x27,0x27,0x27,0x27,0x27,0x27,0x27,0x27,0x27,0x27,0x27,0x27,0x27,0x27,0x27,0x27,0x27,0x27,0x27,0x27,0x27,
  0x27,0x27,0x27,0x27,0x27,0x27,0x27,0x27,0x27,0x27,0x27,0x27,0x27,0x27,0x27,0x27,0x27,0x27,0x27,0x27,0x27,0x27,0x27,0x27,0x27,0x27,0x27,0x27,0x27,0x27,0x27,0x27,
  0x27,0x27,0x27,0x27,0x27,0x27,0x27,0x27,0x27,0x27,0x27,0x27,0x27,0x27,0x27,0x27,0x27,0x27,0x27,0x27,0x27,0x27,0x27,0x27,0x27,0x27,0x27,0x27,0x27,0x27,0x27,0x27,
  0x27,0x27,0x27,0x27,0x27,0x27,0x27,0x27,0x27,0x27,0x27,0x27,0x27,0x27,0x27,0x27,0x27,0x27,0x27,0x27,0x27,0x27,0x27,0x27,0x27,0x27,0x27,0x27,0x27,0x27,0x27,0x27,
  0x27,0x27,0x27,0x27,0x27,0x27,0x27,0x27,0x27,0x27,0x27,0x27,0x27,0x27,0x27,0x27,0x27,0x27,0x27,0x27,0x27,0x27,0x27,0x27,0x27,0x27,0x27,0x27,0x27,0x27,0x27,0x27,
  0x27,0x27,0x27,0x27,0x27,0x27,0x27,0x27,0x27,0x27,0x27,0x27,0x27,0x27,0x27,0x27,0x27,0x27,0x27,0x27,0x27,0x27,0x27,0x27,0x27,0x27,0x27,0x27,0x27,0x27,0x27,0x27,
  0x27,0x27,0x27,0x27,0x27,0x27,0x27,0x27,0x27,0x27,0x27,0x27,0x27,0x27,0x27,0x27,0x27,0x27,0x27,0x27,0x27,0x27,0x27,0x27,0x27,0x27,0x27,0x27,0x27,0x27,0x27,0x27,
  0x27,0x27,0x27,0x27,0x27,0x27,0x27,0x27,0x27,0x27,0x27,0x27,0x27,0x27,0x27,0x27,0x27,0x27,0x27,0x27,0x27,0x27,0x27,0x27,0x27,0x27,0x27,0x27,0x27,0x27,0x27,0x27,
  0x27,0x27,0x27,0x27,0x27,0x27,0x27,0x27,0x27,0x27,0x27,0x27,0x27,0x27,0x27,0x27,0x27,0x27,0x27,0x27,0x23,0x10,0x10,0x10,0x10,0x10,0x14,0x17,0x17,0x17,0x17,0x14,
  0x12,0x12,0x12,0x12,0x12,0x12,0x12,0x12,0x12,0x12,0x14,0x17,0x17,0x17,0x17,0x17,0x17,0x17,0x17,0x17,0x17,0x17,0x17,0x17,0x17,0x17,0x19,0x1C,0x1C,0x1C,0x1C,0x1F,
  0x18,0x19,0x1A,0x1A,0x1A,0x1A,0x1A,0x1A,0x1A,0x18,0x18,0x18,0x18,0x18,0x18,0x19,0x1A,0x1A,0x1A,0x1A,0x1A,0x1A,0x1A,0x1B,0x1C,0x1C,0x1C,0x1C,0x1C,0x1C,0x18,0x18,
  0x18,0x18,0x19,0x19,0x19,0x19,0x19,0x19,0x19,0x19,0x1B,0x1C,0x1C,0x1C,0x1C,0x1C,0x1C,0x27,0x27,0x27,0x27,0x27,0x27,0x27,0x27,0x27,0x27,0x27,0x27,0x27,0x27,0x27,
  0x27,0x27,0x27,0x27,0x27,0x27,0x27,0x27,0x27,0x27,0x27,0x27,0x27,0x27,0x27,0x27,0x27,0x27,0x27,0x27,0x27,0x27,0x27,0x27,0x27,0x27,0x27,0x27,0x27,0x27,0x27,0x27,
  0x27,0x27,0x27,0x27,0x27,0x27,0x27,0x27,0x27,0x27,0x27,0x27,0x27,0x27,0x27,0x27,0x27,0x27,0x27,0x27,0x27,0x27,0x27,0x27,0x27,0x27,0x27,0x27,0x27,0x27,0x27,0x27,
  0x27,0x27,0x27,0x27,0x27,0x27,0x27,0x27,0x27,0x27,0x27,0x27,0x27,0x27,0x27,0x27,0x27,0x27,0x27,0x27,0x27,0x27,0x27,0x27,0x27,0x27,0x27,0x27,0x27,0x27,0x27,0x27,
  0x27,0x27,0x27,0x27,0x27,0x27,0x27,0x27,0x27,0x27,0x27,0x27,0x27,0x27,0x27,0x27,0x27,0x27,0x27,0x27,0x27,0x27,0x27,0x27,0x27,0x27,0x27,0x27,0x27,0x27,0x27,0x27,
  0x27,0x27,0x27,0x27,0x27,0x27,0x27,0x27,0x27,0x27,0x27,0x27,0x27,0x27,0x27,0x27,0x27,0x27,0x27,0x27,0x27,0x27,0x27,0x27,0x27,0x27,0x27,0x27,0x27,0x27,0x27,0x27,
  0x27,0x27,0x27,0x27,0x27,0x27,0x27,0x27,0x27,0x27,0x27,0x27,0x27,0x27,0x27,0x27,0x27,0x27,0x27,0x27,0x27,0x27,0x27,0x27,0x27,0x27,0x27,0x27,0x27,0x27,0x27,0x27,
  0x27,0x27,0x27,0x27,0x27,0x27,0x27,0x27,0x27,0x27,0x27,0x27,0x27,0x27,0x27,0x27,0x27,0x27,0x27,0x27,0x27,0x27,0x27,0x27,0x27,0x27,0x27,0x27,0x27,0x27,0x27,0x27,
  0x27,0x27,0x27,0x27,0x27,0x27,0x27,0x27,0x27,0x27,0x27,0x27,0x27,0x27,0x27,0x27,0x27,0x27,0x27,0x27,0x27,0x27,0x27,0x27,0x27,0x27,0x27,0x27,0x27,0x27,0x27,0x27,
  0x27,0x27,0x27,0x27,0x27,0x27,0x27,0x27,0x27,0x27,0x27,0x27,0x27,0x27,0x27,0x27,0x27,0x27,0x27,0x27,0x27,0x27,0x27,0x27,0x27,0x27,0x27,0x27,0x27,0x27,0x27,0x27,
  0x27,0x27,0x27,0x23,0x10,0x10,0x10,0x10,0x14,0x17,0x17,0x17,0x17,0x17,0x17,0x17,0x17,0x17,0x17,0x17,0x17,0x17,0x17,0x17,0x17,0x17,0x17,0x17,0x17,0x17,0x17,0x17,
  0x17,0x17,0x17,0x17,0x17,0x17,0x17,0x17,0x17,0x17,0x17,0x19,0x1C,0x1C,0x1C,0x1C,0x18,0x19,0x1A,0x1A,0x1A,0x1A,0x1A,0x1A,0x1A,0x18,0x18,0x18,0x18,0x18,0x18,0x19,
  0x1A,0x1A,0x1A,0x1A,0x1A,0x1A,0x1A,0x1B,0x1C,0x1C,0x1C,0x1C,0x1C,0x1C,0x18,0x18,0x18,0x18,0x19,0x19,0x19,0x19,0x19,0x19,0x19,0x19,0x1B,0x1C,0x1C,0x1C,0x1C,0x1C,
  0x1C,0x27,0x27,0x27,0x27,0x27,0x27,0x27,0x27,0x27,0x27,0x27,0x27,0x27,0x27,0x27,0x27,0x27,0x27,0x27,0x27,0x27,0x27,0x27,0x27,0x27,0x27,0x27,0x27,0x27,0x27,0x27,
  0x27,0x27,0x27,0x27,0x27,0x27,0x27,0x27,0x27,0x27,0x27,0x27,0x27,0x27,0x27,0x27,0x27,0x27,0x27,0x27,0x27,0x27,0x27,0x27,0x27,0x27,0x27,0x27,0x27,0x27,0x27,0x27,
  0x27,0x27,0x27,0x27,0x27,0x27,0x27,0x27,0x27,0x27,0x27,0x27,0x27,0x27,0x27,0x27,0x27,0x27,0x27,0x27,0x27,0x27,0x27,0x27,0x27,0x27,0x27,0x27,0x27,0x27,0x27,0x27,
  0x27,0x27,0x27,0x27,0x27,0x27,0x27,0x27,0x27,0x27,0x27,0x27,0x27,0x27,0x27,0x27,0x27,0x27,0x27,0x27,0x27,0x27,0x27,0x27,0x27,0x27,0x27,0x27,0x27,0x27,0x27,0x27,
  0x27,0x27,0x27,0x27,0x27,0x27,0x27,0x27,0x27,0x27,0x27,0x27,0x27,0x27,0x27,0x27,0x27,0x27,0x27,0x27,0x27,0x27,0x27,0x27,0x27,0x27,0x27,0x27,0x27,0x27,0x27,0x27,
  0x27,0x27,0x27,0x27,0x27,0x27,0x27,0x27,0x27,0x27,0x27,0x27,0x27,0x27,0x27,0x27,0x27,0x27,0x27,0x27,0x27,0x27,0x27,0x27,0x27,0x27,0x27,0x27,0x27,0x27,0x27,0x27,
  0x27,0x27,0x27,0x27,0x27,0x27,0x27,0x27,0x27,0x27,0x27,0x27,0x27,0x27,0x27,0x27,0x27,0x27,0x27,0x27,0x27,0x27,0x27,0x27,0x27,0x27,0x27,0x27,0x27,0x27,0x27,0x27,
  0x27,0x27,0x27,0x27,0x27,0x27,0x27,0x27,0x27,0x27,0x27,0x27,0x27,0x27,0x27,0x27,0x27,0x27,0x27,0x27,0x27,0x27,0x27,0x27,0x27,0x27,0x27,0x27,0x27,0x27,0x27,0x27,
  0x27,0x27,0x27,0x27,0x27,0x27,0x27,0x27,0x27,0x27,0x27,0x27,0x27,0x27,0x27,0x27,0x27,0x27,0x27,0x27,0x27,0x27,0x27,0x27,0x27,0x27,0x27,0x27,0x27,0x27,0x27,0x27,
  0x27,0x27,0x27,0x27,0x27,0x27,0x27,0x27,0x27,0x27,0x27,0x27,0x27,0x27,0x27,0x27,0x27,0x27,0x23,0x10,0x10,0x10,0x10,0x14,0x17,0x17,0x17,0x17,0x17,0x17,0x17,0x17,
  0x17,0x17,0x17,0x17,0x17,0x17,0x17,0x17,0x17,0x17,0x17,0x17,0x17,0x17,0x17,0x17,0x17,0x17,0x17,0x17,0x17,0x17,0x17,0x17,0x17,0x17,0x17,0x17,0x19,0x1C,0x1C,0x1C,
  0x18,0x19,0x1A,0x1A,0x1A,0x1A,0x1A,0x1A,0x1A,0x18,0x18,0x18,0x18,0x18,0x18,0x19,0x1A,0x1A,0x1A,0x1A,0x1A,0x1A,0x1A,0x1B,0x1C,0x1C,0x1C,0x1C,0x1C,0x1C,0x18,0x18,
  0x18,0x18,0x19,0x19,0x19,0x19,0x19,0x19,0x19,0x19,0x1B,0x1C,0x1C,0x1C,0x1C,0x1C,0x1C,0x27,0x27,0x27,0x27,0x27,0x27,0x27,0x27,0x27,0x27,0x27,0x27,0x27,0x27,0x27,
  0x27,0x27,0x27,0x27,0x27,0x27,0x27,0x27,0x27,0x27,0x27,0x27,0x27,0x27,0x27,0x27,0x27,0x27,0x27,0x27,0x27,0x27,0x27,0x27,0x27,0x27,0x27,0x27,0x27,0x27,0x27,0x27,
  0x27,0x27,0x27,0x27,0x27,0x27,0x27,0x27,0x27,0x27,0x27,0x27,0x27,0x27,0x27,0x27,0x27,0x27,0x27,0x27,0x27,0x27,0x27,0x27,0x27,0x27,0x27,0x27,0x27,0x27,0x27,0x27,
  0x27,0x27,0x27,0x27,0x27,0x27,0x27,0x27,0x27,0x27,0x27,0x27,0x27,0x27,0x27,0x27,0x27,0x27,0x27,0x27,0x27,0x27,0x27,0x27,0x27,0x27,0x27,0x27,0x27,0x27,0x27,0x27,
  0x27,0x27,0x27,0x27,0x27,0x27,0x27,0x27,0x27,0x27,0x27,0x27,0x27,0x27,0x27,0x27,0x27,0x27,0x27,0x27,0x27,0x27,0x27,0x27,0x27,0x27,0x27,0x27,0x27,0x27,0x27,0x27,
  0x27,0x27,0x27,0x27,0x27,0x27,0x27,0x27,0x27,0x27,0x27,0x27,0x27,0x27,0x27,0x27,0x27,0x27,0x27,0x27,0x27,0x27,0x27,0x27,0x27,0x27,0x27,0x27,0x27,0x27,0x27,0x27,
  0x27,0x27,0x27,0x27,0x27,0x27,0x27,0x27,0x27,0x27,0x27,0x27,0x27,0x27,0x27,0x27,0x27,0x27,0x27,0x27,0x27,0x27,0x27,0x27,0x27,0x27,0x27,0x27,0x27,0x27,0x27,0x27,
  0x27,0x27,0x27,0x27,0x27,0x27,0x27,0x27,0x27,0x27,0x27,0x27,0x27,0x27,0x27,0x27,0x27,0x27,0x27,0x27,0x27,0x27,0x27,0x27,0x27,0x27,0x27,0x27,0x27,0x27,0x27,0x27,
  0x27,0x27,0x27,0x27,0x27,0x27,0x27,0x27,0x27,0x27,0x27,0x27,0x27,0x27,0x27,0x27,0x27,0x27,0x27,0x27,0x27,0x27,0x27,0x27,0x27,0x27,0x27,0x27,0x27,0x27,0x27,0x27,
  0x27,0x27,0x27,0x27,0x27,0x27,0x27,0x27,0x27,0x27,0x27,0x27,0x27,0x27,0x27,0x27,0x27,0x27,0x27,0x27,0x27,0x27,0x27,0x27,0x27,0x27,0x27,0x27,0x27,0x27,0x27,0x27,
  0x27,0x23,0x10,0x10,0x10,0x10,0x14,0x17,0x17,0x17,0x17,0x17,0x17,0x17,0x17,0x17,0x17,0x17,0x17,0x17,0x17,0x17,0x19,0x1F,0x1F,0x1F,0x1F,0x1F,0x1F,0x1F,0x1F,0x1F,
  0x1F,0x1F,0x1F,0x19,0x17,0x17,0x19,0x1F,0x19,0x17,0x17,0x17,0x17,0x1C,0x1C,0x1C,0x18,0x19,0x1A,0x1A,0x1A,0x1A,0x1A,0x1A,0x1A,0x18,0x18,0x18,0x18,0x18,0x18,0x19,
  0x1A,0x1A,0x1A,0x1A,0x1A,0x14,0x14,0x14,0x14,0x14,0x14,0x15,0x15,0x15,0x18,0x18,0x18,0x18,0x19,0x19,0x19,0x19,0x19,0x19,0x19,0x19,0x1B,0x1C,0x1C,0x1C,0x1C,0x1C,
  0x1C,0x27,0x27,0x27,0x27,0x27,0x27,0x27,0x27,0x27,0x27,0x27,0x27,0x27,0x27,0x27,0x27,0x27,0x27,0x27,0x27,0x27,0x27,0x27,0x27,0x27,0x27,0x27,0x27,0x27,0x27,0x27,
  0x27,0x27,0x27,0x27,0x27,0x27,0x27,0x27,0x27,0x27,0x27,0x27,0x27,0x27,0x27,0x27,0x27,0x27,0x27,0x27,0x27,0x27,0x27,0x27,0x27,0x27,0x27,0x27,0x27,0x27,0x27,0x27,
  0x27,0x27,0x27,0x27,0x27,0x27,0x27,0x27,0x27,0x27,0x27,0x27,0x27,0x27,0x27,0x27,0x27,0x27,0x27,0x27,0x27,0x27,0x27,0x27,0x27,0x27,0x27,0x27,0x27,0x27,0x27,0x27,
  0x27,0x27,0x27,0x27,0x27,0x27,0x27,0x27,0x27,0x27,0x27,0x27,0x27,0x27,0x27,0x27,0x27,0x27,0x27,0x27,0x27,0x27,0x27,0x27,0x27,0x27,0x27,0x27,0x27,0x27,0x27,0x27,
  0x27,0x27,0x27,0x27,0x27,0x27,0x27,0x27,0x27,0x27,0x27,0x27,0x27,0x27,0x27,0x27,0x27,0x27,0x27,0x27,0x27,0x27,0x27,0x27,0x27,0x27,0x27,0x27,0x27,0x27,0x27,0x27,
  0x27,0x27,0x27,0x27,0x27,0x27,0x27,0x27,0x27,0x27,0x27,0x27,0x27,0x27,0x27,0x27,0x27,0x27,0x27,0x27,0x27,0x27,0x27,0x27,0x27,0x27,0x27,0x27,0x27,0x27,0x27,0x27,
  0x27,0x27,0x27,0x27,0x27,0x27,0x27,0x27,0x27,0x27,0x27,0x27,0x27,0x27,0x27,0x27,0x27,0x27,0x27,0x27,0x27,0x27,0x27,0x27,0x27,0x27,0x27,0x27,0x27,0x27,0x27,0x27,
  0x27,0x27,0x27,0x27,0x27,0x27,0x27,0x27,0x27,0x27,0x27,0x27,0x27,0x27,0x27,0x27,0x27,0x27,0x27,0x27,0x27,0x27,0x27,0x27,0x27,0x27,0x27,0x27,0x27,0x27,0x27,0x27,
  0x27,0x27,0x27,0x27,0x27,0x27,0x27,0x27,0x27,0x27,0x27,0x27,0x27,0x27,0x27,0x27,0x27,0x27,0x27,0x27,0x27,0x27,0x27,0x27,0x27,0x27,0x27,0x27,0x27,0x27,0x27,0x27,
  0x27,0x27,0x27,0x27,0x27,0x27,0x27,0x27,0x27,0x27,0x27,0x27,0x27,0x27,0x27,0x27,0x27,0x10,0x10,0x10,0x10,0x12,0x17,0x17,0x17,0x17,0x17,0x17,0x17,0x17,0x17,0x17,
  0x17,0x19,0x1F,0x1F,0x1F,0x1F,0x1F,0x1F,0x29,0x27,0x27,0x27,0x27,0x27,0x27,0x27,0x27,0x29,0x1F,0x1F,0x19,0x19,0x1F,0x1F,0x27,0x17,0x17,0x17,0x17,0x1C,0x1C,0x1C,
  0x18,0x19,0x1A,0x1A,0x1A,0x1A,0x1A,0x1A,0x1A,0x18,0x18,0x18,0x18,0x18,0x18,0x19,0x1A,0x1A,0x1A,0x15,0x14,0x18,0x18,0x18,0x18,0x17,0x17,0x17,0x16,0x16,0x15,0x15,
  0x18,0x18,0x19,0x19,0x19,0x19,0x19,0x19,0x19,0x19,0x1B,0x1C,0x1C,0x1C,0x1C,0x1C,0x1C,0x27,0x27,0x27,0x27,0x27,0x27,0x27,0x27,0x27,0x27,0x27,0x27,0x27,0x27,0x27,
  0x27,0x27,0x27,0x27,0x27,0x27,0x27,0x27,0x27,0x27,0x27,0x27,0x27,0x27,0x27,0x27,0x27,0x27,0x27,0x27,0x27,0x27,0x27,0x27,0x27,0x27,0x27,0x27,0x27,0x27,0x27,0x27,
  0x27,0x27,0x27,0x27,0x27,0x27,0x27,0x27,0x27,0x27,0x27,0x27,0x27,0x27,0x27,0x27,0x27,0x27,0x27,0x27,0x27,0x27,0x27,0x27,0x27,0x27,0x27,0x27,0x27,0x27,0x27,0x27,
  0x27,0x27,0x27,0x27,0x27,0x27,0x27,0x27,0x27,0x27,0x27,0x27,0x27,0x27,0x27,0x27,0x27,0x27,0x27,0x27,0x27,0x27,0x27,0x27,0x27,0x27,0x27,0x27,0x27,0x27,0x27,0x27,
  0x27,0x27,0x27,0x27,0x27,0x27,0x27,0x27,0x27,0x27,0x27,0x27,0x27,0x27,0x27,0x27,0x27,0x27,0x27,0x27,0x27,0x27,0x27,0x27,0x27,0x27,0x27,0x27,0x27,0x27,0x27,0x27,
  0x27,0x27,0x27,0x27,0x27,0x27,0x27,0x27,0x27,0x27,0x27,0x27,0x27,0x27,0x27,0x27,0x27,0x27,0x27,0x27,0x27,0x27,0x27,0x27,0x27,0x27,0x27,0x27,0x27,0x27,0x27,0x27,
  0x27,0x27,0x27,0x27,0x27,0x27,0x27,0x27,0x27,0x27,0x27,0x27,0x27,0x27,0x27,0x27,0x27,0x27,0x27,0x27,0x27,0x27,0x27,0x27,0x27,0x27,0x27,0x27,0x27,0x27,0x27,0x27,
  0x27,0x27,0x27,0x27,0x27,0x27,0x27,0x27,0x27,0x27,0x27,0x27,0x27,0x27,0x27,0x27,0x27,0x27,0x27,0x27,0x27,0x27,0x27,0x27,0x27,0x27,0x27,0x27,0x27,0x27,0x27,0x27,
  0x27,0x27,0x27,0x27,0x27,0x27,0x27,0x27,0x27,0x27,0x27,0x27,0x27,0x27,0x27,0x27,0x27,0x27,0x27,0x27,0x27,0x27,0x27,0x27,0x27,0x27,0x27,0x27,0x27,0x27,0x27,0x27,
  0x27,0x27,0x27,0x27,0x27,0x27,0x27,0x27,0x27,0x27,0x27,0x27,0x27,0x27,0x27,0x27,0x27,0x27,0x27,0x27,0x27,0x27,0x27,0x27,0x27,0x27,0x27,0x27,0x27,0x27,0x27,0x27,
  0x27,0x12,0x12,0x10,0x10,0x14,0x17,0x17,0x17,0x17,0x17,0x17,0x17,0x17,0x19,0x1F,0x1F,0x1F,0x1F,0x29,0x27,0x27,0x27,0x27,0xC4,0xC4,0xC2,0xC1,0x27,0x27,0xC2,0xC2,
  0xC1,0xC1,0x27,0x29,0x1F,0x1F,0x29,0x27,0x27,0x17,0x17,0x17,0x17,0x1C,0x1C,0x1C,0x18,0x19,0x1A,0x1A,0x1A,0x1A,0x1A,0x1A,0x1A,0x18,0x18,0x18,0x18,0x18,0x18,0x19,
  0x1A,0x16,0x15,0x18,0x18,0x17,0x17,0x17,0x16,0x16,0x16,0x16,0x16,0x16,0x16,0x16,0x15,0x16,0x19,0x19,0x19,0x19,0x19,0x19,0x19,0x19,0x1B,0x1C,0x1C,0x1C,0x1C,0x1C,
  0x1C,0x27,0x27,0x27,0x27,0x27,0x27,0x27,0x27,0x27,0x27,0x27,0x27,0x27,0x27,0x27,0x27,0x27,0x27,0x27,0x27,0x27,0x27,0x27,0x27,0x27,0x27,0x27,0x27,0x27,0x27,0x27,
  0x27,0x27,0x27,0x27,0x27,0x27,0x27,0x27,0x27,0x27,0x27,0x27,0x27,0x27,0x27,0x27,0x27,0x27,0x27,0x27,0x27,0x27,0x27,0x27,0x27,0x27,0x27,0x27,0x27,0x27,0x27,0x27,
  0x27,0x27,0x27,0x27,0x27,0x27,0x27,0x27,0x27,0x27,0x27,0x27,0x27,0x27,0x27,0x27,0x27,0x27,0x27,0x27,0x27,0x27,0x27,0x27,0x27,0x27,0x27,0x27,0x27,0x27,0x27,0x27,
  0x27,0x27,0x27,0x27,0x27,0x27,0x27,0x27,0x27,0x27,0x27,0x27,0x27,0x27,0x27,0x27,0x27,0x27,0x27,0x27,0x27,0x27,0x27,0x27,0x27,0x27,0x27,0x27,0x27,0x27,0x27,0x27,
  0x27,0x27,0x27,0x27,0x27,0x27,0x27,0x27,0x27,0x27,0x27,0x27,0x27,0x27,0x27,0x27,0x27,0x27,0x27,0x27,0x27,0x27,0x27,0x27,0x27,0x27,0x27,0x27,0x27,0x27,0x27,0x27,
  0x27,0x27,0x27,0x27,0x27,0x27,0x27,0x27,0x27,0x27,0x27,0x27,0x27,0x27,0x27,0x27,0x27,0x27,0x27,0x27,0x27,0x27,0x27,0x27,0x27,0x27,0x27,0x27,0x27,0x27,0x27,0x27,
  0x27,0x27,0x27,0x27,0x27,0x27,0x27,0x27,0x27,0x27,0x27,0x27,0x27,0x27,0x27,0x27,0x27,0x27,0x27,0x27,0x27,0x27,0x27,0x27,0x27,0x27,0x27,0x27,0x27,0x27,0x27,0x27,
  0x27,0x27,0x27,0x27,0x27,0x27,0x27,0x27,0x27,0x27,0x27,0x27,0x27,0x27,0x27,0x27,0x27,0x27,0x27,0x27,0x27,0x27,0x27,0x27,0x27,0x27,0x27,0x27,0x27,0x27,0x27,0x27,
  0x27,0x27,0x27,0x27,0x27,0x27,0x27,0x27,0x27,0x27,0x27,0x27,0x27,0x27,0x27,0x27,0x27,0x27,0x27,0x27,0x27,0x27,0x27,0x27,0x27,0x27,0x27,0x27,0x27,0x27,0x27,0x27,
  0x27,0x27,0x27,0x27,0x27,0x27,0x27,0x27,0x27,0x27,0x27,0x27,0x27,0x27,0x27,0x27,0x27,0x12,0x12,0x12,0x14,0x17,0x17,0x17,0x17,0x17,0x17,0x17,0x17,0x19,0x1F,0x1F,
  0x29,0x27,0x27,0x27,0x27,0x27,0x27,0xC4,0xC1,0xC1,0xC1,0xC1,0xC1,0x27,0xC3,0xC3,0xC2,0xC1,0xC1,0x27,0x27,0x27,0x27,0x27,0x27,0x17,0x17,0x17,0x17,0x1C,0x1C,0x1C,
  0x18,0x19,0x1A,0x1A,0x1A,0x1A,0x1A,0x1A,0x1A,0x18,0x18,0x18,0x18,0x18,0x18,0x17,0x17,0x17,0x17,0x17,0x16,0x16,0x16,0x16,0x16,0x16,0x16,0x16,0x16,0x16,0x16,0x16,
  0x15,0x15,0x19,0x19,0x19,0x19,0x19,0x19,0x19,0x19,0x1B,0x1C,0x1C,0x1C,0x1C,0x1D,0x28,0x27,0x27,0x27,0x27,0x27,0x27,0x27,0x27,0x27,0x27,0x27,0x27,0x27,0x27,0x27,
  0x27,0x27,0x27,0x27,0x27,0x27,0x27,0x27,0x27,0x27,0x27,0x27,0x27,0x27,0x27,0x27,0x27,0x27,0x27,0x27,0x27,0x27,0x27,0x27,0x27,0x27,0x27,0x27,0x27,0x27,0x27,0x27,
  0x27,0x27,0x27,0x27,0x27,0x27,0x27,0x27,0x27,0x27,0x27,0x27,0x27,0x27,0x27,0x27,0x27,0x27,0x27,0x27,0x27,0x27,0x27,0x27,0x27,0x27,0x27,0x27,0x27,0x27,0x27,0x27,
  0x27,0x27,0x27,0x27,0x27,0x27,0x27,0x27,0x27,0x27,0x27,0x27,0x27,0x27,0x27,0x27,0x27,0x27,0x27,0x27,0x27,0x27,0x27,0x27,0x27,0x27,0x27,0x27,0x27,0x27,0x27,0x27,
  0x27,0x27,0x27,0x27,0x27,0x27,0x27,0x27,0x27,0x27,0x27,0x27,0x27,0x27,0x27,0x27,0x27,0x27,0x27,0x27,0x27,0x27,0x27,0x27,0x27,0x27,0x27,0x27,0x27,0x27,0x27,0x27,
  0x27,0x27,0x27,0x27,0x27,0x27,0x27,0x27,0x27,0x27,0x27,0x27,0x27,0x27,0x37,0x27,0x27,0x27,0x27,0x27,0x27,0x27,0x27,0x27,0x27,0x27,0x27,0x27,0x27,0x27,0x27,0x27,
  0x27,0x27,0x27,0x27,0x27,0x27,0x27,0x27,0x27,0x27,0x27,0x27,0x27,0x27,0x27,0x27,0x27,0x27,0x27,0x27,0x27,0x27,0x27,0x27,0x27,0x27,0x27,0x27,0x27,0x27,0x27,0x27,
  0x27,0x27,0x27,0x27,0x27,0x27,0x27,0x27,0x27,0x27,0x27,0x27,0x27,0x27,0x27,0x27,0x27,0x27,0x27,0x27,0x27,0x27,0x27,0x27,0x27,0x27,0x27,0x27,0x27,0x27,0x27,0x27,
  0x27,0x27,0x27,0x27,0x27,0x27,0x27,0x27,0x27,0x27,0x27,0x27,0x27,0x27,0x27,0x27,0x27,0x27,0x27,0x27,0x27,0x27,0x27,0x27,0x27,0x27,0x27,0x27,0x27,0x27,0x27,0x27,
  0x27,0x27,0x27,0x27,0x27,0x27,0x27,0x27,0x27,0x27,0x27,0x27,0x27,0x27,0x27,0x27,0x27,0x27,0x27,0x27,0x27,0x27,0x27,0x27,0x27,0x27,0x27,0x27,0x27,0x27,0x27,0x27,
  0x27,0x12,0x12,0x12,0x17,0x17,0x17,0x17,0x17,0x17,0x17,0x17,0x17,0x1F,0x1F,0x29,0x27,0x27,0x27,0x27,0x27,0x27,0x27,0xC4,0xC4,0xC4,0x27,0xC4,0xC1,0x27,0xC4,0xC4,
  0x27,0x27,0x27,0x27,0x27,0x27,0x27,0x27,0x17,0x17,0x17,0x17,0x17,0x1C,0x1C,0x1C,0x18,0x19,0x1A,0x1A,0x1A,0x1A,0x1A,0x1A,0x1A,0x18,0x18,0x18,0x18,0x18,0x18,0x18,
  0x18,0x17,0x17,0x16,0x16,0x16,0x16,0x16,0x16,0x16,0x16,0x16,0x15,0x15,0x14,0x15,0x19,0x19,0x1C,0x1C,0x1A,0x1A,0x1A,0x1A,0x1A,0x1A,0x1B,0x1C,0x1C,0x1C,0x1D,0x2A,
  0x27,0x27,0x27,0x27,0x27,0x27,0x27,0x27,0x27,0x27,0x27,0x27,0x27,0x27,0x27,0x27,0x27,0x27,0x27,0x27,0x27,0x27,0x27,0x27,0x27,0x27,0x27,0x27,0x27,0x27,0x27,0x27,
  0x27,0x27,0x27,0x27,0x27,0x27,0x27,0x27,0x27,0x27,0x27,0x27,0x27,0x27,0x27,0x27,0x27,0x27,0x27,0x27,0x27,0x27,0x27,0x27,0x27,0x27,0x27,0x27,0x27,0x27,0x27,0x27,
  0x27,0x27,0x27,0x27,0x27,0x27,0x27,0x27,0x27,0x27,0x27,0x27,0x27,0x27,0x27,0x27,0x27,0x27,0x27,0x27,0x27,0x27,0x27,0x27,0x27,0x27,0x27,0x27,0x27,0x27,0x27,0x27,
  0x27,0x27,0x27,0x27,0x27,0x27,0x27,0x27,0x27,0x27,0x27,0x27,0x27,0x27,0x27,0x27,0x27,0x27,0x27,0x27,0x27,0x27,0x27,0x27,0x27,0x27,0x27,0x27,0x27,0x27,0x27,0x27,
  0x27,0x27,0x27,0x27,0x27,0x27,0x27,0x27,0x27,0x27,0x27,0x27,0x27,0x27,0x27,0x27,0x27,0x27,0x27,0x27,0x27,0x27,0x27,0x27,0x27,0x27,0x27,0x27,0x27,0x37,0x27,0x27,
  0x27,0x27,0x27,0x27,0x27,0x27,0x27,0x27,0x27,0x27,0x27,0x27,0x27,0x27,0x27,0x27,0x27,0x27,0x27,0x27,0x27,0x27,0x27,0x27,0x27,0x27,0x27,0x27,0x27,0x27,0x27,0x27,
  0x27,0x27,0x27,0x27,0x27,0x27,0x27,0x27,0x27,0x27,0x27,0x27,0x27,0x27,0x27,0x27,0x27,0x27,0x27,0x27,0x27,0x27,0x27,0x27,0x27,0x27,0x27,0x27,0x27,0x27,0x27,0x27,
  0x27,0x27,0x27,0x27,0x27,0x27,0x27,0x27,0x27,0x27,0x27,0x27,0x27,0x27,0x27,0x27,0x27,0x27,0x27,0x27,0x27,0x27,0x27,0x27,0x27,0x27,0x27,0x27,0x27,0x27,0x27,0x27,
  0x27,0x27,0x27,0x27,0x27,0x27,0x27,0x27,0x27,0x27,0x27,0x27,0x27,0x27,0x27,0x27,0x27,0x27,0x27,0x27,0x27,0x27,0x27,0x27,0x27,0x27,0x27,0x27,0x27,0x27,0x27,0x27,
  0x27,0x27,0x27,0x27,0x27,0x27,0x27,0x27,0x27,0x27,0x27,0x27,0x27,0x27,0x27,0x27,0x27,0x12,0x12,0x12,0x17,0x17,0x17,0x17,0x17,0x17,0x17,0x17,0x17,0x1F,0x29,0x27,
  0x27,0x27,0x27,0x27,0x27,0x27,0x27,0x27,0x27,0x27,0xC4,0xC2,0xC2,0xC2,0xC1,0xC1,0xC3,0x27,0x27,0x27,0x27,0x27,0x27,0x27,0x17,0x17,0x17,0x17,0x17,0x1C,0x1C,0x1C,
  0x18,0x19,0x1A,0x1A,0x1A,0x1A,0x1A,0x1A,0x1A,0x18,0x18,0x18,0x18,0x18,0x18,0x18,0x18,0x18,0x18,0x17,0x17,0x16,0x15,0x15,0x15,0x15,0x14,0x14,0x14,0x14,0x19,0x19,
  0x1C,0x1C,0x1C,0x1D,0x1A,0x1A,0x1A,0x1A,0x1A,0x1A,0x1B,0x1C,0x1C,0x1D,0x1D,0x28,0x27,0x27,0x27,0x27,0x27,0x27,0x27,0x27,0x27,0x27,0x27,0x27,0x27,0x27,0x27,0x27,
  0x27,0x27,0x27,0x27,0x27,0x27,0x27,0x27,0x27,0x27,0x27,0x27,0x27,0x27,0x27,0x27,0x27,0x27,0x27,0x27,0x27,0x27,0x27,0x27,0x27,0x27,0x27,0x27,0x27,0x27,0x27,0x27,
  0x27,0x27,0x27,0x27,0x27,0x27,0x27,0x27,0x27,0x27,0x27,0x27,0x27,0x27,0x27,0x27,0x27,0x27,0x27,0x27,0x27,0x27,0x27,0x27,0x27,0x27,0x27,0x27,0x27,0x27,0x27,0x27,
  0x27,0x27,0x27,0x27,0x27,0x27,0x27,0x27,0x27,0x27,0x27,0x27,0x27,0x27,0x27,0x27,0x27,0x27,0x27,0x27,0x27,0x27,0x27,0x27,0x27,0x27,0x27,0x27,0x27,0x27,0x27,0x27,
  0x27,0x27,0x27,0x27,0x27,0x27,0x27,0x27,0x27,0x27,0x27,0x27,0x27,0x27,0x27,0x27,0x27,0x27,0x27,0x27,0x27,0x27,0x27,0x27,0x27,0x27,0x27,0x27,0x27,0x27,0x27,0x27,
  0x27,0x27,0x27,0x27,0x27,0x27,0x27,0x27,0x27,0x27,0x27,0x27,0x27,0x38,0x27,0x27,0x27,0x27,0x27,0x27,0x27,0x27,0x27,0x27,0x27,0x27,0x27,0x27,0x27,0x27,0x27,0x27,
  0x27,0x27,0x27,0x27,0x27,0x27,0x27,0x27,0x27,0x27,0x27,0x27,0x27,0x27,0x27,0x27,0x27,0x27,0x27,0x27,0x27,0x27,0x27,0x27,0x27,0x27,0x27,0x27,0x27,0x27,0x27,0x27,
  0x27,0x27,0x27,0x27,0x27,0x27,0x27,0x27,0x27,0x27,0x27,0x27,0x27,0x27,0x27,0x27,0x27,0x27,0x27,0x27,0x27,0x27,0x27,0x27,0x27,0x27,0x27,0x27,0x27,0x27,0x27,0x27,
  0x27,0x27,0x27,0x14,0x14,0x14,0x14,0x14,0x14,0x15,0x15,0x15,0x27,0x27,0x27,0x27,0x27,0x27,0x27,0x27,0x27,0x27,0x27,0x27,0x27,0x27,0x27,0x27,0x27,0x27,0x27,0x27,
  0x27,0x27,0x27,0x27,0x27,0x27,0x27,0x27,0x27,0x27,0x27,0x27,0x27,0x27,0x27,0x27,0x27,0x27,0x27,0x27,0x27,0x27,0x27,0x27,0x27,0x27,0x27,0x27,0x27,0x27,0x27,0x27,
  0x27,0x12,0x12,0x12,0x17,0x17,0x17,0x17,0x17,0x17,0x17,0x17,0x17,0x19,0x27,0x17,0x19,0x27,0x27,0x27,0x27,0x27,0x27,0x27,0x27,0xC4,0xC4,0xC2,0xC0,0xC6,0xC0,0xC6,
  0xC1,0xC2,0x27,0x27,0x27,0x27,0x27,0x17,0x17,0x17,0x17,0x17,0x17,0x1C,0x1C,0x1C,0x18,0x19,0x1A,0x1A,0x1A,0x1A,0x1A,0x1A,0x1A,0x1B,0x19,0x18,0x18,0x18,0x18,0x19,
  0x19,0x18,0x18,0x18,0x18,0x19,0x19,0x19,0x19,0x19,0x19,0x19,0x19,0x1B,0x1C,0x1C,0x1C,0x1C,0x1D,0x1A,0x1A,0x1A,0x1B,0x1B,0x1B,0x1B,0x1C,0x1E,0x1E,0x1D,0x28,0x27,
  0x27,0x27,0x27,0x27,0x27,0x27,0x27,0x27,0x27,0x27,0x27,0x27,0x27,0x27,0x27,0x27,0x27,0x27,0x27,0x27,0x27,0x27,0x27,0x27,0x27,0x27,0x27,0x27,0x27,0x27,0x27,0x27,
  0x27,0x27,0x27,0x27,0x27,0x27,0x27,0x27,0x27,0x27,0x27,0x27,0x27,0x27,0x27,0x27,0x27,0x27,0x27,0x27,0x27,0x27,0x27,0x27,0x27,0x27,0x27,0x27,0x27,0x27,0x27,0x27,
  0x27,0x27,0x27,0x27,0x27,0x27,0x27,0x27,0x27,0x27,0x27,0x27,0x27,0x27,0x27,0x27,0x27,0x27,0x27,0x27,0x27,0x27,0x27,0x27,0x27,0x27,0x27,0x27,0x27,0x27,0x27,0x27,
  0x27,0x27,0x27,0x27,0x27,0x27,0x27,0x27,0x27,0x27,0x27,0x27,0x27,0x27,0x27,0x27,0x27,0x27,0x27,0x27,0x27,0x27,0x27,0x27,0x27,0x27,0x27,0x27,0x27,0x27,0x27,0x27,
  0x27,0x27,0x27,0x27,0x27,0x27,0x27,0x27,0x27,0x27,0x27,0x27,0x27,0x27,0x27,0x27,0x27,0x27,0x27,0x27,0x27,0x27,0x27,0x27,0x27,0x27,0x27,0x27,0x38,0x38,0x27,0x27,
  0x27,0x27,0x27,0x27,0x27,0x27,0x27,0x27,0x27,0x27,0x27,0x27,0x27,0x27,0x27,0x27,0x27,0x27,0x27,0x27,0x27,0x27,0x27,0x27,0x27,0x27,0x27,0x27,0x27,0x27,0x27,0x27,
  0x27,0x27,0x27,0x27,0x27,0x27,0x27,0x27,0x27,0x27,0x27,0x27,0x27,0x27,0x27,0x27,0x27,0x27,0x27,0x27,0x27,0x27,0x27,0x27,0x27,0x27,0x27,0x27,0x27,0x27,0x27,0x27,
  0x27,0x27,0x27,0x27,0x27,0x27,0x27,0x27,0x27,0x27,0x27,0x27,0x27,0x27,0x27,0x27,0x27,0x15,0x14,0x18,0x18,0x18,0x18,0x17,0x17,0x17,0x16,0x16,0x15,0x15,0x27,0x27,
  0x27,0x27,0x27,0x27,0x27,0x27,0x27,0x27,0x27,0x27,0x27,0x27,0x27,0x27,0x27,0x27,0x27,0x27,0x27,0x27,0x27,0x27,0x27,0x27,0x27,0x27,0x27,0x27,0x27,0x27,0x27,0x27,
  0x27,0x27,0x27,0x27,0x27,0x27,0x27,0x27,0x27,0x27,0x27,0x27,0x27,0x27,0x27,0x27,0x27,0x12,0x12,0x12,0x17,0x17,0x17,0x17,0x17,0x17,0x17,0x17,0x17,0x17,0x17,0x19,
  0x1F,0x1F,0x1F,0x29,0x27,0x27,0x27,0x27,0x27,0xC4,0xC2,0xC1,0xC0,0xC6,0xC0,0xC6,0xC0,0xC1,0x27,0x27,0x27,0x27,0x27,0x17,0x19,0x17,0x17,0x17,0x17,0x1C,0x1C,0x1C,
  0x18,0x19,0x1A,0x1A,0x1A,0x1A,0x1A,0x1A,0x1A,0x1B,0x1A,0x1A,0x18,0x18,0x18,0x19,0x1A,0x1A,0x18,0x18,0x18,0x19,0x1A,0x1A,0x1A,0x1A,0x1A,0x1A,0x1A,0x1B,0x1C,0x1C,
  0x1C,0x1D,0x1B,0x1B,0x1B,0x1B,0x1B,0x1C,0x1C,0x1C,0x1C,0x1D,0x1D,0x28,0x27,0x27,0x27,0x27,0x27,0x27,0x27,0x27,0x27,0x27,0x27,0x27,0x27,0x27,0x27,0x27,0x27,0x27,
  0x27,0x27,0x27,0x27,0x27,0x27,0x27,0x27,0x27,0x27,0x27,0x27,0x27,0x27,0x27,0x27,0x27,0x27,0x27,0x27,0x27,0x27,0x27,0x27,0x27,0x27,0x27,0x27,0x27,0x27,0x27,0x27,
  0x27,0x27,0x27,0x27,0x27,0x27,0x27,0x27,0x27,0x27,0x27,0x27,0x27,0x27,0x27,0x27,0x27,0x27,0x27,0x27,0x27,0x27,0x27,0x27,0x27,0x27,0x27,0x27,0x27,0x27,0x27,0x27,
  0x27,0x27,0x27,0x27,0x27,0x27,0x27,0x27,0x27,0x27,0x27,0x27,0x27,0x27,0x27,0x27,0x27,0x27,0x27,0x27,0x27,0x27,0x27,0x27,0x27,0x27,0x27,0x27,0x27,0x27,0x27,0x27,
  0x27,0x27,0x27,0x27,0x27,0x27,0x27,0x27,0x27,0x27,0x27,0x27,0x27,0x27,0x27,0x27,0x27,0x27,0x27,0x27,0x27,0x27,0x27,0x27,0x27,0x27,0x27,0x27,0x27,0x27,0x27,0x27,
  0x27,0x27,0x27,0x27,0x27,0x36,0x35,0x36,0x36,0x36,0x37,0x37,0x38,0x27,0x27,0x38,0x39,0x27,0x27,0x27,0x27,0x27,0x27,0x27,0x27,0x27,0x27,0x27,0x27,0x27,0x27,0x27,
  0x27,0x27,0x27,0x27,0x27,0x27,0x27,0x27,0x27,0x27,0x27,0x27,0x27,0x27,0x27,0x27,0x27,0x27,0x27,0x27,0x27,0x27,0x27,0x27,0x27,0x27,0x27,0x27,0x27,0x27,0x27,0x27,
  0x27,0x27,0x27,0x27,0x27,0x27,0x27,0x27,0x27,0x27,0x27,0x27,0x27,0x27,0x27,0x27,0x27,0x27,0x27,0x27,0x27,0x27,0x27,0x27,0x27,0x27,0x27,0x27,0x27,0x27,0x27,0x16,
  0x15,0x18,0x18,0x17,0x17,0x17,0x16,0x16,0x16,0x16,0x16,0x16,0x16,0x16,0x15,0x16,0x27,0x27,0x27,0x27,0x27,0x27,0x27,0x27,0x27,0x27,0x27,0x27,0x27,0x27,0x27,0x27,
  0x27,0x27,0x27,0x27,0x27,0x27,0x27,0x27,0x27,0x27,0x27,0x27,0x27,0x27,0x27,0x27,0x27,0x27,0x27,0x27,0x27,0x27,0x27,0x27,0x27,0x27,0x27,0x27,0x27,0x27,0x27,0x27,
  0x27,0x12,0x12,0x12,0x17,0x17,0x17,0x17,0x17,0x17,0x17,0x17,0x17,0x17,0x19,0x1F,0x1F,0x29,0x27,0x27,0x27,0x27,0x27,0x27,0x27,0xC5,0xC3,0xC3,0xC2,0xC1,0xC0,0xC0,
  0xC1,0xC2,0xC3,0x27,0x27,0x27,0x19,0x1F,0x19,0x17,0x17,0x17,0x17,0x1C,0x1C,0x1C,0x18,0x19,0x1A,0x1A,0x1A,0x1A,0x1A,0x1A,0x1A,0x1B,0x1C,0x1A,0x19,0x19,0x18,0x19,
  0x1A,0x1A,0x19,0x19,0x18,0x19,0x1A,0x1A,0x1A,0x1A,0x1A,0x1A,0x1A,0x1B,0x1C,0x1C,0x1D,0x1D,0x1A,0x1B,0x1C,0x1C,0x1C,0x1C,0x1D,0x1E,0x1D,0x1D,0x28,0x27,0x27,0x27,
  0x27,0x27,0x27,0x27,0x27,0x27,0x27,0x27,0x27,0x27,0x27,0x27,0x27,0x27,0x27,0x27,0x27,0x27,0x27,0x27,0x27,0x27,0x27,0x27,0x27,0x27,0x27,0x27,0x27,0x27,0x27,0x27,
  0x27,0x27,0x27,0x27,0x27,0x27,0x27,0x27,0x27,0x27,0x27,0x27,0x27,0x27,0x27,0x27,0x27,0x27,0x27,0x27,0x27,0x27,0x27,0x27,0x27,0x27,0x27,0x27,0x27,0x27,0x27,0x27,
  0x27,0x27,0x27,0x27,0x27,0x27,0x27,0x27,0x27,0x27,0x27,0x27,0x27,0x27,0x27,0x27,0x27,0x27,0x27,0x27,0x27,0x27,0x27,0x27,0x27,0x27,0x27,0x27,0x27,0x27,0x27,0x27,
  0x27,0x27,0x27,0x27,0x27,0x27,0x27,0x27,0x27,0x27,0x27,0x27,0x27,0x27,0x27,0x27,0x27,0x27,0x27,0x27,0x27,0x27,0x27,0x27,0x27,0x27,0x27,0x27,0x27,0x27,0x27,0x27,
  0x27,0x27,0x27,0x27,0x27,0x27,0x27,0x27,0x27,0x27,0x27,0x27,0x27,0x27,0x27,0x27,0x27,0x35,0x34,0x34,0x35,0x35,0x36,0x37,0x37,0x37,0x37,0x37,0x39,0x37,0x39,0x39,
  0x27,0x27,0x27,0x27,0x27,0x27,0x27,0x27,0x27,0x27,0x27,0x27,0x27,0x27,0x27,0x27,0x27,0x27,0x27,0x27,0x27,0x27,0x27,0x27,0x27,0x27,0x27,0x27,0x27,0x27,0x27,0x27,
  0x27,0x27,0x27,0x27,0x27,0x27,0x27,0x27,0x27,0x27,0x27,0x27,0x27,0x27,0x27,0x27,0x27,0x27,0x27,0x27,0x27,0x27,0x27,0x27,0x27,0x27,0x27,0x27,0x27,0x27,0x27,0x27,
  0x27,0x27,0x27,0x27,0x14,0x14,0x14,0x14,0x14,0x14,0x15,0x15,0x15,0x17,0x17,0x17,0x17,0x17,0x16,0x16,0x16,0x16,0x16,0x16,0x16,0x16,0x16,0x16,0x16,0x16,0x15,0x15,
  0x19,0x19,0x27,0x27,0x27,0x27,0x27,0x27,0x27,0x27,0x27,0x27,0x27,0x27,0x27,0x27,0x27,0x27,0x27,0x27,0x27,0x27,0x27,0x27,0x27,0x27,0x27,0x27,0x27,0x27,0x27,0x27,
  0x27,0x27,0x27,0x27,0x27,0x27,0x27,0x27,0x27,0x27,0x27,0x27,0x27,0x27,0x27,0x27,0x27,0x12,0x12,0x12,0x17,0x17,0x17,0x17,0x17,0x17,0x17,0x17,0x17,0x17,0x17,0x17,
  0x27,0x27,0x27,0x27,0x27,0x27,0x27,0x27,0x27,0x27,0xC4,0xC1,0xC0,0xC0,0xC1,0xE0,0xC0,0xC0,0xC2,0x27,0x27,0x27,0x1F,0x1F,0x29,0x17,0x17,0x17,0x17,0x1C,0x1C,0x1C,
  0x18,0x19,0x1A,0x1A,0x1A,0x1A,0x1A,0x1A,0x1A,0x1B,0x1C,0x1A,0x1A,0x19,0x19,0x1A,0x1A,0x1A,0x1A,0x19,0x19,0x1A,0x1A,0x1A,0x1A,0x1B,0x1B,0x1B,0x1B,0x1C,0x1E,0x1E,
  0x1D,0x1F,0x1F,0x1D,0x1C,0x1D,0x1D,0x1C,0x1C,0x2A,0x28,0x27,0x27,0x27,0x27,0x27,0x27,0x27,0x27,0x27,0x27,0x27,0x27,0x27,0x27,0x27,0x27,0x27,0x27,0x27,0x27,0x27,
  0x27,0x27,0x27,0x27,0x27,0x27,0x27,0x27,0x27,0x27,0x27,0x27,0x27,0x27,0x27,0x27,0x27,0x27,0x27,0x27,0x27,0x27,0x27,0x27,0x27,0x27,0x27,0x27,0x27,0x27,0x27,0x27,
  0x27,0x27,0x27,0x27,0x27,0x27,0x27,0x27,0x27,0x27,0x27,0x27,0x27,0x27,0x27,0x27,0x27,0x27,0x27,0x27,0x27,0x27,0x27,0x27,0x27,0x27,0x27,0x27,0x27,0x27,0x27,0x27,
  0x27,0x27,0x27,0x27,0x27,0x27,0x27,0x27,0x27,0x27,0x27,0x27,0x27,0x27,0x27,0x27,0x27,0x27,0x27,0x27,0x27,0x27,0x27,0x27,0x27,0x27,0x27,0x27,0x27,0x27,0x27,0x27,
  0x27,0x27,0x27,0x27,0x27,0x27,0x27,0x27,0x27,0x27,0x27,0x27,0x27,0x27,0x27,0x27,0x27,0x27,0x27,0x27,0x27,0x27,0x27,0x27,0x27,0x27,0x27,0x27,0x27,0x27,0x27,0x36,
  0x33,0x34,0x35,0x36,0x37,0x37,0x38,0x38,0x38,0x38,0x38,0x38,0x39,0x39,0x3A,0x3A,0x3A,0x3B,0x27,0x27,0x27,0x27,0x27,0x27,0x27,0x27,0x27,0x27,0x27,0x27,0x27,0x27,
  0x27,0x27,0x27,0x27,0x27,0x27,0x27,0x27,0x27,0x27,0x27,0x27,0x27,0x27,0x27,0x27,0x27,0x27,0x27,0x27,0x27,0x27,0x27,0x27,0x27,0x27,0x27,0x27,0x27,0x27,0x27,0x27,
  0x27,0x27,0x27,0x27,0x27,0x27,0x27,0x27,0x27,0x27,0x27,0x27,0x27,0x27,0x27,0x27,0x26,0x26,0x15,0x14,0x18,0x18,0x18,0x18,0x17,0x17,0x17,0x16,0x16,0x15,0x15,0x17,
  0x17,0x16,0x16,0x16,0x16,0x16,0x16,0x16,0x16,0x16,0x15,0x15,0x14,0x15,0x19,0x19,0x1C,0x1C,0x27,0x27,0x27,0x27,0x27,0x27,0x27,0x27,0x27,0x27,0x27,0x27,0x27,0x27,
  0x27,0x27,0x27,0x27,0x27,0x27,0x27,0x27,0x27,0x27,0x27,0x27,0x27,0x27,0x27,0x27,0x27,0x27,0x27,0x27,0x27,0x27,0x27,0x27,0x27,0x27,0x27,0x27,0x27,0x27,0x27,0x27,
  0x27,0x12,0x12,0x12,0x17,0x17,0x17,0x17,0x17,0x17,0x17,0x17,0x17,0x17,0x17,0x17,0x17,0x17,0x27,0x27,0x27,0x27,0x27,0x27,0xC3,0xC4,0xC5,0xC4,0xC1,0xC1,0xC4,0xC2,
  0xC0,0xC2,0x27,0x27,0x27,0x27,0x29,0x27,0x27,0x17,0x17,0x17,0x17,0x1C,0x1C,0x1C,0x18,0x19,0x1A,0x1A,0x1A,0x1A,0x1A,0x1A,0x1A,0x1B,0x1C,0x1C,0x1A,0x1A,0x1A,0x1B,
  0x1B,0x1B,0x1A,0x1A,0x1A,0x1B,0x1B,0x1B,0x1B,0x1B,0x1C,0x1C,0x1C,0x1C,0x1D,0x1D,0x1F,0x2A,0x29,0x28,0x27,0x27,0x27,0x27,0x27,0x27,0x27,0x27,0x27,0x27,0x27,0x27,
  0x27,0x27,0x27,0x27,0x27,0x27,0x27,0x27,0x27,0x27,0x27,0x27,0x27,0x27,0x27,0x27,0x27,0x27,0x27,0x27,0x27,0x27,0x27,0x27,0x27,0x27,0x27,0x27,0x27,0x27,0x27,0x27,
  0x27,0x27,0x27,0x27,0x27,0x27,0x27,0x27,0x27,0x27,0x27,0x27,0x27,0x27,0x27,0x27,0x27,0x27,0x27,0x27,0x27,0x27,0x27,0x27,0x27,0x27,0x27,0x27,0x27,0x27,0x27,0x27,
  0x27,0x27,0x27,0x27,0x27,0x27,0x27,0x27,0x27,0x27,0x27,0x27,0x27,0x27,0x27,0x27,0x27,0x27,0x27,0x27,0x27,0x27,0x27,0x27,0x27,0x27,0x27,0x27,0x27,0x27,0x27,0x27,
  0x27,0x27,0x27,0x27,0x27,0x27,0x27,0x27,0x27,0x27,0x27,0x27,0x27,0x27,0x27,0x27,0x27,0x27,0x27,0x27,0x27,0x27,0x27,0x27,0x27,0x27,0x27,0x27,0x27,0x27,0x27,0x27,
  0x27,0x27,0x27,0x27,0x27,0x27,0x27,0x27,0x27,0x27,0x27,0x27,0x27,0x27,0x34,0x38,0x37,0x36,0x37,0x39,0x37,0x38,0x38,0x39,0x39,0x39,0x3A,0x3A,0x3A,0x3A,0x3B,0x3B,
  0x3C,0x3D,0x3C,0x27,0x27,0x27,0x27,0x27,0x27,0x27,0x27,0x27,0x27,0x27,0x27,0x27,0x27,0x27,0x27,0x27,0x27,0x27,0x27,0x27,0x27,0x27,0x27,0x27,0x27,0x27,0x27,0x27,
  0x27,0x27,0x27,0x27,0x27,0x27,0x27,0x27,0x27,0x27,0x27,0x27,0x27,0x27,0x27,0x27,0x27,0x27,0x27,0x27,0x27,0x27,0x34,0x36,0x27,0x27,0x27,0x27,0x27,0x27,0x27,0x27,
  0x16,0x15,0x18,0x18,0x17,0x17,0x17,0x16,0x16,0x16,0x16,0x16,0x16,0x16,0x16,0x15,0x16,0x18,0x18,0x17,0x17,0x15,0x15,0x15,0x14,0x14,0x14,0x14,0x19,0x19,0x1C,0x1C,
  0x1C,0x1C,0x27,0x27,0x27,0x27,0x27,0x27,0x27,0x27,0x27,0x27,0x27,0x27,0x27,0x27,0x27,0x27,0x27,0x27,0x27,0x27,0x27,0x27,0x27,0x27,0x27,0x27,0x27,0x27,0x27,0x27,
  0x27,0x27,0x27,0x27,0x27,0x27,0x27,0x27,0x27,0x27,0x27,0x27,0x27,0x27,0x27,0x27,0x27,0x12,0x12,0x12,0x17,0x17,0x17,0x17,0x17,0x17,0x17,0x17,0x17,0x17,0x17,0x17,
  0x17,0x17,0x19,0x29,0x27,0x27,0xC3,0xC1,0xC5,0xC3,0xC4,0xC4,0xC4,0xC4,0xC0,0xC0,0x27,0x27,0x27,0x27,0x27,0x27,0x27,0x27,0x17,0x17,0x17,0x17,0x17,0x1C,0x1C,0x1C,
  0x18,0x19,0x1A,0x1A,0x1A,0x1A,0x1A,0x1A,0x1A,0x1B,0x1C,0x1C,0x1C,0x1C,0x1A,0x1A,0x1B,0x1F,0x1F,0x1F,0x1A,0x1A,0x1B,0x1C,0x1C,0x1C,0x1C,0x1D,0x1E,0x1D,0x1D,0x2A,
  0x28,0x27,0x27,0x27,0x27,0x27,0x27,0x27,0x27,0x27,0x27,0x27,0x27,0x27,0x27,0x27,0x27,0x27,0x27,0x27,0x27,0x27,0x27,0x27,0x27,0x27,0x27,0x27,0x27,0x27,0x27,0x27,
  0x27,0x27,0x27,0x27,0x27,0x27,0x27,0x27,0x27,0x27,0x27,0x27,0x27,0x27,0x27,0x27,0x27,0x27,0x27,0x27,0x27,0x27,0x27,0x27,0x27,0x27,0x27,0x27,0x27,0x27,0x27,0x27,
  0x27,0x27,0x27,0x27,0x27,0x27,0x27,0x27,0x27,0x27,0x27,0x27,0x27,0x27,0x27,0x27,0x27,0x27,0x27,0x27,0x27,0x27,0x27,0x27,0x27,0x27,0x27,0x27,0x27,0x27,0x27,0x27,
  0x27,0x27,0x27,0x27,0x27,0x27,0x27,0x27,0x27,0x27,0x27,0x27,0x27,0x27,0x27,0x27,0x27,0x27,0x27,0x27,0x27,0x27,0x27,0x27,0x27,0x27,0x27,0x27,0x27,0x27,0x27,0x27,
  0x27,0x27,0x27,0x27,0x27,0x27,0x27,0x27,0x27,0x27,0x27,0x27,0x27,0x27,0x27,0x27,0x27,0x27,0x27,0x27,0x27,0x27,0x27,0x27,0x27,0x27,0x27,0x27,0x27,0x35,0x39,0x37,
  0x34,0x39,0x39,0x84,0x85,0x85,0x3B,0x37,0x39,0x3B,0x3B,0x38,0x39,0x3C,0x3B,0x3D,0x3E,0x3E,0x3E,0x3D,0x27,0x27,0x27,0x27,0x27,0x27,0x27,0x27,0x27,0x27,0x27,0x27,
  0x27,0x27,0x27,0x27,0x27,0x27,0x27,0x27,0x27,0x27,0x27,0x27,0x27,0x27,0x27,0x27,0x27,0x27,0x27,0x27,0x27,0x27,0x27,0x27,0x27,0x27,0x27,0x27,0x27,0x27,0x27,0x27,
  0x27,0x27,0x27,0x27,0x27,0x34,0x3A,0x3A,0x4D,0x4D,0x4A,0x4A,0x27,0x27,0x17,0x17,0x17,0x17,0x17,0x16,0x16,0x16,0x16,0x16,0x16,0x16,0x16,0x16,0x19,0x19,0x19,0x18,
  0x18,0x17,0x17,0x17,0x16,0x15,0x14,0x15,0x19,0x19,0x19,0x1B,0x1C,0x1C,0x1C,0x1C,0x1C,0x1C,0x27,0x27,0x27,0x27,0x27,0x27,0x27,0x27,0x27,0x27,0x27,0x27,0x27,0x27,
  0x27,0x27,0x27,0x27,0x27,0x27,0x27,0x27,0x27,0x27,0x27,0x27,0x27,0x27,0x27,0x27,0x27,0x27,0x27,0x27,0x27,0x27,0x27,0x27,0x27,0x27,0x27,0x27,0x27,0x27,0x27,0x27,
  0x23,0x12,0x12,0x12,0x17,0x17,0x17,0x17,0x17,0x17,0x17,0x17,0x17,0x17,0x17,0x17,0x17,0x17,0x17,0x1F,0x27,0x27,0x27,0xC3,0xC5,0xC2,0xC1,0xC1,0xC1,0xC4,0xC0,0xC0,
  0x27,0x27,0x27,0x27,0x27,0x27,0x27,0x17,0x17,0x17,0x17,0x17,0x19,0x1F,0x1F,0x1F,0x18,0x19,0x1A,0x1A,0x1A,0x1A,0x1A,0x1A,0x1A,0x1B,0x1C,0x1C,0x1C,0x1C,0x1C,0x1C,
  0x1D,0x1F,0x1D,0x1D,0x1F,0x1F,0x1D,0x1C,0x1D,0x1D,0x1C,0x1C,0x2A,0x28,0x27,0x27,0x27,0x27,0x27,0x27,0x27,0x27,0x27,0x27,0x27,0x27,0x27,0x27,0x27,0x27,0x27,0x27,
  0x27,0x27,0x27,0x27,0x27,0x27,0x27,0x27,0x27,0x27,0x27,0x27,0x27,0x27,0x27,0x27,0x27,0x27,0x27,0x27,0x27,0x27,0x27,0x27,0x27,0x27,0x27,0x27,0x27,0x27,0x27,0x27,
  0x27,0x27,0x27,0x27,0x27,0x27,0x27,0x27,0x27,0x27,0x27,0x27,0x27,0x27,0x27,0x27,0x27,0x27,0x27,0x27,0x27,0x27,0x27,0x27,0x27,0x27,0x27,0x27,0x27,0x27,0x27,0x27,
  0x27,0x27,0x27,0x27,0x27,0x27,0x27,0x27,0x27,0x27,0x27,0x27,0x27,0x27,0x27,0x27,0x27,0x27,0x27,0x27,0x27,0x27,0x27,0x27,0x27,0x27,0x27,0x27,0x27,0x27,0x27,0x27,
  0x27,0x27,0x27,0x27,0x27,0x27,0x27,0x27,0x27,0x27,0x27,0x27,0x27,0x27,0x27,0x27,0x27,0x27,0x27,0x27,0x27,0x27,0x27,0x27,0x27,0x27,0x27,0x27,0x27,0x27,0x27,0x27,
  0x27,0x27,0x27,0x27,0x27,0x27,0x27,0x27,0x27,0x27,0x27,0x27,0x27,0x38,0x4D,0x35,0x39,0x83,0x86,0x85,0x80,0x82,0x83,0x85,0x87,0x37,0x3C,0x3D,0x37,0x3C,0x3D,0x39,
  0x3E,0x3E,0x4F,0x3E,0x27,0x27,0x27,0x27,0x27,0x27,0x27,0x27,0x27,0x27,0x27,0x27,0x27,0x27,0x27,0x27,0x27,0x27,0x27,0x27,0x27,0x27,0x27,0x27,0x27,0x27,0x27,0x27,
  0x27,0x27,0x27,0x27,0x27,0x27,0x27,0x27,0x27,0x27,0x27,0x27,0x27,0x27,0x27,0x27,0x27,0x27,0x27,0x27,0x34,0x38,0x34,0x39,0x3A,0x27,0x4D,0x4D,0x4A,0x4A,0x18,0x18,
  0x17,0x17,0x16,0x16,0x16,0x16,0x16,0x16,0x16,0x16,0x16,0x19,0x18,0x17,0x17,0x16,0x16,0x16,0x16,0x16,0x16,0x16,0x15,0x14,0x15,0x1A,0x1A,0x1B,0x1C,0x1C,0x1C,0x1C,
  0x1C,0x1C,0x27,0x27,0x27,0x27,0x27,0x27,0x27,0x27,0x27,0x27,0x27,0x27,0x27,0x27,0x27,0x27,0x27,0x27,0x27,0x27,0x27,0x27,0x27,0x27,0x27,0x27,0x27,0x27,0x27,0x27,
  0x27,0x27,0x27,0x27,0x27,0x27,0x27,0x27,0x27,0x27,0x27,0x27,0x27,0x27,0x27,0x27,0x10,0x10,0x12,0x12,0x17,0x17,0x17,0x17,0x17,0x17,0x17,0x17,0x17,0x17,0x17,0x17,
  0x17,0x17,0x19,0x1F,0x27,0x37,0x37,0x38,0xC2,0xC2,0xC3,0xC0,0xC4,0xC4,0xC0,0xC4,0x38,0x27,0x27,0x27,0x27,0x17,0x17,0x17,0x17,0x17,0x17,0x19,0x1F,0x1F,0x1F,0x1F,
  0x18,0x19,0x1A,0x1A,0x1A,0x1A,0x1A,0x1A,0x1A,0x1B,0x1C,0x1C,0x1C,0x1C,0x1C,0x1C,0x1F,0x1F,0x1F,0x1F,0x1F,0x1F,0x1F,0x1F,0x1F,0x2A,0x28,0x27,0x27,0x27,0x27,0x27,
  0x27,0x27,0x27,0x27,0x27,0x27,0x27,0x27,0x27,0x27,0x27,0x27,0x27,0x27,0x27,0x27,0x27,0x27,0x27,0x27,0x27,0x27,0x27,0x27,0x27,0x27,0x27,0x27,0x27,0x27,0x27,0x27,
  0x27,0x27,0x27,0x27,0x27,0x27,0x27,0x27,0x27,0x27,0x27,0x27,0x27,0x27,0x27,0x27,0x27,0x27,0x27,0x27,0x27,0x27,0x27,0x27,0x27,0x27,0x27,0x27,0x27,0x27,0x27,0x27,
  0x27,0x27,0x27,0x27,0x27,0x27,0x27,0x27,0x27,0x27,0x27,0x27,0x27,0x27,0x27,0x27,0x27,0x27,0x27,0x27,0x27,0x27,0x27,0x27,0x27,0x27,0x27,0x27,0x27,0x27,0x27,0x27,
  0x27,0x27,0x27,0x27,0x27,0x27,0x27,0x27,0x27,0x27,0x27,0x27,0x27,0x27,0x27,0x27,0x27,0x27,0x27,0x27,0x27,0x27,0x27,0x27,0x27,0x27,0x27,0x27,0x27,0x27,0x27,0x27,
  0x27,0x27,0x27,0x27,0x27,0x27,0x27,0x27,0x27,0x27,0x27,0x27,0x27,0x27,0x27,0x27,0x27,0x27,0x27,0x27,0x27,0x27,0x27,0x27,0x27,0x27,0x27,0x27,0x27,0x27,0x4D,0x3A,
  0x4F,0x85,0x87,0x3F,0x83,0x86,0x3F,0x87,0x87,0x3F,0x3C,0x3E,0x4F,0x38,0x3D,0x4F,0x4F,0x3E,0x4F,0x27,0x27,0x27,0x27,0x27,0x27,0x27,0x27,0x27,0x27,0x27,0x27,0x27,
  0x27,0x27,0x27,0x27,0x27,0x27,0x27,0x27,0x27,0x27,0x27,0x27,0x27,0x27,0x27,0x27,0x27,0x27,0x27,0x27,0x27,0x27,0x27,0x27,0x27,0x27,0x27,0x27,0x27,0x27,0x27,0x27,
  0x27,0x27,0x27,0x27,0x36,0x36,0x3A,0x3A,0x3A,0x27,0x27,0x27,0x4D,0x4A,0x4A,0x18,0x18,0x18,0x17,0x17,0x16,0x15,0x15,0x15,0x15,0x14,0x17,0x17,0x17,0x16,0x16,0x16,
  0x16,0x16,0x16,0x16,0x16,0x15,0x15,0x14,0x15,0x19,0x1A,0x1B,0x1C,0x1C,0x1C,0x1C,0x1C,0x1C,0x27,0x27,0x27,0x27,0x27,0x27,0x27,0x27,0x27,0x27,0x27,0x27,0x27,0x27,
  0x27,0x27,0x27,0x27,0x27,0x27,0x27,0x27,0x27,0x27,0x27,0x27,0x27,0x27,0x27,0x27,0x27,0x27,0x27,0x27,0x27,0x27,0x27,0x27,0x27,0x27,0x27,0x27,0x27,0x27,0x27,0x27,
  0x12,0x10,0x10,0x14,0x17,0x17,0x17,0x17,0x17,0x17,0x17,0x17,0x17,0x17,0x17,0x17,0x17,0x17,0x1F,0x1F,0x37,0x38,0xC5,0xC4,0xC1,0xC2,0xC3,0xC4,0xC0,0xC3,0xC4,0xC0,
  0xC3,0x39,0x27,0x17,0x17,0x17,0x17,0x17,0x17,0x17,0x17,0x1F,0x1F,0x1F,0x1F,0x1F,0x18,0x19,0x1A,0x1A,0x1A,0x1A,0x1A,0x1A,0x1A,0x1B,0x1C,0x1C,0x1C,0x1C,0x1C,0x1C,
  0x1F,0x1F,0x1F,0x1F,0x1F,0x1F,0x1F,0x2A,0x28,0x27,0x27,0x27,0x27,0x27,0x27,0x27,0x27,0x27,0x27,0x27,0x27,0x27,0x27,0x27,0x27,0x27,0x27,0x27,0x27,0x27,0x27,0x27,
  0x27,0x27,0x27,0x27,0x27,0x27,0x27,0x27,0x27,0x27,0x27,0x27,0x27,0x27,0x27,0x27,0x27,0x27,0x27,0x27,0x27,0x27,0x27,0x27,0x27,0x27,0x27,0x27,0x27,0x27,0x27,0x27,
  0x27,0x27,0x27,0x27,0x27,0x27,0x27,0x27,0x27,0x27,0x27,0x27,0x27,0x27,0x27,0x27,0x27,0x27,0x27,0x27,0x27,0x27,0x27,0x27,0x27,0x27,0x27,0x27,0x27,0x27,0x27,0x27,
  0x27,0x27,0x27,0x27,0x27,0x27,0x27,0x27,0x27,0x27,0x27,0x27,0x27,0x27,0x27,0x27,0x27,0x27,0x27,0x27,0x27,0x27,0x27,0x27,0x27,0x27,0x27,0x27,0x27,0x27,0x27,0x27,
  0x27,0x27,0x27,0x27,0x27,0x27,0x27,0x27,0x27,0x27,0x27,0x27,0x27,0x27,0x27,0x27,0x27,0x27,0x27,0x27,0x27,0x27,0x27,0x27,0x27,0x27,0x27,0x27,0x27,0x27,0x27,0x27,
  0x27,0x27,0x27,0x27,0x27,0x27,0x27,0x27,0x27,0x27,0x27,0x27,0x27,0x27,0x48,0x4A,0x4E,0x4B,0x3F,0x3F,0x85,0x87,0x3F,0x3E,0x3F,0x3F,0x3D,0x4F,0x4F,0x4F,0x3E,0x4F,
  0x4F,0x4F,0x4F,0x27,0x27,0x27,0x27,0x27,0x27,0x36,0x34,0x27,0x27,0x27,0x27,0x27,0x27,0x27,0x27,0x27,0x27,0x27,0x27,0x27,0x27,0x27,0x27,0x27,0x27,0x27,0x27,0x27,
  0x27,0x27,0x27,0x27,0x27,0x27,0x27,0x27,0x27,0x27,0x27,0x27,0x27,0x27,0x27,0x27,0x27,0x27,0x27,0x27,0x36,0x39,0x27,0x27,0x27,0x27,0x27,0x27,0x27,0x4D,0x18,0x18,
  0x18,0x18,0x18,0x18,0x19,0x19,0x19,0x19,0x19,0x16,0x17,0x18,0x17,0x17,0x17,0x16,0x15,0x15,0x15,0x14,0x14,0x14,0x14,0x19,0x19,0x1C,0x1C,0x1B,0x1C,0x1C,0x1C,0x1C,
  0x1C,0x1C,0x27,0x27,0x27,0x27,0x27,0x27,0x27,0x27,0x27,0x27,0x27,0x27,0x27,0x27,0x27,0x27,0x27,0x27,0x27,0x27,0x27,0x27,0x27,0x27,0x27,0x27,0x27,0x27,0x27,0x27,
  0x27,0x27,0x27,0x27,0x27,0x27,0x27,0x27,0x27,0x27,0x27,0x27,0x27,0x27,0x27,0x27,0x12,0x12,0x12,0x17,0x17,0x17,0x17,0x17,0x17,0x17,0x17,0x17,0x17,0x17,0x17,0x17,
  0x17,0x17,0x1F,0x37,0x38,0xC4,0xC1,0xC0,0xC4,0x38,0x38,0xC3,0xC3,0xC3,0xC1,0x38,0x38,0x39,0x17,0x17,0x17,0x17,0x17,0x17,0x17,0x17,0x17,0x1F,0x1F,0x1F,0x1F,0x1F,
  0x18,0x19,0x1A,0x1A,0x1A,0x1A,0x1A,0x1A,0x1A,0x1B,0x1C,0x1C,0x1C,0x1C,0x1C,0x1C,0x1F,0x1F,0x1F,0x1F,0x1F,0x2A,0x28,0x27,0x27,0x27,0x27,0x27,0x27,0x27,0x27,0x27,
  0x27,0x27,0x27,0x27,0x27,0x27,0x27,0x27,0x27,0x27,0x27,0x27,0x27,0x27,0x27,0x27,0x27,0x27,0x27,0x27,0x27,0x27,0x27,0x27,0x27,0x27,0x27,0x27,0x27,0x27,0x27,0x27,
  0x27,0x27,0x27,0x27,0x27,0x27,0x27,0x27,0x27,0x27,0x27,0x27,0x27,0x27,0x27,0x27,0x27,0x27,0x27,0x27,0x27,0x27,0x27,0x27,0x27,0x27,0x27,0x27,0x27,0x27,0x27,0x27,
  0x27,0x27,0x27,0x27,0x27,0x27,0x27,0x27,0x27,0x27,0x27,0x27,0x27,0x27,0x27,0x27,0x27,0x27,0x27,0x27,0x27,0x27,0x27,0x27,0x27,0x27,0x27,0x27,0x27,0x27,0x27,0x27,
  0x27,0x27,0x27,0x27,0x27,0x27,0x27,0x27,0x27,0x27,0x27,0x27,0x27,0x27,0x27,0x27,0x27,0x27,0x27,0x27,0x27,0x27,0x27,0x27,0x27,0x27,0x27,0x27,0x27,0x27,0x27,0x27,
  0x27,0x27,0x27,0x27,0x27,0x27,0x27,0x27,0x27,0x27,0x27,0x27,0x27,0x27,0x27,0x27,0x27,0x27,0x27,0x27,0x27,0x27,0x27,0x27,0x27,0x27,0x27,0x27,0x27,0x27,0x48,0x48,
  0x49,0x4A,0x49,0x4E,0x4C,0x3F,0x3F,0x4F,0x4F,0x4D,0x3D,0x4F,0x4E,0x4F,0x4D,0x4F,0x4F,0x4D,0x4D,0x27,0x27,0x4A,0x4A,0x4D,0x4D,0x3A,0x3A,0x34,0x27,0x27,0x27,0x27,
  0x27,0x27,0x27,0x27,0x27,0x27,0x27,0x27,0x27,0x27,0x27,0x27,0x27,0x27,0x27,0x27,0x27,0x27,0x27,0x27,0x27,0x27,0x27,0x27,0x27,0x27,0x27,0x27,0x27,0x27,0x27,0x27,
  0x27,0x27,0x27,0x27,0x27,0x3A,0x27,0x27,0x27,0x27,0x27,0x27,0x27,0x27,0x18,0x18,0x18,0x18,0x18,0x18,0x19,0x1A,0x1A,0x1A,0x1A,0x16,0x17,0x18,0x18,0x18,0x18,0x17,
  0x17,0x19,0x19,0x19,0x19,0x19,0x1B,0x1A,0x1C,0x1C,0x1C,0x1C,0x1C,0x1C,0x1C,0x1C,0x1C,0x1D,0x27,0x27,0x27,0x27,0x27,0x27,0x27,0x27,0x27,0x27,0x27,0x27,0x27,0x27,
  0x27,0x27,0x27,0x27,0x27,0x27,0x27,0x27,0x27,0x27,0x27,0x27,0x27,0x27,0x27,0x27,0x27,0x27,0x27,0x27,0x27,0x27,0x27,0x27,0x27,0x27,0x27,0x27,0x27,0x27,0x27,0x27,
  0x12,0x12,0x12,0x17,0x17,0x17,0x17,0x17,0x17,0x17,0x17,0x17,0x17,0x17,0x17,0x17,0x17,0x17,0x19,0x37,0x38,0x38,0x38,0x38,0x38,0x38,0x38,0x38,0x38,0x38,0x38,0x38,
  0x38,0x39,0x17,0x17,0x17,0x17,0x17,0x17,0x17,0x17,0x17,0x1C,0x1C,0x1C,0x1F,0x1F,0x18,0x19,0x1A,0x1A,0x1A,0x1A,0x1A,0x1A,0x1A,0x1B,0x1C,0x1C,0x1C,0x1C,0x1C,0x1C,
  0x1F,0x1F,0x1F,0x2A,0x28,0x27,0x27,0x27,0x27,0x27,0x27,0x27,0x27,0x27,0x27,0x27,0x27,0x27,0x27,0x27,0x27,0x27,0x27,0x27,0x27,0x27,0x27,0x27,0x27,0x27,0x27,0x27,
  0x27,0x27,0x27,0x27,0x26,0x27,0x27,0x27,0x27,0x27,0x27,0x27,0x27,0x27,0x27,0x27,0x27,0x27,0x27,0x27,0x27,0x27,0x27,0x27,0x27,0x27,0x27,0x27,0x27,0x27,0x27,0x27,
  0x27,0x27,0x27,0x27,0x27,0x27,0x27,0x27,0x27,0x27,0x27,0x27,0x27,0x27,0x27,0x27,0x27,0x27,0x27,0x27,0x27,0x27,0x27,0x27,0x27,0x27,0x27,0x27,0x27,0x27,0x27,0x27,
  0x27,0x27,0x27,0x27,0x27,0x27,0x27,0x27,0x27,0x27,0x27,0x27,0x27,0x27,0x27,0x27,0x27,0x27,0x27,0x27,0x27,0x27,0x27,0x27,0x27,0x27,0x27,0x27,0x27,0x27,0x27,0x27,
  0x27,0x27,0x27,0x27,0x27,0x27,0x27,0x27,0x27,0x27,0x27,0x27,0x27,0x27,0x27,0x27,0x27,0x27,0x27,0x27,0x27,0x27,0x27,0x27,0x27,0x27,0x27,0x27,0x27,0x27,0x27,0x27,
  0x27,0x27,0x27,0x27,0x27,0x27,0x27,0x27,0x27,0x27,0x27,0x27,0x27,0x27,0x48,0x48,0x48,0x48,0x49,0x48,0x4B,0x4B,0x4B,0x4F,0x4D,0x4D,0x4B,0x4F,0x4E,0x4D,0x4D,0x4C,
  0x4F,0x4D,0x4C,0x4A,0x4A,0x4D,0x4D,0x27,0x3A,0x39,0x34,0x38,0x34,0x27,0x27,0x27,0x27,0x27,0x27,0x27,0x27,0x27,0x27,0x27,0x27,0x27,0x27,0x27,0x27,0x27,0x27,0x27,
  0x27,0x27,0x27,0x27,0x27,0x27,0x27,0x27,0x27,0x27,0x27,0x27,0x27,0x27,0x27,0x27,0x27,0x27,0x27,0x27,0x27,0x27,0x27,0x27,0x27,0x27,0x27,0x27,0x27,0x27,0x18,0x18,
  0x18,0x18,0x18,0x18,0x19,0x1A,0x1A,0x1A,0x16,0x17,0x18,0x18,0x18,0x18,0x18,0x18,0x19,0x1A,0x1A,0x1A,0x1A,0x1A,0x1A,0x1B,0x1C,0x1C,0x1C,0x1C,0x1C,0x1C,0x1C,0x1C,
  0x1D,0x2A,0x27,0x27,0x27,0x27,0x27,0x27,0x27,0x27,0x27,0x27,0x27,0x27,0x27,0x27,0x27,0x27,0x27,0x27,0x27,0x27,0x27,0x27,0x27,0x27,0x27,0x27,0x27,0x27,0x27,0x27,
  0x27,0x27,0x27,0x27,0x27,0x27,0x27,0x27,0x27,0x27,0x27,0x27,0x27,0x27,0x27,0x27,0x12,0x12,0x12,0x17,0x17,0x17,0x17,0xC0,0xC1,0xC1,0xC1,0x17,0x17,0x17,0x17,0x17,
  0x17,0x17,0x17,0x17,0x38,0x38,0x38,0x38,0x38,0x38,0x38,0x38,0x38,0x38,0x38,0x39,0x39,0x17,0x17,0x17,0x17,0x17,0x17,0x17,0x17,0x17,0x17,0x1C,0x1C,0x1C,0x1F,0x1F,
  0x18,0x19,0x1A,0x1A,0x1A,0x1A,0x1A,0x1A,0x1A,0x1B,0x1C,0x1C,0x1C,0x1C,0x1C,0x1C,0x1F,0x1F,0x2A,0x28,0x27,0x27,0x27,0x27,0x27,0x27,0x27,0x27,0x27,0x27,0x27,0x27,
  0x27,0x27,0x27,0x27,0x27,0x27,0x27,0x27,0x27,0x27,0x27,0x27,0x27,0x27,0x27,0x27,0x27,0x27,0x27,0x27,0x61,0x60,0x27,0x27,0x27,0x27,0x27,0x27,0x27,0x27,0x27,0x27,
  0x27,0x27,0x27,0x27,0x27,0x27,0x27,0x27,0x27,0x27,0x27,0x27,0x27,0x27,0x27,0x27,0x27,0x27,0x27,0x27,0x27,0x27,0x27,0x27,0x27,0x27,0x27,0x27,0x27,0x27,0x27,0x27,
  0x27,0x27,0x27,0x27,0x27,0x27,0x27,0x27,0x27,0x27,0x27,0x27,0x27,0x27,0x27,0x27,0x27,0x27,0x27,0x27,0x27,0x27,0x27,0x27,0x27,0x27,0x27,0x27,0x27,0x27,0x27,0x27,
  0x27,0x27,0x27,0x27,0x27,0x27,0x27,0x27,0x27,0x27,0x27,0x27,0x27,0x27,0x27,0x27,0x27,0x27,0x27,0x27,0x27,0x27,0x27,0x27,0x27,0x27,0x27,0x27,0x27,0x27,0x27,0x27,
  0x27,0x27,0x27,0x27,0x27,0x27,0x27,0x27,0x27,0x27,0x27,0x27,0x27,0x27,0x27,0x27,0x27,0x27,0x27,0x27,0x27,0x27,0x27,0x27,0x27,0x27,0x27,0x27,0x27,0x27,0x48,0x48,
  0x48,0x48,0x48,0x48,0x49,0x4B,0x4A,0x4A,0x4C,0x4B,0x4B,0x4A,0x4E,0x4D,0x4C,0x4C,0x4C,0x4D,0x4A,0x4A,0x4D,0x27,0x27,0x27,0x3A,0x3A,0x3A,0x36,0x36,0x27,0x27,0x27,
  0x27,0x27,0x27,0x27,0x27,0x27,0x27,0x27,0x27,0x27,0x27,0x27,0x27,0x27,0x27,0x27,0x27,0x27,0x27,0x27,0x27,0x27,0x27,0x27,0x27,0x27,0x27,0x27,0x27,0x27,0x27,0x27,
  0x27,0x27,0x27,0x27,0x27,0x27,0x27,0x27,0x27,0x27,0x27,0x27,0x27,0x27,0x27,0x19,0x18,0x18,0x18,0x18,0x19,0x1A,0x1A,0x1A,0x16,0x17,0x18,0x18,0x18,0x18,0x18,0x18,
  0x1A,0x1A,0x1A,0x1A,0x1A,0x1A,0x1A,0x1B,0x1C,0x1C,0x1C,0x1C,0x1C,0x1C,0x1C,0x1D,0x2A,0x28,0x27,0x27,0x27,0x27,0x27,0x27,0x27,0x27,0x27,0x27,0x27,0x27,0x27,0x27,
  0x27,0x27,0x27,0x27,0x27,0x27,0x27,0x27,0x27,0x27,0x27,0x27,0x27,0x27,0x27,0x27,0x27,0x27,0x27,0x27,0x27,0x27,0x27,0x27,0x27,0x27,0x27,0x27,0x27,0x27,0x27,0x27,
  0x12,0x12,0x12,0x17,0x17,0x17,0x17,0xC1,0xC7,0xC7,0xC7,0xC1,0x17,0x17,0x17,0x17,0x17,0x17,0x17,0x17,0x17,0x17,0x39,0x39,0x39,0x39,0x39,0x39,0x39,0x39,0x39,0x17,
  0x17,0x17,0x17,0x17,0x17,0x17,0x17,0x17,0x17,0x17,0x17,0x1C,0x1C,0x1C,0x1F,0x1F,0x18,0x19,0x1A,0x1A,0x1A,0x1A,0x1A,0x1A,0x1A,0x1B,0x1C,0x1C,0x1C,0x1C,0x1C,0x1C,
  0x1F,0x2A,0x28,0x27,0x27,0x27,0x27,0x27,0x27,0x27,0x27,0x27,0x27,0x27,0x27,0x27,0x27,0x27,0x27,0x27,0x27,0x27,0x27,0x27,0x27,0x27,0x27,0x27,0x27,0x27,0x27,0x27,
  0x27,0x27,0x27,0x26,0x25,0x26,0x27,0x27,0x27,0x27,0x27,0x27,0x27,0x27,0x27,0x27,0x27,0x27,0x27,0x27,0x27,0x27,0x27,0x27,0x27,0x27,0x27,0x27,0x27,0x27,0x27,0x27,
  0x27,0x27,0x27,0x27,0x27,0x27,0x27,0x27,0x27,0x27,0x27,0x27,0x27,0x27,0x27,0x27,0x27,0x27,0x27,0x27,0x27,0x27,0x27,0x27,0x27,0x27,0x27,0x27,0x27,0x27,0x27,0x27,
  0x27,0x27,0x27,0x27,0x27,0x27,0x27,0x27,0x27,0x27,0x27,0x27,0x27,0x27,0x27,0x27,0x27,0x27,0x27,0x27,0x27,0x27,0x27,0x27,0x27,0x27,0x27,0x27,0x27,0x27,0x27,0x27,
  0x27,0x27,0x27,0x27,0x27,0x27,0x27,0x27,0x27,0x27,0x27,0x27,0x27,0x27,0x27,0x27,0x27,0x27,0x27,0x27,0x27,0x27,0x27,0x27,0x27,0x27,0x27,0x27,0x27,0x27,0x27,0x27,
  0x27,0x27,0x27,0x27,0x27,0x27,0x27,0x27,0x27,0x27,0x27,0x27,0x27,0x27,0x48,0x48,0x48,0x48,0x48,0x48,0x49,0x4A,0x4A,0x4A,0x4A,0x4A,0x4A,0x4A,0x4B,0x4C,0x4C,0x4C,
  0x4C,0x4C,0x4C,0x4D,0x27,0x27,0x27,0x27,0x27,0x27,0x27,0x39,0x36,0x27,0x27,0x27,0x27,0x27,0x27,0x27,0x27,0x27,0x27,0x27,0x27,0x27,0x27,0x27,0x27,0x27,0x27,0x27,
  0x27,0x27,0x27,0x27,0x27,0x27,0x27,0x27,0x27,0x27,0x27,0x27,0x27,0x27,0x27,0x27,0x27,0x27,0x27,0x27,0x27,0x27,0x27,0x27,0x27,0x27,0x27,0x27,0x27,0x27,0x27,0x1A,
  0x1A,0x18,0x18,0x18,0x19,0x1A,0x1A,0x1A,0x17,0x18,0x18,0x18,0x18,0x18,0x18,0x19,0x1A,0x1A,0x1A,0x1A,0x1A,0x1A,0x1A,0x1B,0x1C,0x1C,0x1C,0x1C,0x1C,0x1C,0x1D,0x1D,
  0x28,0x27,0x27,0x27,0x27,0x27,0x27,0x27,0x27,0x27,0x27,0x27,0x27,0x27,0x27,0x27,0x27,0x27,0x27,0x27,0x27,0x27,0x27,0x27,0x27,0x27,0x27,0x27,0x27,0x27,0x27,0x27,
  0x27,0x27,0x27,0x27,0x27,0x27,0x27,0x27,0x27,0x27,0x27,0x27,0x27,0x27,0x27,0x27,0x12,0x12,0x12,0x17,0x17,0x17,0x17,0xC1,0xC7,0x17,0x17,0xC1,0xC7,0x17,0xC0,0xC1,
  0x17,0xC1,0xC0,0xC1,0xC2,0xC0,0xC1,0xC1,0xC2,0x17,0x17,0x17,0x17,0x17,0x17,0x17,0x17,0x17,0x17,0x17,0x17,0x17,0x17,0x17,0x17,0x17,0x17,0x1C,0x1C,0x1C,0x1F,0x1F,
  0x18,0x19,0x1A,0x1A,0x1A,0x1A,0x1A,0x1A,0x1A,0x1B,0x1C,0x1C,0x1C,0x1C,0x1C,0x1C,0x1F,0x28,0x27,0x27,0x27,0x27,0x27,0x27,0x27,0x27,0x27,0x27,0x27,0x27,0x27,0x27,
  0x27,0x27,0x27,0x27,0x27,0x27,0x27,0x27,0x27,0x27,0x27,0x27,0x27,0x27,0x27,0x27,0x27,0x27,0x27,0x25,0x25,0x26,0x60,0x27,0x27,0x27,0x27,0x27,0x27,0x27,0x27,0x27,
  0x27,0x27,0x27,0x27,0x27,0x27,0x27,0x27,0x27,0x27,0x27,0x27,0x27,0x27,0x27,0x27,0x27,0x27,0x27,0x27,0x27,0x27,0x27,0x27,0x27,0x27,0x27,0x27,0x27,0x27,0x27,0x27,
  0x27,0x27,0x27,0x27,0x27,0x27,0x27,0x27,0x27,0x27,0x27,0x27,0x27,0x27,0x27,0x27,0x27,0x27,0x27,0x27,0x27,0x27,0x27,0x27,0x27,0x27,0x27,0x27,0x27,0x27,0x27,0x27,
  0x27,0x27,0x27,0x27,0x27,0x27,0x27,0x27,0x27,0x27,0x27,0x27,0x27,0x27,0x27,0x27,0x27,0x27,0x27,0x27,0x27,0x27,0x27,0x27,0x27,0x27,0x27,0x27,0x27,0x27,0x27,0x27,
  0x27,0x27,0x27,0x27,0x27,0x27,0x27,0x27,0x27,0x27,0x27,0x27,0x27,0x27,0x27,0x27,0x27,0x27,0x27,0x27,0x27,0x27,0x27,0x27,0x27,0x27,0x27,0x27,0x27,0x27,0x48,0x48,
  0x48,0x48,0x48,0x48,0x49,0x4A,0x4A,0x4A,0x4A,0x4A,0x4A,0x4A,0x4B,0x4C,0x4C,0x4C,0x4C,0x4C,0x4C,0x27,0x27,0x27,0x27,0x27,0x27,0x27,0x27,0x3A,0x27,0x27,0x27,0x27,
  0x27,0x27,0x27,0x27,0x27,0x27,0x27,0x27,0x27,0x27,0x27,0x27,0x27,0x27,0x27,0x27,0x27,0x27,0x27,0x27,0x27,0x27,0x27,0x27,0x27,0x27,0x27,0x27,0x27,0x27,0x27,0x27,
  0x27,0x27,0x27,0x27,0x27,0x27,0x27,0x27,0x27,0x27,0x27,0x27,0x27,0x27,0x27,0x27,0x1A,0x19,0x19,0x18,0x19,0x1A,0x1A,0x1A,0x18,0x18,0x18,0x18,0x18,0x18,0x18,0x19,
  0x1A,0x1A,0x1A,0x1A,0x1A,0x1A,0x1B,0x1C,0x1C,0x1C,0x1C,0x1C,0x1C,0x1E,0x1D,0x2A,0x27,0x27,0x27,0x27,0x27,0x27,0x27,0x27,0x27,0x27,0x27,0x27,0x27,0x27,0x27,0x27,
  0x27,0x27,0x27,0x27,0x27,0x27,0x27,0x27,0x27,0x27,0x27,0x27,0x27,0x27,0x27,0x27,0x27,0x27,0x27,0x27,0x27,0x27,0x27,0x27,0x27,0x27,0x27,0x27,0x27,0x27,0x27,0x27,
  0x12,0x12,0x12,0x17,0x17,0x17,0x17,0xC1,0xC7,0x17,0x17,0xC1,0xC7,0xC1,0x17,0xC7,0xC1,0x17,0xC7,0xC1,0xC7,0xC7,0xC1,0xC7,0xC7,0xC7,0x17,0x17,0x17,0x17,0x17,0x17,
  0x17,0x17,0x17,0x17,0x17,0x17,0x17,0x17,0x17,0x17,0x17,0x1C,0x1A,0x1A,0x1A,0x1F,0x18,0x19,0x1A,0x1A,0x1A,0x1A,0x1A,0x1A,0x1A,0x1B,0x1C,0x1C,0x1C,0x1C,0x1C,0x1C,
  0x2A,0x27,0x27,0x27,0x27,0x27,0x27,0x27,0x27,0x27,0x27,0x27,0x27,0x27,0x27,0x27,0x27,0x27,0x27,0x27,0x27,0x27,0x27,0x27,0x27,0x27,0x27,0x27,0x27,0x27,0x27,0x27,
  0x27,0x27,0x27,0x25,0x61,0x26,0x26,0x27,0x27,0x27,0x27,0x27,0x27,0x27,0x27,0x27,0x27,0x27,0x27,0x27,0x27,0x27,0x27,0x27,0x27,0x27,0x27,0x27,0x27,0x27,0x27,0x27,
  0x27,0x27,0x27,0x27,0x27,0x27,0x27,0x27,0x27,0x27,0x36,0x36,0x38,0x39,0x3A,0x27,0x27,0x27,0x27,0x27,0x27,0x27,0x27,0x27,0x27,0x27,0x27,0x27,0x27,0x27,0x27,0x27,
  0x27,0x27,0x27,0x27,0x27,0x27,0x27,0x27,0x27,0x27,0x27,0x27,0x27,0x27,0x27,0x27,0x27,0x27,0x27,0x27,0x27,0x27,0x27,0x27,0x27,0x27,0x27,0x27,0x27,0x27,0x27,0x27,
  0x27,0x27,0x27,0x27,0x27,0x27,0x27,0x27,0x27,0x27,0x27,0x27,0x27,0x27,0x27,0x27,0x27,0x27,0x27,0x27,0x27,0x27,0x27,0x27,0x27,0x27,0x27,0x27,0x27,0x27,0x27,0x27,
  0x27,0x27,0x27,0x27,0x27,0x27,0x27,0x27,0x27,0x27,0x27,0x27,0x27,0x27,0x48,0x48,0x48,0x48,0x48,0x48,0x49,0x4A,0x4A,0x4A,0x4A,0x4A,0x4A,0x4A,0x4B,0x4C,0x4C,0x4C,
  0x4C,0x4C,0x4C,0x27,0x27,0x27,0x27,0x27,0x27,0x27,0x27,0x27,0x27,0x27,0x27,0x27,0x27,0x27,0x27,0x27,0x27,0x27,0x27,0x27,0x27,0x27,0x27,0x27,0x27,0x27,0x27,0x27,
  0x27,0x27,0x27,0x27,0x27,0x27,0x27,0x27,0x27,0x27,0x27,0x27,0x27,0x27,0x27,0x27,0x27,0x27,0x27,0x27,0x27,0x27,0x27,0x27,0x27,0x27,0x27,0x27,0x27,0x27,0x27,0x27,
  0x1A,0x1A,0x19,0x19,0x1A,0x1A,0x1A,0x1A,0x18,0x18,0x18,0x18,0x18,0x18,0x18,0x1A,0x1A,0x1A,0x1A,0x1A,0x1A,0x1A,0x1B,0x1C,0x1C,0x1C,0x1C,0x1C,0x1D,0x1D,0x2A,0x27,
  0x27,0x27,0x27,0x27,0x27,0x27,0x27,0x27,0x27,0x27,0x27,0x27,0x27,0x27,0x27,0x27,0x27,0x27,0x27,0x27,0x27,0x27,0x27,0x27,0x27,0x27,0x27,0x27,0x27,0x27,0x27,0x27,
  0x27,0x27,0x27,0x27,0x27,0x27,0x27,0x27,0x27,0x27,0x27,0x27,0x27,0x27,0x27,0x27,0x12,0x12,0x12,0x17,0x17,0x17,0x17,0xC1,0xC7,0x17,0x17,0xC1,0xC7,0xC1,0xC7,0x17,
  0xC1,0xC7,0x17,0xC1,0xC7,0x17,0xC1,0xC7,0x17,0x17,0x17,0x17,0x17,0x17,0x17,0x17,0x17,0x17,0x17,0x17,0x17,0x17,0x17,0x17,0x17,0x17,0x17,0x19,0x1A,0x1A,0x1C,0x1F,
  0x18,0x19,0x1A,0x1A,0x1A,0x1A,0x1A,0x1A,0x1A,0x1B,0x1C,0x1C,0x1C,0x1C,0x1C,0x1C,0x28,0x27,0x27,0x27,0x27,0x27,0x27,0x27,0x27,0x27,0x27,0x27,0x27,0x27,0x27,0x27,
  0x27,0x27,0x27,0x27,0x27,0x27,0x27,0x27,0x27,0x27,0x27,0x27,0x27,0x27,0x27,0x27,0x27,0x27,0x26,0x25,0x26,0x26,0x26,0x27,0x27,0x27,0x27,0x27,0x27,0x27,0x27,0x27,
  0x27,0x27,0x27,0x27,0x27,0x27,0x27,0x27,0x27,0x27,0x27,0x27,0x27,0x27,0x27,0x27,0x27,0x27,0x27,0x27,0x27,0x27,0x27,0x27,0x36,0x36,0x37,0x38,0x39,0x39,0x39,0x39,
  0x3A,0x27,0x27,0x27,0x27,0x27,0x27,0x27,0x27,0x27,0x27,0x27,0x27,0x27,0x27,0x27,0x27,0x27,0x27,0x27,0x27,0x27,0x27,0x27,0x27,0x27,0x27,0x27,0x27,0x27,0x27,0x27,
  0x27,0x27,0x27,0x27,0x27,0x27,0x27,0x27,0x27,0x27,0x27,0x27,0x27,0x27,0x27,0x27,0x27,0x27,0x27,0x27,0x27,0x27,0x27,0x27,0x27,0x27,0x27,0x27,0x27,0x27,0x27,0x27,
  0x27,0x27,0x27,0x27,0x27,0x27,0x27,0x27,0x27,0x27,0x27,0x27,0x27,0x27,0x27,0x27,0x27,0x27,0x27,0x27,0x27,0x27,0x27,0x27,0x27,0x27,0x27,0x27,0x27,0x27,0x48,0x48,
  0x48,0x48,0x48,0x48,0x49,0x4A,0x4A,0x4A,0x4A,0x4A,0x4A,0x4A,0x4B,0x4C,0x4C,0x4C,0x4C,0x4C,0x4C,0x27,0x27,0x27,0x27,0x27,0x27,0x27,0x27,0x27,0x27,0x27,0x27,0x27,
  0x27,0x27,0x27,0x27,0x27,0x27,0x27,0x27,0x27,0x27,0x27,0x27,0x27,0x27,0x27,0x27,0x27,0x27,0x27,0x27,0x27,0x27,0x27,0x27,0x27,0x27,0x27,0x27,0x27,0x27,0x27,0x27,
  0x27,0x27,0x27,0x27,0x27,0x27,0x27,0x27,0x27,0x27,0x27,0x27,0x27,0x27,0x27,0x27,0x27,0x1A,0x1A,0x1A,0x1B,0x1B,0x1B,0x1B,0x1B,0x19,0x18,0x18,0x18,0x18,0x19,0x1A,
  0x1A,0x1A,0x1A,0x1A,0x1A,0x1A,0x1B,0x1C,0x1C,0x1C,0x1C,0x1D,0x1D,0x2A,0x27,0x27,0x27,0x27,0x27,0x27,0x27,0x27,0x27,0x27,0x27,0x27,0x27,0x27,0x27,0x27,0x27,0x27,
  0x27,0x27,0x27,0x27,0x27,0x27,0x27,0x27,0x27,0x27,0x27,0x27,0x27,0x27,0x27,0x27,0x27,0x27,0x27,0x27,0x27,0x27,0x27,0x27,0x27,0x27,0x27,0x27,0x27,0x27,0x27,0x27,
  0x12,0x12,0x12,0x17,0x17,0x17,0x17,0xC1,0xC7,0x17,0x17,0xC2,0xC7,0xC1,0xC7,0x17,0xC2,0xC7,0x17,0xC1,0xC7,0x17,0xC1,0xC7,0x17,0x17,0x17,0x17,0x17,0x17,0x17,0x17,
  0x17,0x17,0x17,0x17,0x17,0x17,0x17,0x17,0x17,0x17,0x17,0x19,0x1C,0x1C,0x1C,0x1F,0x18,0x19,0x1A,0x1A,0x1A,0x1A,0x1A,0x1A,0x1A,0x1B,0x1C,0x1C,0x1C,0x1C,0x1C,0x1C,
  0x27,0x27,0x27,0x27,0x27,0x27,0x27,0x27,0x27,0x27,0x27,0x27,0x27,0x27,0x27,0x27,0x27,0x27,0x27,0x27,0x27,0x27,0x27,0x27,0x27,0x27,0x27,0x27,0x27,0x27,0x27,0x27,
  0x27,0x27,0x25,0x25,0x26,0x26,0x26,0x60,0x27,0x27,0x27,0x27,0x27,0x27,0x27,0x27,0x27,0x27,0x27,0x27,0x27,0x27,0x27,0x27,0x27,0x27,0x27,0x27,0x27,0x27,0x27,0x27,
  0x27,0x27,0x27,0x36,0x36,0x38,0x39,0x36,0x38,0x59,0x36,0x39,0x5C,0x36,0x39,0x36,0x39,0x3A,0x39,0x3A,0x27,0x27,0x27,0x27,0x27,0x27,0x27,0x27,0x27,0x27,0x27,0x27,
  0x27,0x27,0x27,0x27,0x27,0x27,0x36,0x36,0x38,0x39,0x3A,0x27,0x27,0x27,0x27,0x27,0x27,0x27,0x27,0x27,0x27,0x27,0x27,0x27,0x27,0x27,0x27,0x27,0x27,0x27,0x27,0x27,
  0x27,0x27,0x27,0x27,0x27,0x27,0x27,0x27,0x27,0x27,0x27,0x27,0x27,0x27,0x27,0x27,0x27,0x27,0x27,0x27,0x27,0x27,0x27,0x27,0x27,0x27,0x27,0x27,0x27,0x27,0x27,0x27,
  0x27,0x27,0x27,0x27,0x27,0x27,0x27,0x27,0x27,0x27,0x27,0x27,0x27,0x27,0x48,0x48,0x48,0x48,0x48,0x48,0x49,0x4A,0x4A,0x4A,0x4A,0x4A,0x4A,0x4A,0x4B,0x4C,0x4C,0x4C,
  0x4C,0x4C,0x4C,0x27,0x27,0x27,0x27,0x27,0x27,0x27,0x27,0x27,0x27,0x27,0x27,0x27,0x27,0x27,0x27,0x27,0x27,0x27,0x27,0x27,0x27,0x27,0x27,0x27,0x27,0x27,0x27,0x27,
  0x27,0x27,0x27,0x27,0x27,0x27,0x27,0x27,0x27,0x27,0x27,0x27,0x27,0x27,0x27,0x27,0x27,0x27,0x27,0x27,0x27,0x27,0x27,0x27,0x27,0x27,0x27,0x27,0x27,0x27,0x27,0x27,
  0x27,0x27,0x27,0x1A,0x1A,0x1B,0x1C,0x1C,0x1C,0x1A,0x1A,0x18,0x18,0x18,0x19,0x1A,0x1A,0x1A,0x1A,0x1A,0x1A,0x1A,0x1B,0x1C,0x1C,0x1C,0x1D,0x2C,0x2B,0x27,0x27,0x27,
  0x27,0x27,0x27,0x27,0x27,0x27,0x27,0x27,0x27,0x27,0x27,0x27,0x27,0x27,0x27,0x27,0x27,0x27,0x27,0x27,0x27,0x27,0x27,0x27,0x27,0x27,0x27,0x27,0x27,0x27,0x27,0x27,
  0x27,0x27,0x27,0x27,0x27,0x27,0x27,0x27,0x27,0x27,0x27,0x27,0x27,0x27,0x27,0x27,0x12,0x12,0x12,0x17,0x17,0x17,0x17,0xC1,0xC1,0xC1,0xC2,0x17,0xC7,0x17,0xC1,0xC2,
  0x17,0xC7,0x17,0xC2,0xC7,0x17,0xC2,0xC7,0x17,0x17,0x17,0x17,0x17,0x17,0x17,0x17,0x17,0x17,0x17,0x17,0x17,0x17,0x17,0x17,0x17,0x17,0x17,0x17,0x1C,0x1C,0x1C,0x1F,
  0x18,0x19,0x1A,0x1A,0x1A,0x1A,0x1A,0x1A,0x1A,0x1B,0x1C,0x1C,0x1C,0x1C,0x1C,0x1C,0x27,0x27,0x27,0x27,0x27,0x27,0x27,0x27,0x27,0x27,0x27,0x27,0x27,0x27,0x27,0x27,
  0x27,0x27,0x27,0x27,0x27,0x27,0x27,0x27,0x27,0x27,0x27,0x27,0x27,0x27,0x27,0x27,0x27,0x26,0x25,0x25,0x26,0x26,0x26,0x26,0x27,0x27,0x27,0x27,0x27,0x27,0x27,0x27,
  0x27,0x27,0x27,0x27,0x27,0x53,0x53,0x52,0x51,0x52,0x52,0x52,0x53,0x54,0x27,0x27,0x27,0x36,0x36,0x37,0x38,0x39,0x39,0x39,0x39,0x3A,0x39,0x5C,0x5C,0x36,0x39,0x37,
  0x38,0x39,0x39,0x39,0x39,0x3A,0x27,0x27,0x27,0x27,0x27,0x27,0x27,0x27,0x27,0x27,0x27,0x27,0x27,0x27,0x36,0x36,0x37,0x38,0x39,0x39,0x39,0x39,0x3A,0x27,0x27,0x27,
  0x27,0x27,0x27,0x27,0x27,0x27,0x27,0x27,0x27,0x27,0x27,0x27,0x27,0x27,0x27,0x27,0x27,0x27,0x27,0x27,0x27,0x27,0x27,0x27,0x27,0x27,0x27,0x27,0x27,0x27,0x27,0x27,
  0x27,0x27,0x27,0x27,0x27,0x27,0x27,0x27,0x27,0x27,0x27,0x27,0x27,0x27,0x27,0x27,0x27,0x27,0x27,0x27,0x27,0x27,0x27,0x27,0x27,0x27,0x27,0x27,0x27,0x27,0x48,0x48,
  0x48,0x48,0x48,0x48,0x49,0x4A,0x4A,0x4A,0x4A,0x4A,0x4A,0x4A,0x4B,0x4C,0x4C,0x4C,0x4C,0x4C,0x4C,0x36,0x35,0x36,0x36,0x36,0x37,0x37,0x27,0x27,0x27,0x27,0x27,0x27,
  0x27,0x27,0x27,0x27,0x27,0x27,0x27,0x27,0x27,0x27,0x27,0x27,0x27,0x27,0x27,0x27,0x27,0x27,0x27,0x27,0x27,0x27,0x27,0x27,0x27,0x27,0x27,0x27,0x27,0x27,0x27,0x27,
  0x27,0x27,0x27,0x27,0x27,0x27,0x27,0x27,0x27,0x27,0x27,0x27,0x27,0x27,0x27,0x27,0x27,0x27,0x27,0x28,0x2A,0x1D,0x1C,0x1D,0x1D,0x1C,0x1A,0x19,0x19,0x18,0x19,0x1A,
  0x1A,0x1A,0x1A,0x1A,0x1A,0x1A,0x1B,0x1C,0x1C,0x1D,0x1D,0x2B,0x27,0x27,0x27,0x27,0x27,0x27,0x27,0x27,0x27,0x27,0x27,0x27,0x27,0x27,0x27,0x27,0x27,0x27,0x27,0x27,
  0x27,0x27,0x27,0x27,0x27,0x27,0x27,0x27,0x27,0x27,0x27,0x27,0x27,0x27,0x27,0x27,0x27,0x27,0x27,0x27,0x27,0x27,0x27,0x27,0x27,0x27,0x27,0x27,0x27,0x27,0x27,0x27,
  0x12,0x12,0x12,0x17,0x17,0x17,0x17,0x17,0xC7,0xC7,0xC7,0xC7,0x17,0x17,0x17,0xC7,0xC7,0x17,0x17,0x17,0xC7,0x17,0x17,0xC7,0x17,0x17,0x17,0x17,0x17,0x17,0x17,0x17,
  0x17,0x17,0x17,0x17,0x17,0x17,0x17,0x17,0x17,0x17,0x17,0x17,0x1C,0x1C,0x1C,0x1F,0x18,0x19,0x1A,0x1A,0x1A,0x1A,0x1A,0x1A,0x1A,0x1B,0x1C,0x1C,0x1C,0x1C,0x1C,0x1C,
  0x27,0x27,0x27,0x27,0x27,0x27,0x27,0x27,0x27,0x27,0x27,0x27,0x27,0x27,0x27,0x27,0x27,0x27,0x27,0x27,0x27,0x27,0x27,0x27,0x27,0x27,0x27,0x27,0x27,0x27,0x27,0x27,
  0x27,0x25,0x25,0x61,0x26,0x26,0x26,0x26,0x27,0x27,0x27,0x27,0x27,0x27,0x27,0x27,0x27,0x27,0x27,0x54,0x54,0x55,0x55,0x56,0x56,0x56,0x56,0x55,0x55,0x56,0x55,0x55,
  0x36,0x38,0x5B,0x36,0x39,0x5C,0x36,0x39,0x5C,0x36,0x36,0x38,0x39,0x3A,0x5A,0x36,0x39,0x5D,0x36,0x39,0x5F,0x8C,0x8D,0x8D,0x27,0x27,0x27,0x27,0x27,0x27,0x27,0x36,
  0x36,0x38,0x39,0x36,0x38,0x59,0x36,0x39,0x5C,0x36,0x39,0x36,0x39,0x3A,0x39,0x3A,0x27,0x27,0x27,0x27,0x27,0x27,0x27,0x27,0x27,0x27,0x27,0x27,0x27,0x27,0x27,0x27,
  0x27,0x27,0x27,0x27,0x27,0x27,0x27,0x27,0x27,0x27,0x27,0x27,0x27,0x27,0x27,0x27,0x27,0x27,0x27,0x27,0x27,0x27,0x27,0x27,0x27,0x27,0x27,0x27,0x27,0x27,0x27,0x27,
  0x27,0x27,0x27,0x27,0x27,0x27,0x27,0x27,0x27,0x27,0x27,0x27,0x27,0x27,0x48,0x48,0x48,0x48,0x48,0x48,0x49,0x4A,0x4A,0x4A,0x4A,0x4A,0x4A,0x4A,0x4B,0x4C,0x4C,0x35,
  0x34,0x34,0x35,0x35,0x36,0x37,0x37,0x37,0x37,0x37,0x37,0x37,0x38,0x39,0x27,0x27,0x27,0x27,0x27,0x27,0x27,0x27,0x27,0x27,0x27,0x27,0x27,0x27,0x27,0x27,0x27,0x27,
  0x27,0x27,0x27,0x27,0x27,0x27,0x27,0x27,0x27,0x27,0x27,0x27,0x27,0x27,0x27,0x27,0x27,0x27,0x27,0x27,0x27,0x27,0x27,0x27,0x27,0x27,0x27,0x27,0x27,0x27,0x27,0x27,
  0x27,0x27,0x27,0x27,0x27,0x27,0x28,0x2A,0x1F,0x1F,0x1A,0x1A,0x19,0x19,0x1A,0x1A,0x1A,0x1A,0x1B,0x1B,0x1B,0x1B,0x1C,0x1E,0x1E,0x1D,0x2B,0x28,0x27,0x27,0x27,0x27,
  0x27,0x27,0x27,0x27,0x27,0x27,0x27,0x27,0x27,0x27,0x27,0x27,0x27,0x27,0x27,0x27,0x27,0x27,0x27,0x27,0x27,0x27,0x27,0x27,0x27,0x27,0x27,0x27,0x27,0x27,0x27,0x27,
  0x27,0x27,0x27,0x27,0x27,0x27,0x27,0x27,0x27,0x27,0x27,0x27,0x27,0x27,0x27,0x27,0x12,0x12,0x12,0x17,0x17,0x19,0x1C,0x19,0x17,0x17,0x17,0x17,0x17,0x17,0x17,0x17,
  0x17,0x17,0x17,0x17,0x17,0x17,0x17,0x17,0x17,0x17,0x17,0x17,0x17,0x17,0x17,0x17,0x17,0x17,0x17,0x17,0x17,0x17,0x17,0x17,0x17,0x17,0x17,0x17,0x1A,0x1A,0x1A,0x1A,
  0x18,0x19,0x1A,0x1A,0x1A,0x1A,0x1A,0x1A,0x1A,0x1B,0x1C,0x1C,0x1C,0x1C,0x1C,0x1C,0x27,0x27,0x27,0x27,0x27,0x27,0x27,0x27,0x27,0x27,0x27,0x27,0x27,0x27,0x27,0x27,
  0x27,0x27,0x27,0x27,0x27,0x27,0x27,0x27,0x27,0x27,0x27,0x27,0x27,0x27,0x27,0x27,0x26,0x25,0x25,0x26,0x26,0x26,0x26,0x26,0x60,0x27,0x27,0x27,0x27,0x27,0x27,0x27,
  0x27,0x54,0x55,0x55,0x55,0x56,0x56,0x56,0x55,0x55,0x55,0x54,0x52,0x52,0x52,0x53,0x56,0x5B,0x5B,0x39,0x5E,0x5D,0x58,0x36,0x36,0x37,0x38,0x39,0x39,0x39,0x39,0x3A,
  0x5E,0x5F,0x5C,0x8B,0x8E,0x8D,0x88,0x8A,0x8B,0x8D,0x8F,0x8C,0x8D,0x8D,0x36,0x37,0x38,0x39,0x39,0x39,0x39,0x3A,0x39,0x5C,0x5C,0x36,0x39,0x37,0x38,0x39,0x39,0x39,
  0x39,0x3A,0x27,0x27,0x27,0x27,0x27,0x27,0x27,0x27,0x27,0x27,0x27,0x27,0x27,0x27,0x27,0x27,0x27,0x27,0x27,0x27,0x27,0x27,0x27,0x27,0x27,0x27,0x27,0x27,0x27,0x27,
  0x27,0x27,0x27,0x27,0x27,0x27,0x27,0x27,0x27,0x27,0x27,0x27,0x27,0x27,0x27,0x27,0x27,0x27,0x27,0x27,0x27,0x27,0x27,0x27,0x27,0x27,0x27,0x27,0x27,0x27,0x48,0x48,
  0x48,0x48,0x48,0x48,0x49,0x4A,0x4A,0x4A,0x4A,0x4A,0x4A,0x4A,0x4B,0x36,0x33,0x34,0x35,0x36,0x37,0x37,0x38,0x38,0x38,0x38,0x38,0x38,0x38,0x39,0x3A,0x3A,0x3A,0x3B,
  0x27,0x27,0x27,0x27,0x27,0x27,0x27,0x27,0x27,0x27,0x27,0x27,0x27,0x27,0x27,0x27,0x27,0x27,0x27,0x27,0x27,0x27,0x27,0x27,0x27,0x27,0x27,0x27,0x27,0x27,0x27,0x27,
  0x27,0x27,0x27,0x27,0x27,0x27,0x27,0x27,0x27,0x27,0x27,0x27,0x27,0x27,0x27,0x27,0x27,0x27,0x27,0x27,0x27,0x27,0x27,0x27,0x2A,0x2D,0x1F,0x1A,0x1A,0x1A,0x1B,0x1B,
  0x1B,0x1B,0x1B,0x1C,0x1C,0x1C,0x1C,0x1D,0x1D,0x2B,0x28,0x27,0x27,0x27,0x27,0x27,0x27,0x27,0x27,0x27,0x27,0x27,0x27,0x27,0x27,0x27,0x27,0x27,0x27,0x27,0x27,0x27,
  0x27,0x27,0x27,0x27,0x27,0x27,0x27,0x27,0x27,0x27,0x27,0x27,0x27,0x27,0x27,0x27,0x27,0x27,0x27,0x27,0x27,0x27,0x27,0x27,0x27,0x27,0x27,0x27,0x27,0x27,0x27,0x27,
  0x12,0x12,0x12,0x17,0x17,0x1C,0x1C,0x1C,0x1C,0x1C,0x1C,0x1C,0x1C,0x1C,0x1C,0x1C,0x1C,0x1C,0x1C,0x1C,0x1C,0x1C,0x1C,0x1C,0x1C,0x1C,0x1C,0x1C,0x1C,0x1C,0x1C,0x1C,
  0x1C,0x19,0x17,0x17,0x17,0x17,0x17,0x17,0x17,0x17,0x17,0x17,0x19,0x1A,0x1A,0x1C,0x18,0x19,0x1A,0x1A,0x1A,0x1A,0x1A,0x1A,0x1A,0x1B,0x1C,0x1C,0x1C,0x1C,0x1C,0x1C,
  0x27,0x27,0x27,0x27,0x27,0x27,0x27,0x27,0x27,0x27,0x27,0x27,0x27,0x27,0x27,0x27,0x27,0x27,0x27,0x27,0x27,0x27,0x27,0x27,0x27,0x27,0x27,0x27,0x27,0x27,0x27,0x27,
  0x25,0x25,0x25,0x26,0x26,0x26,0x26,0x26,0x26,0x27,0x27,0x27,0x27,0x27,0x27,0x53,0x54,0x54,0x54,0x54,0x54,0x53,0x53,0x53,0x52,0x51,0x51,0x51,0x52,0x54,0x55,0x55,
  0x54,0x56,0x59,0x59,0x5C,0x5A,0x36,0x38,0x5F,0x36,0x39,0x5F,0x36,0x39,0x5F,0x39,0x3A,0x5E,0x5E,0x8D,0x8F,0x3F,0x8B,0x8E,0x3F,0x8B,0x8E,0x8D,0x88,0x8A,0x8B,0x8D,
  0x8F,0x5C,0x36,0x39,0x5C,0x36,0x36,0x38,0x39,0x3A,0x8C,0x8D,0x8D,0x5D,0x36,0x39,0x5F,0x39,0x3A,0x27,0x27,0x27,0x27,0x27,0x27,0x27,0x27,0x27,0x27,0x27,0x27,0x27,
  0x27,0x27,0x27,0x27,0x27,0x27,0x27,0x27,0x27,0x27,0x27,0x27,0x27,0x27,0x27,0x27,0x27,0x27,0x27,0x27,0x27,0x27,0x27,0x27,0x27,0x27,0x27,0x27,0x27,0x27,0x27,0x27,
  0x27,0x27,0x27,0x27,0x27,0x27,0x27,0x27,0x27,0x27,0x27,0x27,0x27,0x27,0x48,0x48,0x48,0x48,0x48,0x48,0x49,0x4A,0x4A,0x4A,0x4A,0x4A,0x4A,0x4A,0x34,0x38,0x37,0x36,
  0x37,0x39,0x37,0x38,0x38,0x39,0x39,0x39,0x3A,0x3A,0x3A,0x3A,0x3B,0x3B,0x3C,0x3D,0x3C,0x27,0x27,0x27,0x27,0x27,0x27,0x27,0x27,0x27,0x27,0x27,0x27,0x27,0x27,0x27,
  0x27,0x27,0x27,0x27,0x27,0x27,0x27,0x27,0x27,0x27,0x27,0x27,0x27,0x27,0x27,0x27,0x27,0x27,0x27,0x27,0x27,0x27,0x27,0x27,0x27,0x27,0x27,0x27,0x27,0x27,0x27,0x27,
  0x27,0x27,0x27,0x27,0x27,0x27,0x27,0x27,0x28,0x2D,0x2D,0x2D,0x1F,0x1A,0x1A,0x1B,0x1C,0x1C,0x1C,0x1C,0x1D,0x1E,0x1D,0x1D,0x2C,0x2A,0x27,0x27,0x27,0x27,0x27,0x27,
  0x27,0x27,0x27,0x27,0x27,0x27,0x27,0x27,0x27,0x27,0x27,0x27,0x27,0x27,0x27,0x27,0x27,0x27,0x27,0x27,0x27,0x27,0x27,0x27,0x27,0x27,0x27,0x27,0x27,0x27,0x27,0x27,
  0x27,0x27,0x27,0x27,0x27,0x27,0x27,0x27,0x27,0x27,0x27,0x27,0x27,0x27,0x27,0x27,0x12,0x12,0x12,0x14,0x17,0x1C,0x1C,0x1F,0x1F,0x1F,0x1C,0x1C,0x1C,0x1C,0x1C,0x1C,
  0x1C,0x1C,0x1C,0x1C,0x1C,0x1C,0x1C,0x1C,0x1C,0x1C,0x1C,0x1C,0x1C,0x1C,0x1C,0x1C,0x1C,0x1C,0x1C,0x1C,0x1C,0x1C,0x19,0x17,0x17,0x17,0x17,0x17,0x17,0x1C,0x1C,0x1C,
  0x18,0x19,0x1A,0x1A,0x1A,0x1A,0x1A,0x1A,0x1A,0x1B,0x1C,0x1C,0x1C,0x1C,0x1C,0x1C,0x27,0x27,0x27,0x27,0x27,0x27,0x27,0x27,0x27,0x27,0x27,0x27,0x27,0x27,0x27,0x27,
  0x27,0x27,0x27,0x27,0x27,0x27,0x27,0x27,0x27,0x27,0x27,0x27,0x27,0x27,0x27,0x26,0x25,0x25,0x25,0x26,0x26,0x26,0x26,0x26,0x26,0x60,0x27,0x27,0x27,0x27,0x27,0x56,
  0x56,0x55,0x54,0x55,0x55,0x55,0x55,0x55,0x55,0x55,0x56,0x56,0x56,0x55,0x54,0x54,0x55,0x56,0x56,0x57,0x57,0x59,0x57,0x5D,0x5D,0x39,0x5F,0x5F,0x5C,0x39,0x5F,0x36,
  0x36,0x38,0x39,0x36,0x3F,0x3F,0x8D,0x8F,0x3F,0x8D,0x8F,0x3F,0x8B,0x8E,0x3F,0x8F,0x8F,0x3F,0x58,0x36,0x36,0x37,0x38,0x39,0x8B,0x8E,0x8D,0x88,0x8A,0x8B,0x8D,0x8F,
  0x5F,0x5E,0x28,0x27,0x27,0x27,0x27,0x27,0x27,0x27,0x27,0x27,0x27,0x27,0x27,0x27,0x27,0x27,0x27,0x27,0x27,0x27,0x27,0x27,0x27,0x27,0x27,0x27,0x27,0x27,0x27,0x27,
  0x27,0x27,0x27,0x27,0x27,0x27,0x27,0x27,0x27,0x27,0x27,0x27,0x27,0x27,0x27,0x27,0x27,0x27,0x27,0x27,0x27,0x27,0x27,0x27,0x27,0x27,0x27,0x27,0x27,0x27,0x48,0x48,
  0x48,0x48,0x48,0x48,0x49,0x4A,0x4A,0x4A,0x4A,0x4A,0x4A,0x35,0x39,0x37,0x34,0x39,0x39,0x35,0x39,0x3A,0x3B,0x37,0x39,0x3B,0x3B,0x38,0x39,0x3C,0x3B,0x3D,0x3E,0x3E,
  0x3E,0x3D,0x27,0x27,0x27,0x27,0x27,0x27,0x27,0x27,0x27,0x27,0x27,0x27,0x27,0x27,0x27,0x27,0x27,0x27,0x27,0x27,0x27,0x27,0x27,0x27,0x27,0x27,0x27,0x27,0x27,0x27,
  0x27,0x27,0x27,0x27,0x27,0x27,0x27,0x27,0x27,0x27,0x27,0x27,0x27,0x27,0x27,0x27,0x27,0x27,0x27,0x27,0x27,0x27,0x27,0x27,0x27,0x2A,0x2D,0x2D,0x2D,0x2D,0x2D,0x1D,
  0x1C,0x1D,0x1D,0x1C,0x1C,0x2D,0x2C,0x2C,0x2B,0x28,0x27,0x27,0x27,0x27,0x27,0x27,0x27,0x27,0x27,0x27,0x27,0x27,0x27,0x27,0x27,0x27,0x27,0x27,0x27,0x27,0x27,0x27,
  0x27,0x27,0x27,0x27,0x27,0x27,0x27,0x27,0x27,0x27,0x27,0x27,0x27,0x27,0x27,0x27,0x27,0x27,0x27,0x27,0x27,0x27,0x27,0x27,0x27,0x27,0x27,0x27,0x27,0x27,0x27,0x27,
  0x12,0x12,0x12,0x12,0x17,0x19,0x1C,0x1F,0x19,0x19,0x19,0x19,0x19,0x19,0x19,0x19,0x19,0x19,0x19,0x19,0x19,0x19,0x19,0x19,0x19,0x19,0x19,0x19,0x19,0x19,0x19,0x19,
  0x19,0x19,0x19,0x19,0x19,0x19,0x19,0x19,0x17,0x17,0x17,0x17,0x17,0x1C,0x1C,0x1C,0x18,0x19,0x1A,0x1A,0x1A,0x1A,0x1A,0x1A,0x1A,0x1B,0x1C,0x1C,0x1C,0x1C,0x1C,0x1C,
  0x27,0x27,0x27,0x27,0x27,0x27,0x27,0x27,0x27,0x27,0x27,0x27,0x27,0x27,0x27,0x27,0x27,0x27,0x27,0x27,0x27,0x27,0x27,0x27,0x27,0x27,0x27,0x27,0x27,0x27,0x27,0x25,
  0x25,0x25,0x61,0x26,0x26,0x26,0x26,0x26,0x26,0x26,0x27,0x27,0x27,0x27,0x27,0x56,0x56,0x56,0x56,0x57,0x57,0x56,0x53,0x51,0x51,0x52,0x52,0x51,0x51,0x52,0x55,0x56,
  0x58,0x59,0x56,0x56,0x56,0x56,0x57,0x57,0x5B,0x5B,0x5E,0x5C,0x5C,0x36,0x36,0x37,0x38,0x39,0x39,0x39,0x39,0x3A,0x39,0x3F,0x3F,0x36,0x3F,0x3F,0x8D,0x8F,0x3F,0x39,
  0x3F,0x3F,0x36,0x38,0x5F,0x36,0x39,0x5F,0x8D,0x8F,0x3F,0x8B,0x8E,0x3F,0x8F,0x8F,0x3F,0x5E,0x27,0x27,0x27,0x27,0x27,0x27,0x27,0x27,0x27,0x27,0x27,0x27,0x27,0x27,
  0x27,0x27,0x27,0x27,0x27,0x27,0x27,0x27,0x27,0x27,0x27,0x27,0x27,0x27,0x27,0x27,0x27,0x27,0x27,0x27,0x27,0x27,0x27,0x27,0x27,0x27,0x27,0x27,0x27,0x27,0x27,0x27,
  0x27,0x27,0x27,0x27,0x27,0x27,0x27,0x27,0x27,0x27,0x27,0x27,0x27,0x27,0x48,0x48,0x48,0x48,0x48,0x48,0x49,0x4A,0x4A,0x4A,0x4A,0x4A,0x4A,0x38,0x4D,0x35,0x39,0x3A,
  0x35,0x39,0x3A,0x3B,0x37,0x3A,0x3C,0x37,0x3C,0x3D,0x37,0x3C,0x3D,0x39,0x3E,0x3E,0x4F,0x3E,0x27,0x27,0x27,0x27,0x27,0x27,0x27,0x27,0x27,0x27,0x27,0x27,0x27,0x27,
  0x27,0x27,0x27,0x27,0x27,0x27,0x27,0x27,0x27,0x27,0x27,0x27,0x27,0x27,0x27,0x27,0x27,0x27,0x27,0x27,0x27,0x27,0x27,0x27,0x27,0x27,0x27,0x27,0x27,0x27,0x27,0x27,
  0x27,0x27,0x27,0x27,0x27,0x27,0x27,0x27,0x27,0x27,0x27,0x28,0x2A,0x2D,0x2D,0x2D,0x2D,0x2D,0x2D,0x2D,0x2D,0x2C,0x2C,0x2B,0x2A,0x27,0x27,0x27,0x27,0x27,0x27,0x27,
  0x27,0x27,0x27,0x27,0x27,0x27,0x27,0x27,0x27,0x27,0x27,0x27,0x27,0x27,0x27,0x27,0x27,0x27,0x27,0x27,0x27,0x27,0x27,0x27,0x27,0x27,0x27,0x27,0x27,0x27,0x27,0x27,
  0x27,0x27,0x27,0x27,0x27,0x27,0x27,0x27,0x27,0x27,0x27,0x27,0x27,0x27,0x27,0x27,0x12,0x12,0x12,0x12,0x17,0x17,0x1C,0x1F,0x19,0x19,0x19,0x19,0x19,0x19,0x19,0x19,
  0x19,0x19,0x19,0x19,0x19,0x19,0x19,0x19,0x19,0x19,0x19,0x19,0x19,0x19,0x19,0x19,0x19,0x19,0x19,0x19,0x19,0x19,0x19,0x19,0x15,0x17,0x17,0x17,0x17,0x1C,0x1C,0x1C,
  0x18,0x19,0x1A,0x1A,0x1A,0x1A,0x1A,0x1A,0x1A,0x1B,0x1C,0x1C,0x1C,0x1C,0x1C,0x1C,0x27,0x27,0x27,0x27,0x27,0x27,0x27,0x27,0x27,0x27,0x27,0x27,0x27,0x27,0x27,0x27,
  0x27,0x27,0x27,0x27,0x27,0x27,0x27,0x27,0x27,0x27,0x27,0x27,0x27,0x27,0x26,0x25,0x25,0x25,0x26,0x26,0x26,0x26,0x26,0x26,0x26,0x26,0x60,0x27,0x27,0x27,0x27,0x56,
  0x56,0x56,0x56,0x56,0x56,0x56,0x57,0x57,0x57,0x57,0x57,0x57,0x57,0x58,0x59,0x5A,0x5A,0x5A,0x5A,0x5A,0x56,0x56,0x56,0x57,0x58,0x59,0x59,0x5B,0x36,0x38,0x5B,0x36,
  0x39,0x5C,0x36,0x39,0x5C,0x36,0x36,0x38,0x39,0x3A,0x5A,0x36,0x39,0x3F,0x3F,0x39,0x5F,0x39,0x3A,0x5D,0x5D,0x39,0x5F,0x5F,0x5C,0x3F,0x3F,0x8D,0x8F,0x3F,0x5B,0x3F,
  0x3F,0x5E,0x27,0x27,0x27,0x27,0x27,0x27,0x27,0x27,0x27,0x27,0x27,0x27,0x27,0x27,0x27,0x27,0x27,0x27,0x27,0x27,0x27,0x27,0x27,0x27,0x27,0x27,0x27,0x27,0x27,0x27,
  0x27,0x27,0x27,0x27,0x27,0x27,0x27,0x27,0x27,0x27,0x27,0x27,0x27,0x27,0x27,0x27,0x27,0x27,0x27,0x27,0x27,0x27,0x27,0x27,0x27,0x27,0x27,0x27,0x27,0x27,0x48,0x48,
  0x48,0x48,0x48,0x48,0x49,0x4A,0x4A,0x4A,0x4A,0x4A,0x4A,0x4A,0x4D,0x3A,0x4F,0x4F,0x37,0x3A,0x4F,0x3B,0x37,0x3D,0x3E,0x39,0x3C,0x3E,0x4F,0x38,0x3D,0x4F,0x4F,0x3E,
  0x4F,0x27,0x27,0x27,0x27,0x27,0x27,0x27,0x27,0x27,0x27,0x27,0x27,0x27,0x27,0x27,0x27,0x27,0x27,0x27,0x27,0x27,0x27,0x27,0x27,0x27,0x27,0x27,0x27,0x27,0x27,0x27,
  0x27,0x27,0x27,0x27,0x27,0x27,0x27,0x27,0x27,0x27,0x27,0x27,0x27,0x27,0x27,0x27,0x27,0x27,0x27,0x27,0x27,0x27,0x27,0x27,0x27,0x27,0x27,0x27,0x27,0x2A,0x2D,0x2D,
  0x2D,0x2D,0x2D,0x2D,0x2D,0x2C,0x2B,0x2A,0x29,0x27,0x27,0x27,0x27,0x27,0x27,0x27,0x27,0x27,0x27,0x27,0x27,0x27,0x27,0x27,0x27,0x27,0x27,0x27,0x27,0x27,0x27,0x27,
  0x27,0x27,0x27,0x27,0x27,0x27,0x27,0x27,0x27,0x27,0x27,0x27,0x27,0x27,0x27,0x27,0x27,0x27,0x27,0x27,0x27,0x27,0x27,0x27,0x27,0x27,0x27,0x27,0x27,0x27,0x27,0x27,
  0x23,0x12,0x12,0x12,0x14,0x17,0x1C,0x1C,0x19,0x19,0x19,0x19,0x19,0x19,0x19,0x19,0x19,0x19,0x19,0x19,0x19,0x19,0x19,0x19,0x19,0x19,0x19,0x19,0x19,0x19,0x19,0x19,
  0x19,0x19,0x19,0x19,0x19,0x19,0x19,0x19,0x12,0x17,0x17,0x17,0x17,0x1C,0x1C,0x1C,0x18,0x19,0x1A,0x1A,0x1A,0x1A,0x1A,0x1A,0x1A,0x1B,0x1C,0x1C,0x1C,0x1C,0x1C,0x1C,
  0x27,0x27,0x27,0x27,0x27,0x27,0x27,0x27,0x27,0x27,0x27,0x27,0x27,0x27,0x27,0x27,0x27,0x27,0x27,0x27,0x27,0x27,0x27,0x27,0x27,0x27,0x27,0x27,0x27,0x27,0x25,0x25,
  0x25,0x25,0x26,0x26,0x26,0x26,0x26,0x26,0x26,0x26,0x26,0x27,0x27,0x27,0x27,0x56,0x56,0x56,0x56,0x56,0x56,0x57,0x58,0x58,0x58,0x58,0x58,0x58,0x58,0x59,0x5A,0x5A,
  0x5A,0x5A,0x53,0x53,0x52,0x51,0x52,0x52,0x52,0x53,0x54,0x58,0x59,0x5B,0x5B,0x39,0x5E,0x5D,0x58,0x36,0x36,0x37,0x38,0x39,0x39,0x39,0x39,0x3A,0x5E,0x5F,0x5C,0x39,
  0x5F,0x5E,0x57,0x57,0x5B,0x5B,0x5E,0x5C,0x5C,0x59,0x5F,0x5D,0x3F,0x3F,0x5E,0x5A,0x5A,0x5A,0x27,0x27,0x27,0x27,0x27,0x27,0x27,0x27,0x27,0x27,0x27,0x27,0x27,0x27,
  0x27,0x27,0x27,0x27,0x27,0x27,0x27,0x27,0x27,0x27,0x27,0x27,0x27,0x27,0x27,0x27,0x27,0x27,0x27,0x27,0x27,0x27,0x27,0x27,0x27,0x27,0x27,0x27,0x27,0x27,0x27,0x27,
  0x27,0x27,0x27,0x27,0x27,0x27,0x27,0x27,0x27,0x27,0x27,0x27,0x27,0x27,0x48,0x48,0x48,0x48,0x48,0x48,0x49,0x4A,0x4A,0x4A,0x4A,0x4A,0x4A,0x4A,0x48,0x4A,0x4E,0x4B,
  0x3A,0x4F,0x4F,0x4D,0x3A,0x3E,0x4F,0x3A,0x3D,0x4F,0x4F,0x4F,0x3E,0x4F,0x4F,0x4F,0x4F,0x27,0x27,0x27,0x27,0x27,0x27,0x27,0x27,0x27,0x27,0x27,0x27,0x27,0x27,0x27,
  0x27,0x27,0x27,0x27,0x27,0x27,0x27,0x27,0x27,0x27,0x27,0x27,0x27,0x27,0x27,0x27,0x27,0x27,0x27,0x27,0x27,0x27,0x27,0x27,0x27,0x27,0x27,0x27,0x27,0x27,0x27,0x27,
  0x27,0x27,0x27,0x27,0x27,0x27,0x27,0x27,0x27,0x27,0x27,0x27,0x27,0x27,0x2A,0x2D,0x2D,0x2D,0x2D,0x2D,0x2C,0x2C,0x2B,0x2A,0x29,0x28,0x27,0x27,0x27,0x27,0x27,0x27,
  0x27,0x27,0x27,0x27,0x27,0x27,0x27,0x27,0x27,0x27,0x27,0x27,0x27,0x27,0x27,0x27,0x27,0x27,0x27,0x27,0x27,0x27,0x27,0x27,0x27,0x27,0x27,0x27,0x27,0x27,0x27,0x27,
  0x27,0x27,0x27,0x27,0x27,0x27,0x27,0x27,0x27,0x27,0x27,0x27,0x27,0x27,0x27,0x27,0x27,0x12,0x12,0x12,0x12,0x17,0x1C,0x1C,0x19,0x19,0x19,0x19,0x19,0x19,0x19,0x19,
  0x19,0x19,0x19,0x19,0x19,0x19,0x19,0x19,0x19,0x19,0x19,0x19,0x19,0x19,0x19,0x19,0x19,0x19,0x19,0x19,0x19,0x19,0x19,0x19,0x12,0x17,0x17,0x17,0x17,0x1C,0x1C,0x1C,
  0x18,0x19,0x1A,0x1A,0x1A,0x1A,0x1A,0x1A,0x1A,0x1B,0x1C,0x1C,0x1C,0x1C,0x1C,0x1C,0x27,0x27,0x27,0x27,0x27,0x27,0x27,0x27,0x27,0x27,0x27,0x27,0x27,0x27,0x27,0x27,
  0x27,0x27,0x27,0x27,0x27,0x27,0x27,0x27,0x27,0x27,0x27,0x27,0x27,0x26,0x25,0x25,0x25,0x25,0x26,0x26,0x26,0x26,0x26,0x26,0x26,0x26,0x26,0x27,0x27,0x27,0x27,0x56,
  0x56,0x56,0x56,0x56,0x56,0x57,0x58,0x58,0x58,0x58,0x58,0x58,0x58,0x59,0x5A,0x5A,0x54,0x54,0x55,0x55,0x56,0x56,0x56,0x56,0x55,0x55,0x56,0x55,0x55,0x56,0x59,0x59,
  0x5C,0x5A,0x36,0x38,0x5F,0x36,0x39,0x5F,0x36,0x39,0x5F,0x39,0x3A,0x5E,0x5E,0x5B,0x5F,0x5E,0x56,0x57,0x58,0x59,0x59,0x5B,0x59,0x59,0x58,0x5D,0x5B,0x5A,0x5B,0x5B,
  0x5A,0x5F,0x27,0x27,0x27,0x27,0x27,0x27,0x27,0x27,0x27,0x27,0x27,0x27,0x27,0x27,0x27,0x27,0x27,0x27,0x27,0x27,0x27,0x27,0x27,0x27,0x27,0x27,0x27,0x27,0x27,0x27,
  0x27,0x27,0x27,0x27,0x27,0x27,0x27,0x27,0x27,0x27,0x27,0x27,0x27,0x27,0x27,0x27,0x27,0x27,0x27,0x27,0x27,0x27,0x34,0x36,0x27,0x27,0x27,0x27,0x27,0x27,0x48,0x48,
  0x48,0x48,0x48,0x48,0x49,0x4A,0x4A,0x4A,0x4A,0x4A,0x4A,0x4A,0x48,0x48,0x49,0x4A,0x49,0x4E,0x4C,0x4D,0x3C,0x4F,0x4F,0x4D,0x3D,0x4F,0x4E,0x4F,0x4D,0x4F,0x4F,0x4D,
  0x4D,0x27,0x27,0x27,0x27,0x27,0x27,0x27,0x27,0x27,0x27,0x27,0x27,0x27,0x27,0x27,0x27,0x27,0x27,0x27,0x27,0x27,0x27,0x27,0x27,0x27,0x27,0x27,0x27,0x27,0x27,0x27,
  0x27,0x27,0x27,0x27,0x27,0x27,0x27,0x27,0x27,0x27,0x27,0x27,0x27,0x27,0x27,0x27,0x27,0x27,0x27,0x27,0x27,0x27,0x27,0x27,0x27,0x27,0x27,0x27,0x27,0x27,0x27,0x28,
  0x2A,0x2D,0x2D,0x2D,0x2C,0x2B,0x2A,0x2A,0x29,0x29,0x28,0x27,0x27,0x27,0x27,0x27,0x27,0x27,0x27,0x27,0x27,0x27,0x27,0x27,0x27,0x27,0x27,0x27,0x27,0x27,0x27,0x27,
  0x27,0x27,0x27,0x27,0x27,0x27,0x27,0x27,0x27,0x27,0x27,0x27,0x27,0x27,0x27,0x27,0x27,0x27,0x27,0x27,0x27,0x27,0x27,0x27,0x27,0x27,0x27,0x27,0x27,0x27,0x27,0x27,
  0x27,0x23,0x12,0x12,0x12,0x17,0x1C,0x1C,0x19,0x19,0x19,0x19,0x19,0x19,0x19,0x19,0x19,0x19,0x19,0x19,0x19,0x19,0x19,0x19,0x19,0x19,0x19,0x19,0x19,0x19,0x19,0x19,
  0x19,0x19,0x19,0x19,0x19,0x19,0x19,0x19,0x12,0x17,0x17,0x17,0x17,0x1C,0x1C,0x1C,0x18,0x19,0x1A,0x1A,0x1A,0x1A,0x1A,0x1A,0x1A,0x1B,0x1C,0x1C,0x1C,0x1C,0x1C,0x1C,
  0x27,0x27,0x27,0x27,0x27,0x27,0x27,0x27,0x27,0x27,0x27,0x27,0x27,0x27,0x27,0x27,0x27,0x27,0x27,0x27,0x27,0x27,0x27,0x27,0x27,0x27,0x27,0x27,0x26,0x25,0x25,0x25,
  0x25,0x61,0x26,0x26,0x26,0x26,0x26,0x26,0x26,0x26,0x26,0x60,0x27,0x27,0x27,0x58,0x56,0x56,0x56,0x56,0x56,0x57,0x58,0x58,0x58,0x58,0x58,0x58,0x58,0x59,0x54,0x55,
  0x55,0x55,0x56,0x56,0x56,0x55,0x55,0x55,0x54,0x52,0x52,0x52,0x53,0x56,0x56,0x57,0x57,0x59,0x57,0x5D,0x5D,0x39,0x5F,0x5F,0x5C,0x39,0x5F,0x5D,0x5F,0x5F,0x5B,0x5B,
  0x5A,0x5E,0x56,0x57,0x58,0x58,0x58,0x58,0x59,0x58,0x58,0x59,0x5B,0x5A,0x5B,0x5C,0x5D,0x2A,0x27,0x27,0x27,0x27,0x27,0x27,0x27,0x27,0x27,0x27,0x27,0x27,0x27,0x27,
  0x27,0x27,0x27,0x27,0x27,0x27,0x27,0x27,0x27,0x27,0x27,0x27,0x27,0x27,0x27,0x27,0x27,0x27,0x27,0x27,0x27,0x27,0x27,0x27,0x27,0x27,0x27,0x27,0x27,0x27,0x27,0x27,
  0x27,0x27,0x27,0x27,0x27,0x34,0x3A,0x3A,0x4D,0x4D,0x4A,0x4A,0x27,0x27,0x48,0x48,0x48,0x48,0x48,0x48,0x49,0x4A,0x4A,0x4A,0x4A,0x4A,0x4A,0x4A,0x48,0x48,0x48,0x48,
  0x49,0x48,0x4B,0x4B,0x4B,0x4F,0x4D,0x4D,0x4B,0x4F,0x4E,0x4D,0x4D,0x4C,0x4F,0x4D,0x4C,0x27,0x27,0x27,0x27,0x27,0x27,0x27,0x27,0x27,0x27,0x27,0x27,0x27,0x27,0x27,
  0x27,0x27,0x27,0x27,0x27,0x27,0x27,0x27,0x27,0x27,0x27,0x27,0x27,0x27,0x27,0x27,0x27,0x27,0x27,0x27,0x27,0x27,0x27,0x27,0x27,0x27,0x27,0x27,0x27,0x27,0x27,0x27,
  0x27,0x27,0x27,0x27,0x27,0x27,0x27,0x27,0x27,0x27,0x27,0x27,0x27,0x27,0x27,0x27,0x28,0x2D,0x2D,0x2D,0x2C,0x2B,0x2A,0x29,0x29,0x29,0x29,0x28,0x27,0x27,0x27,0x27,
  0x27,0x27,0x27,0x27,0x27,0x27,0x27,0x27,0x27,0x27,0x27,0x27,0x27,0x27,0x27,0x27,0x27,0x27,0x27,0x27,0x27,0x27,0x27,0x27,0x27,0x27,0x27,0x27,0x27,0x27,0x27,0x27,
  0x27,0x27,0x27,0x27,0x27,0x27,0x27,0x27,0x27,0x27,0x27,0x27,0x27,0x27,0x27,0x27,0x27,0x10,0x10,0x10,0x14,0x17,0x1C,0x1C,0x19,0x19,0x19,0x19,0x19,0x19,0x19,0x19,
  0x19,0x19,0x19,0x19,0x19,0x19,0x19,0x19,0x19,0x19,0x19,0x19,0x19,0x19,0x19,0x19,0x19,0x19,0x19,0x19,0x19,0x19,0x19,0x19,0x12,0x17,0x17,0x17,0x17,0x1C,0x1C,0x1C,
  0x18,0x19,0x1A,0x1A,0x1A,0x1A,0x1A,0x1A,0x1A,0x1B,0x1C,0x1C,0x1C,0x1C,0x1C,0x1C,0x27,0x27,0x27,0x27,0x27,0x27,0x27,0x27,0x27,0x27,0x27,0x27,0x27,0x27,0x27,0x27,
  0x27,0x27,0x27,0x27,0x27,0x27,0x27,0x27,0x27,0x27,0x27,0x27,0x25,0x25,0x25,0x25,0x25,0x26,0x26,0x26,0x26,0x26,0x26,0x26,0x26,0x26,0x26,0x26,0x27,0x27,0x27,0x58,
  0x57,0x56,0x56,0x56,0x56,0x57,0x58,0x58,0x58,0x58,0x58,0x58,0x53,0x54,0x54,0x54,0x54,0x54,0x53,0x53,0x53,0x52,0x51,0x51,0x51,0x52,0x54,0x55,0x55,0x54,0x56,0x56,
  0x56,0x56,0x57,0x57,0x5B,0x5B,0x5E,0x5C,0x5C,0x59,0x5F,0x5D,0x5B,0x5E,0x5E,0x5A,0x5A,0x5A,0x57,0x58,0x58,0x58,0x58,0x58,0x58,0x59,0x59,0x59,0x5A,0x5A,0x5C,0x5D,
  0x5E,0x28,0x27,0x27,0x27,0x27,0x27,0x27,0x27,0x27,0x27,0x27,0x27,0x27,0x27,0x27,0x27,0x27,0x27,0x27,0x27,0x27,0x27,0x27,0x27,0x27,0x27,0x27,0x27,0x27,0x27,0x27,
  0x27,0x27,0x27,0x27,0x27,0x27,0x27,0x27,0x27,0x27,0x27,0x27,0x27,0x27,0x27,0x27,0x27,0x27,0x27,0x27,0x34,0x38,0x34,0x39,0x3A,0x27,0x4D,0x4D,0x4A,0x4A,0x48,0x48,
  0x48,0x48,0x48,0x48,0x49,0x4A,0x4A,0x4A,0x4A,0x4A,0x4A,0x4A,0x48,0x48,0x48,0x48,0x48,0x48,0x49,0x4B,0x4A,0x4A,0x4C,0x4B,0x4B,0x4A,0x4E,0x4D,0x4C,0x4C,0x4C,0x4D,
  0x4C,0x27,0x27,0x27,0x27,0x27,0x27,0x27,0x27,0x27,0x27,0x27,0x27,0x27,0x27,0x27,0x27,0x27,0x27,0x27,0x27,0x27,0x27,0x27,0x27,0x27,0x27,0x27,0x27,0x27,0x27,0x27,
  0x27,0x27,0x27,0x27,0x27,0x27,0x27,0x27,0x27,0x27,0x27,0x27,0x27,0x27,0x27,0x27,0x27,0x27,0x27,0x27,0x27,0x27,0x27,0x27,0x27,0x27,0x27,0x27,0x27,0x27,0x27,0x27,
  0x27,0x2A,0x2D,0x2D,0x2C,0x2B,0x2A,0x29,0x29,0x29,0x29,0x29,0x27,0x27,0x27,0x27,0x27,0x27,0x27,0x27,0x27,0x27,0x27,0x27,0x27,0x27,0x27,0x27,0x27,0x27,0x27,0x27,
  0x27,0x27,0x27,0x27,0x27,0x27,0x27,0x27,0x27,0x27,0x27,0x27,0x27,0x27,0x27,0x27,0x27,0x27,0x27,0x27,0x27,0x27,0x27,0x27,0x27,0x27,0x27,0x27,0x27,0x27,0x27,0x27,
  0x27,0x12,0x10,0x10,0x17,0x17,0x1C,0x1C,0x19,0x19,0x19,0x19,0x19,0x19,0x19,0x19,0x19,0x19,0x19,0x19,0x19,0x19,0x19,0x19,0x19,0x19,0x19,0x19,0x19,0x19,0x19,0x19,
  0x19,0x19,0x19,0x19,0x19,0x19,0x19,0x19,0x12,0x17,0x17,0x17,0x17,0x1C,0x1C,0x1C,0x18,0x19,0x1A,0x1A,0x1A,0x1A,0x1A,0x1A,0x1A,0x1B,0x1C,0x1C,0x1C,0x1C,0x1C,0x1C,
  0x27,0x27,0x27,0x27,0x27,0x27,0x27,0x27,0x27,0x27,0x27,0x27,0x27,0x27,0x27,0x27,0x27,0x27,0x27,0x27,0x27,0x27,0x27,0x27,0x27,0x27,0x27,0x26,0x25,0x25,0x25,0x25,
  0x25,0x26,0x26,0x26,0x26,0x26,0x26,0x26,0x26,0x26,0x26,0x26,0x60,0x27,0x27,0x28,0x58,0x57,0x56,0x56,0x57,0x57,0x58,0x58,0x58,0x58,0x58,0x58,0x56,0x56,0x55,0x54,
  0x55,0x55,0x55,0x55,0x55,0x55,0x55,0x56,0x56,0x56,0x55,0x54,0x54,0x55,0x56,0x58,0x56,0x56,0x56,0x57,0x58,0x59,0x59,0x5B,0x59,0x59,0x58,0x5D,0x5B,0x5A,0x5B,0x5B,
  0x5A,0x5F,0x58,0x58,0x58,0x58,0x58,0x59,0x59,0x59,0x59,0x5A,0x5B,0x5C,0x5E,0x5E,0x2A,0x27,0x27,0x27,0x27,0x27,0x27,0x27,0x27,0x27,0x27,0x27,0x27,0x27,0x27,0x27,
  0x27,0x27,0x27,0x27,0x27,0x27,0x27,0x27,0x27,0x27,0x27,0x27,0x27,0x27,0x27,0x27,0x27,0x27,0x27,0x27,0x27,0x27,0x27,0x27,0x27,0x27,0x27,0x27,0x27,0x27,0x27,0x27,
  0x27,0x27,0x27,0x27,0x36,0x36,0x3A,0x3A,0x3A,0x27,0x27,0x27,0x4D,0x4A,0x4A,0x48,0x48,0x48,0x48,0x48,0x49,0x4A,0x4A,0x4A,0x4A,0x4A,0x4A,0x4A,0x48,0x48,0x48,0x48,
  0x48,0x48,0x49,0x4A,0x4A,0x4A,0x4A,0x4B,0x4A,0x4A,0x4B,0x4D,0x4C,0x4C,0x4C,0x4C,0x4C,0x27,0x27,0x27,0x27,0x27,0x27,0x27,0x27,0x27,0x27,0x27,0x27,0x27,0x27,0x27,
  0x27,0x27,0x27,0x27,0x27,0x27,0x27,0x27,0x27,0x27,0x27,0x27,0x27,0x27,0x27,0x27,0x27,0x27,0x27,0x27,0x27,0x27,0x27,0x27,0x27,0x27,0x27,0x27,0x27,0x27,0x27,0x27,
  0x27,0x27,0x27,0x27,0x27,0x27,0x27,0x27,0x27,0x27,0x27,0x27,0x27,0x27,0x27,0x27,0x27,0x27,0x2A,0x2D,0x2C,0x2B,0x2A,0x29,0x29,0x29,0x29,0x29,0x28,0x27,0x27,0x27,
  0x27,0x27,0x27,0x27,0x27,0x27,0x27,0x27,0x27,0x27,0x27,0x27,0x27,0x27,0x27,0x27,0x27,0x27,0x27,0x27,0x27,0x27,0x27,0x27,0x27,0x27,0x27,0x27,0x27,0x27,0x27,0x27,
  0x27,0x27,0x27,0x27,0x27,0x27,0x27,0x27,0x27,0x27,0x27,0x27,0x27,0x27,0x27,0x27,0x27,0x12,0x12,0x12,0x17,0x17,0x1C,0x1C,0x19,0x19,0x19,0x19,0x19,0x19,0x19,0x19,
  0x19,0x19,0x19,0x19,0x19,0x19,0x19,0x19,0x19,0x19,0x19,0x19,0x19,0x19,0x19,0x19,0x19,0x19,0x19,0x19,0x19,0x19,0x19,0x19,0x12,0x17,0x17,0x17,0x17,0x1C,0x1C,0x1C,
  0x18,0x19,0x1A,0x1A,0x1A,0x1A,0x1A,0x1A,0x1A,0x1B,0x1C,0x1C,0x1C,0x1C,0x1C,0x1C,0x27,0x27,0x27,0x27,0x27,0x27,0x27,0x27,0x27,0x27,0x27,0x27,0x27,0x27,0x27,0x27,
  0x27,0x27,0x27,0x27,0x27,0x27,0x27,0x27,0x27,0x27,0x27,0x25,0x25,0x25,0x25,0x25,0x25,0x26,0x26,0x26,0x26,0x26,0x26,0x26,0x26,0x26,0x26,0x26,0x26,0x27,0x27,0x27,
  0x58,0x58,0x57,0x57,0x57,0x58,0x58,0x58,0x58,0x58,0x58,0x59,0x58,0x56,0x56,0x56,0x57,0x57,0x56,0x53,0x51,0x51,0x52,0x52,0x51,0x51,0x52,0x55,0x56,0x58,0x59,0x5A,
  0x5A,0x56,0x57,0x57,0x58,0x58,0x58,0x58,0x59,0x58,0x59,0x59,0x5B,0x5A,0x5B,0x5C,0x5D,0x58,0x58,0x58,0x58,0x58,0x59,0x5A,0x5A,0x5A,0x5C,0x5D,0x5C,0x5E,0x5E,0x2A,
  0x27,0x27,0x27,0x27,0x27,0x27,0x27,0x27,0x27,0x27,0x27,0x27,0x27,0x27,0x27,0x27,0x27,0x27,0x27,0x27,0x27,0x27,0x27,0x27,0x27,0x27,0x27,0x27,0x27,0x27,0x27,0x27,
  0x27,0x27,0x27,0x27,0x27,0x27,0x27,0x27,0x27,0x27,0x27,0x27,0x27,0x27,0x27,0x27,0x27,0x27,0x27,0x27,0x36,0x39,0x27,0x27,0x27,0x27,0x27,0x27,0x27,0x4D,0x48,0x48,
  0x48,0x48,0x48,0x48,0x49,0x4A,0x4A,0x4A,0x4A,0x4A,0x4A,0x4A,0x48,0x48,0x48,0x48,0x48,0x48,0x49,0x4A,0x4A,0x4A,0x4A,0x4A,0x4A,0x4A,0x4B,0x4C,0x4C,0x4C,0x4C,0x4C,
  0x4C,0x27,0x27,0x27,0x27,0x27,0x27,0x27,0x27,0x27,0x27,0x27,0x27,0x27,0x27,0x27,0x27,0x27,0x27,0x27,0x27,0x27,0x27,0x27,0x27,0x27,0x27,0x27,0x27,0x27,0x27,0x27,
  0x27,0x27,0x27,0x27,0x27,0x27,0x27,0x27,0x27,0x27,0x27,0x27,0x27,0x27,0x27,0x27,0x27,0x27,0x27,0x27,0x27,0x27,0x27,0x27,0x27,0x27,0x27,0x27,0x27,0x27,0x27,0x27,
  0x27,0x27,0x28,0x2C,0x2C,0x2B,0x2A,0x2A,0x29,0x29,0x29,0x29,0x29,0x27,0x27,0x27,0x27,0x27,0x27,0x27,0x27,0x27,0x27,0x27,0x27,0x27,0x27,0x27,0x27,0x27,0x27,0x27,
  0x27,0x27,0x27,0x27,0x27,0x27,0x27,0x27,0x27,0x27,0x27,0x27,0x27,0x27,0x27,0x27,0x27,0x27,0x27,0x27,0x27,0x27,0x27,0x27,0x27,0x27,0x27,0x27,0x27,0x27,0x27,0x27,
  0x23,0x12,0x12,0x12,0x17,0x17,0x1C,0x1C,0x19,0x19,0x19,0x19,0x19,0x19,0x19,0x19,0x19,0x19,0x19,0x19,0x19,0x19,0x19,0x19,0x19,0x19,0x19,0x19,0x19,0x19,0x19,0x19,
  0x19,0x19,0x19,0x19,0x19,0x19,0x19,0x19,0x12,0x15,0x17,0x17,0x17,0x1C,0x1C,0x1C,0x18,0x19,0x1A,0x1A,0x1A,0x1A,0x1A,0x1A,0x1A,0x1B,0x1C,0x1C,0x1C,0x1C,0x1C,0x1C,
  0x27,0x27,0x27,0x27,0x27,0x27,0x27,0x27,0x27,0x27,0x27,0x27,0x27,0x27,0x27,0x27,0x27,0x27,0x27,0x27,0x27,0x27,0x27,0x27,0x27,0x27,0x26,0x25,0x25,0x25,0x25,0x25,
  0x61,0x26,0x26,0x26,0x26,0x26,0x26,0x26,0x26,0x26,0x26,0x26,0x26,0x60,0x27,0x27,0x28,0x58,0x58,0x58,0x58,0x58,0x58,0x58,0x58,0x59,0x59,0x59,0x58,0x57,0x56,0x56,
  0x56,0x56,0x56,0x57,0x57,0x57,0x57,0x57,0x57,0x57,0x58,0x59,0x5A,0x5A,0x5A,0x5E,0x5F,0x57,0x57,0x58,0x58,0x58,0x58,0x58,0x58,0x59,0x59,0x59,0x5A,0x5A,0x5C,0x5D,
  0x5E,0x1F,0x1F,0x5A,0x5B,0x5A,0x2C,0x5C,0x5C,0x5C,0x5C,0x5E,0x2A,0x28,0x27,0x27,0x27,0x27,0x27,0x27,0x27,0x27,0x27,0x27,0x27,0x27,0x27,0x27,0x27,0x27,0x27,0x27,
  0x27,0x27,0x27,0x27,0x27,0x27,0x27,0x27,0x27,0x27,0x27,0x27,0x27,0x27,0x27,0x27,0x27,0x27,0x27,0x27,0x27,0x27,0x27,0x27,0x27,0x27,0x27,0x27,0x27,0x27,0x27,0x27,
  0x27,0x27,0x27,0x27,0x27,0x3A,0x27,0x27,0x27,0x27,0x27,0x27,0x27,0x27,0x48,0x48,0x48,0x48,0x48,0x48,0x49,0x4A,0x4A,0x4A,0x4A,0x4A,0x4A,0x4A,0x48,0x48,0x48,0x48,
  0x48,0x48,0x49,0x4A,0x4A,0x4A,0x4A,0x4A,0x4A,0x4A,0x4B,0x4C,0x4C,0x4C,0x4C,0x4C,0x4C,0x27,0x27,0x27,0x27,0x27,0x27,0x27,0x27,0x27,0x27,0x27,0x27,0x27,0x27,0x27,
  0x27,0x27,0x27,0x27,0x27,0x27,0x27,0x27,0x27,0x27,0x27,0x27,0x27,0x27,0x27,0x27,0x27,0x27,0x27,0x27,0x27,0x27,0x27,0x27,0x27,0x27,0x27,0x27,0x27,0x27,0x27,0x27,
  0x27,0x27,0x27,0x27,0x27,0x27,0x27,0x27,0x27,0x27,0x27,0x27,0x27,0x27,0x27,0x27,0x27,0x27,0x27,0x2C,0x2B,0x2B,0x2B,0x2A,0x29,0x29,0x29,0x29,0x29,0x27,0x27,0x27,
  0x27,0x27,0x27,0x27,0x27,0x27,0x27,0x27,0x27,0x27,0x27,0x27,0x27,0x27,0x27,0x27,0x27,0x27,0x27,0x27,0x27,0x27,0x27,0x27,0x27,0x27,0x27,0x27,0x27,0x27,0x27,0x27,
  0x27,0x27,0x27,0x27,0x27,0x27,0x27,0x27,0x27,0x27,0x27,0x27,0x27,0x27,0x27,0x27,0x10,0x12,0x12,0x12,0x17,0x19,0x1C,0x1C,0x19,0x19,0x19,0x19,0x19,0x19,0x19,0x19,
  0x19,0x19,0x19,0x19,0x19,0x19,0x19,0x19,0x19,0x19,0x19,0x19,0x19,0x19,0x19,0x19,0x19,0x19,0x19,0x19,0x19,0x19,0x19,0x19,0x12,0x12,0x17,0x17,0x17,0x1C,0x1C,0x1C,
  0x18,0x19,0x1A,0x1A,0x1A,0x1A,0x1A,0x1A,0x1A,0x1B,0x1C,0x1C,0x1C,0x1C,0x1C,0x1C,0x27,0x27,0x27,0x27,0x27,0x27,0x27,0x27,0x27,0x27,0x27,0x27,0x27,0x27,0x27,0x27,
  0x27,0x27,0x27,0x27,0x27,0x27,0x27,0x27,0x27,0x27,0x25,0x25,0x25,0x25,0x25,0x25,0x26,0x26,0x26,0x26,0x26,0x26,0x26,0x26,0x26,0x26,0x26,0x26,0x26,0x26,0x27,0x27,
  0x27,0x27,0x28,0x58,0x58,0x58,0x58,0x58,0x59,0x5A,0x5A,0x5A,0x5C,0x58,0x57,0x56,0x56,0x56,0x57,0x58,0x58,0x58,0x58,0x58,0x58,0x58,0x59,0x5A,0x5A,0x5B,0x5C,0x5D,
  0x58,0x58,0x58,0x58,0x58,0x58,0x58,0x59,0x59,0x59,0x59,0x5A,0x5B,0x5C,0x5E,0x5E,0x1F,0x1F,0x1F,0x1F,0x1F,0x1F,0x2C,0x2C,0x2C,0x2C,0x2C,0x2A,0x27,0x27,0x27,0x27,
  0x27,0x27,0x27,0x27,0x27,0x27,0x27,0x27,0x27,0x27,0x27,0x27,0x27,0x27,0x27,0x27,0x27,0x27,0x27,0x27,0x27,0x27,0x27,0x27,0x27,0x27,0x27,0x27,0x27,0x27,0x27,0x27,
  0x27,0x27,0x27,0x27,0x27,0x27,0x27,0x27,0x27,0x27,0x27,0x27,0x27,0x27,0x27,0x27,0x27,0x27,0x27,0x27,0x27,0x27,0x27,0x27,0x27,0x27,0x27,0x27,0x27,0x27,0x48,0x48,
  0x48,0x48,0x48,0x48,0x49,0x4A,0x4A,0x4A,0x4A,0x4A,0x4A,0x4A,0x48,0x48,0x48,0x48,0x48,0x48,0x49,0x4A,0x4A,0x4A,0x4A,0x4A,0x4A,0x4A,0x4B,0x4C,0x4C,0x4C,0x4C,0x4C,
  0x4C,0x27,0x27,0x27,0x27,0x27,0x27,0x27,0x27,0x27,0x27,0x27,0x27,0x27,0x27,0x27,0x27,0x27,0x27,0x27,0x27,0x27,0x27,0x27,0x27,0x27,0x27,0x27,0x27,0x27,0x27,0x27,
  0x27,0x27,0x27,0x27,0x27,0x27,0x27,0x27,0x27,0x27,0x27,0x27,0x27,0x27,0x27,0x27,0x27,0x27,0x27,0x27,0x27,0x27,0x27,0x27,0x27,0x27,0x27,0x27,0x27,0x27,0x27,0x27,
  0x27,0x27,0x27,0x2C,0x2B,0x2B,0x2B,0x2A,0x29,0x29,0x29,0x29,0x29,0x27,0x27,0x27,0x27,0x27,0x27,0x27,0x27,0x27,0x27,0x27,0x27,0x27,0x27,0x27,0x27,0x27,0x27,0x27,
  0x27,0x27,0x27,0x27,0x27,0x27,0x27,0x27,0x27,0x27,0x27,0x27,0x27,0x27,0x27,0x27,0x27,0x27,0x27,0x27,0x27,0x27,0x14,0x14,0x14,0x14,0x14,0x14,0x15,0x15,0x15,0x27,
  0x10,0x10,0x10,0x14,0x17,0x1C,0x1C,0x1C,0x19,0x19,0x19,0x19,0x19,0x19,0x19,0x19,0x19,0x19,0x19,0x19,0x19,0x19,0x19,0x19,0x19,0x19,0x19,0x19,0x19,0x19,0x19,0x19,
  0x19,0x19,0x19,0x19,0x19,0x19,0x19,0x19,0x12,0x12,0x17,0x17,0x17,0x1C,0x1C,0x1C,0x18,0x19,0x1A,0x1A,0x1A,0x1A,0x1A,0x1A,0x1A,0x1B,0x1C,0x1C,0x1C,0x1C,0x1C,0x1C,
  0x27,0x27,0x27,0x27,0x27,0x27,0x27,0x27,0x27,0x27,0x27,0x27,0x27,0x27,0x27,0x27,0x27,0x27,0x27,0x27,0x27,0x27,0x27,0x27,0x27,0x26,0x25,0x25,0x25,0x25,0x25,0x25,
  0x26,0x26,0x26,0x26,0x26,0x26,0x26,0x26,0x26,0x26,0x26,0x26,0x26,0x26,0x60,0x27,0x27,0x27,0x27,0x27,0x28,0x5A,0x5B,0x5A,0x5B,0x5C,0x5C,0x5C,0x5C,0x58,0x58,0x57,
  0x57,0x57,0x58,0x58,0x58,0x58,0x58,0x58,0x59,0x59,0x59,0x5A,0x5A,0x5C,0x5D,0x5E,0x1F,0x58,0x58,0x58,0x58,0x58,0x59,0x5A,0x5A,0x5A,0x5C,0x5D,0x5C,0x5E,0x5E,0x1F,
  0x1F,0x1F,0x1F,0x2C,0x2C,0x2C,0x2C,0x2C,0x2C,0x2A,0x27,0x27,0x27,0x27,0x27,0x27,0x27,0x27,0x27,0x27,0x27,0x27,0x27,0x27,0x27,0x27,0x27,0x27,0x27,0x27,0x27,0x27,
  0x27,0x27,0x27,0x27,0x27,0x27,0x27,0x27,0x27,0x27,0x27,0x27,0x27,0x27,0x27,0x27,0x27,0x27,0x27,0x27,0x27,0x27,0x27,0x27,0x27,0x27,0x27,0x27,0x27,0x27,0x27,0x27,
  0x27,0x27,0x27,0x27,0x27,0x27,0x27,0x27,0x27,0x27,0x27,0x27,0x27,0x27,0x48,0x48,0x48,0x48,0x48,0x48,0x49,0x4A,0x4A,0x4A,0x4A,0x4A,0x4A,0x4A,0x48,0x48,0x48,0x48,
  0x48,0x48,0x49,0x4A,0x4A,0x4A,0x4A,0x4A,0x4A,0x4A,0x4B,0x4C,0x4C,0x4C,0x4C,0x4C,0x4C,0x27,0x27,0x27,0x36,0x35,0x36,0x36,0x36,0x37,0x37,0x27,0x27,0x27,0x27,0x27,
  0x27,0x27,0x27,0x27,0x27,0x27,0x27,0x27,0x27,0x27,0x27,0x27,0x27,0x27,0x27,0x27,0x27,0x27,0x27,0x27,0x27,0x27,0x27,0x27,0x27,0x27,0x27,0x27,0x27,0x27,0x27,0x27,
  0x27,0x27,0x27,0x27,0x27,0x27,0x27,0x27,0x27,0x27,0x27,0x27,0x27,0x27,0x27,0x27,0x27,0x27,0x27,0x2B,0x2B,0x2B,0x2A,0x2A,0x29,0x29,0x29,0x29,0x29,0x27,0x27,0x27,
  0x27,0x27,0x27,0x27,0x27,0x27,0x27,0x27,0x27,0x27,0x27,0x27,0x27,0x27,0x27,0x27,0x27,0x27,0x27,0x27,0x27,0x27,0x27,0x27,0x27,0x27,0x27,0x27,0x27,0x27,0x27,0x27,
  0x27,0x27,0x27,0x27,0x15,0x14,0x18,0x18,0x18,0x18,0x17,0x17,0x17,0x16,0x16,0x15,0x12,0x12,0x10,0x17,0x17,0x1C,0x1C,0x1C,0x19,0x19,0x19,0x19,0x19,0x19,0x19,0x19,
  0x19,0x19,0x19,0x19,0x19,0x19,0x19,0x19,0x19,0x19,0x19,0x19,0x19,0x19,0x19,0x19,0x19,0x19,0x19,0x19,0x19,0x19,0x19,0x19,0x10,0x10,0x17,0x17,0x17,0x1C,0x1C,0x1C,
  0x18,0x19,0x1A,0x1A,0x1A,0x1A,0x1A,0x1A,0x1A,0x1B,0x1C,0x1C,0x1C,0x1C,0x1C,0x1C,0x27,0x27,0x27,0x27,0x27,0x27,0x27,0x27,0x27,0x27,0x27,0x27,0x27,0x27,0x27,0x27,
  0x27,0x27,0x27,0x27,0x27,0x27,0x27,0x27,0x26,0x25,0x25,0x25,0x25,0x25,0x25,0x25,0x26,0x26,0x26,0x26,0x26,0x26,0x26,0x26,0x26,0x26,0x26,0x26,0x26,0x26,0x26,0x27,
  0x27,0x27,0x27,0x27,0x27,0x27,0x27,0x28,0x2A,0x1F,0x1F,0x1F,0x1F,0x1F,0x58,0x58,0x58,0x58,0x58,0x58,0x58,0x58,0x59,0x59,0x59,0x59,0x5A,0x5B,0x5C,0x5E,0x5E,0x1F,
  0x1F,0x1F,0x1F,0x5A,0x5B,0x5A,0x5B,0x5C,0x5C,0x5C,0x5C,0x5E,0x2C,0x2C,0x2C,0x2C,0x2C,0x2C,0x2C,0x2C,0x2C,0x2C,0x2C,0x2C,0x2A,0x27,0x27,0x27,0x27,0x27,0x27,0x27,
  0x27,0x27,0x27,0x27,0x27,0x27,0x27,0x27,0x27,0x27,0x27,0x27,0x27,0x27,0x27,0x27,0x27,0x27,0x27,0x27,0x27,0x27,0x27,0x27,0x27,0x27,0x27,0x27,0x27,0x27,0x27,0x27,
  0x27,0x27,0x27,0x27,0x27,0x27,0x27,0x27,0x27,0x27,0x27,0x27,0x27,0x27,0x27,0x27,0x27,0x27,0x27,0x27,0x27,0x36,0x35,0x36,0x36,0x36,0x37,0x37,0x27,0x27,0x48,0x48,
  0x48,0x48,0x48,0x48,0x49,0x4A,0x4A,0x4A,0x4A,0x4A,0x4A,0x4A,0x48,0x48,0x48,0x48,0x48,0x48,0x49,0x4A,0x4A,0x4A,0x4A,0x4A,0x4A,0x4A,0x4B,0x4C,0x4C,0x4C,0x4C,0x4C,
  0x4C,0x84,0x85,0x85,0x35,0x36,0x37,0x37,0x37,0x37,0x37,0x37,0x37,0x38,0x39,0x27,0x27,0x27,0x27,0x27,0x27,0x27,0x27,0x27,0x27,0x27,0x27,0x27,0x27,0x27,0x27,0x27,
  0x27,0x27,0x27,0x27,0x27,0x27,0x27,0x27,0x27,0x27,0x27,0x27,0x27,0x27,0x27,0x27,0x27,0x27,0x27,0x27,0x27,0x27,0x27,0x27,0x27,0x27,0x27,0x27,0x27,0x27,0x27,0x27,
  0x27,0x27,0x27,0x2B,0x2B,0x2A,0x2A,0x29,0x29,0x29,0x29,0x29,0x29,0x27,0x27,0x27,0x27,0x27,0x27,0x27,0x27,0x27,0x27,0x27,0x27,0x27,0x27,0x27,0x27,0x27,0x27,0x27,
  0x27,0x27,0x27,0x27,0x27,0x27,0x14,0x14,0x14,0x14,0x14,0x14,0x15,0x15,0x15,0x27,0x27,0x27,0x16,0x15,0x18,0x18,0x17,0x17,0x17,0x16,0x16,0x16,0x16,0x16,0x16,0x16,
  0x12,0x12,0x12,0x17,0x17,0x1C,0x1C,0x1C,0x19,0x19,0x19,0x19,0x19,0x19,0x19,0x19,0x19,0x19,0x19,0x19,0x19,0x19,0x19,0x19,0x19,0x19,0x19,0x19,0x19,0x19,0x19,0x19,
  0x19,0x19,0x19,0x19,0x19,0x19,0x19,0x19,0x12,0x10,0x15,0x17,0x17,0x1C,0x1C,0x1C,0x18,0x19,0x1A,0x1A,0x1A,0x1A,0x1A,0x1A,0x1A,0x1B,0x1C,0x1C,0x1C,0x1C,0x1C,0x1C,
  0x27,0x27,0x27,0x27,0x27,0x27,0x27,0x27,0x27,0x27,0x27,0x27,0x27,0x27,0x27,0x27,0x27,0x27,0x27,0x27,0x27,0x27,0x27,0x27,0x25,0x25,0x25,0x25,0x25,0x25,0x25,0x61,
  0x26,0x26,0x26,0x26,0x26,0x26,0x26,0x26,0x26,0x26,0x26,0x26,0x26,0x26,0x26,0x60,0x27,0x27,0x27,0x27,0x27,0x27,0x27,0x27,0x27,0x28,0x2A,0x1F,0x1F,0x1F,0x1F,0x1F,
  0x58,0x58,0x58,0x58,0x58,0x59,0x5A,0x5A,0x5A,0x5C,0x5D,0x5C,0x5E,0x5E,0x1F,0x1F,0x1F,0x1F,0x1F,0x1F,0x1F,0x1F,0x1F,0x2C,0x2C,0x2C,0x2C,0x2C,0x2C,0x2C,0x2C,0x2C,
  0x2C,0x2C,0x2C,0x2C,0x2C,0x2C,0x2C,0x2A,0x27,0x27,0x27,0x27,0x27,0x27,0x27,0x27,0x27,0x27,0x27,0x27,0x27,0x27,0x27,0x27,0x27,0x27,0x27,0x27,0x27,0x27,0x27,0x27,
  0x27,0x27,0x27,0x27,0x27,0x27,0x27,0x27,0x27,0x27,0x27,0x27,0x27,0x27,0x27,0x27,0x27,0x27,0x27,0x27,0x27,0x27,0x27,0x27,0x27,0x27,0x27,0x27,0x27,0x27,0x27,0x27,
  0x27,0x35,0x34,0x34,0x35,0x35,0x36,0x37,0x37,0x37,0x37,0x37,0x37,0x37,0x38,0x39,0x48,0x48,0x48,0x48,0x49,0x4A,0x4A,0x4A,0x4A,0x4A,0x4A,0x4A,0x48,0x48,0x48,0x48,
  0x48,0x48,0x49,0x4A,0x4A,0x4A,0x4A,0x4A,0x4A,0x4A,0x4B,0x4C,0x4C,0x4C,0x4C,0x83,0x86,0x85,0x80,0x82,0x83,0x85,0x87,0x38,0x38,0x38,0x38,0x38,0x39,0x3A,0x3A,0x3A,
  0x3B,0x27,0x27,0x27,0x27,0x27,0x27,0x27,0x27,0x27,0x27,0x27,0x27,0x27,0x27,0x27,0x27,0x27,0x27,0x27,0x27,0x27,0x27,0x27,0x27,0x27,0x27,0x27,0x27,0x27,0x27,0x27,
  0x27,0x27,0x27,0x27,0x27,0x27,0x27,0x27,0x27,0x27,0x27,0x27,0x27,0x27,0x27,0x27,0x27,0x27,0x27,0x2B,0x2B,0x2A,0x29,0x29,0x29,0x29,0x29,0x29,0x28,0x27,0x27,0x27,
  0x27,0x27,0x27,0x27,0x27,0x27,0x27,0x27,0x27,0x27,0x27,0x27,0x27,0x27,0x27,0x27,0x27,0x27,0x27,0x27,0x15,0x14,0x18,0x18,0x18,0x18,0x17,0x17,0x17,0x16,0x16,0x15,
  0x15,0x17,0x17,0x17,0x17,0x16,0x16,0x16,0x16,0x16,0x16,0x16,0x16,0x16,0x16,0x16,0x12,0x12,0x12,0x17,0x17,0x1C,0x1C,0x1C,0x19,0x19,0x19,0x19,0x19,0x19,0x19,0x19,
  0x19,0x19,0x19,0x19,0x19,0x19,0x19,0x19,0x19,0x19,0x19,0x19,0x19,0x19,0x19,0x19,0x19,0x19,0x19,0x19,0x19,0x19,0x19,0x19,0x12,0x12,0x12,0x17,0x17,0x1C,0x1C,0x1C,
  0x18,0x19,0x1A,0x1A,0x1A,0x1A,0x1A,0x1A,0x1A,0x1B,0x1C,0x1C,0x1C,0x1C,0x1C,0x1C,0x27,0x27,0x27,0x27,0x27,0x27,0x27,0x27,0x27,0x27,0x27,0x27,0x27,0x27,0x27,0x27,
  0x27,0x27,0x27,0x27,0x27,0x27,0x27,0x26,0x25,0x25,0x25,0x25,0x25,0x25,0x25,0x26,0x26,0x26,0x26,0x26,0x26,0x26,0x26,0x26,0x26,0x26,0x26,0x26,0x26,0x26,0x26,0x26,
  0x27,0x27,0x27,0x27,0x27,0x27,0x27,0x27,0x27,0x27,0x27,0x27,0x27,0x27,0x27,0x27,0x28,0x2A,0x5A,0x5B,0x5A,0x5B,0x5C,0x5C,0x5C,0x5C,0x2B,0x2B,0x2B,0x2B,0x2B,0x2B,
  0x1F,0x2C,0x2C,0x2C,0x2C,0x2C,0x2C,0x2C,0x2C,0x2C,0x2C,0x2C,0x2C,0x2C,0x2C,0x2C,0x2C,0x2C,0x2C,0x2C,0x2C,0x2C,0x2A,0x27,0x27,0x27,0x27,0x27,0x27,0x27,0x27,0x27,
  0x27,0x27,0x27,0x27,0x27,0x27,0x27,0x27,0x27,0x27,0x27,0x27,0x27,0x27,0x27,0x27,0x27,0x27,0x27,0x27,0x27,0x27,0x27,0x27,0x27,0x27,0x27,0x27,0x27,0x27,0x27,0x27,
  0x27,0x27,0x27,0x27,0x27,0x27,0x27,0x27,0x27,0x27,0x27,0x27,0x27,0x27,0x27,0x36,0x33,0x34,0x35,0x36,0x37,0x37,0x38,0x38,0x38,0x38,0x38,0x38,0x38,0x39,0x3A,0x3A,
  0x3A,0x3B,0x48,0x48,0x49,0x4A,0x4A,0x4A,0x4A,0x4A,0x4A,0x4A,0x48,0x48,0x48,0x48,0x48,0x48,0x49,0x4A,0x4A,0x14,0x14,0x14,0x14,0x14,0x14,0x15,0x15,0x15,0x4C,0x85,
  0x87,0x3F,0x83,0x86,0x3F,0x87,0x87,0x3F,0x39,0x3A,0x3A,0x3A,0x3A,0x3B,0x3B,0x3C,0x3D,0x3C,0x27,0x27,0x27,0x27,0x27,0x27,0x27,0x27,0x27,0x27,0x27,0x27,0x27,0x27,
  0x27,0x27,0x27,0x27,0x27,0x27,0x27,0x27,0x27,0x27,0x27,0x27,0x27,0x27,0x27,0x27,0x27,0x27,0x27,0x27,0x27,0x27,0x27,0x27,0x27,0x27,0x27,0x27,0x27,0x27,0x27,0x27,
  0x27,0x27,0x27,0x2B,0x2B,0x2A,0x29,0x29,0x29,0x29,0x29,0x28,0x27,0x27,0x27,0x27,0x27,0x27,0x27,0x27,0x27,0x27,0x27,0x27,0x27,0x27,0x27,0x27,0x27,0x27,0x27,0x27,
  0x27,0x27,0x16,0x15,0x18,0x18,0x17,0x17,0x17,0x16,0x16,0x16,0x16,0x16,0x16,0x16,0x16,0x15,0x16,0x17,0x16,0x16,0x16,0x16,0x16,0x16,0x16,0x16,0x16,0x15,0x15,0x14,
  0x12,0x12,0x12,0x17,0x17,0x19,0x1C,0x1C,0x19,0x19,0x19,0x19,0x19,0x19,0x19,0x19,0x19,0x19,0x19,0x19,0x19,0x19,0x19,0x19,0x19,0x19,0x19,0x19,0x19,0x19,0x19,0x19,
  0x19,0x19,0x19,0x19,0x19,0x19,0x19,0x19,0x12,0x12,0x12,0x17,0x17,0x1C,0x1C,0x1C,0x18,0x19,0x1A,0x1A,0x1A,0x1A,0x1A,0x1A,0x1A,0x1B,0x1C,0x1C,0x1C,0x1C,0x1C,0x1C,
  0x27,0x27,0x27,0x27,0x27,0x27,0x27,0x27,0x27,0x27,0x27,0x27,0x27,0x27,0x27,0x27,0x27,0x27,0x27,0x27,0x27,0x27,0x27,0x25,0x25,0x25,0x25,0x25,0x25,0x25,0x25,0x26,
  0x26,0x26,0x26,0x26,0x26,0x26,0x26,0x26,0x26,0x26,0x26,0x26,0x26,0x26,0x26,0x26,0x60,0x27,0x27,0x27,0x27,0x27,0x27,0x27,0x27,0x27,0x27,0x27,0x27,0x27,0x27,0x27,
  0x27,0x27,0x27,0x27,0x27,0x27,0x28,0x29,0x29,0x29,0x29,0x29,0x29,0x29,0x29,0x2A,0x2A,0x2A,0x2A,0x2A,0x2A,0x2A,0x2A,0x2A,0x2A,0x2B,0x2B,0x2B,0x2C,0x2C,0x2C,0x2C,
  0x2C,0x2C,0x2C,0x2C,0x2C,0x2A,0x27,0x27,0x27,0x27,0x27,0x27,0x27,0x27,0x27,0x27,0x27,0x27,0x27,0x27,0x27,0x27,0x27,0x27,0x27,0x27,0x27,0x27,0x27,0x27,0x27,0x27,
  0x27,0x27,0x27,0x27,0x27,0x27,0x27,0x27,0x27,0x27,0x27,0x27,0x27,0x27,0x27,0x27,0x27,0x27,0x27,0x27,0x27,0x27,0x27,0x27,0x27,0x27,0x27,0x27,0x27,0x27,0x34,0x38,
  0x37,0x36,0x37,0x39,0x37,0x38,0x38,0x39,0x39,0x39,0x3A,0x3A,0x3A,0x3A,0x3B,0x3B,0x3C,0x3D,0x3C,0x48,0x49,0x4A,0x4A,0x4A,0x4A,0x4A,0x4A,0x4A,0x48,0x48,0x48,0x48,
  0x48,0x48,0x49,0x15,0x14,0x18,0x18,0x18,0x18,0x17,0x17,0x17,0x16,0x16,0x15,0x15,0x3F,0x3F,0x85,0x87,0x3F,0x3B,0x3F,0x3F,0x3B,0x3B,0x38,0x39,0x3C,0x3B,0x3D,0x3E,
  0x3E,0x3E,0x3D,0x27,0x27,0x27,0x27,0x27,0x27,0x27,0x27,0x27,0x27,0x27,0x27,0x27,0x27,0x27,0x27,0x27,0x27,0x27,0x27,0x27,0x27,0x27,0x27,0x27,0x27,0x27,0x27,0x27,
  0x27,0x27,0x27,0x27,0x27,0x27,0x27,0x27,0x27,0x27,0x27,0x27,0x27,0x27,0x27,0x27,0x27,0x27,0x27,0x29,0x2B,0x2A,0x29,0x29,0x29,0x29,0x29,0x28,0x27,0x27,0x27,0x27,
  0x27,0x27,0x27,0x27,0x27,0x27,0x27,0x27,0x27,0x27,0x27,0x27,0x27,0x27,0x27,0x27,0x17,0x17,0x17,0x17,0x17,0x16,0x16,0x16,0x16,0x16,0x16,0x16,0x16,0x16,0x16,0x16,
  0x16,0x15,0x15,0x19,0x19,0x17,0x16,0x15,0x15,0x15,0x15,0x14,0x14,0x14,0x14,0x19,0x12,0x12,0x12,0x17,0x17,0x17,0x1C,0x1C,0x19,0x19,0x19,0x19,0x19,0x19,0x19,0x19,
  0x19,0x19,0x19,0x19,0x19,0x19,0x19,0x19,0x19,0x19,0x19,0x19,0x19,0x19,0x19,0x19,0x19,0x19,0x19,0x19,0x19,0x19,0x19,0x19,0x12,0x12,0x12,0x17,0x17,0x1C,0x1C,0x1C,
  0x18,0x19,0x1A,0x1A,0x1A,0x1A,0x1A,0x1A,0x1A,0x1B,0x1C,0x1C,0x1C,0x1C,0x1C,0x1C,0x27,0x27,0x27,0x27,0x27,0x27,0x27,0x27,0x27,0x27,0x27,0x27,0x27,0x27,0x27,0x27,
  0x27,0x27,0x27,0x27,0x27,0x27,0x26,0x25,0x25,0x25,0x25,0x25,0x25,0x25,0x61,0x26,0x26,0x26,0x26,0x26,0x26,0x26,0x26,0x26,0x26,0x26,0x26,0x26,0x26,0x26,0x26,0x26,
  0x26,0x27,0x27,0x27,0x27,0x27,0x27,0x27,0x27,0x27,0x27,0x27,0x27,0x27,0x27,0x27,0x27,0x27,0x27,0x27,0x27,0x27,0x27,0x27,0x27,0x27,0x28,0x29,0x29,0x29,0x29,0x29,
  0x29,0x29,0x29,0x29,0x29,0x29,0x29,0x29,0x2A,0x2A,0x2A,0x2B,0x2B,0x2B,0x2C,0x2C,0x2C,0x2C,0x2C,0x2C,0x2A,0x27,0x27,0x27,0x27,0x27,0x27,0x27,0x27,0x27,0x27,0x27,
  0x27,0x27,0x27,0x27,0x27,0x27,0x27,0x27,0x27,0x27,0x27,0x27,0x27,0x27,0x27,0x27,0x27,0x27,0x27,0x27,0x27,0x27,0x27,0x27,0x27,0x27,0x27,0x27,0x27,0x27,0x27,0x27,
  0x27,0x27,0x27,0x27,0x27,0x27,0x27,0x27,0x27,0x27,0x27,0x27,0x27,0x35,0x39,0x37,0x34,0x39,0x39,0x35,0x39,0x3A,0x3B,0x37,0x39,0x3B,0x3B,0x38,0x39,0x3C,0x3B,0x3D,
  0x3E,0x3E,0x3E,0x3D,0x49,0x4A,0x4A,0x4A,0x4A,0x4A,0x4A,0x4A,0x48,0x48,0x48,0x48,0x48,0x16,0x15,0x18,0x18,0x17,0x17,0x17,0x16,0x16,0x16,0x16,0x16,0x16,0x16,0x16,
  0x15,0x16,0x39,0x3F,0x3F,0x35,0x36,0x36,0x36,0x37,0x37,0x37,0x3C,0x3D,0x39,0x3E,0x3E,0x4F,0x3E,0x27,0x27,0x27,0x27,0x27,0x27,0x27,0x27,0x27,0x27,0x27,0x27,0x27,
  0x27,0x27,0x27,0x27,0x27,0x27,0x27,0x27,0x27,0x27,0x27,0x27,0x27,0x27,0x27,0x27,0x27,0x27,0x27,0x27,0x27,0x27,0x27,0x27,0x27,0x27,0x27,0x27,0x27,0x27,0x27,0x27,
  0x27,0x27,0x27,0x28,0x2B,0x2A,0x2A,0x29,0x29,0x29,0x29,0x29,0x28,0x27,0x27,0x27,0x27,0x27,0x27,0x27,0x27,0x27,0x27,0x27,0x27,0x27,0x27,0x27,0x27,0x27,0x27,0x28,
  0x18,0x18,0x17,0x17,0x16,0x16,0x16,0x16,0x16,0x16,0x16,0x16,0x16,0x15,0x15,0x14,0x15,0x19,0x19,0x1C,0x1A,0x18,0x19,0x19,0x19,0x19,0x19,0x19,0x19,0x19,0x1B,0x1C,
  0x12,0x12,0x12,0x17,0x17,0x17,0x1C,0x1C,0x19,0x19,0x19,0x19,0x19,0x19,0x19,0x19,0x19,0x19,0x19,0x19,0x19,0x19,0x19,0x19,0x19,0x19,0x19,0x19,0x19,0x19,0x19,0x19,
  0x19,0x19,0x19,0x19,0x19,0x19,0x19,0x19,0x10,0x10,0x12,0x17,0x17,0x1C,0x1C,0x1C,0x18,0x19,0x1A,0x1A,0x1A,0x1A,0x1A,0x1A,0x1A,0x1B,0x1C,0x1C,0x1C,0x1C,0x1C,0x1C,
  0x27,0x27,0x27,0x27,0x27,0x27,0x27,0x27,0x27,0x27,0x27,0x27,0x27,0x27,0x27,0x27,0x27,0x27,0x27,0x27,0x27,0x26,0x25,0x25,0x25,0x25,0x25,0x25,0x25,0x25,0x26,0x26,
  0x26,0x26,0x26,0x26,0x26,0x26,0x26,0x26,0x26,0x26,0x26,0x26,0x26,0x26,0x26,0x26,0x26,0x60,0x27,0x27,0x27,0x27,0x27,0x27,0x27,0x27,0x27,0x27,0x27,0x27,0x27,0x27,
  0x27,0x27,0x27,0x27,0x27,0x27,0x27,0x27,0x27,0x27,0x27,0x27,0x27,0x28,0x29,0x29,0x29,0x29,0x29,0x29,0x29,0x29,0x29,0x29,0x29,0x29,0x29,0x2A,0x2A,0x2B,0x2B,0x2C,
  0x2C,0x2C,0x2C,0x2A,0x27,0x27,0x27,0x27,0x27,0x27,0x27,0x27,0x27,0x27,0x27,0x27,0x27,0x27,0x27,0x27,0x27,0x27,0x27,0x27,0x27,0x27,0x27,0x27,0x27,0x27,0x27,0x27,
  0x27,0x27,0x27,0x27,0x27,0x27,0x27,0x27,0x27,0x27,0x27,0x27,0x27,0x27,0x27,0x27,0x27,0x27,0x27,0x27,0x27,0x27,0x27,0x27,0x27,0x27,0x27,0x27,0x27,0x38,0x4D,0x35,
  0x39,0x3A,0x35,0x39,0x3A,0x3B,0x37,0x3A,0x3C,0x37,0x3C,0x3D,0x37,0x3C,0x3D,0x39,0x3E,0x3E,0x4F,0x3E,0x49,0x14,0x14,0x14,0x14,0x14,0x14,0x15,0x15,0x15,0x48,0x17,
  0x17,0x17,0x17,0x17,0x16,0x16,0x16,0x16,0x16,0x16,0x16,0x16,0x16,0x16,0x16,0x16,0x35,0x34,0x34,0x35,0x35,0x36,0x37,0x37,0x37,0x37,0x37,0x37,0x37,0x38,0x39,0x4F,
  0x3E,0x4F,0x27,0x27,0x27,0x27,0x27,0x27,0x27,0x27,0x27,0x27,0x27,0x27,0x27,0x27,0x27,0x27,0x27,0x27,0x27,0x27,0x27,0x27,0x27,0x27,0x27,0x27,0x27,0x27,0x27,0x27,
  0x27,0x27,0x27,0x27,0x27,0x27,0x27,0x27,0x27,0x27,0x27,0x27,0x27,0x27,0x27,0x27,0x27,0x27,0x27,0x27,0x2B,0x2A,0x2A,0x29,0x29,0x29,0x29,0x29,0x29,0x28,0x27,0x27,
  0x27,0x27,0x27,0x27,0x27,0x27,0x27,0x27,0x27,0x27,0x27,0x27,0x27,0x27,0x28,0x29,0x18,0x18,0x18,0x18,0x17,0x17,0x16,0x15,0x15,0x15,0x15,0x14,0x14,0x14,0x14,0x19,
  0x19,0x1C,0x1C,0x1C,0x1C,0x18,0x19,0x1A,0x1A,0x1A,0x1A,0x1A,0x1A,0x1A,0x1B,0x1C,0x12,0x12,0x12,0x17,0x17,0x17,0x19,0x1C,0x19,0x19,0x19,0x19,0x19,0x19,0x19,0x19,
  0x19,0x19,0x19,0x19,0x19,0x19,0x19,0x19,0x19,0x19,0x19,0x19,0x19,0x19,0x19,0x19,0x19,0x19,0x19,0x19,0x19,0x19,0x19,0x19,0x12,0x10,0x15,0x17,0x17,0x1C,0x1C,0x1C,
  0x18,0x19,0x1A,0x1A,0x1A,0x1A,0x1A,0x1A,0x1A,0x1B,0x1C,0x1C,0x1C,0x1C,0x1C,0x1C,0x27,0x27,0x27,0x27,0x27,0x27,0x27,0x27,0x27,0x27,0x27,0x27,0x27,0x27,0x27,0x27,
  0x27,0x27,0x27,0x27,0x27,0x25,0x25,0x25,0x25,0x25,0x25,0x25,0x25,0x25,0x26,0x26,0x26,0x26,0x26,0x26,0x26,0x26,0x26,0x26,0x26,0x26,0x26,0x26,0x26,0x26,0x26,0x26,
  0x26,0x26,0x27,0x27,0x27,0x27,0x27,0x27,0x27,0x27,0x27,0x27,0x27,0x27,0x27,0x27,0x27,0x27,0x27,0x27,0x27,0x27,0x27,0x27,0x27,0x27,0x27,0x27,0x27,0x27,0x27,0x28,
  0x29,0x29,0x29,0x29,0x29,0x29,0x29,0x29,0x29,0x29,0x29,0x29,0x29,0x2A,0x2B,0x2B,0x2C,0x2C,0x2C,0x27,0x27,0x27,0x27,0x27,0x27,0x27,0x27,0x27,0x27,0x27,0x27,0x27,
  0x27,0x27,0x27,0x27,0x27,0x27,0x27,0x27,0x27,0x27,0x27,0x27,0x27,0x27,0x27,0x27,0x27,0x27,0x27,0x27,0x27,0x27,0x27,0x27,0x27,0x27,0x27,0x27,0x27,0x27,0x27,0x27,
  0x27,0x27,0x27,0x27,0x27,0x27,0x27,0x27,0x27,0x27,0x27,0x27,0x27,0x27,0x4D,0x3A,0x4F,0x4F,0x37,0x3A,0x4F,0x3B,0x37,0x3D,0x3E,0x39,0x3C,0x3E,0x4F,0x38,0x3D,0x4F,
  0x4F,0x3E,0x4F,0x15,0x14,0x18,0x18,0x18,0x18,0x17,0x17,0x17,0x16,0x16,0x15,0x15,0x18,0x17,0x17,0x16,0x16,0x16,0x16,0x16,0x16,0x16,0x16,0x16,0x15,0x15,0x36,0x33,
  0x34,0x35,0x36,0x37,0x37,0x38,0x38,0x38,0x38,0x38,0x38,0x38,0x39,0x3A,0x3A,0x3A,0x3B,0x4F,0x27,0x27,0x27,0x27,0x27,0x27,0x27,0x27,0x27,0x27,0x27,0x27,0x27,0x27,
  0x27,0x27,0x27,0x27,0x27,0x27,0x27,0x27,0x27,0x27,0x27,0x27,0x27,0x27,0x27,0x27,0x27,0x27,0x27,0x27,0x27,0x27,0x27,0x27,0x27,0x27,0x27,0x27,0x27,0x27,0x27,0x27,
  0x27,0x27,0x27,0x27,0x29,0x2B,0x2A,0x2A,0x2A,0x29,0x29,0x29,0x29,0x29,0x29,0x28,0x27,0x27,0x27,0x27,0x27,0x27,0x27,0x27,0x27,0x27,0x27,0x27,0x28,0x29,0x29,0x29,
  0x18,0x18,0x18,0x18,0x18,0x18,0x19,0x19,0x19,0x19,0x19,0x19,0x19,0x19,0x1B,0x1C,0x1C,0x1C,0x1C,0x1C,0x1C,0x18,0x19,0x1A,0x1A,0x1A,0x1A,0x1A,0x1A,0x1A,0x1B,0x1C,
  0x12,0x12,0x12,0x17,0x17,0x17,0x17,0x1C,0x19,0x19,0x19,0x19,0x19,0x19,0x19,0x19,0x19,0x19,0x19,0x19,0x19,0x19,0x19,0x19,0x19,0x19,0x19,0x19,0x19,0x19,0x19,0x19,
  0x19,0x19,0x19,0x19,0x19,0x19,0x19,0x19,0x12,0x12,0x17,0x17,0x17,0x1C,0x1C,0x1C,0x18,0x19,0x1A,0x1A,0x1A,0x1A,0x1A,0x1A,0x1A,0x1B,0x1C,0x1C,0x1C,0x1C,0x1C,0x1C,
  0x27,0x27,0x27,0x27,0x27,0x27,0x27,0x27,0x27,0x27,0x27,0x27,0x27,0x27,0x27,0x27,0x27,0x27,0x27,0x27,0x26,0x25,0x25,0x25,0x25,0x25,0x25,0x25,0x25,0x25,0x26,0x26,
  0x26,0x26,0x26,0x26,0x26,0x26,0x26,0x26,0x26,0x26,0x26,0x26,0x26,0x26,0x26,0x26,0x26,0x26,0x60,0x27,0x27,0x27,0x27,0x27,0x27,0x27,0x27,0x27,0x27,0x27,0x27,0x27,
  0x27,0x27,0x27,0x27,0x27,0x27,0x27,0x27,0x27,0x27,0x27,0x27,0x27,0x27,0x27,0x27,0x27,0x28,0x29,0x29,0x29,0x29,0x29,0x29,0x29,0x29,0x29,0x29,0x29,0x29,0x2A,0x2B,
  0x2C,0x2C,0x2A,0x27,0x27,0x27,0x27,0x27,0x27,0x27,0x27,0x27,0x27,0x27,0x27,0x27,0x27,0x27,0x27,0x27,0x27,0x27,0x27,0x27,0x27,0x27,0x27,0x27,0x27,0x27,0x27,0x27,
  0x27,0x27,0x27,0x27,0x27,0x27,0x27,0x27,0x27,0x27,0x27,0x27,0x27,0x27,0x27,0x27,0x27,0x27,0x27,0x27,0x27,0x27,0x27,0x27,0x27,0x27,0x27,0x27,0x27,0x27,0x48,0x4A,
  0x4E,0x4B,0x3A,0x4F,0x4F,0x4D,0x3A,0x3E,0x4F,0x3A,0x3D,0x4F,0x4F,0x4F,0x3E,0x4F,0x4F,0x16,0x15,0x18,0x18,0x17,0x17,0x17,0x16,0x16,0x16,0x16,0x16,0x16,0x16,0x16,
  0x15,0x16,0x18,0x17,0x17,0x16,0x15,0x15,0x15,0x15,0x14,0x14,0x14,0x34,0x38,0x37,0x36,0x37,0x39,0x37,0x38,0x38,0x39,0x39,0x39,0x3A,0x3A,0x3A,0x3A,0x3B,0x3B,0x3C,
  0x3D,0x3C,0x27,0x27,0x27,0x27,0x27,0x27,0x27,0x27,0x27,0x27,0x27,0x27,0x27,0x27,0x27,0x27,0x27,0x27,0x27,0x27,0x27,0x27,0x27,0x27,0x27,0x27,0x27,0x27,0x27,0x27,
  0x27,0x27,0x27,0x27,0x27,0x27,0x27,0x27,0x27,0x27,0x27,0x27,0x27,0x27,0x27,0x27,0x27,0x27,0x27,0x27,0x27,0x29,0x2B,0x2B,0x2A,0x2A,0x29,0x29,0x29,0x29,0x29,0x29,
  0x29,0x29,0x28,0x27,0x27,0x27,0x27,0x27,0x27,0x28,0x29,0x29,0x29,0x29,0x29,0x29,0x18,0x18,0x18,0x18,0x18,0x18,0x19,0x1A,0x1A,0x1A,0x1A,0x1A,0x1A,0x1A,0x1B,0x1C,
  0x1C,0x1C,0x1C,0x1C,0x1C,0x18,0x19,0x1A,0x1A,0x1A,0x1A,0x1A,0x1A,0x1A,0x1B,0x1C,0x12,0x12,0x12,0x17,0x17,0x17,0x17,0x1C,0x19,0x19,0x19,0x19,0x19,0x19,0x19,0x19,
  0x19,0x19,0x19,0x19,0x19,0x19,0x19,0x19,0x19,0x19,0x19,0x19,0x19,0x19,0x19,0x19,0x19,0x19,0x19,0x19,0x19,0x19,0x19,0x19,0x12,0x12,0x17,0x17,0x17,0x1C,0x1C,0x1C,
  0x18,0x19,0x1A,0x1A,0x1A,0x1A,0x1A,0x1A,0x1A,0x1B,0x1C,0x1C,0x1C,0x1C,0x1C,0x1C,0x27,0x27,0x27,0x27,0x27,0x27,0x27,0x27,0x27,0x27,0x27,0x27,0x27,0x27,0x27,0x27,
  0x27,0x27,0x27,0x26,0x25,0x25,0x25,0x25,0x25,0x25,0x25,0x25,0x25,0x61,0x26,0x26,0x26,0x26,0x26,0x26,0x26,0x26,0x26,0x26,0x26,0x26,0x26,0x26,0x26,0x26,0x26,0x26,
  0x26,0x26,0x26,0x27,0x27,0x27,0x27,0x27,0x27,0x27,0x27,0x27,0x27,0x27,0x27,0x27,0x27,0x27,0x27,0x27,0x27,0x27,0x27,0x27,0x27,0x27,0x27,0x27,0x27,0x27,0x27,0x27,
  0x27,0x27,0x28,0x29,0x29,0x29,0x29,0x29,0x29,0x29,0x29,0x29,0x29,0x29,0x2A,0x2B,0x2B,0x2C,0x29,0x27,0x27,0x27,0x27,0x27,0x27,0x27,0x27,0x27,0x27,0x27,0x27,0x27,
  0x27,0x27,0x27,0x27,0x27,0x27,0x27,0x27,0x27,0x27,0x27,0x27,0x27,0x27,0x27,0x27,0x27,0x27,0x27,0x27,0x27,0x27,0x27,0x27,0x27,0x27,0x27,0x27,0x27,0x27,0x27,0x27,
  0x27,0x27,0x27,0x27,0x27,0x27,0x27,0x27,0x27,0x27,0x27,0x27,0x27,0x27,0x48,0x48,0x49,0x4A,0x49,0x4E,0x4C,0x4D,0x3C,0x4F,0x4F,0x4D,0x3D,0x4F,0x4E,0x4F,0x4D,0x17,
  0x17,0x17,0x17,0x17,0x16,0x16,0x16,0x16,0x16,0x16,0x16,0x16,0x16,0x16,0x16,0x16,0x15,0x15,0x19,0x19,0x18,0x19,0x19,0x19,0x19,0x19,0x19,0x19,0x35,0x39,0x37,0x34,
  0x39,0x39,0x35,0x39,0x84,0x85,0x85,0x39,0x3B,0x3B,0x38,0x39,0x3C,0x3B,0x3D,0x3E,0x3E,0x3E,0x3D,0x27,0x27,0x27,0x27,0x27,0x27,0x27,0x27,0x27,0x27,0x27,0x27,0x27,
  0x27,0x27,0x27,0x27,0x27,0x27,0x27,0x27,0x27,0x27,0x27,0x27,0x27,0x27,0x27,0x27,0x27,0x27,0x27,0x27,0x27,0x27,0x27,0x27,0x27,0x27,0x27,0x27,0x27,0x27,0x27,0x27,
  0x27,0x27,0x27,0x27,0x27,0x27,0x29,0x2B,0x2B,0x2A,0x29,0x29,0x29,0x29,0x29,0x29,0x29,0x29,0x29,0x29,0x29,0x29,0x29,0x29,0x29,0x29,0x29,0x29,0x29,0x29,0x29,0x29,
  0x18,0x18,0x18,0x18,0x18,0x18,0x19,0x1A,0x1A,0x1A,0x1A,0x1A,0x1A,0x1A,0x1B,0x1C,0x1C,0x1C,0x1C,0x1C,0x1C,0x18,0x19,0x1A,0x1A,0x1A,0x1A,0x1A,0x1A,0x1A,0x1B,0x1C,
  0x12,0x12,0x12,0x17,0x17,0x17,0x17,0x19,0x19,0x19,0x19,0x19,0x19,0x19,0x19,0x19,0x19,0x19,0x19,0x19,0x19,0x19,0x19,0x19,0x19,0x19,0x19,0x19,0x19,0x19,0x19,0x19,
  0x19,0x19,0x19,0x19,0x19,0x19,0x19,0x19,0x10,0x12,0x17,0x17,0x17,0x1C,0x1C,0x1C,0x18,0x19,0x1A,0x1A,0x1A,0x1A,0x1A,0x1A,0x1A,0x1B,0x1C,0x1C,0x1C,0x1C,0x1C,0x1C,
  0x27,0x27,0x27,0x27,0x27,0x27,0x27,0x27,0x27,0x27,0x27,0x36,0x27,0x27,0x27,0x27,0x27,0x27,0x27,0x25,0x25,0x25,0x25,0x25,0x25,0x25,0x25,0x25,0x25,0x26,0x26,0x26,
  0x26,0x26,0x26,0x26,0x26,0x26,0x26,0x26,0x26,0x26,0x26,0x26,0x26,0x26,0x26,0x26,0x26,0x26,0x26,0x60,0x27,0x27,0x27,0x27,0x27,0x27,0x27,0x27,0x27,0x27,0x27,0x27,
  0x27,0x27,0x27,0x27,0x27,0x27,0x27,0x27,0x27,0x27,0x27,0x27,0x27,0x27,0x27,0x27,0x27,0x27,0x27,0x28,0x29,0x29,0x29,0x29,0x29,0x29,0x29,0x29,0x29,0x29,0x29,0x2A,
  0x2B,0x2C,0x27,0x27,0x27,0x27,0x27,0x27,0x27,0x27,0x27,0x27,0x27,0x27,0x27,0x27,0x27,0x27,0x27,0x27,0x27,0x27,0x27,0x27,0x27,0x27,0x27,0x27,0x27,0x27,0x27,0x27,
  0x27,0x27,0x27,0x27,0x27,0x27,0x27,0x27,0x27,0x27,0x27,0x27,0x27,0x27,0x27,0x27,0x27,0x27,0x27,0x27,0x27,0x27,0x27,0x27,0x27,0x27,0x27,0x27,0x27,0x27,0x48,0x48,
  0x48,0x48,0x49,0x48,0x4B,0x4B,0x4B,0x4F,0x4D,0x4D,0x4B,0x4F,0x4E,0x4D,0x4D,0x18,0x18,0x17,0x17,0x16,0x16,0x16,0x16,0x16,0x16,0x16,0x16,0x16,0x15,0x15,0x14,0x15,
  0x19,0x19,0x1C,0x1C,0x18,0x19,0x1A,0x1A,0x1A,0x36,0x35,0x36,0x36,0x36,0x37,0x37,0x3A,0x35,0x83,0x86,0x85,0x80,0x82,0x83,0x85,0x87,0x3D,0x37,0x3C,0x3D,0x39,0x3E,
  0x3E,0x4F,0x3E,0x27,0x27,0x27,0x27,0x27,0x27,0x27,0x27,0x27,0x27,0x27,0x27,0x27,0x27,0x27,0x27,0x27,0x27,0x27,0x27,0x27,0x27,0x27,0x27,0x27,0x27,0x27,0x27,0x27,
  0x27,0x27,0x27,0x27,0x27,0x27,0x27,0x27,0x27,0x27,0x27,0x27,0x27,0x27,0x27,0x27,0x27,0x27,0x27,0x27,0x27,0x27,0x27,0x29,0x2B,0x2A,0x2A,0x2A,0x2A,0x29,0x29,0x29,
  0x29,0x29,0x29,0x29,0x29,0x29,0x29,0x29,0x29,0x29,0x29,0x29,0x29,0x29,0x29,0x29,0x18,0x18,0x18,0x18,0x18,0x18,0x19,0x1A,0x1A,0x1A,0x1A,0x1A,0x1A,0x1A,0x1B,0x1C,
  0x1C,0x1C,0x1C,0x1C,0x1C,0x18,0x19,0x1A,0x1A,0x1A,0x1A,0x1A,0x1A,0x1A,0x1B,0x1C,0x12,0x12,0x12,0x17,0x17,0x17,0x17,0x17,0x19,0x19,0x19,0x19,0x19,0x19,0x19,0x19,
  0x19,0x19,0x19,0x19,0x19,0x19,0x19,0x19,0x19,0x19,0x19,0x19,0x19,0x19,0x19,0x19,0x19,0x19,0x19,0x19,0x19,0x19,0x19,0x19,0x10,0x12,0x17,0x17,0x17,0x1C,0x1C,0x1C,
  0x18,0x19,0x1A,0x1A,0x1A,0x1A,0x1A,0x1A,0x1A,0x1B,0x1C,0x1C,0x1C,0x1C,0x1C,0x1C,0x27,0x27,0x27,0x27,0x27,0x27,0x27,0x27,0x27,0x27,0x36,0x27,0x27,0x27,0x27,0x27,
  0x27,0x27,0x26,0x25,0x25,0x25,0x25,0x25,0x25,0x25,0x25,0x25,0x25,0x26,0x26,0x26,0x26,0x26,0x26,0x26,0x26,0x26,0x26,0x26,0x26,0x26,0x26,0x26,0x26,0x26,0x26,0x26,
  0x26,0x26,0x26,0x26,0x27,0x27,0x27,0x27,0x27,0x27,0x27,0x27,0x27,0x27,0x27,0x27,0x27,0x27,0x27,0x27,0x27,0x27,0x27,0x27,0x27,0x27,0x27,0x27,0x27,0x27,0x27,0x27,
  0x27,0x27,0x27,0x27,0x28,0x29,0x29,0x29,0x29,0x29,0x29,0x29,0x29,0x29,0x29,0x2A,0x2B,0x2A,0x27,0x27,0x27,0x27,0x27,0x27,0x27,0x27,0x27,0x27,0x27,0x27,0x27,0x27,
  0x27,0x27,0x27,0x27,0x27,0x27,0x27,0x27,0x27,0x27,0x27,0x27,0x27,0x27,0x27,0x27,0x27,0x27,0x27,0x27,0x27,0x27,0x27,0x27,0x27,0x27,0x27,0x27,0x27,0x27,0x27,0x27,
  0x27,0x27,0x27,0x27,0x27,0x27,0x27,0x27,0x27,0x27,0x27,0x27,0x27,0x27,0x48,0x48,0x48,0x48,0x48,0x48,0x49,0x4B,0x4A,0x4A,0x4C,0x4B,0x4B,0x4A,0x4E,0x4D,0x4C,0x18,
  0x18,0x18,0x18,0x17,0x17,0x16,0x15,0x15,0x15,0x15,0x14,0x14,0x14,0x14,0x19,0x19,0x1C,0x1C,0x1C,0x1C,0x18,0x35,0x34,0x34,0x35,0x35,0x36,0x37,0x37,0x37,0x37,0x37,
  0x37,0x37,0x85,0x87,0x3F,0x83,0x86,0x3F,0x87,0x87,0x3F,0x4F,0x38,0x3D,0x4F,0x4F,0x3E,0x4F,0x29,0x27,0x27,0x27,0x27,0x27,0x27,0x27,0x27,0x27,0x27,0x27,0x27,0x27,
  0x27,0x27,0x27,0x27,0x27,0x27,0x27,0x27,0x27,0x27,0x27,0x27,0x27,0x27,0x27,0x27,0x27,0x27,0x27,0x27,0x27,0x27,0x27,0x27,0x27,0x27,0x27,0x27,0x27,0x27,0x27,0x27,
  0x27,0x27,0x27,0x27,0x27,0x27,0x27,0x27,0x29,0x2B,0x2B,0x2B,0x2A,0x2A,0x2A,0x29,0x29,0x29,0x29,0x29,0x29,0x29,0x29,0x29,0x29,0x29,0x29,0x29,0x29,0x29,0x29,0x29,
  0x18,0x18,0x18,0x18,0x18,0x18,0x19,0x1A,0x1A,0x1A,0x1A,0x1A,0x1A,0x1A,0x1B,0x1C,0x1C,0x1C,0x1C,0x1C,0x1C,0x18,0x19,0x1A,0x1A,0x1A,0x1A,0x1A,0x1A,0x1A,0x1B,0x1C,
  0x12,0x12,0x12,0x17,0x17,0x17,0x17,0x17,0x15,0x12,0x12,0x12,0x12,0x12,0x12,0x12,0x12,0x12,0x12,0x12,0x12,0x12,0x10,0x10,0x12,0x12,0x12,0x12,0x12,0x12,0x12,0x12,
  0x12,0x12,0x12,0x12,0x12,0x12,0x12,0x10,0x10,0x15,0x17,0x17,0x17,0x1C,0x1C,0x1C,0x18,0x19,0x1A,0x1A,0x1A,0x1A,0x1A,0x1A,0x1A,0x1B,0x1C,0x1C,0x1C,0x1C,0x1C,0x1C,
  0x27,0x27,0x27,0x27,0x27,0x27,0x27,0x27,0x27,0x27,0x37,0x27,0x27,0x36,0x27,0x27,0x27,0x26,0x25,0x25,0x25,0x25,0x25,0x25,0x25,0x25,0x25,0x25,0x61,0x26,0x26,0x26,
  0x26,0x26,0x26,0x26,0x26,0x26,0x26,0x26,0x26,0x26,0x26,0x26,0x26,0x26,0x26,0x26,0x26,0x26,0x26,0x26,0x60,0x27,0x27,0x27,0x27,0x27,0x27,0x27,0x27,0x27,0x27,0x27,
  0x27,0x27,0x27,0x27,0x27,0x27,0x27,0x27,0x27,0x27,0x27,0x27,0x27,0x27,0x27,0x27,0x27,0x27,0x27,0x27,0x27,0x28,0x29,0x29,0x29,0x29,0x29,0x29,0x29,0x29,0x29,0x2A,
  0x2B,0x29,0x27,0x27,0x27,0x27,0x27,0x27,0x27,0x27,0x27,0x27,0x27,0x27,0x27,0x27,0x27,0x27,0x27,0x27,0x27,0x27,0x27,0x27,0x27,0x27,0x27,0x27,0x27,0x27,0x27,0x27,
  0x27,0x27,0x27,0x27,0x27,0x27,0x27,0x27,0x27,0x27,0x27,0x27,0x27,0x27,0x27,0x27,0x27,0x27,0x27,0x27,0x27,0x27,0x27,0x27,0x27,0x27,0x27,0x27,0x27,0x27,0x48,0x48,
  0x48,0x48,0x48,0x48,0x49,0x4A,0x4A,0x4A,0x4A,0x4B,0x4A,0x4A,0x4B,0x4D,0x4C,0x18,0x18,0x18,0x18,0x18,0x18,0x19,0x19,0x19,0x19,0x19,0x19,0x19,0x19,0x1B,0x1C,0x1C,
  0x1C,0x1C,0x1C,0x36,0x33,0x34,0x35,0x36,0x37,0x37,0x38,0x38,0x38,0x38,0x38,0x38,0x38,0x39,0x3A,0x3F,0x3F,0x85,0x87,0x3F,0x3A,0x3F,0x3F,0x4F,0x4F,0x3E,0x4F,0x4F,
  0x4F,0x4F,0x27,0x27,0x27,0x27,0x27,0x27,0x27,0x27,0x27,0x27,0x27,0x27,0x27,0x27,0x27,0x27,0x27,0x27,0x27,0x27,0x27,0x27,0x27,0x27,0x27,0x27,0x27,0x27,0x27,0x27,
  0x27,0x27,0x27,0x27,0x27,0x27,0x27,0x27,0x27,0x27,0x27,0x27,0x27,0x27,0x27,0x27,0x27,0x27,0x27,0x27,0x27,0x27,0x27,0x27,0x27,0x28,0x29,0x2B,0x2B,0x2B,0x2A,0x2A,
  0x2A,0x2A,0x2A,0x29,0x29,0x29,0x29,0x29,0x29,0x29,0x29,0x29,0x29,0x29,0x29,0x29,0x18,0x18,0x18,0x18,0x18,0x18,0x19,0x1A,0x1A,0x1A,0x1A,0x1A,0x1A,0x1A,0x1B,0x1C,
  0x1C,0x1C,0x1C,0x1C,0x1C,0x18,0x19,0x1A,0x1A,0x1A,0x1A,0x1A,0x1A,0x1A,0x1B,0x1C,0x12,0x12,0x12,0x17,0x17,0x17,0x17,0x17,0x17,0x17,0x17,0x15,0x12,0x12,0x12,0x12,
  0x12,0x12,0x12,0x12,0x12,0x10,0x10,0x12,0x15,0x17,0x17,0x17,0x17,0x17,0x15,0x12,0x12,0x12,0x12,0x12,0x12,0x12,0x10,0x10,0x15,0x17,0x17,0x17,0x19,0x1C,0x1C,0x1C,
  0x18,0x19,0x1A,0x1A,0x1A,0x1A,0x1A,0x1A,0x1A,0x1B,0x1C,0x1C,0x1C,0x1C,0x1C,0x1C,0x27,0x27,0x27,0x27,0x36,0x27,0x27,0x27,0x27,0x37,0x38,0x27,0x36,0x27,0x27,0x27,
  0x27,0x25,0x25,0x25,0x25,0x25,0x25,0x25,0x25,0x25,0x25,0x25,0x26,0x26,0x26,0x26,0x26,0x26,0x26,0x26,0x26,0x26,0x26,0x26,0x26,0x26,0x26,0x26,0x26,0x26,0x26,0x26,
  0x26,0x26,0x26,0x26,0x26,0x27,0x27,0x27,0x27,0x27,0x27,0x27,0x27,0x27,0x27,0x27,0x27,0x27,0x27,0x27,0x27,0x27,0x27,0x27,0x27,0x27,0x27,0x27,0x27,0x27,0x27,0x27,
  0x27,0x27,0x27,0x27,0x27,0x27,0x28,0x29,0x29,0x29,0x29,0x29,0x29,0x29,0x29,0x2A,0x2B,0x27,0x27,0x27,0x27,0x27,0x27,0x27,0x27,0x27,0x27,0x27,0x27,0x27,0x27,0x27,
  0x27,0x27,0x27,0x27,0x27,0x27,0x27,0x27,0x27,0x27,0x27,0x27,0x27,0x27,0x27,0x27,0x27,0x27,0x27,0x27,0x27,0x27,0x27,0x27,0x27,0x27,0x27,0x27,0x27,0x27,0x27,0x27,
  0x27,0x27,0x27,0x27,0x27,0x27,0x27,0x27,0x27,0x27,0x27,0x27,0x27,0x27,0x48,0x48,0x48,0x48,0x48,0x48,0x49,0x4A,0x4A,0x4A,0x4A,0x4A,0x4A,0x4A,0x4B,0x4C,0x4C,0x18,
  0x18,0x18,0x18,0x18,0x18,0x19,0x1A,0x1A,0x1A,0x1A,0x1A,0x1A,0x1A,0x1B,0x1C,0x1C,0x1C,0x1C,0x34,0x38,0x37,0x36,0x37,0x39,0x37,0x38,0x38,0x39,0x39,0x39,0x3A,0x3A,
  0x84,0x85,0x85,0x3B,0x3C,0x3D,0x3F,0x3F,0x4D,0x3D,0x4F,0x4E,0x4F,0x4D,0x4F,0x4F,0x4D,0x4D,0x27,0x27,0x27,0x27,0x27,0x27,0x27,0x27,0x27,0x27,0x27,0x27,0x27,0x27,
  0x27,0x27,0x27,0x27,0x27,0x27,0x27,0x27,0x27,0x27,0x27,0x27,0x27,0x27,0x27,0x27,0x27,0x27,0x27,0x27,0x27,0x27,0x27,0x27,0x27,0x27,0x27,0x27,0x27,0x27,0x27,0x27,
  0x27,0x27,0x27,0x27,0x27,0x27,0x27,0x27,0x27,0x27,0x27,0x28,0x29,0x2B,0x2B,0x2B,0x2B,0x2B,0x2A,0x2A,0x2A,0x2A,0x29,0x29,0x29,0x29,0x29,0x29,0x29,0x29,0x29,0x2A,
  0x18,0x18,0x18,0x18,0x18,0x18,0x19,0x1A,0x1A,0x1A,0x1A,0x1A,0x1A,0x1A,0x1B,0x1C,0x1C,0x1C,0x1C,0x1C,0x1A,0x18,0x19,0x1A,0x1A,0x1A,0x1A,0x1A,0x1A,0x1A,0x1B,0x1C,
  0x12,0x12,0x12,0x17,0x17,0x17,0x17,0x17,0x17,0x17,0x17,0x17,0x17,0x17,0x17,0x17,0x17,0x17,0x17,0x17,0x17,0x17,0x17,0x17,0x17,0x17,0x17,0x17,0x17,0x17,0x17,0x17,
  0x17,0x17,0x17,0x17,0x17,0x17,0x17,0x17,0x17,0x17,0x17,0x17,0x1F,0x1C,0x1C,0x1C,0x18,0x19,0x1A,0x1A,0x1A,0x1A,0x1A,0x1A,0x1A,0x1B,0x1C,0x1C,0x1C,0x1C,0x1C,0x1C,
  0x27,0x27,0x27,0x27,0x27,0x36,0x27,0x27,0x27,0x38,0x27,0x27,0x37,0x27,0x27,0x27,0x26,0x25,0x25,0x25,0x25,0x25,0x25,0x25,0x25,0x25,0x25,0x25,0x26,0x26,0x26,0x26,
  0x26,0x26,0x26,0x26,0x26,0x26,0x26,0x26,0x26,0x26,0x26,0x26,0x26,0x26,0x26,0x26,0x26,0x26,0x26,0x26,0x26,0x60,0x27,0x27,0x27,0x27,0x27,0x27,0x27,0x27,0x27,0x27,
  0x27,0x27,0x27,0x27,0x27,0x27,0x27,0x27,0x27,0x27,0x27,0x27,0x27,0x27,0x27,0x27,0x27,0x27,0x27,0x27,0x27,0x27,0x27,0x28,0x29,0x29,0x29,0x29,0x29,0x29,0x29,0x2A,
  0x2B,0x27,0x27,0x27,0x27,0x27,0x27,0x27,0x27,0x27,0x27,0x27,0x27,0x27,0x27,0x27,0x27,0x27,0x27,0x27,0x27,0x27,0x27,0x27,0x27,0x27,0x27,0x27,0x27,0x27,0x27,0x27,
  0x27,0x27,0x27,0x27,0x27,0x27,0x27,0x27,0x27,0x27,0x27,0x27,0x27,0x27,0x27,0x27,0x27,0x27,0x27,0x27,0x27,0x27,0x27,0x27,0x27,0x27,0x27,0x27,0x27,0x27,0x48,0x48,
  0x36,0x48,0x48,0x48,0x49,0x4A,0x4A,0x4A,0x4A,0x4A,0x4A,0x4A,0x4B,0x4C,0x4C,0x18,0x18,0x18,0x18,0x18,0x18,0x19,0x1A,0x1A,0x1A,0x1A,0x1A,0x1A,0x1A,0x1B,0x1C,0x1C,
  0x1C,0x35,0x39,0x37,0x34,0x39,0x39,0x35,0x39,0x3A,0x3B,0x37,0x39,0x3B,0x83,0x86,0x85,0x80,0x82,0x83,0x85,0x87,0x3E,0x3D,0x4D,0x4B,0x4F,0x4E,0x4D,0x4D,0x4C,0x4F,
  0x4D,0x4C,0x27,0x27,0x27,0x27,0x27,0x27,0x27,0x27,0x27,0x27,0x27,0x27,0x27,0x27,0x27,0x27,0x27,0x27,0x27,0x27,0x27,0x27,0x27,0x27,0x27,0x27,0x27,0x27,0x27,0x27,
  0x27,0x27,0x27,0x27,0x27,0x27,0x27,0x27,0x27,0x27,0x27,0x27,0x27,0x27,0x27,0x27,0x27,0x27,0x27,0x27,0x27,0x27,0x27,0x27,0x27,0x27,0x27,0x27,0x27,0x28,0x29,0x2B,
  0x2B,0x2B,0x2B,0x2B,0x2B,0x2A,0x2A,0x29,0x29,0x29,0x29,0x29,0x29,0x29,0x29,0x2A,0x18,0x18,0x18,0x18,0x18,0x18,0x19,0x1A,0x1A,0x1A,0x1A,0x1A,0x1A,0x1A,0x1B,0x1C,
  0x1C,0x1C,0x1C,0x1B,0x1A,0x18,0x19,0x1A,0x1A,0x1A,0x1A,0x1A,0x1A,0x1A,0x1B,0x1C,0x14,0x12,0x14,0x17,0x17,0x17,0x17,0x17,0x17,0x17,0x17,0x17,0x17,0x17,0x17,0x17,
  0x17,0x17,0x17,0x17,0x17,0x17,0x17,0x17,0x17,0x17,0x17,0x17,0x17,0x17,0x17,0x17,0x17,0x17,0x17,0x17,0x17,0x17,0x17,0x17,0x17,0x17,0x17,0x19,0x1F,0x1F,0x1F,0x1C,
  0x18,0x19,0x1A,0x1A,0x1A,0x1A,0x1A,0x1A,0x1A,0x1B,0x1C,0x1C,0x1C,0x1C,0x1C,0x1C,0x27,0x27,0x27,0x27,0x27,0x37,0x27,0x27,0x27,0x38,0x27,0x37,0x38,0x27,0x27,0x26,
  0x25,0x25,0x25,0x25,0x25,0x25,0x25,0x25,0x25,0x25,0x25,0x25,0x26,0x26,0x26,0x26,0x26,0x26,0x26,0x26,0x26,0x26,0x26,0x26,0x26,0x26,0x26,0x26,0x26,0x26,0x26,0x26,
  0x26,0x26,0x26,0x26,0x26,0x26,0x27,0x27,0x27,0x27,0x27,0x27,0x27,0x27,0x27,0x27,0x27,0x27,0x27,0x27,0x27,0x27,0x27,0x27,0x27,0x27,0x27,0x27,0x27,0x27,0x27,0x27,
  0x27,0x27,0x27,0x27,0x27,0x27,0x27,0x27,0x29,0x29,0x29,0x29,0x29,0x29,0x29,0x2A,0x2B,0x27,0x27,0x27,0x27,0x27,0x27,0x27,0x27,0x27,0x27,0x27,0x27,0x27,0x27,0x27,
  0x27,0x27,0x27,0x27,0x27,0x27,0x27,0x27,0x27,0x27,0x27,0x27,0x27,0x27,0x27,0x27,0x27,0x27,0x27,0x27,0x27,0x27,0x27,0x27,0x27,0x27,0x27,0x27,0x27,0x27,0x27,0x27,
  0x27,0x27,0x27,0x27,0x27,0x27,0x27,0x27,0x36,0x27,0x27,0x27,0x27,0x27,0x48,0x36,0x48,0x48,0x48,0x48,0x49,0x4A,0x4A,0x4A,0x4A,0x4A,0x4A,0x4A,0x4B,0x4C,0x4C,0x18,
  0x18,0x18,0x18,0x18,0x18,0x19,0x1A,0x1A,0x1A,0x1A,0x1A,0x1A,0x1A,0x1B,0x1C,0x1C,0x1C,0x38,0x4D,0x35,0x39,0x3A,0x35,0x39,0x3A,0x3B,0x37,0x3A,0x3C,0x37,0x85,0x87,
  0x3F,0x83,0x86,0x3F,0x87,0x87,0x3F,0x3E,0x4B,0x4B,0x4A,0x4E,0x4D,0x4C,0x4C,0x4C,0x4D,0x4C,0x27,0x27,0x27,0x27,0x27,0x27,0x27,0x27,0x27,0x27,0x27,0x27,0x27,0x27,
  0x27,0x27,0x27,0x27,0x27,0x27,0x27,0x27,0x27,0x27,0x27,0x27,0x27,0x27,0x27,0x27,0x27,0x27,0x27,0x27,0x27,0x27,0x27,0x27,0x27,0x27,0x27,0x27,0x27,0x27,0x27,0x27,
  0x27,0x27,0x27,0x27,0x27,0x27,0x27,0x27,0x27,0x27,0x27,0x27,0x27,0x27,0x27,0x27,0x28,0x29,0x2B,0x2B,0x2B,0x2B,0x2A,0x2A,0x29,0x29,0x29,0x29,0x29,0x2A,0x2A,0x2A,
  0x2B,0x19,0x18,0x18,0x18,0x18,0x19,0x1A,0x1A,0x1A,0x1A,0x1A,0x1A,0x1A,0x1B,0x1C,0x1C,0x1C,0x1C,0x1A,0x19,0x18,0x19,0x1A,0x1A,0x1A,0x1A,0x1A,0x1A,0x1A,0x1B,0x1C,
  0x1F,0x14,0x17,0x17,0x17,0x17,0x17,0x17,0x17,0x17,0x17,0x17,0x17,0x17,0x17,0x17,0x17,0x17,0x17,0x17,0x17,0x17,0x17,0x17,0x17,0x17,0x17,0x17,0x17,0x17,0x17,0x17,
  0x17,0x17,0x17,0x17,0x17,0x17,0x17,0x17,0x17,0x17,0x19,0x1F,0x1F,0x1F,0x1F,0x1F,0x18,0x19,0x1A,0x1A,0x1A,0x1A,0x1A,0x1A,0x1A,0x1B,0x1C,0x1C,0x1C,0x1C,0x1C,0x1C,
  0x27,0x27,0x27,0x36,0x35,0x38,0x37,0x36,0x37,0x38,0x27,0x38,0x27,0x27,0x27,0x25,0x25,0x25,0x25,0x25,0x25,0x25,0x25,0x25,0x25,0x25,0x25,0x61,0x26,0x26,0x26,0x26,
  0x26,0x26,0x26,0x26,0x26,0x26,0x26,0x26,0x26,0x26,0x26,0x26,0x26,0x26,0x26,0x26,0x26,0x26,0x26,0x26,0x26,0x26,0x60,0x27,0x27,0x27,0x27,0x27,0x27,0x27,0x27,0x27,
  0x27,0x27,0x27,0x27,0x27,0x27,0x27,0x27,0x27,0x27,0x27,0x27,0x27,0x27,0x27,0x27,0x27,0x27,0x27,0x27,0x27,0x27,0x27,0x27,0x28,0x29,0x29,0x29,0x29,0x29,0x29,0x29,
  0x2A,0x29,0x27,0x27,0x27,0x27,0x27,0x27,0x27,0x27,0x27,0x27,0x27,0x27,0x27,0x27,0x27,0x27,0x27,0x27,0x27,0x27,0x27,0x27,0x27,0x27,0x27,0x27,0x27,0x27,0x27,0x27,
  0x27,0x27,0x27,0x27,0x27,0x27,0x27,0x27,0x27,0x27,0x27,0x27,0x27,0x27,0x27,0x27,0x27,0x27,0x27,0x27,0x27,0x27,0x27,0x27,0x27,0x36,0x27,0x27,0x27,0x27,0x48,0x37,
  0x48,0x48,0x48,0x48,0x49,0x4A,0x4A,0x4A,0x4A,0x4A,0x4A,0x4A,0x4B,0x4C,0x4C,0x18,0x18,0x18,0x18,0x18,0x18,0x19,0x1A,0x1A,0x1A,0x1A,0x1A,0x1A,0x1A,0x1B,0x1C,0x1C,
  0x1C,0x1C,0x4D,0x3A,0x4F,0x4F,0x37,0x3A,0x4F,0x3B,0x37,0x3D,0x3E,0x39,0x3C,0x3F,0x3F,0x85,0x87,0x3F,0x4F,0x3F,0x3F,0x4A,0x4B,0x4A,0x4A,0x4B,0x4D,0x4C,0x4C,0x4C,
  0x4C,0x4C,0x27,0x27,0x27,0x27,0x27,0x27,0x27,0x27,0x27,0x27,0x27,0x27,0x27,0x27,0x27,0x27,0x27,0x27,0x27,0x27,0x27,0x27,0x27,0x27,0x27,0x27,0x27,0x27,0x27,0x27,
  0x27,0x27,0x27,0x27,0x27,0x27,0x27,0x27,0x27,0x27,0x27,0x27,0x27,0x27,0x27,0x27,0x27,0x27,0x27,0x27,0x27,0x27,0x27,0x27,0x27,0x27,0x27,0x27,0x27,0x27,0x27,0x27,
  0x27,0x27,0x27,0x29,0x2B,0x2B,0x2B,0x2A,0x2A,0x29,0x29,0x29,0x2A,0x2A,0x2B,0x2B,0x2B,0x1A,0x1A,0x18,0x18,0x18,0x19,0x1A,0x1A,0x1A,0x1A,0x1A,0x1A,0x1A,0x1B,0x1C,
  0x1C,0x1C,0x1B,0x1A,0x18,0x18,0x19,0x1A,0x1A,0x1A,0x1A,0x1A,0x1A,0x1A,0x1B,0x1C,0x1F,0x1F,0x18,0x18,0x1A,0x1C,0x1C,0x1C,0x1C,0x1C,0x1C,0x1C,0x1C,0x1C,0x1C,0x1C,
  0x1C,0x1C,0x1C,0x1C,0x1C,0x1C,0x1C,0x1C,0x1C,0x1C,0x1C,0x1C,0x1C,0x1C,0x1C,0x1C,0x1C,0x1C,0x1C,0x1C,0x1C,0x1C,0x1C,0x1C,0x1C,0x1C,0x1C,0x1F,0x1F,0x1F,0x1F,0x1F,
  0x18,0x19,0x1A,0x1A,0x1A,0x1A,0x1A,0x1A,0x1A,0x1B,0x1C,0x1C,0x1C,0x1C,0x1C,0x1C,0x34,0x34,0x35,0x35,0x36,0x37,0x38,0x37,0x37,0x37,0x37,0x38,0x38,0x39,0x26,0x25,
  0x25,0x25,0x25,0x25,0x25,0x25,0x25,0x25,0x25,0x25,0x25,0x26,0x26,0x26,0x26,0x26,0x26,0x26,0x26,0x26,0x26,0x26,0x26,0x26,0x26,0x26,0x26,0x26,0x26,0x26,0x26,0x26,
  0x26,0x26,0x26,0x26,0x26,0x26,0x26,0x27,0x27,0x27,0x27,0x27,0x27,0x27,0x27,0x27,0x27,0x27,0x27,0x27,0x27,0x27,0x27,0x27,0x27,0x27,0x27,0x27,0x27,0x27,0x27,0x27,
  0x27,0x27,0x27,0x27,0x27,0x27,0x27,0x27,0x27,0x29,0x29,0x29,0x29,0x29,0x29,0x29,0x2A,0x2B,0x27,0x27,0x27,0x27,0x27,0x27,0x27,0x27,0x27,0x27,0x27,0x27,0x27,0x27,
  0x27,0x27,0x27,0x27,0x27,0x27,0x27,0x27,0x27,0x27,0x27,0x27,0x27,0x27,0x27,0x27,0x27,0x27,0x27,0x27,0x27,0x27,0x27,0x27,0x27,0x27,0x27,0x27,0x27,0x27,0x27,0x27,
  0x27,0x27,0x27,0x27,0x27,0x27,0x36,0x35,0x36,0x37,0x36,0x37,0x37,0x27,0x37,0x38,0x48,0x48,0x48,0x48,0x49,0x4A,0x4A,0x4A,0x4A,0x4A,0x4A,0x4A,0x4B,0x4C,0x4C,0x18,
  0x18,0x18,0x18,0x18,0x18,0x19,0x1A,0x1A,0x1A,0x1A,0x1A,0x1A,0x1A,0x1B,0x1C,0x1C,0x1C,0x1C,0x48,0x4A,0x4E,0x4B,0x3A,0x4F,0x4F,0x4D,0x3A,0x3E,0x4F,0x3A,0x3D,0x4F,
  0x4F,0x4F,0x3F,0x3F,0x4F,0x4F,0x4F,0x4A,0x4A,0x4A,0x4A,0x4B,0x4C,0x4C,0x4C,0x4C,0x4C,0x2A,0x27,0x27,0x27,0x27,0x27,0x27,0x27,0x27,0x27,0x27,0x27,0x27,0x27,0x27,
  0x27,0x27,0x27,0x27,0x27,0x27,0x27,0x27,0x27,0x27,0x27,0x27,0x27,0x27,0x27,0x27,0x27,0x27,0x27,0x27,0x27,0x27,0x27,0x27,0x27,0x27,0x27,0x27,0x27,0x27,0x27,0x27,
  0x27,0x27,0x27,0x27,0x27,0x27,0x27,0x27,0x27,0x27,0x27,0x27,0x27,0x27,0x27,0x27,0x27,0x27,0x27,0x27,0x27,0x29,0x2B,0x2B,0x2A,0x2A,0x2A,0x2A,0x2A,0x2B,0x2B,0x2B,
  0x2B,0x2B,0x1A,0x19,0x19,0x18,0x19,0x1A,0x1A,0x1A,0x1A,0x1A,0x1A,0x1A,0x1B,0x1C,0x1C,0x1D,0x1A,0x19,0x18,0x18,0x19,0x1A,0x1A,0x1A,0x1A,0x1A,0x1A,0x1A,0x1B,0x1C,
  0x1F,0x1F,0x1F,0x1A,0x1C,0x1C,0x1C,0x1C,0x1C,0x1C,0x1C,0x1C,0x1C,0x1C,0x1C,0x1C,0x1C,0x1C,0x1C,0x1C,0x1C,0x1C,0x1C,0x1C,0x1C,0x1C,0x1C,0x1C,0x1C,0x1C,0x1C,0x1C,
  0x1C,0x1C,0x1C,0x1C,0x1C,0x1C,0x1C,0x1C,0x1C,0x1C,0x1C,0x1C,0x1F,0x1F,0x1F,0x1F,0x18,0x19,0x1A,0x1A,0x1A,0x1A,0x1A,0x1A,0x1A,0x1B,0x1C,0x1C,0x1C,0x1C,0x1C,0x1C,
  0x35,0x36,0x37,0x37,0x38,0x38,0x38,0x38,0x38,0x38,0x38,0x38,0x3A,0x3A,0x3A,0x3B,0x25,0x25,0x25,0x25,0x25,0x25,0x25,0x25,0x25,0x25,0x25,0x26,0x26,0x26,0x26,0x26,
  0x26,0x26,0x26,0x26,0x26,0x26,0x26,0x26,0x26,0x26,0x26,0x26,0x26,0x26,0x26,0x26,0x26,0x26,0x26,0x26,0x26,0x26,0x26,0x60,0x27,0x27,0x27,0x27,0x27,0x27,0x27,0x27,
  0x27,0x27,0x27,0x27,0x27,0x27,0x27,0x27,0x27,0x27,0x27,0x27,0x27,0x27,0x27,0x27,0x27,0x27,0x27,0x27,0x27,0x27,0x27,0x27,0x27,0x29,0x29,0x29,0x29,0x29,0x29,0x29,
  0x2A,0x2B,0x29,0x27,0x27,0x27,0x27,0x27,0x27,0x27,0x27,0x27,0x27,0x27,0x27,0x27,0x27,0x27,0x27,0x27,0x27,0x27,0x27,0x27,0x27,0x27,0x27,0x27,0x27,0x27,0x27,0x27,
  0x27,0x27,0x27,0x27,0x27,0x27,0x27,0x27,0x27,0x27,0x27,0x27,0x27,0x27,0x27,0x27,0x27,0x27,0x35,0x34,0x34,0x35,0x35,0x36,0x37,0x38,0x37,0x37,0x37,0x37,0x38,0x38,
  0x39,0x48,0x48,0x48,0x49,0x4A,0x4A,0x4A,0x4A,0x4A,0x4A,0x4A,0x4B,0x4C,0x4C,0x18,0x18,0x18,0x18,0x18,0x18,0x19,0x1A,0x1A,0x1A,0x1A,0x1A,0x1A,0x1A,0x1B,0x1C,0x1C,
  0x1C,0x1C,0x48,0x48,0x49,0x4A,0x49,0x4E,0x4C,0x4D,0x3C,0x4F,0x4F,0x4D,0x3D,0x4F,0x4E,0x4F,0x4D,0x4F,0x4F,0x4D,0x4D,0x4A,0x4A,0x4A,0x4A,0x4B,0x4C,0x4C,0x4C,0x4C,
  0x2A,0x27,0x27,0x27,0x27,0x27,0x27,0x27,0x27,0x27,0x27,0x27,0x27,0x27,0x27,0x27,0x27,0x27,0x27,0x27,0x27,0x27,0x27,0x27,0x27,0x27,0x27,0x27,0x27,0x27,0x27,0x27,
  0x27,0x27,0x27,0x27,0x27,0x27,0x27,0x27,0x27,0x27,0x27,0x27,0x27,0x27,0x27,0x27,0x27,0x27,0x27,0x27,0x27,0x27,0x27,0x27,0x27,0x27,0x27,0x27,0x27,0x27,0x27,0x27,
  0x27,0x27,0x27,0x27,0x27,0x27,0x27,0x29,0x2B,0x2B,0x2B,0x2B,0x2B,0x2B,0x2B,0x2B,0x2B,0x2B,0x1A,0x1A,0x19,0x19,0x1A,0x1A,0x1A,0x1A,0x1B,0x1B,0x1B,0x1B,0x1C,0x1E,
  0x1E,0x1B,0x1A,0x18,0x18,0x18,0x19,0x1A,0x1A,0x1A,0x1A,0x1A,0x1A,0x1A,0x1B,0x1C,0x1F,0x1F,0x1F,0x1C,0x1C,0x1C,0x1C,0x1C,0x1C,0x1C,0x1C,0x1C,0x1C,0x1C,0x1C,0x1C,
  0x1C,0x1C,0x1C,0x1C,0x1C,0x1C,0x1C,0x1C,0x1C,0x1C,0x1C,0x1C,0x1C,0x1C,0x1C,0x1C,0x1C,0x1C,0x1C,0x1C,0x1C,0x1C,0x1C,0x1C,0x1C,0x1C,0x1C,0x1C,0x1F,0x1F,0x1F,0x1F,
  0x18,0x19,0x1A,0x1A,0x1A,0x1A,0x1A,0x1A,0x1A,0x1B,0x1C,0x1C,0x1C,0x1C,0x1C,0x1C,0x37,0x39,0x37,0x38,0x38,0x39,0x39,0x39,0x3A,0x3A,0x3A,0x3A,0x3B,0x3B,0x3C,0x3D,
  0x3C,0x25,0x25,0x25,0x25,0x25,0x25,0x25,0x25,0x25,0x61,0x26,0x26,0x26,0x26,0x26,0x26,0x26,0x26,0x26,0x26,0x26,0x26,0x26,0x26,0x26,0x26,0x26,0x26,0x26,0x26,0x26,
  0x26,0x26,0x26,0x26,0x26,0x26,0x26,0x26,0x60,0x27,0x27,0x27,0x27,0x27,0x27,0x27,0x27,0x27,0x27,0x27,0x27,0x27,0x27,0x27,0x27,0x27,0x27,0x27,0x27,0x27,0x27,0x27,
  0x27,0x27,0x27,0x27,0x27,0x27,0x27,0x27,0x27,0x28,0x29,0x29,0x29,0x29,0x29,0x29,0x29,0x2A,0x2B,0x29,0x27,0x27,0x27,0x27,0x27,0x27,0x27,0x27,0x27,0x27,0x27,0x27,
  0x27,0x27,0x27,0x27,0x27,0x27,0x27,0x27,0x27,0x27,0x27,0x27,0x27,0x27,0x27,0x27,0x27,0x27,0x27,0x27,0x27,0x27,0x27,0x27,0x27,0x27,0x27,0x27,0x27,0x27,0x27,0x27,
  0x36,0x33,0x34,0x35,0x36,0x37,0x37,0x38,0x38,0x38,0x38,0x38,0x38,0x38,0x39,0x3A,0x3A,0x3A,0x3B,0x48,0x49,0x4A,0x4A,0x4A,0x4A,0x4A,0x4A,0x4A,0x4B,0x4C,0x4C,0x18,
  0x18,0x18,0x18,0x18,0x18,0x19,0x1A,0x1A,0x1A,0x1A,0x1A,0x1A,0x1A,0x1B,0x1C,0x1C,0x1C,0x1C,0x1C,0x49,0x48,0x49,0x49,0x49,0x4B,0x4B,0x4B,0x4F,0x4D,0x4D,0x4B,0x4F,
  0x4E,0x4D,0x4D,0x4C,0x4F,0x4D,0x4B,0x4A,0x4A,0x4A,0x4A,0x4B,0x4C,0x4D,0x4D,0x4D,0x28,0x27,0x27,0x27,0x27,0x27,0x27,0x27,0x27,0x27,0x27,0x27,0x27,0x27,0x27,0x27,
  0x27,0x27,0x27,0x27,0x27,0x27,0x27,0x27,0x27,0x27,0x27,0x27,0x27,0x27,0x27,0x27,0x27,0x27,0x27,0x27,0x27,0x27,0x27,0x27,0x27,0x27,0x27,0x27,0x27,0x27,0x27,0x27,
  0x27,0x27,0x27,0x27,0x27,0x27,0x27,0x27,0x27,0x27,0x27,0x27,0x27,0x27,0x27,0x27,0x27,0x27,0x27,0x27,0x27,0x27,0x27,0x27,0x29,0x2C,0x2B,0x2B,0x2B,0x2B,0x2B,0x2B,
  0x2B,0x2B,0x2C,0x1A,0x1A,0x1A,0x1B,0x1B,0x1B,0x1B,0x1B,0x1C,0x1C,0x1C,0x1C,0x1D,0x1D,0x1A,0x19,0x18,0x18,0x18,0x19,0x1A,0x1A,0x1A,0x1A,0x1A,0x1A,0x1A,0x1B,0x1C,
  0x1F,0x1F,0x10,0x10,0x12,0x12,0x12,0x12,0x12,0x12,0x12,0x12,0x12,0x12,0x18,0x1F,0x1F,0x1F,0x1F,0x1F,0x1F,0x1F,0x1F,0x1F,0x1F,0x1F,0x1F,0x1F,0x1F,0x18,0x10,0x12,
  0x12,0x12,0x12,0x12,0x12,0x12,0x12,0x12,0x12,0x12,0x12,0x12,0x1F,0x1F,0x1F,0x1F,0x18,0x19,0x1A,0x1A,0x1A,0x1A,0x1A,0x1A,0x1A,0x1B,0x1C,0x1C,0x1C,0x1C,0x1C,0x1C,
  0x39,0x35,0x39,0x3A,0x3B,0x37,0x39,0x3B,0x3B,0x38,0x39,0x3C,0x3B,0x3D,0x3E,0x3E,0x3E,0x3D,0x25,0x25,0x25,0x25,0x25,0x25,0x25,0x25,0x26,0x26,0x26,0x26,0x26,0x26,
  0x26,0x26,0x26,0x26,0x26,0x26,0x26,0x26,0x26,0x26,0x26,0x26,0x26,0x26,0x26,0x26,0x26,0x26,0x26,0x26,0x26,0x26,0x26,0x26,0x26,0x27,0x27,0x27,0x27,0x27,0x27,0x27,
  0x27,0x27,0x27,0x27,0x27,0x27,0x27,0x27,0x27,0x27,0x27,0x27,0x27,0x27,0x27,0x27,0x27,0x27,0x27,0x27,0x27,0x27,0x27,0x27,0x27,0x27,0x29,0x29,0x29,0x29,0x29,0x29,
  0x29,0x2A,0x2B,0x2B,0x27,0x27,0x27,0x27,0x27,0x27,0x27,0x27,0x27,0x27,0x27,0x27,0x27,0x27,0x27,0x27,0x27,0x27,0x27,0x27,0x27,0x27,0x27,0x27,0x27,0x27,0x27,0x27,
  0x27,0x27,0x27,0x27,0x27,0x27,0x27,0x27,0x27,0x27,0x27,0x27,0x27,0x27,0x27,0x34,0x38,0x37,0x36,0x37,0x39,0x37,0x38,0x38,0x39,0x39,0x39,0x3A,0x3A,0x3A,0x3A,0x3B,
  0x3B,0x3C,0x3D,0x3C,0x49,0x4A,0x4A,0x4A,0x4A,0x4A,0x4A,0x4A,0x4B,0x4C,0x4C,0x18,0x18,0x18,0x18,0x18,0x18,0x19,0x1A,0x1A,0x1A,0x1A,0x1A,0x1A,0x1A,0x1B,0x1C,0x1C,
  0x1C,0x1C,0x1C,0x49,0x4A,0x49,0x49,0x49,0x4A,0x4B,0x4B,0x4A,0x4C,0x4B,0x4B,0x4A,0x4E,0x4D,0x4C,0x4C,0x4C,0x4D,0x4B,0x4A,0x4A,0x4A,0x4A,0x4C,0x4E,0x4E,0x4E,0x2A,
  0x27,0x27,0x27,0x27,0x27,0x27,0x27,0x27,0x27,0x27,0x27,0x27,0x27,0x27,0x27,0x27,0x27,0x27,0x27,0x27,0x27,0x27,0x27,0x27,0x27,0x27,0x27,0x27,0x27,0x27,0x27,0x27,
  0x27,0x27,0x27,0x27,0x27,0x27,0x27,0x27,0x27,0x27,0x27,0x27,0x27,0x27,0x27,0x27,0x27,0x27,0x27,0x27,0x27,0x27,0x27,0x27,0x27,0x27,0x27,0x27,0x27,0x27,0x27,0x27,
  0x27,0x27,0x27,0x27,0x27,0x27,0x27,0x27,0x27,0x29,0x2C,0x2C,0x2B,0x2B,0x2B,0x2B,0x2C,0x2C,0x2C,0x2D,0x2D,0x1A,0x1A,0x1B,0x1C,0x1C,0x1C,0x1C,0x1D,0x1E,0x1D,0x1D,
  0x1F,0x1A,0x18,0x18,0x18,0x18,0x19,0x1A,0x1A,0x1A,0x1A,0x1A,0x1A,0x1A,0x1B,0x1C,0x1F,0x10,0x10,0x10,0x10,0x12,0x12,0x12,0x12,0x12,0x12,0x12,0x12,0x12,0x12,0x18,
  0x1F,0x1F,0x1F,0x1F,0x18,0x10,0x12,0x12,0x12,0x12,0x12,0x12,0x12,0x10,0x10,0x10,0x12,0x12,0x12,0x12,0x12,0x12,0x12,0x12,0x12,0x12,0x12,0x12,0x14,0x17,0x1F,0x1F,
  0x18,0x19,0x1A,0x1A,0x1A,0x1A,0x1A,0x1A,0x1A,0x1B,0x1C,0x1C,0x1C,0x1C,0x1C,0x1C,0x35,0x39,0x3A,0x3B,0x37,0x3A,0x3C,0x37,0x3C,0x3D,0x37,0x3C,0x3D,0x39,0x3E,0x3E,
  0x5F,0x3E,0x25,0x25,0x25,0x25,0x25,0x25,0x25,0x25,0x26,0x26,0x26,0x26,0x26,0x26,0x26,0x26,0x26,0x26,0x26,0x26,0x26,0x26,0x26,0x26,0x26,0x26,0x26,0x26,0x26,0x26,
  0x26,0x26,0x26,0x26,0x26,0x26,0x26,0x26,0x26,0x60,0x27,0x27,0x27,0x27,0x27,0x27,0x27,0x27,0x27,0x27,0x27,0x27,0x27,0x27,0x27,0x27,0x27,0x27,0x27,0x27,0x27,0x27,
  0x27,0x27,0x27,0x27,0x27,0x27,0x27,0x27,0x27,0x27,0x29,0x29,0x29,0x29,0x29,0x29,0x29,0x29,0x2A,0x2B,0x29,0x27,0x27,0x27,0x27,0x27,0x27,0x27,0x27,0x27,0x27,0x27,
  0x27,0x27,0x27,0x27,0x27,0x27,0x27,0x27,0x27,0x27,0x27,0x27,0x27,0x27,0x27,0x27,0x27,0x27,0x27,0x27,0x27,0x27,0x27,0x27,0x27,0x27,0x27,0x27,0x27,0x27,0x35,0x39,
  0x37,0x34,0x84,0x85,0x85,0x39,0x3A,0x3B,0x37,0x39,0x3B,0x3B,0x38,0x39,0x3C,0x3B,0x3D,0x3E,0x3E,0x3E,0x3D,0x4A,0x4A,0x4A,0x4A,0x4A,0x4A,0x4A,0x4B,0x4C,0x4C,0x18,
  0x18,0x18,0x18,0x18,0x18,0x19,0x1A,0x1A,0x1A,0x1A,0x1A,0x1A,0x1A,0x1B,0x1C,0x1C,0x1C,0x1C,0x1C,0x1C,0x4B,0x4B,0x49,0x49,0x4A,0x4B,0x4B,0x4B,0x4A,0x4B,0x4A,0x4A,
  0x4B,0x4D,0x4D,0x4D,0x4D,0x4B,0x4B,0x4A,0x4A,0x4B,0x4C,0x4E,0x4F,0x4F,0x2A,0x27,0x27,0x27,0x27,0x27,0x27,0x27,0x27,0x27,0x27,0x27,0x27,0x27,0x27,0x27,0x27,0x27,
  0x27,0x27,0x27,0x27,0x27,0x27,0x27,0x27,0x27,0x27,0x27,0x27,0x27,0x27,0x27,0x27,0x27,0x27,0x27,0x27,0x27,0x27,0x27,0x27,0x27,0x27,0x27,0x27,0x27,0x27,0x27,0x27,
  0x27,0x27,0x27,0x27,0x27,0x27,0x27,0x27,0x27,0x27,0x27,0x27,0x27,0x27,0x27,0x27,0x27,0x27,0x27,0x27,0x27,0x27,0x27,0x27,0x27,0x27,0x2A,0x2C,0x2C,0x2C,0x2C,0x2C,
  0x2C,0x2D,0x2D,0x2D,0x2D,0x2D,0x2D,0x1D,0x1C,0x1D,0x1D,0x1C,0x1C,0x1F,0x1F,0x1F,0x1B,0x1A,0x18,0x18,0x18,0x18,0x19,0x1A,0x1A,0x1A,0x1A,0x1A,0x1A,0x1A,0x1B,0x1C,
  0x1F,0x10,0x10,0x10,0x10,0x12,0x12,0x12,0x12,0x12,0x12,0x12,0x12,0x12,0x12,0x12,0x12,0x12,0x12,0x12,0x10,0x10,0x12,0x12,0x12,0x12,0x12,0x12,0x12,0x12,0x10,0x10,
  0x12,0x12,0x12,0x12,0x12,0x12,0x12,0x12,0x12,0x12,0x12,0x14,0x17,0x19,0x1C,0x1F,0x18,0x19,0x1A,0x1A,0x1A,0x1A,0x1A,0x1A,0x1A,0x1B,0x1C,0x1C,0x1C,0x1C,0x1C,0x1A,
  0x16,0x15,0x16,0x16,0x16,0x17,0x18,0x39,0x3C,0x3E,0x5F,0x38,0x3D,0x5F,0x5F,0x3E,0x5F,0x25,0x25,0x25,0x25,0x25,0x25,0x25,0x25,0x61,0x26,0x26,0x26,0x26,0x26,0x26,
  0x26,0x26,0x26,0x26,0x26,0x26,0x26,0x26,0x26,0x26,0x26,0x26,0x26,0x26,0x26,0x26,0x26,0x26,0x26,0x26,0x26,0x26,0x26,0x26,0x26,0x26,0x27,0x27,0x27,0x27,0x27,0x27,
  0x27,0x27,0x27,0x27,0x27,0x27,0x27,0x27,0x27,0x27,0x27,0x27,0x27,0x27,0x27,0x27,0x26,0x27,0x27,0x27,0x27,0x27,0x27,0x27,0x27,0x27,0x29,0x29,0x29,0x29,0x29,0x29,
  0x29,0x29,0x2A,0x2B,0x2B,0x29,0x27,0x27,0x27,0x27,0x27,0x27,0x27,0x27,0x27,0x27,0x27,0x27,0x27,0x27,0x27,0x27,0x27,0x27,0x27,0x27,0x27,0x27,0x27,0x27,0x27,0x27,
  0x27,0x27,0x27,0x27,0x27,0x27,0x27,0x27,0x27,0x27,0x27,0x27,0x27,0x27,0x38,0x4D,0x83,0x86,0x85,0x80,0x82,0x83,0x85,0x87,0x3A,0x3C,0x37,0x3C,0x3D,0x37,0x3C,0x3D,
  0x39,0x3E,0x3E,0x4F,0x3E,0x4A,0x4A,0x4A,0x4A,0x4A,0x4A,0x4A,0x4B,0x4C,0x4C,0x18,0x18,0x18,0x18,0x18,0x18,0x19,0x1A,0x1A,0x1A,0x1A,0x1A,0x1A,0x1A,0x1B,0x1C,0x1C,
  0x1C,0x1C,0x1C,0x1C,0x1F,0x4D,0x4C,0x4B,0x4B,0x4B,0x4B,0x4B,0x4A,0x4A,0x4A,0x4A,0x4C,0x4E,0x4E,0x4E,0x4F,0x4F,0x4C,0x4C,0x4C,0x4D,0x4D,0x4E,0x4F,0x2A,0x27,0x27,
  0x27,0x27,0x27,0x27,0x27,0x27,0x27,0x27,0x27,0x27,0x27,0x27,0x27,0x27,0x27,0x27,0x27,0x27,0x27,0x27,0x27,0x27,0x27,0x27,0x27,0x27,0x27,0x27,0x27,0x27,0x27,0x27,
  0x27,0x27,0x27,0x27,0x27,0x27,0x27,0x27,0x27,0x27,0x27,0x27,0x27,0x27,0x27,0x27,0x27,0x27,0x27,0x27,0x27,0x27,0x27,0x27,0x27,0x27,0x27,0x27,0x27,0x27,0x27,0x27,
  0x27,0x27,0x27,0x27,0x27,0x27,0x27,0x27,0x27,0x27,0x28,0x2D,0x2D,0x2D,0x2D,0x2D,0x2D,0x2D,0x2D,0x2D,0x2D,0x2D,0x2D,0x2D,0x2D,0x2D,0x1F,0x1F,0x1F,0x1F,0x1F,0x1F,
  0x1A,0x19,0x18,0x18,0x18,0x18,0x19,0x1A,0x1A,0x1A,0x1A,0x1A,0x1A,0x1A,0x1B,0x1C,0x1F,0x12,0x12,0x10,0x10,0x14,0x17,0x17,0x17,0x17,0x14,0x12,0x12,0x12,0x12,0x12,
  0x12,0x12,0x12,0x12,0x12,0x10,0x10,0x12,0x12,0x12,0x14,0x17,0x17,0x17,0x17,0x17,0x17,0x17,0x17,0x17,0x17,0x17,0x17,0x17,0x17,0x17,0x17,0x17,0x19,0x1C,0x1C,0x1C,
  0x18,0x19,0x1A,0x1A,0x1A,0x1A,0x1A,0x1A,0x1A,0x1B,0x1C,0x1C,0x1C,0x1C,0x19,0x16,0x17,0x17,0x17,0x18,0x19,0x19,0x19,0x1B,0x1C,0x5F,0x5F,0x5E,0x3E,0x5F,0x5E,0x5E,
  0x5F,0x25,0x25,0x25,0x25,0x25,0x25,0x25,0x25,0x26,0x26,0x26,0x26,0x26,0x26,0x26,0x26,0x26,0x26,0x26,0x26,0x26,0x26,0x26,0x26,0x26,0x26,0x26,0x26,0x26,0x26,0x26,
  0x26,0x26,0x26,0x26,0x26,0x26,0x26,0x26,0x26,0x26,0x60,0x27,0x27,0x27,0x27,0x27,0x27,0x27,0x27,0x27,0x27,0x27,0x27,0x27,0x27,0x27,0x27,0x27,0x27,0x27,0x27,0x27,
  0x25,0x27,0x27,0x27,0x27,0x27,0x27,0x27,0x27,0x27,0x29,0x29,0x29,0x29,0x29,0x29,0x29,0x29,0x29,0x2A,0x2B,0x2B,0x29,0x27,0x27,0x27,0x27,0x27,0x27,0x27,0x27,0x27,
  0x27,0x27,0x27,0x27,0x27,0x27,0x27,0x27,0x27,0x27,0x27,0x27,0x27,0x27,0x27,0x27,0x27,0x27,0x27,0x27,0x27,0x27,0x27,0x27,0x27,0x27,0x27,0x27,0x27,0x27,0x27,0x4D,
  0x85,0x87,0x3F,0x83,0x86,0x3F,0x87,0x87,0x3F,0x3E,0x39,0x3C,0x3E,0x4F,0x38,0x3D,0x4F,0x4F,0x3E,0x4F,0x49,0x4A,0x4A,0x4A,0x4A,0x4A,0x4A,0x4A,0x4B,0x4C,0x4C,0x18,
  0x18,0x18,0x18,0x18,0x18,0x19,0x1A,0x1A,0x1A,0x1A,0x1A,0x1A,0x1A,0x1B,0x1C,0x1C,0x1C,0x1C,0x1C,0x1C,0x1F,0x1F,0x1F,0x4D,0x4D,0x4D,0x4B,0x4B,0x4A,0x4A,0x4B,0x4C,
  0x4E,0x4F,0x4F,0x1F,0x1F,0x1F,0x1F,0x4D,0x4D,0x4D,0x4D,0x2A,0x28,0x27,0x27,0x27,0x27,0x27,0x27,0x27,0x27,0x27,0x27,0x27,0x27,0x27,0x27,0x27,0x27,0x27,0x27,0x27,
  0x27,0x27,0x27,0x27,0x27,0x27,0x27,0x27,0x27,0x27,0x27,0x27,0x27,0x27,0x27,0x27,0x27,0x27,0x27,0x27,0x27,0x27,0x27,0x27,0x27,0x27,0x27,0x27,0x27,0x27,0x27,0x27,
  0x27,0x27,0x27,0x27,0x27,0x27,0x27,0x27,0x27,0x27,0x27,0x27,0x27,0x27,0x27,0x27,0x27,0x27,0x27,0x27,0x27,0x27,0x27,0x27,0x27,0x27,0x27,0x2A,0x2D,0x2D,0x2D,0x2D,
  0x2D,0x2D,0x2D,0x2D,0x2D,0x2D,0x2D,0x2D,0x2D,0x2D,0x2D,0x2D,0x2D,0x1F,0x1F,0x1F,0x1A,0x18,0x18,0x18,0x18,0x18,0x19,0x1A,0x1A,0x1A,0x1A,0x1A,0x1A,0x1A,0x1B,0x1C,
  0x1F,0x12,0x12,0x12,0x14,0x17,0x17,0x17,0x17,0x17,0x17,0x17,0x17,0x14,0x12,0x12,0x12,0x12,0x12,0x12,0x12,0x14,0x17,0x17,0x17,0x17,0x17,0x17,0x17,0x17,0x17,0x17,
  0x17,0x17,0x17,0x17,0x17,0x17,0x17,0x17,0x17,0x17,0x17,0x17,0x1C,0x1C,0x1C,0x1C,0x18,0x19,0x1A,0x1A,0x1A,0x1A,0x1A,0x1A,0x1A,0x1B,0x1C,0x1A,0x17,0x16,0x17,0x17,
  0x18,0x18,0x19,0x19,0x19,0x1A,0x1A,0x1B,0x1C,0x1C,0x1C,0x5E,0x5B,0x5F,0x5E,0x5B,0x5B,0x25,0x25,0x25,0x25,0x25,0x25,0x25,0x25,0x26,0x26,0x26,0x26,0x26,0x26,0x26,
  0x26,0x26,0x26,0x26,0x26,0x26,0x26,0x26,0x26,0x26,0x26,0x26,0x26,0x26,0x26,0x26,0x26,0x26,0x26,0x26,0x26,0x26,0x26,0x26,0x26,0x26,0x26,0x27,0x27,0x27,0x27,0x27,
  0x27,0x27,0x27,0x27,0x27,0x27,0x27,0x27,0x27,0x27,0x27,0x27,0x27,0x27,0x27,0x26,0x25,0x60,0x27,0x27,0x27,0x27,0x27,0x27,0x27,0x28,0x29,0x29,0x29,0x29,0x29,0x29,
  0x29,0x29,0x29,0x29,0x2A,0x2B,0x2C,0x2A,0x27,0x27,0x27,0x27,0x27,0x27,0x27,0x27,0x27,0x27,0x27,0x27,0x27,0x27,0x27,0x27,0x27,0x27,0x27,0x27,0x27,0x27,0x27,0x27,
  0x27,0x27,0x27,0x27,0x27,0x27,0x27,0x27,0x27,0x27,0x27,0x27,0x27,0x27,0x27,0x48,0x4A,0x3F,0x3F,0x85,0x87,0x3F,0x4D,0x3F,0x3F,0x4F,0x3A,0x3D,0x4F,0x4F,0x4F,0x3E,
  0x4F,0x4F,0x4F,0x4F,0x49,0x4A,0x4A,0x4A,0x4A,0x4A,0x4A,0x4A,0x4B,0x4C,0x4C,0x18,0x18,0x18,0x18,0x18,0x18,0x19,0x1A,0x1A,0x1A,0x1A,0x1A,0x1A,0x1A,0x1B,0x1C,0x1C,
  0x1C,0x1C,0x1C,0x1C,0x1F,0x1F,0x1F,0x1F,0x1F,0x4F,0x4F,0x4C,0x4C,0x4C,0x4D,0x4D,0x4E,0x4F,0x1F,0x2A,0x28,0x27,0x27,0x27,0x27,0x27,0x27,0x27,0x27,0x27,0x27,0x27,
  0x27,0x27,0x27,0x27,0x27,0x27,0x27,0x27,0x27,0x27,0x27,0x27,0x27,0x27,0x27,0x27,0x27,0x27,0x27,0x27,0x27,0x27,0x27,0x27,0x27,0x27,0x27,0x27,0x27,0x27,0x27,0x27,
  0x27,0x27,0x27,0x27,0x27,0x27,0x27,0x27,0x27,0x27,0x27,0x27,0x27,0x27,0x27,0x27,0x27,0x27,0x27,0x27,0x27,0x27,0x27,0x27,0x27,0x27,0x27,0x27,0x27,0x27,0x27,0x27,
  0x27,0x27,0x27,0x27,0x27,0x27,0x27,0x27,0x27,0x27,0x27,0x28,0x2D,0x2D,0x2D,0x2D,0x2D,0x2D,0x2D,0x2D,0x2D,0x2D,0x2D,0x2D,0x2D,0x2D,0x2D,0x2D,0x2D,0x2D,0x2D,0x2D,
  0x19,0x18,0x18,0x18,0x18,0x18,0x19,0x1A,0x1A,0x1A,0x1A,0x1A,0x1A,0x1A,0x1B,0x1C,0x1F,0x12,0x12,0x12,0x17,0x17,0x17,0x17,0x17,0x17,0x17,0x17,0x17,0x17,0x17,0x17,
  0x17,0x17,0x17,0x17,0x17,0x17,0x4F,0x4F,0x19,0x17,0x17,0x19,0x4F,0x4F,0x4F,0x19,0x17,0x17,0x17,0x17,0x17,0x17,0x17,0x17,0x17,0x17,0x17,0x17,0x19,0x1C,0x1C,0x1C,
  0x18,0x19,0x1A,0x1A,0x1A,0x1A,0x1A,0x1A,0x1A,0x1B,0x1C,0x17,0x17,0x17,0x18,0x17,0x18,0x19,0x19,0x19,0x1A,0x1A,0x1A,0x1B,0x1B,0x1C,0x1C,0x1C,0x5B,0x5A,0x5E,0x5B,
  0x5A,0x25,0x25,0x25,0x25,0x25,0x25,0x25,0x61,0x26,0x26,0x26,0x26,0x26,0x26,0x26,0x26,0x26,0x26,0x26,0x26,0x26,0x26,0x26,0x26,0x26,0x26,0x26,0x26,0x26,0x26,0x26,
  0x26,0x26,0x26,0x26,0x26,0x26,0x26,0x26,0x26,0x26,0x26,0x60,0x27,0x27,0x27,0x27,0x27,0x27,0x27,0x27,0x27,0x27,0x27,0x27,0x27,0x27,0x27,0x27,0x27,0x27,0x27,0x25,
  0x25,0x26,0x27,0x27,0x27,0x27,0x27,0x27,0x27,0x29,0x29,0x29,0x29,0x29,0x29,0x29,0x29,0x29,0x29,0x29,0x2A,0x2B,0x2B,0x2C,0x2A,0x27,0x27,0x27,0x27,0x27,0x27,0x27,
  0x27,0x27,0x27,0x27,0x27,0x27,0x27,0x27,0x27,0x27,0x27,0x27,0x27,0x27,0x27,0x27,0x27,0x27,0x27,0x27,0x27,0x27,0x27,0x27,0x27,0x27,0x27,0x27,0x27,0x27,0x27,0x48,
  0x48,0x49,0x4A,0x49,0x3F,0x3F,0x4D,0x3C,0x4F,0x4F,0x4D,0x3D,0x4F,0x4E,0x4F,0x4D,0x4F,0x4F,0x4D,0x4D,0x49,0x4A,0x4A,0x4A,0x4A,0x4A,0x4A,0x4A,0x4B,0x4C,0x4C,0x18,
  0x18,0x18,0x18,0x18,0x18,0x19,0x1A,0x1A,0x1A,0x1A,0x1A,0x1A,0x1A,0x1B,0x1C,0x1C,0x1C,0x1C,0x1C,0x1C,0x1F,0x1F,0x1F,0x1F,0x2A,0x28,0x27,0x27,0x27,0x27,0x27,0x27,
  0x27,0x27,0x27,0x27,0x27,0x27,0x27,0x27,0x27,0x27,0x27,0x27,0x27,0x27,0x27,0x27,0x27,0x27,0x27,0x27,0x27,0x27,0x27,0x27,0x27,0x27,0x27,0x27,0x27,0x27,0x27,0x27,
  0x27,0x27,0x27,0x27,0x27,0x27,0x27,0x27,0x27,0x27,0x27,0x27,0x27,0x27,0x27,0x27,0x27,0x27,0x27,0x27,0x27,0x27,0x27,0x27,0x27,0x27,0x27,0x27,0x27,0x27,0x27,0x27,
  0x27,0x27,0x27,0x27,0x27,0x27,0x27,0x27,0x27,0x27,0x27,0x27,0x27,0x27,0x27,0x27,0x27,0x27,0x27,0x27,0x27,0x27,0x27,0x27,0x27,0x27,0x27,0x27,0x2A,0x2D,0x2D,0x2D,
  0x2D,0x2D,0x2D,0x2D,0x2D,0x2D,0x2D,0x2D,0x2D,0x2D,0x2D,0x2D,0x2D,0x2D,0x2D,0x2D,0x18,0x18,0x18,0x18,0x18,0x18,0x19,0x1A,0x1A,0x1A,0x1A,0x1A,0x1A,0x1A,0x1B,0x1C,
  0x1F,0x12,0x12,0x12,0x17,0x17,0x17,0x17,0x17,0x17,0x17,0x17,0x17,0x17,0x17,0x17,0x17,0x17,0x17,0x17,0x17,0x17,0x4F,0xC9,0xC9,0x4F,0x19,0x4F,0x4F,0xC9,0xC9,0xC9,
  0x17,0x17,0x17,0x17,0x17,0x17,0x17,0x17,0x17,0x17,0x17,0x17,0x17,0x1C,0x1C,0x1C,0x18,0x19,0x1A,0x1A,0x1A,0x1A,0x1A,0x1A,0x1A,0x1B,0x19,0x17,0x17,0x18,0x18,0x18,
  0x19,0x19,0x1A,0x1A,0x1A,0x1A,0x1A,0x1A,0x1B,0x1C,0x1C,0x1C,0x1C,0x5A,0x5A,0x5A,0x5A,0x25,0x25,0x25,0x25,0x25,0x25,0x25,0x26,0x26,0x26,0x26,0x26,0x26,0x26,0x26,
  0x26,0x26,0x26,0x26,0x26,0x26,0x26,0x26,0x26,0x26,0x26,0x26,0x26,0x26,0x26,0x26,0x26,0x26,0x26,0x26,0x26,0x26,0x26,0x26,0x26,0x26,0x26,0x26,0x60,0x27,0x27,0x27,
  0x27,0x27,0x27,0x27,0x27,0x27,0x27,0x27,0x27,0x27,0x27,0x27,0x27,0x27,0x27,0x25,0x61,0x26,0x60,0x27,0x27,0x27,0x27,0x27,0x27,0x29,0x29,0x29,0x29,0x29,0x29,0x29,
  0x29,0x29,0x29,0x29,0x29,0x2A,0x2B,0x2C,0x2C,0x2A,0x27,0x27,0x27,0x27,0x27,0x27,0x27,0x27,0x27,0x27,0x27,0x27,0x27,0x27,0x27,0x27,0x27,0x27,0x27,0x27,0x27,0x27,
  0x27,0x27,0x27,0x27,0x27,0x27,0x27,0x27,0x27,0x27,0x27,0x27,0x37,0x27,0x27,0x48,0x48,0x48,0x48,0x49,0x48,0x4B,0x4B,0x4B,0x4F,0x4D,0x4D,0x4B,0x4F,0x4E,0x4D,0x4D,
  0x4C,0x4F,0x4D,0x4C,0x49,0x4A,0x4A,0x4A,0x4A,0x4A,0x4A,0x4A,0x4B,0x4C,0x4C,0x18,0x18,0x18,0x18,0x18,0x18,0x19,0x1A,0x1A,0x1A,0x1A,0x1A,0x1A,0x1A,0x1B,0x1C,0x1C,
  0x1C,0x1C,0x1C,0x1C,0x1F,0x2A,0x28,0x27,0x27,0x27,0x27,0x27,0x27,0x27,0x27,0x27,0x27,0x27,0x27,0x27,0x27,0x27,0x27,0x27,0x27,0x27,0x27,0x27,0x27,0x27,0x27,0x27,
  0x27,0x27,0x27,0x27,0x27,0x27,0x27,0x27,0x27,0x27,0x27,0x27,0x27,0x27,0x27,0x27,0x27,0x27,0x27,0x27,0x27,0x27,0x27,0x27,0x27,0x27,0x27,0x27,0x27,0x27,0x27,0x27,
  0x27,0x27,0x27,0x27,0x27,0x27,0x27,0x27,0x27,0x27,0x27,0x27,0x27,0x27,0x27,0x27,0x27,0x27,0x27,0x27,0x27,0x27,0x27,0x27,0x27,0x27,0x27,0x27,0x27,0x27,0x27,0x27,
  0x27,0x27,0x27,0x27,0x27,0x27,0x27,0x27,0x27,0x27,0x27,0x27,0x27,0x2A,0x2D,0x2D,0x2D,0x2D,0x2D,0x2D,0x2D,0x2D,0x2D,0x2D,0x2D,0x2D,0x2D,0x2D,0x2D,0x2D,0x2D,0x2D,
  0x18,0x18,0x18,0x18,0x18,0x18,0x19,0x1A,0x1A,0x1A,0x1A,0x1A,0x1A,0x1A,0x1B,0x1C,0x1F,0x12,0x12,0x12,0x17,0x17,0x17,0x17,0x17,0x17,0x17,0x17,0x17,0x17,0x17,0x17,
  0x17,0x17,0x17,0x17,0x17,0x17,0x19,0xC9,0xC9,0xC9,0xC9,0x4F,0xC9,0xC9,0xC9,0xCC,0x4F,0x4F,0x4F,0x4F,0x4F,0x19,0x17,0x17,0x17,0x17,0x17,0x17,0x17,0x1C,0x1C,0x1C,
  0x18,0x19,0x1A,0x1A,0x1A,0x1A,0x1A,0x1A,0x1A,0x1B,0x17,0x17,0x18,0x18,0x18,0x18,0x19,0x19,0x1A,0x1A,0x1A,0x1A,0x1A,0x1A,0x1B,0x1C,0x1C,0x1C,0x1C,0x1C,0x5A,0x5A,
  0x5A,0x25,0x25,0x25,0x25,0x25,0x25,0x25,0x26,0x26,0x26,0x26,0x26,0x26,0x26,0x26,0x26,0x26,0x26,0x26,0x26,0x26,0x26,0x26,0x26,0x26,0x26,0x26,0x26,0x26,0x26,0x26,
  0x26,0x26,0x26,0x26,0x26,0x26,0x26,0x26,0x26,0x26,0x26,0x26,0x26,0x27,0x27,0x27,0x27,0x27,0x27,0x27,0x27,0x27,0x27,0x27,0x27,0x27,0x27,0x27,0x27,0x27,0x26,0x25,
  0x26,0x26,0x26,0x27,0x27,0x27,0x27,0x27,0x27,0x29,0x29,0x29,0x29,0x29,0x29,0x29,0x29,0x29,0x29,0x29,0x29,0x2A,0x2B,0x2C,0x2C,0x2C,0x2A,0x27,0x27,0x27,0x27,0x27,
  0x27,0x27,0x27,0x27,0x27,0x27,0x27,0x27,0x27,0x27,0x27,0x27,0x27,0x27,0x27,0x27,0x27,0x27,0x27,0x27,0x27,0x27,0x27,0x27,0x27,0x27,0x27,0x27,0x27,0x37,0x27,0x48,
  0x48,0x48,0x48,0x48,0x48,0x49,0x4B,0x4A,0x4A,0x4C,0x4B,0x4B,0x4A,0x4E,0x4D,0x4C,0x4C,0x4C,0x4D,0x4C,0x49,0x4A,0x4A,0x4A,0x4A,0x4A,0x4A,0x4A,0x4B,0x4C,0x4C,0x18,
  0x18,0x18,0x18,0x18,0x18,0x19,0x1A,0x1A,0x1A,0x1A,0x1A,0x1A,0x1A,0x1B,0x1C,0x1C,0x1C,0x1C,0x1C,0x1C,0x2A,0x28,0x27,0x27,0x27,0x27,0x27,0x27,0x27,0x27,0x27,0x27,
  0x27,0x27,0x27,0x27,0x27,0x27,0x27,0x27,0x27,0x27,0x27,0x27,0x27,0x27,0x27,0x27,0x27,0x27,0x27,0x27,0x27,0x27,0x27,0x27,0x27,0x27,0x27,0x27,0x27,0x27,0x27,0x27,
  0x27,0x27,0x27,0x27,0x27,0x27,0x27,0x27,0x27,0x27,0x27,0x27,0x27,0x27,0x27,0x27,0x27,0x27,0x27,0x27,0x27,0x27,0x27,0x27,0x27,0x27,0x27,0x27,0x27,0x27,0x27,0x27,
  0x27,0x27,0x27,0x27,0x27,0x27,0x27,0x27,0x27,0x27,0x27,0x27,0x27,0x27,0x27,0x27,0x27,0x27,0x27,0x27,0x27,0x27,0x27,0x27,0x27,0x27,0x27,0x27,0x27,0x27,0x2A,0x2D,
  0x2D,0x2D,0x2D,0x2D,0x2D,0x2D,0x2D,0x2D,0x2D,0x2D,0x2D,0x2D,0x2D,0x2D,0x2D,0x2D,0x18,0x18,0x18,0x18,0x18,0x18,0x19,0x1A,0x1A,0x1A,0x1A,0x1A,0x1A,0x1A,0x1B,0x1C,
  0x1F,0x12,0x12,0x12,0x17,0x17,0x17,0x17,0x17,0x17,0x17,0x17,0x17,0x17,0x17,0x17,0x17,0x17,0x17,0x17,0x17,0x17,0x17,0x19,0x4F,0xC9,0xC9,0x4F,0xC9,0xC9,0xCC,0x4F,
  0x4F,0x27,0x27,0x27,0x27,0x27,0x17,0x17,0x17,0x17,0x17,0x17,0x17,0x1C,0x1C,0x1C,0x18,0x19,0x1A,0x1A,0x1A,0x1A,0x1A,0x1A,0x1A,0x1A,0x17,0x18,0x18,0x18,0x18,0x19,
  0x19,0x1A,0x1A,0x1A,0x1A,0x1A,0x1A,0x1B,0x1B,0x1C,0x1C,0x1C,0x1C,0x1C,0x5A,0x5A,0x5A,0x25,0x25,0x25,0x25,0x25,0x25,0x25,0x26,0x26,0x26,0x26,0x26,0x26,0x26,0x26,
  0x26,0x26,0x26,0x26,0x26,0x26,0x26,0x26,0x26,0x26,0x26,0x26,0x26,0x26,0x26,0x26,0x26,0x26,0x26,0x26,0x26,0x26,0x26,0x26,0x26,0x26,0x26,0x26,0x26,0x60,0x27,0x27,
  0x27,0x27,0x27,0x27,0x27,0x27,0x27,0x27,0x27,0x27,0x27,0x27,0x27,0x27,0x25,0x25,0x26,0x26,0x26,0x27,0x27,0x27,0x27,0x27,0x28,0x29,0x29,0x29,0x29,0x29,0x29,0x29,
  0x29,0x29,0x29,0x29,0x29,0x2A,0x2B,0x2C,0x2C,0x2C,0x2C,0x2C,0x2A,0x27,0x27,0x27,0x27,0x27,0x27,0x27,0x27,0x27,0x27,0x27,0x27,0x27,0x27,0x27,0x27,0x27,0x27,0x27,
  0x27,0x27,0x27,0x27,0x27,0x27,0x27,0x27,0x27,0x27,0x27,0x27,0x27,0x38,0x27,0x48,0x48,0x48,0x48,0x48,0x48,0x49,0x4A,0x4A,0x4A,0x4A,0x4B,0x4A,0x4A,0x4B,0x4D,0x4C,
  0x4C,0x4C,0x4C,0x4C,0x49,0x4A,0x4A,0x4A,0x4A,0x4A,0x4A,0x4A,0x4B,0x4C,0x4C,0x18,0x18,0x18,0x18,0x18,0x18,0x19,0x1A,0x1A,0x1A,0x1A,0x1A,0x1A,0x1A,0x1B,0x1C,0x1C,
  0x1C,0x1C,0x1C,0x1D,0x28,0x27,0x27,0x27,0x27,0x27,0x27,0x27,0x27,0x27,0x27,0x27,0x27,0x27,0x27,0x27,0x27,0x27,0x27,0x27,0x27,0x27,0x27,0x27,0x27,0x27,0x27,0x27,
  0x27,0x27,0x27,0x27,0x27,0x27,0x27,0x27,0x27,0x27,0x27,0x27,0x27,0x27,0x27,0x27,0x27,0x27,0x27,0x27,0x27,0x27,0x27,0x27,0x27,0x27,0x27,0x27,0x27,0x27,0x27,0x27,
  0x27,0x27,0x27,0x27,0x27,0x27,0x27,0x27,0x27,0x27,0x27,0x27,0x27,0x27,0x27,0x27,0x27,0x27,0x27,0x27,0x27,0x27,0x27,0x27,0x27,0x27,0x27,0x27,0x27,0x27,0x27,0x27,
  0x27,0x27,0x27,0x27,0x27,0x27,0x27,0x27,0x27,0x27,0x27,0x27,0x27,0x27,0x27,0x28,0x2A,0x2D,0x2D,0x2D,0x2D,0x2D,0x2D,0x2D,0x2D,0x2D,0x2D,0x2D,0x2D,0x2D,0x2D,0x2D,
  0x18,0x18,0x18,0x18,0x18,0x18,0x19,0x1A,0x1A,0x1A,0x1A,0x1A,0x1A,0x1A,0x1B,0x1C,0x1F,0x12,0x12,0x12,0x17,0x17,0x17,0x17,0x17,0x17,0x17,0x17,0x17,0x17,0x17,0x17,
  0x17,0x17,0x17,0x17,0x19,0x4F,0x4F,0x4F,0x4F,0xCA,0xCA,0x27,0xC9,0xC9,0x27,0x27,0x27,0x27,0x27,0x27,0x17,0x17,0x17,0x17,0x17,0x17,0x17,0x17,0x17,0x1C,0x1C,0x1C,
  0x18,0x19,0x1A,0x1A,0x1A,0x1A,0x1A,0x1A,0x1A,0x17,0x18,0x18,0x18,0x18,0x18,0x19,0x19,0x1A,0x1A,0x1A,0x1A,0x1A,0x1A,0x1B,0x1C,0x1C,0x1C,0x1C,0x1C,0x1C,0x5A,0x5A,
  0x5A,0x25,0x25,0x25,0x25,0x25,0x25,0x61,0x26,0x26,0x26,0x26,0x26,0x26,0x26,0x26,0x26,0x26,0x26,0x26,0x26,0x26,0x26,0x26,0x26,0x26,0x26,0x26,0x26,0x26,0x26,0x26,
  0x26,0x26,0x26,0x26,0x26,0x26,0x26,0x26,0x26,0x26,0x26,0x26,0x26,0x26,0x27,0x27,0x27,0x27,0x27,0x27,0x27,0x27,0x27,0x27,0x27,0x27,0x27,0x27,0x27,0x26,0x25,0x25,
  0x26,0x26,0x26,0x60,0x27,0x27,0x27,0x27,0x29,0x29,0x29,0x29,0x29,0x29,0x29,0x29,0x29,0x29,0x29,0x29,0x2A,0x2B,0x2B,0x2C,0x2C,0x2C,0x2C,0x2C,0x2C,0x2C,0x2A,0x27,
  0x27,0x27,0x27,0x27,0x27,0x27,0x27,0x27,0x27,0x27,0x27,0x27,0x27,0x27,0x27,0x27,0x27,0x27,0x27,0x27,0x27,0x27,0x27,0x27,0x27,0x27,0x27,0x27,0x27,0x38,0x38,0x48,
  0x48,0x48,0x48,0x48,0x48,0x49,0x4A,0x4A,0x4A,0x4A,0x4A,0x4A,0x4A,0x4B,0x4C,0x4C,0x4C,0x4C,0x4C,0x4C,0x49,0x4A,0x4A,0x4A,0x4A,0x4A,0x4A,0x4A,0x4B,0x4C,0x4C,0x4C,
  0x19,0x18,0x18,0x18,0x18,0x19,0x1A,0x1A,0x1A,0x1A,0x1A,0x1A,0x1A,0x1B,0x1C,0x1C,0x1C,0x1C,0x1D,0x2A,0x27,0x27,0x27,0x27,0x27,0x27,0x27,0x27,0x27,0x27,0x27,0x27,
  0x27,0x27,0x27,0x27,0x27,0x27,0x27,0x27,0x27,0x27,0x27,0x27,0x27,0x27,0x27,0x27,0x27,0x27,0x27,0x27,0x27,0x27,0x27,0x27,0x27,0x27,0x27,0x27,0x27,0x27,0x27,0x27,
  0x27,0x27,0x27,0x27,0x27,0x27,0x27,0x27,0x27,0x27,0x27,0x27,0x27,0x27,0x27,0x27,0x27,0x27,0x27,0x27,0x27,0x27,0x27,0x27,0x27,0x27,0x27,0x27,0x27,0x27,0x27,0x27,
  0x27,0x27,0x27,0x27,0x27,0x27,0x27,0x27,0x27,0x27,0x27,0x27,0x27,0x27,0x27,0x27,0x27,0x27,0x27,0x27,0x27,0x27,0x27,0x27,0x27,0x27,0x27,0x27,0x27,0x27,0x27,0x27,
  0x27,0x27,0x28,0x2A,0x2D,0x2D,0x2D,0x2D,0x2D,0x2D,0x2D,0x2D,0x2D,0x2D,0x2D,0x2D,0x18,0x18,0x18,0x18,0x18,0x18,0x19,0x1A,0x1A,0x1A,0x1A,0x1A,0x1A,0x1A,0x1B,0x1C,
  0x1F,0x12,0x12,0x12,0x17,0x17,0x17,0x17,0x17,0x17,0x17,0x17,0x17,0x17,0x17,0x17,0x17,0x17,0x19,0x4F,0x4F,0x4F,0x27,0x27,0x27,0xCC,0xCC,0x27,0xC9,0xCA,0x27,0x27,
  0x27,0x27,0x27,0x4F,0x4F,0x4F,0x4F,0x4F,0x4F,0x19,0x17,0x17,0x17,0x1C,0x1C,0x1C,0x18,0x19,0x1A,0x1A,0x1A,0x1A,0x1A,0x1A,0x1A,0x18,0x18,0x18,0x18,0x18,0x18,0x19,
  0x1A,0x1A,0x1A,0x1A,0x1A,0x1A,0x1A,0x1B,0x1C,0x1C,0x1C,0x1C,0x1C,0x1C,0x5A,0x5A,0x5A,0x25,0x25,0x25,0x25,0x25,0x25,0x26,0x26,0x26,0x26,0x26,0x26,0x26,0x26,0x26,
  0x26,0x26,0x26,0x26,0x26,0x26,0x26,0x26,0x26,0x26,0x26,0x26,0x26,0x26,0x26,0x26,0x26,0x26,0x26,0x26,0x26,0x26,0x26,0x26,0x26,0x26,0x26,0x26,0x26,0x26,0x60,0x27,
  0x27,0x27,0x27,0x27,0x27,0x27,0x27,0x27,0x27,0x27,0x27,0x27,0x27,0x25,0x25,0x61,0x26,0x26,0x26,0x26,0x27,0x27,0x27,0x28,0x29,0x29,0x29,0x29,0x29,0x29,0x29,0x29,
  0x29,0x29,0x29,0x14,0x14,0x14,0x14,0x14,0x14,0x15,0x15,0x15,0x2C,0x2C,0x2C,0x2C,0x2A,0x27,0x27,0x27,0x27,0x27,0x27,0x27,0x27,0x27,0x27,0x27,0x27,0x27,0x27,0x27,
  0x27,0x27,0x27,0x27,0x27,0x27,0x27,0x27,0x27,0x27,0x39,0x38,0x27,0x27,0x38,0x48,0x48,0x48,0x48,0x48,0x48,0x49,0x4A,0x4A,0x4A,0x4A,0x4A,0x4A,0x4A,0x4B,0x4C,0x4C,
  0x4C,0x4C,0x4C,0x4C,0x49,0x4A,0x4A,0x4A,0x4A,0x4A,0x4A,0x4A,0x4B,0x4C,0x4C,0x4C,0x1A,0x1A,0x18,0x18,0x18,0x19,0x1A,0x1A,0x1A,0x1A,0x1A,0x1A,0x1A,0x1B,0x1C,0x1C,
  0x1C,0x1D,0x2A,0x28,0x27,0x27,0x27,0x27,0x27,0x27,0x27,0x27,0x27,0x27,0x27,0x27,0x27,0x27,0x27,0x27,0x27,0x27,0x27,0x27,0x27,0x27,0x27,0x27,0x27,0x27,0x27,0x27,
  0x27,0x27,0x27,0x27,0x27,0x27,0x27,0x27,0x27,0x27,0x27,0x27,0x27,0x27,0x27,0x27,0x27,0x27,0x27,0x27,0x27,0x27,0x27,0x27,0x27,0x27,0x27,0x27,0x27,0x27,0x27,0x27,
  0x27,0x27,0x27,0x27,0x27,0x27,0x27,0x27,0x27,0x27,0x27,0x27,0x27,0x27,0x27,0x27,0x27,0x27,0x27,0x27,0x27,0x27,0x27,0x27,0x27,0x27,0x27,0x27,0x27,0x27,0x27,0x27,
  0x27,0x27,0x27,0x27,0x27,0x27,0x27,0x27,0x27,0x27,0x27,0x27,0x27,0x27,0x27,0x27,0x27,0x27,0x27,0x27,0x28,0x2A,0x2D,0x2D,0x2D,0x2D,0x2D,0x2D,0x2D,0x2D,0x2D,0x2D,
  0x18,0x18,0x18,0x18,0x18,0x18,0x19,0x1A,0x1A,0x1A,0x1A,0x1A,0x1A,0x1A,0x1B,0x1C,0x1F,0x12,0x12,0x12,0x17,0x17,0x17,0x17,0x17,0x17,0x17,0x17,0x17,0x17,0x17,0x17,
  0x19,0x4F,0x4F,0x4F,0x27,0x27,0x27,0x27,0x27,0xC9,0xC9,0xCA,0xCA,0xCA,0xCC,0x27,0x27,0x27,0x27,0x27,0x27,0x27,0x27,0x27,0x27,0x27,0x17,0x17,0x17,0x1C,0x1C,0x1C,
  0x18,0x19,0x1A,0x1A,0x1A,0x1A,0x1A,0x1A,0x1A,0x18,0x18,0x18,0x18,0x18,0x18,0x19,0x1A,0x1A,0x1A,0x1A,0x1A,0x1A,0x1A,0x1B,0x1C,0x1C,0x1C,0x1C,0x1C,0x1C,0x5A,0x5A,
  0x5A,0x25,0x25,0x25,0x25,0x25,0x25,0x26,0x26,0x26,0x26,0x26,0x26,0x26,0x26,0x26,0x26,0x26,0x26,0x26,0x26,0x26,0x26,0x26,0x26,0x26,0x26,0x26,0x26,0x26,0x26,0x26,
  0x26,0x26,0x26,0x26,0x26,0x26,0x26,0x26,0x26,0x26,0x26,0x26,0x26,0x26,0x26,0x60,0x27,0x27,0x27,0x27,0x27,0x27,0x27,0x27,0x27,0x27,0x27,0x27,0x26,0x25,0x25,0x26,
  0x26,0x26,0x26,0x26,0x60,0x27,0x28,0x29,0x29,0x29,0x29,0x29,0x29,0x29,0x29,0x29,0x29,0x15,0x14,0x18,0x18,0x18,0x18,0x17,0x17,0x17,0x16,0x16,0x15,0x15,0x2C,0x2C,
  0x2C,0x2C,0x2C,0x2A,0x27,0x27,0x27,0x27,0x27,0x27,0x27,0x27,0x27,0x27,0x27,0x27,0x27,0x27,0x36,0x35,0x36,0x36,0x36,0x37,0x37,0x27,0x27,0x27,0x39,0x27,0x39,0x48,
  0x48,0x48,0x48,0x48,0x48,0x49,0x4A,0x4A,0x4A,0x4A,0x4A,0x4A,0x4A,0x4B,0x4C,0x4C,0x4C,0x4C,0x4C,0x4C,0x14,0x14,0x14,0x14,0x14,0x14,0x15,0x15,0x15,0x4C,0x4C,0x4C,
  0x4C,0x1A,0x19,0x19,0x18,0x19,0x1A,0x1A,0x1A,0x1A,0x1A,0x1A,0x1A,0x1B,0x1C,0x1C,0x1D,0x1D,0x28,0x27,0x27,0x27,0x27,0x27,0x27,0x27,0x27,0x27,0x27,0x27,0x27,0x27,
  0x27,0x27,0x27,0x27,0x27,0x27,0x27,0x27,0x27,0x27,0x27,0x27,0x27,0x27,0x27,0x27,0x27,0x27,0x27,0x27,0x27,0x27,0x27,0x27,0x27,0x27,0x27,0x27,0x27,0x27,0x27,0x27,
  0x27,0x27,0x27,0x27,0x27,0x27,0x27,0x27,0x27,0x27,0x27,0x27,0x27,0x27,0x27,0x27,0x27,0x27,0x27,0x27,0x27,0x27,0x27,0x27,0x27,0x27,0x27,0x27,0x27,0x27,0x27,0x27,
  0x27,0x27,0x27,0x27,0x27,0x27,0x27,0x27,0x27,0x27,0x27,0x27,0x27,0x27,0x27,0x27,0x27,0x27,0x27,0x27,0x27,0x27,0x27,0x27,0x27,0x27,0x27,0x27,0x27,0x27,0x27,0x27,
  0x27,0x27,0x27,0x27,0x27,0x27,0x2A,0x2D,0x2D,0x2D,0x2D,0x2D,0x2D,0x2D,0x2D,0x2D,0x18,0x18,0x18,0x18,0x18,0x18,0x19,0x1A,0x1A,0x1A,0x1A,0x1A,0x1A,0x1A,0x1B,0x1C,
  0x1F,0x12,0x12,0x12,0x17,0x17,0x17,0x17,0x17,0x17,0x17,0x17,0x17,0x17,0x19,0x4F,0x4F,0x4F,0x27,0x27,0x27,0x27,0x27,0x27,0xC9,0xC8,0xC8,0xC8,0xC8,0xCA,0xCC,0xCC,
  0x27,0x27,0x27,0x27,0x27,0x27,0x27,0x27,0x17,0x17,0x17,0x17,0x17,0x1C,0x1C,0x1C,0x18,0x19,0x1A,0x1A,0x1A,0x1A,0x1A,0x1A,0x1A,0x18,0x18,0x18,0x18,0x18,0x18,0x19,
  0x1A,0x1A,0x1A,0x1A,0x1A,0x1A,0x1A,0x1B,0x1C,0x1C,0x1C,0x1C,0x1C,0x1C,0x5A,0x5A,0x5A,0x25,0x25,0x25,0x25,0x25,0x61,0x26,0x26,0x26,0x26,0x26,0x26,0x26,0x26,0x26,
  0x26,0x26,0x26,0x26,0x26,0x26,0x26,0x26,0x26,0x26,0x26,0x26,0x26,0x26,0x26,0x26,0x26,0x26,0x26,0x26,0x26,0x26,0x26,0x26,0x26,0x26,0x26,0x26,0x26,0x26,0x26,0x26,
  0x27,0x27,0x27,0x27,0x27,0x27,0x27,0x27,0x27,0x27,0x27,0x27,0x25,0x25,0x25,0x26,0x26,0x26,0x26,0x26,0x26,0x28,0x29,0x29,0x29,0x29,0x29,0x29,0x29,0x29,0x29,0x16,
  0x15,0x18,0x18,0x17,0x17,0x17,0x16,0x16,0x16,0x16,0x16,0x16,0x16,0x16,0x15,0x16,0x2C,0x14,0x14,0x14,0x14,0x14,0x14,0x15,0x15,0x15,0x15,0x27,0x27,0x27,0x35,0x34,
  0x34,0x35,0x35,0x36,0x37,0x37,0x37,0x37,0x37,0x37,0x37,0x38,0x39,0x39,0x39,0x48,0x48,0x48,0x48,0x48,0x48,0x49,0x4A,0x4A,0x4A,0x4A,0x4A,0x4A,0x4A,0x4B,0x4C,0x4C,
  0x4C,0x4C,0x15,0x14,0x18,0x18,0x18,0x18,0x17,0x17,0x17,0x16,0x16,0x15,0x15,0x4C,0x4C,0x1A,0x1A,0x19,0x19,0x1A,0x1A,0x1A,0x1A,0x1B,0x1B,0x1B,0x1B,0x1C,0x1E,0x1E,
  0x1D,0x2A,0x27,0x27,0x27,0x27,0x27,0x27,0x27,0x27,0x27,0x27,0x27,0x27,0x27,0x27,0x27,0x27,0x27,0x27,0x27,0x27,0x27,0x27,0x27,0x27,0x27,0x27,0x27,0x27,0x27,0x27,
  0x27,0x27,0x27,0x27,0x27,0x27,0x27,0x27,0x27,0x27,0x27,0x27,0x27,0x27,0x27,0x27,0x27,0x27,0x27,0x27,0x27,0x27,0x27,0x27,0x27,0x27,0x27,0x27,0x27,0x27,0x27,0x27,
  0x27,0x27,0x27,0x27,0x27,0x27,0x27,0x27,0x27,0x27,0x27,0x27,0x27,0x27,0x27,0x27,0x27,0x27,0x27,0x27,0x27,0x27,0x27,0x27,0x27,0x27,0x27,0x27,0x27,0x27,0x27,0x27,
  0x27,0x27,0x27,0x27,0x27,0x27,0x27,0x27,0x27,0x27,0x27,0x27,0x27,0x27,0x27,0x27,0x27,0x27,0x27,0x27,0x27,0x27,0x28,0x2D,0x2D,0x2D,0x2D,0x2D,0x2D,0x2D,0x2D,0x2D,
  0x18,0x18,0x18,0x18,0x18,0x18,0x19,0x1A,0x1A,0x1A,0x1A,0x1A,0x1A,0x1A,0x1B,0x1C,0x18,0x12,0x12,0x12,0x17,0x17,0x17,0x17,0x17,0x17,0x17,0x17,0x17,0x19,0x4F,0x4F,
  0x27,0x27,0x27,0x27,0x27,0x27,0x27,0xC9,0xC8,0xCE,0xC8,0xCE,0xC8,0xC9,0xCA,0xCC,0x27,0x27,0x27,0x27,0x27,0x27,0x27,0x17,0x17,0x17,0x17,0x17,0x17,0x1C,0x1C,0x1C,
  0x18,0x19,0x1A,0x1A,0x1A,0x1A,0x1A,0x1A,0x1A,0x18,0x18,0x18,0x18,0x18,0x18,0x19,0x1A,0x1A,0x1A,0x1A,0x1A,0x1A,0x1A,0x1B,0x1C,0x1C,0x1C,0x1C,0x1C,0x1C,0x5A,0x5A,
  0x5A,0x25,0x25,0x25,0x36,0x35,0x36,0x36,0x36,0x37,0x37,0x26,0x26,0x26,0x26,0x26,0x26,0x26,0x26,0x26,0x26,0x26,0x26,0x26,0x26,0x26,0x26,0x26,0x26,0x26,0x26,0x26,
  0x26,0x26,0x26,0x26,0x26,0x26,0x26,0x26,0x26,0x26,0x26,0x26,0x26,0x26,0x26,0x26,0x60,0x27,0x27,0x27,0x27,0x27,0x27,0x27,0x27,0x27,0x27,0x26,0x25,0x25,0x25,0x26,
  0x26,0x26,0x26,0x28,0x29,0x29,0x29,0x18,0x18,0x17,0x17,0x15,0x15,0x17,0x17,0x17,0x17,0x17,0x16,0x16,0x16,0x16,0x16,0x16,0x16,0x16,0x16,0x16,0x16,0x16,0x15,0x15,
  0x14,0x18,0x18,0x18,0x18,0x17,0x17,0x17,0x16,0x16,0x15,0x15,0x36,0x33,0x34,0x35,0x36,0x37,0x37,0x38,0x38,0x38,0x38,0x38,0x38,0x38,0x39,0x3A,0x3A,0x3A,0x3B,0x48,
  0x48,0x48,0x48,0x14,0x14,0x14,0x14,0x14,0x14,0x15,0x15,0x15,0x4A,0x4B,0x4C,0x4C,0x16,0x15,0x18,0x18,0x17,0x17,0x17,0x16,0x16,0x16,0x16,0x16,0x16,0x16,0x16,0x15,
  0x16,0x4C,0x1A,0x1A,0x1A,0x1B,0x1B,0x1B,0x1B,0x1B,0x1C,0x1C,0x1C,0x1C,0x1D,0x1D,0x2A,0x27,0x27,0x27,0x27,0x27,0x27,0x27,0x27,0x27,0x27,0x27,0x27,0x27,0x27,0x27,
  0x27,0x27,0x27,0x27,0x27,0x27,0x27,0x27,0x27,0x27,0x27,0x27,0x27,0x27,0x27,0x27,0x27,0x27,0x27,0x27,0x27,0x27,0x27,0x27,0x27,0x27,0x27,0x27,0x27,0x27,0x27,0x27,
  0x27,0x27,0x27,0x27,0x27,0x27,0x27,0x27,0x27,0x27,0x27,0x27,0x27,0x27,0x27,0x27,0x27,0x27,0x27,0x27,0x27,0x27,0x27,0x27,0x27,0x27,0x27,0x27,0x27,0x27,0x27,0x27,
  0x27,0x27,0x27,0x27,0x27,0x27,0x27,0x27,0x27,0x27,0x27,0x27,0x27,0x27,0x27,0x27,0x27,0x27,0x27,0x27,0x27,0x27,0x27,0x27,0x27,0x27,0x27,0x27,0x27,0x27,0x27,0x27,
  0x27,0x27,0x27,0x27,0x27,0x27,0x27,0x2A,0x2D,0x2D,0x2D,0x2D,0x2D,0x2D,0x2D,0x2D,0x18,0x18,0x18,0x18,0x18,0x18,0x19,0x1A,0x1A,0x1A,0x1A,0x1A,0x1A,0x1A,0x1B,0x1C,
  0x10,0x10,0x12,0x12,0x17,0x17,0x17,0x17,0x17,0x17,0x17,0x17,0x17,0x4F,0x4F,0x27,0x27,0x27,0x27,0x27,0x27,0x27,0x27,0xC8,0xC8,0xCE,0xC8,0xCE,0xC8,0xC9,0xCB,0xCD,
  0xC8,0xC9,0x27,0x27,0x27,0x27,0x27,0x4F,0x19,0x17,0x17,0x17,0x17,0x1C,0x1C,0x1C,0x18,0x19,0x1A,0x1A,0x1A,0x1A,0x1A,0x1A,0x1A,0x18,0x18,0x18,0x18,0x18,0x18,0x19,
  0x1A,0x1A,0x1A,0x1A,0x1A,0x1A,0x1A,0x1B,0x1C,0x1C,0x1C,0x1C,0x1C,0x1C,0x5A,0x5A,0x35,0x34,0x34,0x35,0x35,0x36,0x37,0x37,0x37,0x37,0x37,0x37,0x37,0x38,0x39,0x26,
  0x26,0x26,0x26,0x26,0x26,0x26,0x26,0x26,0x26,0x26,0x26,0x26,0x26,0x26,0x26,0x26,0x26,0x26,0x26,0x26,0x26,0x26,0x26,0x26,0x26,0x26,0x26,0x26,0x26,0x26,0x26,0x26,
  0x26,0x27,0x27,0x27,0x27,0x27,0x27,0x27,0x27,0x27,0x27,0x25,0x25,0x25,0x61,0x26,0x26,0x26,0x19,0x19,0x19,0x18,0x18,0x17,0x17,0x17,0x16,0x15,0x14,0x15,0x18,0x17,
  0x17,0x16,0x16,0x16,0x16,0x16,0x16,0x16,0x16,0x16,0x15,0x15,0x14,0x16,0x15,0x18,0x18,0x17,0x17,0x17,0x16,0x16,0x16,0x16,0x16,0x16,0x16,0x16,0x15,0x16,0x36,0x37,
  0x39,0x37,0x38,0x38,0x39,0x39,0x39,0x84,0x85,0x85,0x3A,0x3B,0x3B,0x3C,0x3D,0x48,0x48,0x15,0x14,0x18,0x18,0x18,0x18,0x17,0x17,0x17,0x16,0x16,0x15,0x15,0x17,0x17,
  0x17,0x17,0x17,0x16,0x16,0x16,0x16,0x16,0x16,0x16,0x16,0x16,0x16,0x16,0x16,0x15,0x15,0x19,0x19,0x1F,0x1A,0x1A,0x1B,0x1C,0x1C,0x1C,0x1C,0x1D,0x1E,0x1D,0x1D,0x2A,
  0x27,0x27,0x27,0x27,0x27,0x27,0x27,0x27,0x27,0x27,0x27,0x27,0x27,0x27,0x27,0x27,0x27,0x27,0x27,0x27,0x27,0x27,0x27,0x27,0x27,0x27,0x27,0x27,0x27,0x27,0x27,0x27,
  0x27,0x27,0x27,0x27,0x27,0x27,0x27,0x27,0x27,0x27,0x27,0x27,0x27,0x27,0x27,0x27,0x27,0x27,0x27,0x27,0x27,0x27,0x27,0x27,0x27,0x27,0x27,0x27,0x27,0x27,0x27,0x27,
  0x27,0x27,0x27,0x27,0x27,0x27,0x27,0x27,0x27,0x27,0x27,0x27,0x27,0x27,0x27,0x27,0x27,0x27,0x27,0x27,0x27,0x27,0x27,0x27,0x27,0x27,0x27,0x27,0x27,0x27,0x27,0x27,
  0x27,0x27,0x27,0x27,0x27,0x27,0x27,0x27,0x27,0x27,0x27,0x27,0x27,0x27,0x27,0x27,0x27,0x27,0x27,0x27,0x27,0x27,0x27,0x28,0x2D,0x2D,0x2D,0x2D,0x2D,0x2D,0x2D,0x2D,
  0x18,0x18,0x18,0x18,0x18,0x18,0x19,0x1A,0x1A,0x1A,0x1A,0x1A,0x1A,0x1A,0x1B,0x1C,0x12,0x10,0x10,0x10,0x17,0x17,0x17,0x17,0x17,0x17,0x17,0x17,0x17,0x4F,0x27,0x27,
  0x27,0x27,0x27,0x27,0x27,0x27,0x27,0xCA,0xCA,0xC8,0xC8,0xC9,0xC9,0xC9,0xCC,0xCD,0xC8,0x27,0x27,0xC8,0xC8,0xCA,0x27,0x27,0x27,0x17,0x17,0x17,0x17,0x1C,0x1C,0x1C,
  0x18,0x19,0x1A,0x1A,0x1A,0x1A,0x1A,0x1A,0x1A,0x18,0x18,0x18,0x18,0x18,0x18,0x19,0x1A,0x1A,0x1A,0x1A,0x1A,0x1A,0x1A,0x1B,0x1C,0x1C,0x1C,0x1C,0x1C,0x1C,0x36,0x33,
  0x34,0x35,0x36,0x37,0x37,0x38,0x38,0x38,0x38,0x38,0x38,0x38,0x39,0x3A,0x3A,0x3A,0x3B,0x26,0x26,0x26,0x26,0x26,0x26,0x26,0x26,0x26,0x26,0x26,0x26,0x26,0x26,0x26,
  0x26,0x26,0x26,0x26,0x26,0x26,0x26,0x26,0x26,0x26,0x26,0x26,0x26,0x26,0x26,0x26,0x26,0x60,0x27,0x27,0x27,0x27,0x27,0x27,0x27,0x27,0x26,0x25,0x25,0x25,0x26,0x26,
  0x26,0x19,0x18,0x17,0x17,0x16,0x16,0x16,0x16,0x16,0x16,0x16,0x15,0x14,0x15,0x18,0x18,0x17,0x17,0x16,0x18,0x18,0x17,0x17,0x15,0x15,0x14,0x17,0x17,0x17,0x17,0x17,
  0x16,0x16,0x16,0x16,0x16,0x16,0x16,0x16,0x16,0x16,0x16,0x16,0x15,0x15,0x19,0x19,0x35,0x39,0x3A,0x3B,0x37,0x83,0x86,0x85,0x80,0x82,0x83,0x85,0x87,0x3E,0x3E,0x16,
  0x15,0x18,0x18,0x17,0x17,0x17,0x16,0x16,0x16,0x16,0x16,0x16,0x16,0x16,0x15,0x16,0x17,0x17,0x16,0x16,0x16,0x16,0x16,0x16,0x16,0x16,0x16,0x15,0x15,0x14,0x15,0x19,
  0x19,0x1C,0x1C,0x1F,0x1F,0x1F,0x1D,0x1C,0x1D,0x1D,0x1C,0x1C,0x2A,0x28,0x27,0x27,0x27,0x27,0x27,0x27,0x27,0x27,0x27,0x27,0x27,0x27,0x27,0x27,0x27,0x27,0x27,0x27,
  0x27,0x27,0x27,0x27,0x27,0x27,0x27,0x27,0x27,0x27,0x27,0x27,0x27,0x27,0x27,0x27,0x27,0x27,0x27,0x27,0x27,0x27,0x27,0x27,0x27,0x27,0x27,0x27,0x27,0x27,0x27,0x27,
  0x27,0x27,0x27,0x27,0x27,0x27,0x27,0x27,0x27,0x27,0x27,0x27,0x27,0x27,0x27,0x27,0x27,0x27,0x27,0x27,0x27,0x27,0x27,0x27,0x27,0x27,0x27,0x27,0x27,0x27,0x27,0x27,
  0x27,0x27,0x27,0x27,0x27,0x27,0x27,0x27,0x27,0x27,0x27,0x27,0x27,0x27,0x27,0x27,0x27,0x27,0x27,0x27,0x27,0x27,0x27,0x27,0x27,0x27,0x27,0x27,0x27,0x27,0x27,0x27,
  0x27,0x27,0x27,0x27,0x27,0x27,0x27,0x27,0x2A,0x2D,0x2D,0x2D,0x2D,0x2D,0x2D,0x2D,0x18,0x18,0x18,0x18,0x18,0x18,0x19,0x1A,0x1A,0x1A,0x1A,0x1A,0x1A,0x1A,0x1B,0x1C,
  0x12,0x12,0x10,0x10,0x17,0x17,0x17,0x17,0x17,0x17,0x17,0x17,0x17,0x19,0x27,0x4F,0x4F,0x27,0x27,0x27,0x27,0x27,0xCA,0xC9,0xC8,0xE0,0xC9,0xC8,0xC8,0xC9,0xCD,0xCD,
  0xCB,0x27,0xC8,0xC8,0xCA,0x27,0x27,0x27,0x17,0x17,0x17,0x17,0x17,0x1C,0x1C,0x1C,0x18,0x19,0x1A,0x1A,0x1A,0x1A,0x1A,0x1A,0x1A,0x18,0x18,0x18,0x18,0x18,0x18,0x19,
  0x1A,0x1A,0x1A,0x1A,0x1A,0x1A,0x1A,0x1B,0x1C,0x1C,0x1C,0x1C,0x1C,0x34,0x38,0x37,0x36,0x37,0x39,0x37,0x38,0x38,0x39,0x39,0x39,0x3A,0x3A,0x3A,0x3A,0x3B,0x3B,0x3C,
  0x3D,0x3C,0x26,0x26,0x26,0x26,0x26,0x26,0x26,0x26,0x26,0x26,0x26,0x26,0x26,0x26,0x26,0x26,0x26,0x26,0x26,0x26,0x26,0x26,0x26,0x26,0x26,0x26,0x26,0x26,0x26,0x26,
  0x26,0x26,0x60,0x27,0x27,0x27,0x27,0x27,0x27,0x27,0x25,0x25,0x25,0x25,0x26,0x26,0x17,0x17,0x17,0x16,0x16,0x16,0x16,0x16,0x16,0x16,0x16,0x15,0x15,0x14,0x15,0x19,
  0x19,0x19,0x18,0x18,0x17,0x17,0x17,0x16,0x15,0x14,0x15,0x18,0x18,0x17,0x17,0x16,0x16,0x16,0x16,0x16,0x16,0x16,0x16,0x16,0x15,0x15,0x14,0x15,0x19,0x19,0x1C,0x1C,
  0x39,0x3A,0x3B,0x37,0x3A,0x85,0x87,0x3F,0x83,0x86,0x3F,0x87,0x87,0x3F,0x17,0x17,0x17,0x17,0x16,0x16,0x16,0x16,0x16,0x16,0x16,0x16,0x16,0x16,0x16,0x16,0x15,0x15,
  0x19,0x19,0x17,0x17,0x16,0x15,0x15,0x15,0x15,0x14,0x14,0x14,0x14,0x19,0x19,0x1C,0x1C,0x1C,0x1C,0x1F,0x1F,0x2A,0x28,0x27,0x27,0x27,0x27,0x27,0x27,0x27,0x27,0x27,
  0x27,0x27,0x27,0x27,0x27,0x27,0x27,0x27,0x27,0x27,0x27,0x27,0x27,0x27,0x27,0x27,0x27,0x27,0x27,0x27,0x27,0x27,0x27,0x27,0x27,0x27,0x27,0x27,0x27,0x27,0x27,0x27,
  0x27,0x27,0x27,0x27,0x27,0x27,0x27,0x27,0x27,0x27,0x27,0x27,0x27,0x27,0x27,0x27,0x27,0x27,0x27,0x27,0x27,0x27,0x27,0x27,0x27,0x27,0x27,0x27,0x27,0x27,0x27,0x27,
  0x27,0x27,0x27,0x27,0x27,0x27,0x27,0x27,0x27,0x27,0x27,0x27,0x27,0x27,0x27,0x27,0x27,0x27,0x27,0x27,0x27,0x27,0x27,0x27,0x27,0x27,0x27,0x27,0x27,0x27,0x27,0x27,
  0x27,0x27,0x27,0x27,0x27,0x27,0x27,0x27,0x27,0x27,0x27,0x27,0x27,0x27,0x27,0x27,0x27,0x27,0x27,0x27,0x27,0x27,0x27,0x27,0x27,0x2A,0x2D,0x2D,0x2D,0x2D,0x2D,0x2D,
  0x18,0x18,0x18,0x18,0x18,0x18,0x19,0x1A,0x1A,0x1A,0x1A,0x1A,0x1A,0x1A,0x1B,0x1C,0x12,0x12,0x12,0x14,0x17,0x17,0x17,0x17,0x17,0x17,0x17,0x17,0x17,0x17,0x19,0x4F,
  0x27,0x27,0x27,0x27,0x27,0x27,0x27,0xCA,0xCA,0xCA,0xCA,0xC9,0xC9,0xCC,0xCD,0xCC,0xCA,0xCC,0xCB,0xCB,0x27,0x27,0x27,0x17,0x17,0x17,0x17,0x17,0x17,0x1C,0x1C,0x1C,
  0x18,0x19,0x1A,0x1A,0x1A,0x1A,0x1A,0x1A,0x1A,0x18,0x18,0x18,0x18,0x18,0x18,0x19,0x1A,0x1A,0x1A,0x1A,0x1A,0x1A,0x1A,0x1B,0x1C,0x1C,0x1C,0x1C,0x35,0x39,0x37,0x34,
  0x39,0x39,0x35,0x39,0x3A,0x3B,0x37,0x39,0x3B,0x3B,0x38,0x39,0x3C,0x3B,0x3D,0x3E,0x3E,0x3E,0x3D,0x26,0x26,0x26,0x26,0x26,0x26,0x26,0x26,0x26,0x26,0x26,0x26,0x26,
  0x26,0x26,0x26,0x26,0x26,0x26,0x26,0x26,0x26,0x26,0x26,0x26,0x26,0x26,0x26,0x26,0x26,0x26,0x26,0x27,0x27,0x27,0x27,0x27,0x27,0x26,0x25,0x25,0x25,0x25,0x26,0x16,
  0x17,0x18,0x17,0x17,0x17,0x16,0x15,0x15,0x15,0x14,0x14,0x14,0x14,0x19,0x19,0x18,0x17,0x17,0x16,0x16,0x16,0x16,0x16,0x16,0x8C,0x8D,0x8D,0x15,0x18,0x18,0x18,0x17,
  0x17,0x16,0x15,0x15,0x15,0x15,0x14,0x14,0x14,0x14,0x19,0x19,0x1C,0x1C,0x1C,0x1C,0x3A,0x4F,0x3B,0x37,0x3D,0x3E,0x3F,0x3F,0x85,0x87,0x3F,0x3D,0x3F,0x3F,0x18,0x17,
  0x17,0x16,0x16,0x16,0x16,0x16,0x16,0x16,0x16,0x16,0x15,0x15,0x14,0x15,0x19,0x19,0x1C,0x1C,0x18,0x18,0x19,0x19,0x19,0x19,0x19,0x19,0x19,0x19,0x1B,0x1C,0x1C,0x1C,
  0x1C,0x1C,0x1C,0x1F,0x2A,0x28,0x27,0x27,0x27,0x27,0x27,0x27,0x27,0x27,0x27,0x27,0x27,0x27,0x27,0x27,0x27,0x27,0x27,0x27,0x27,0x27,0x27,0x27,0x27,0x27,0x27,0x27,
  0x27,0x27,0x27,0x27,0x27,0x27,0x27,0x27,0x27,0x27,0x27,0x27,0x27,0x27,0x27,0x27,0x27,0x27,0x27,0x27,0x27,0x27,0x27,0x27,0x27,0x27,0x27,0x27,0x27,0x27,0x27,0x27,
  0x27,0x27,0x27,0x27,0x27,0x27,0x27,0x27,0x27,0x27,0x27,0x27,0x27,0x27,0x27,0x27,0x27,0x27,0x27,0x27,0x27,0x27,0x27,0x27,0x27,0x27,0x27,0x27,0x27,0x27,0x27,0x27,
  0x27,0x27,0x27,0x27,0x27,0x27,0x27,0x27,0x27,0x27,0x27,0x27,0x27,0x27,0x27,0x27,0x27,0x27,0x27,0x27,0x27,0x27,0x27,0x27,0x27,0x27,0x27,0x27,0x27,0x27,0x27,0x27,
  0x27,0x27,0x27,0x27,0x27,0x27,0x27,0x27,0x27,0x27,0x2A,0x2D,0x2D,0x2D,0x2D,0x2D,0x18,0x18,0x18,0x18,0x18,0x18,0x19,0x1A,0x1A,0x1A,0x1A,0x1A,0x1A,0x1A,0x1B,0x1C,
  0x12,0x12,0x12,0x17,0x17,0x17,0x17,0x17,0x17,0x17,0x17,0x17,0x17,0x17,0x4F,0x4F,0x27,0x27,0x27,0x27,0x27,0x27,0x27,0x37,0x37,0xC0,0xC0,0x38,0xCA,0xCA,0xCA,0xCA,
  0xC8,0xCC,0xC8,0x27,0x27,0x27,0x17,0x17,0x17,0x17,0x17,0x17,0x17,0x1C,0x1C,0x1C,0x18,0x19,0x1A,0x1A,0x1A,0x1A,0x1A,0x1A,0x1A,0x18,0x18,0x18,0x18,0x18,0x18,0x19,
  0x1A,0x1A,0x1A,0x1A,0x1A,0x1A,0x1A,0x1B,0x1C,0x1C,0x1C,0x1C,0x38,0x4D,0x35,0x39,0x3A,0x35,0x39,0x3A,0x3B,0x37,0x3A,0x3C,0x37,0x3C,0x3D,0x37,0x3C,0x3D,0x39,0x3E,
  0x3E,0x4F,0x3E,0x26,0x26,0x26,0x26,0x26,0x26,0x26,0x26,0x26,0x26,0x26,0x26,0x26,0x26,0x26,0x26,0x26,0x26,0x26,0x26,0x26,0x26,0x26,0x26,0x26,0x26,0x26,0x26,0x26,
  0x26,0x26,0x26,0x60,0x27,0x27,0x27,0x27,0x26,0x25,0x25,0x25,0x25,0x61,0x26,0x16,0x17,0x18,0x18,0x18,0x18,0x17,0x17,0x19,0x19,0x19,0x19,0x19,0x1B,0x17,0x17,0x17,
  0x16,0x16,0x16,0x16,0x16,0x16,0x8B,0x8E,0x8D,0x88,0x8A,0x8B,0x8D,0x8F,0x18,0x18,0x18,0x19,0x19,0x19,0x19,0x19,0x19,0x19,0x19,0x1B,0x1C,0x1C,0x1C,0x1C,0x1C,0x1C,
  0x4F,0x4F,0x4D,0x3A,0x3E,0x4F,0x3A,0x3D,0x4F,0x3F,0x3F,0x3E,0x4F,0x18,0x18,0x18,0x18,0x17,0x17,0x16,0x15,0x15,0x15,0x15,0x14,0x14,0x14,0x14,0x19,0x19,0x1C,0x1C,
  0x1C,0x1C,0x18,0x18,0x19,0x1A,0x1A,0x1A,0x1A,0x1A,0x1A,0x1A,0x1B,0x1C,0x1C,0x1C,0x1C,0x1C,0x1C,0x1F,0x28,0x27,0x27,0x27,0x27,0x27,0x27,0x27,0x27,0x27,0x27,0x27,
  0x27,0x27,0x27,0x27,0x27,0x27,0x27,0x27,0x27,0x27,0x27,0x27,0x27,0x27,0x27,0x27,0x27,0x27,0x27,0x27,0x27,0x27,0x27,0x27,0x27,0x27,0x27,0x27,0x27,0x27,0x27,0x27,
  0x27,0x27,0x27,0x27,0x27,0x27,0x27,0x27,0x27,0x27,0x27,0x27,0x27,0x27,0x27,0x27,0x27,0x27,0x27,0x27,0x27,0x27,0x27,0x27,0x27,0x27,0x27,0x27,0x27,0x27,0x27,0x27,
  0x27,0x27,0x27,0x27,0x27,0x27,0x27,0x27,0x27,0x27,0x27,0x27,0x27,0x27,0x27,0x27,0x27,0x27,0x27,0x27,0x27,0x27,0x27,0x27,0x27,0x27,0x27,0x27,0x27,0x27,0x27,0x27,
  0x27,0x27,0x27,0x27,0x27,0x27,0x27,0x27,0x27,0x27,0x27,0x27,0x27,0x27,0x27,0x27,0x27,0x27,0x27,0x27,0x27,0x27,0x27,0x27,0x27,0x27,0x27,0x2A,0x2D,0x2D,0x2D,0x2D,
  0x18,0x18,0x18,0x18,0x18,0x18,0x19,0x1A,0x1A,0x1A,0x1A,0x1A,0x1A,0x1A,0x1B,0x1C,0x12,0x12,0x12,0x17,0x17,0x17,0x17,0x17,0x17,0x17,0x17,0x17,0x17,0x17,0x19,0x27,
  0x27,0x17,0x17,0x19,0x27,0x27,0x37,0x38,0x38,0xC0,0xC0,0xCA,0xCC,0xCC,0xCA,0xC8,0xCA,0xCC,0x38,0x27,0x27,0x17,0x17,0x17,0x17,0x17,0x17,0x17,0x17,0x1C,0x1C,0x1C,
  0x18,0x19,0x1A,0x1A,0x1A,0x1A,0x1A,0x1A,0x1A,0x18,0x18,0x18,0x18,0x18,0x18,0x19,0x1A,0x1A,0x1A,0x1A,0x1A,0x1A,0x1A,0x1B,0x1C,0x1C,0x1C,0x36,0x35,0x36,0x36,0x36,
  0x37,0x37,0x3A,0x4F,0x3B,0x37,0x3D,0x3E,0x39,0x3C,0x3E,0x4F,0x38,0x3D,0x4F,0x4F,0x3E,0x4F,0x29,0x26,0x26,0x26,0x26,0x26,0x26,0x26,0x26,0x26,0x26,0x26,0x26,0x26,
  0x26,0x26,0x26,0x26,0x26,0x26,0x26,0x26,0x26,0x26,0x26,0x26,0x26,0x26,0x26,0x26,0x26,0x26,0x26,0x26,0x27,0x27,0x27,0x27,0x25,0x25,0x25,0x25,0x25,0x26,0x16,0x17,
  0x18,0x18,0x18,0x18,0x18,0x18,0x19,0x1A,0x1A,0x1A,0x1A,0x1A,0x16,0x17,0x18,0x17,0x17,0x17,0x16,0x15,0x15,0x15,0x8D,0x8F,0x3F,0x8B,0x8E,0x3F,0x8F,0x8F,0x3F,0x18,
  0x18,0x19,0x1A,0x1A,0x1A,0x1A,0x1A,0x1A,0x1A,0x1B,0x1C,0x1C,0x1C,0x1C,0x1C,0x1C,0x4E,0x14,0x14,0x14,0x14,0x14,0x14,0x15,0x15,0x15,0x4F,0x4D,0x4F,0x18,0x18,0x18,
  0x18,0x18,0x18,0x19,0x19,0x19,0x19,0x19,0x19,0x19,0x19,0x1B,0x1C,0x1C,0x1C,0x1C,0x1C,0x1C,0x18,0x18,0x19,0x1A,0x1A,0x1A,0x1A,0x1A,0x1A,0x1A,0x1B,0x1C,0x1C,0x1C,
  0x1C,0x1C,0x1C,0x1F,0x27,0x27,0x27,0x27,0x27,0x27,0x27,0x27,0x27,0x27,0x27,0x27,0x27,0x27,0x27,0x27,0x27,0x27,0x27,0x27,0x27,0x27,0x27,0x27,0x27,0x27,0x27,0x27,
  0x27,0x27,0x27,0x27,0x27,0x27,0x27,0x27,0x27,0x27,0x27,0x27,0x27,0x27,0x27,0x27,0x27,0x27,0x27,0x27,0x27,0x27,0x27,0x27,0x27,0x27,0x27,0x27,0x27,0x27,0x27,0x27,
  0x27,0x27,0x27,0x27,0x27,0x27,0x27,0x27,0x27,0x27,0x27,0x27,0x27,0x27,0x27,0x27,0x27,0x27,0x27,0x27,0x27,0x27,0x27,0x27,0x27,0x27,0x27,0x27,0x27,0x27,0x27,0x27,
  0x27,0x27,0x27,0x27,0x27,0x27,0x27,0x27,0x27,0x27,0x27,0x27,0x27,0x27,0x27,0x27,0x27,0x27,0x27,0x27,0x27,0x27,0x27,0x27,0x27,0x27,0x27,0x27,0x27,0x27,0x27,0x27,
  0x27,0x27,0x27,0x27,0x27,0x27,0x27,0x27,0x27,0x27,0x27,0x27,0x2A,0x2D,0x2D,0x2D,0x18,0x18,0x18,0x18,0x18,0x18,0x19,0x1A,0x1A,0x1A,0x1A,0x1A,0x1A,0x1A,0x1B,0x1C,
  0x12,0x12,0x12,0x17,0x17,0x17,0x17,0x17,0x17,0x17,0x17,0x17,0x17,0x17,0x17,0x17,0x17,0x17,0x17,0x19,0x4F,0x37,0x38,0x38,0x38,0x38,0xCB,0xCC,0xCA,0xC8,0xCB,0xCC,
  0xCC,0x38,0x38,0x39,0x17,0x17,0x17,0x17,0x17,0x17,0x17,0x17,0x17,0x1C,0x1C,0x1C,0x18,0x19,0x1A,0x1A,0x1A,0x1A,0x1A,0x1A,0x1A,0x18,0x18,0x18,0x18,0x18,0x18,0x19,
  0x1A,0x1A,0x1A,0x1A,0x1A,0x1A,0x1A,0x35,0x34,0x34,0x35,0x35,0x36,0x37,0x37,0x37,0x37,0x37,0x37,0x37,0x38,0x39,0x3E,0x4F,0x3A,0x3D,0x4F,0x4F,0x4F,0x3E,0x4F,0x4F,
  0x4F,0x4F,0x26,0x26,0x26,0x26,0x26,0x26,0x26,0x26,0x26,0x26,0x26,0x26,0x26,0x26,0x26,0x26,0x26,0x26,0x26,0x26,0x26,0x26,0x26,0x26,0x26,0x26,0x26,0x26,0x26,0x26,
  0x26,0x26,0x26,0x26,0x60,0x27,0x27,0x26,0x25,0x25,0x25,0x25,0x25,0x26,0x16,0x17,0x18,0x18,0x18,0x18,0x18,0x18,0x1A,0x1A,0x1A,0x1A,0x1A,0x1A,0x16,0x17,0x18,0x18,
  0x18,0x18,0x17,0x17,0x19,0x19,0x19,0x3F,0x3F,0x8D,0x8F,0x3F,0x1C,0x3F,0x3F,0x18,0x18,0x19,0x1A,0x1A,0x1A,0x1A,0x1A,0x1A,0x1A,0x1B,0x1C,0x1C,0x1C,0x1C,0x1C,0x15,
  0x14,0x18,0x18,0x18,0x18,0x17,0x17,0x17,0x16,0x16,0x15,0x15,0x4C,0x18,0x18,0x18,0x18,0x18,0x18,0x19,0x1A,0x1A,0x1A,0x1A,0x1A,0x1A,0x1A,0x1B,0x1C,0x1C,0x1C,0x1C,
  0x1C,0x1C,0x18,0x18,0x19,0x1A,0x1A,0x1A,0x1A,0x1A,0x1A,0x1A,0x1B,0x1C,0x1C,0x1C,0x1C,0x1C,0x1C,0x2A,0x27,0x27,0x27,0x27,0x27,0x27,0x27,0x27,0x27,0x27,0x27,0x27,
  0x27,0x27,0x27,0x27,0x27,0x27,0x27,0x27,0x27,0x27,0x27,0x27,0x27,0x27,0x27,0x27,0x27,0x27,0x27,0x27,0x27,0x27,0x27,0x27,0x27,0x27,0x27,0x27,0x27,0x27,0x27,0x27,
  0x27,0x27,0x27,0x27,0x27,0x27,0x27,0x27,0x27,0x27,0x27,0x27,0x27,0x27,0x27,0x27,0x27,0x27,0x27,0x27,0x27,0x27,0x27,0x27,0x27,0x27,0x27,0x27,0x27,0x27,0x27,0x27,
  0x27,0x27,0x27,0x27,0x27,0x27,0x27,0x27,0x27,0x27,0x27,0x27,0x27,0x27,0x27,0x27,0x27,0x27,0x27,0x27,0x27,0x27,0x27,0x27,0x27,0x27,0x27,0x27,0x27,0x27,0x27,0x27,
  0x27,0x27,0x27,0x27,0x27,0x27,0x27,0x27,0x27,0x27,0x27,0x27,0x27,0x27,0x27,0x27,0x27,0x27,0x27,0x27,0x27,0x27,0x27,0x27,0x27,0x27,0x27,0x27,0x27,0x2A,0x2D,0x2D,
  0x18,0x18,0x18,0x18,0x18,0x18,0x19,0x1A,0x1A,0x1A,0x1A,0x1A,0x1A,0x1A,0x1B,0x1C,0x12,0x12,0x12,0x17,0x17,0x17,0x17,0x17,0x17,0x17,0x17,0x17,0x17,0x17,0x17,0x17,
  0x17,0x17,0x17,0x17,0x17,0x37,0x38,0x38,0x38,0xC8,0xCB,0x38,0xC8,0xCB,0x38,0x38,0x38,0x38,0x38,0x39,0x17,0x17,0x17,0x17,0x17,0x17,0x17,0x17,0x17,0x1C,0x1C,0x1C,
  0x18,0x19,0x1A,0x1A,0x1A,0x1A,0x1A,0x1A,0x1A,0x18,0x18,0x18,0x18,0x18,0x18,0x19,0x1A,0x1A,0x1A,0x1A,0x1A,0x36,0x33,0x34,0x35,0x36,0x37,0x37,0x38,0x38,0x38,0x38,
  0x38,0x38,0x38,0x84,0x85,0x85,0x3A,0x3B,0x4D,0x3D,0x4F,0x4E,0x4F,0x4D,0x4F,0x4F,0x4D,0x4D,0x26,0x26,0x26,0x26,0x26,0x26,0x26,0x26,0x26,0x26,0x26,0x26,0x26,0x26,
  0x26,0x26,0x26,0x26,0x26,0x26,0x26,0x26,0x26,0x26,0x26,0x26,0x26,0x26,0x26,0x26,0x26,0x26,0x26,0x26,0x26,0x60,0x27,0x25,0x25,0x25,0x25,0x25,0x25,0x26,0x17,0x18,
  0x18,0x18,0x18,0x18,0x18,0x19,0x1A,0x1A,0x1A,0x1A,0x1A,0x16,0x17,0x18,0x18,0x18,0x18,0x18,0x18,0x19,0x1A,0x1A,0x1A,0x1A,0x1A,0x1A,0x3F,0x3F,0x1C,0x1C,0x1C,0x18,
  0x18,0x19,0x1A,0x1A,0x1A,0x1A,0x1A,0x1A,0x1A,0x1B,0x1C,0x1C,0x1C,0x16,0x15,0x18,0x18,0x17,0x17,0x17,0x16,0x16,0x16,0x16,0x16,0x16,0x16,0x16,0x15,0x18,0x18,0x18,
  0x18,0x18,0x18,0x19,0x1A,0x1A,0x1A,0x1A,0x1A,0x1A,0x1A,0x1B,0x1C,0x1C,0x1C,0x1C,0x1C,0x1C,0x18,0x18,0x19,0x1A,0x1A,0x1A,0x1A,0x1A,0x1A,0x1A,0x1B,0x1C,0x1C,0x1C,
  0x1C,0x1C,0x1C,0x28,0x27,0x27,0x27,0x27,0x27,0x27,0x27,0x27,0x27,0x27,0x27,0x27,0x27,0x27,0x27,0x27,0x27,0x27,0x27,0x27,0x27,0x27,0x27,0x27,0x27,0x27,0x27,0x27,
  0x27,0x27,0x27,0x27,0x27,0x27,0x27,0x27,0x27,0x27,0x27,0x27,0x27,0x27,0x27,0x27,0x27,0x27,0x27,0x27,0x27,0x27,0x27,0x27,0x27,0x27,0x27,0x27,0x27,0x27,0x27,0x27,
  0x27,0x27,0x27,0x27,0x27,0x27,0x27,0x27,0x27,0x27,0x27,0x27,0x27,0x27,0x27,0x27,0x27,0x27,0x27,0x27,0x27,0x27,0x27,0x27,0x27,0x27,0x27,0x27,0x27,0x27,0x27,0x27,
  0x27,0x27,0x27,0x27,0x27,0x27,0x27,0x27,0x27,0x27,0x27,0x27,0x27,0x27,0x27,0x27,0x27,0x27,0x27,0x27,0x27,0x27,0x27,0x27,0x27,0x27,0x27,0x27,0x27,0x27,0x27,0x27,
  0x27,0x27,0x27,0x27,0x27,0x27,0x27,0x27,0x27,0x27,0x27,0x27,0x27,0x28,0x2D,0x2D,0x18,0x18,0x18,0x18,0x18,0x18,0x19,0x1A,0x1A,0x1A,0x1A,0x1A,0x1A,0x1A,0x1B,0x1C,
  0x12,0x12,0x12,0x17,0x17,0x17,0x17,0x17,0x17,0x17,0x17,0x17,0x17,0x17,0x17,0x17,0x17,0x17,0x17,0x17,0x17,0x17,0x37,0x38,0x38,0x38,0x38,0x38,0x38,0x38,0x38,0x38,
  0x38,0x39,0x39,0x17,0x17,0x17,0x17,0x17,0x17,0x17,0x17,0x17,0x19,0x1F,0x1C,0x1C,0x18,0x19,0x1A,0x1A,0x1A,0x1A,0x1A,0x1A,0x1A,0x18,0x18,0x18,0x18,0x18,0x18,0x19,
  0x1A,0x1A,0x1A,0x1A,0x34,0x38,0x37,0x36,0x37,0x39,0x37,0x38,0x38,0x39,0x39,0x39,0x3A,0x83,0x86,0x85,0x80,0x82,0x83,0x85,0x87,0x4B,0x4F,0x4E,0x4D,0x4D,0x4C,0x4F,
  0x4D,0x4C,0x26,0x26,0x26,0x26,0x26,0x26,0x26,0x26,0x26,0x26,0x26,0x26,0x26,0x26,0x26,0x26,0x26,0x26,0x26,0x26,0x26,0x26,0x26,0x26,0x26,0x26,0x26,0x26,0x26,0x26,
  0x26,0x26,0x26,0x26,0x26,0x26,0x61,0x25,0x25,0x25,0x25,0x25,0x61,0x26,0x18,0x18,0x18,0x18,0x18,0x18,0x18,0x19,0x1A,0x1A,0x1A,0x1A,0x1A,0x16,0x17,0x18,0x18,0x18,
  0x18,0x18,0x18,0x1A,0x1A,0x1A,0x1A,0x1A,0x1A,0x1A,0x1B,0x1C,0x1C,0x1C,0x1C,0x18,0x18,0x19,0x1A,0x1A,0x1A,0x1A,0x1A,0x1A,0x1A,0x1B,0x1C,0x17,0x17,0x17,0x17,0x17,
  0x16,0x16,0x16,0x16,0x16,0x16,0x16,0x16,0x16,0x16,0x16,0x16,0x15,0x18,0x18,0x18,0x18,0x18,0x18,0x19,0x1A,0x1A,0x1A,0x1A,0x1A,0x1A,0x1A,0x1B,0x1C,0x1C,0x1C,0x1C,
  0x1C,0x1C,0x18,0x18,0x19,0x1A,0x1A,0x1A,0x1A,0x1A,0x1A,0x1A,0x1B,0x1C,0x1C,0x1C,0x1C,0x1C,0x1C,0x27,0x27,0x27,0x27,0x27,0x27,0x27,0x27,0x27,0x27,0x27,0x27,0x27,
  0x27,0x27,0x27,0x27,0x27,0x27,0x27,0x27,0x27,0x27,0x27,0x27,0x27,0x27,0x27,0x27,0x27,0x27,0x27,0x27,0x27,0x27,0x27,0x27,0x27,0x27,0x27,0x27,0x27,0x27,0x27,0x27,
  0x27,0x27,0x27,0x27,0x27,0x27,0x27,0x27,0x27,0x27,0x27,0x27,0x27,0x27,0x27,0x27,0x27,0x27,0x27,0x27,0x27,0x27,0x27,0x27,0x27,0x27,0x27,0x27,0x27,0x27,0x27,0x27,
  0x27,0x27,0x27,0x27,0x27,0x27,0x27,0x27,0x27,0x27,0x27,0x27,0x27,0x27,0x27,0x27,0x27,0x27,0x27,0x27,0x27,0x27,0x27,0x27,0x27,0x27,0x27,0x27,0x27,0x27,0x27,0x27,
  0x27,0x27,0x27,0x27,0x27,0x27,0x27,0x27,0x27,0x27,0x27,0x27,0x27,0x27,0x27,0x27,0x27,0x27,0x27,0x27,0x27,0x27,0x27,0x27,0x27,0x27,0x27,0x27,0x27,0x27,0x2A,0x2D,
  0x18,0x18,0x18,0x18,0x18,0x18,0x19,0x1A,0x1A,0x1A,0x1A,0x1A,0x1A,0x1A,0x1B,0x1C,0x12,0x12,0x12,0x17,0x17,0x17,0x17,0x17,0x17,0x17,0x17,0x17,0x17,0x17,0x17,0x17,
  0x17,0x17,0x17,0x17,0x17,0x17,0x17,0x17,0x38,0x39,0x39,0x39,0x39,0x39,0x39,0x39,0x39,0x17,0x17,0x17,0x17,0x17,0x17,0x17,0x17,0x17,0x17,0x17,0x1F,0x1F,0x1F,0x1F,
  0x18,0x19,0x1A,0x1A,0x1A,0x1A,0x1A,0x1A,0x1A,0x18,0x18,0x18,0x18,0x18,0x18,0x19,0x1A,0x1A,0x1A,0x35,0x39,0x37,0x34,0x39,0x39,0x35,0x39,0x3A,0x3B,0x37,0x39,0x3B,
  0x3B,0x85,0x87,0x3F,0x83,0x86,0x3F,0x87,0x87,0x3F,0x4A,0x4E,0x4D,0x4C,0x4C,0x4C,0x4D,0x4C,0x26,0x26,0x26,0x26,0x26,0x26,0x26,0x26,0x26,0x26,0x26,0x26,0x26,0x26,
  0x26,0x26,0x26,0x26,0x26,0x26,0x26,0x26,0x26,0x26,0x26,0x26,0x26,0x26,0x26,0x26,0x26,0x26,0x26,0x26,0x26,0x26,0x25,0x25,0x25,0x25,0x25,0x25,0x26,0x26,0x18,0x18,
  0x18,0x18,0x18,0x18,0x18,0x1A,0x1A,0x1A,0x1A,0x1A,0x1A,0x17,0x18,0x18,0x18,0x18,0x18,0x18,0x19,0x1A,0x1A,0x1A,0x1A,0x1A,0x1A,0x1A,0x1B,0x1C,0x1C,0x1C,0x1C,0x1C,
  0x18,0x19,0x1A,0x1A,0x1A,0x1A,0x1A,0x1A,0x1A,0x1B,0x1C,0x18,0x18,0x17,0x17,0x16,0x16,0x16,0x16,0x16,0x16,0x16,0x16,0x16,0x15,0x15,0x14,0x15,0x19,0x18,0x18,0x18,
  0x18,0x18,0x18,0x19,0x1A,0x1A,0x1A,0x1A,0x1A,0x1A,0x1A,0x1B,0x1C,0x1C,0x1C,0x1C,0x1C,0x1C,0x18,0x18,0x19,0x1A,0x1A,0x1A,0x1A,0x1A,0x1A,0x1A,0x1B,0x1C,0x1C,0x1C,
  0x1C,0x1C,0x1D,0x27,0x27,0x27,0x27,0x27,0x27,0x27,0x27,0x27,0x27,0x27,0x27,0x27,0x27,0x27,0x27,0x27,0x27,0x27,0x27,0x27,0x27,0x27,0x27,0x27,0x27,0x27,0x27,0x27,
  0x27,0x27,0x27,0x27,0x27,0x27,0x27,0x27,0x27,0x27,0x27,0x27,0x27,0x27,0x27,0x27,0x27,0x27,0x27,0x27,0x27,0x27,0x27,0x27,0x27,0x27,0x27,0x27,0x27,0x27,0x27,0x27,
  0x27,0x27,0x27,0x36,0x27,0x27,0x27,0x27,0x27,0x27,0x27,0x27,0x27,0x27,0x27,0x27,0x27,0x27,0x27,0x27,0x27,0x27,0x27,0x27,0x27,0x27,0x27,0x27,0x27,0x27,0x27,0x27,
  0x27,0x27,0x27,0x27,0x27,0x27,0x27,0x27,0x27,0x27,0x27,0x27,0x27,0x27,0x27,0x27,0x27,0x27,0x27,0x27,0x27,0x27,0x27,0x27,0x27,0x27,0x27,0x27,0x27,0x27,0x27,0x27,
  0x27,0x27,0x27,0x27,0x27,0x27,0x27,0x27,0x27,0x27,0x27,0x27,0x27,0x27,0x28,0x2D,0x18,0x18,0x18,0x18,0x18,0x18,0x19,0x1A,0x1A,0x1A,0x1A,0x1A,0x1A,0x1A,0x1B,0x1C,
  0x12,0x12,0x12,0x17,0x17,0x17,0x17,0x17,0x17,0x40,0x17,0x40,0x42,0x44,0x17,0x40,0x42,0x44,0x17,0x40,0x42,0x44,0x17,0x40,0x17,0x17,0x17,0x44,0x17,0x17,0x17,0x17,
  0x17,0x17,0x17,0x17,0x17,0x17,0x17,0x17,0x17,0x17,0x17,0x19,0x1F,0x1F,0x1F,0x1F,0x18,0x19,0x1A,0x1A,0x1A,0x1A,0x1A,0x1A,0x1A,0x18,0x18,0x18,0x18,0x18,0x18,0x19,
  0x1A,0x1A,0x1A,0x38,0x4D,0x35,0x39,0x3A,0x35,0x39,0x3A,0x3B,0x37,0x3A,0x3C,0x37,0x3C,0x3D,0x3F,0x3F,0x85,0x87,0x3F,0x3E,0x3F,0x3F,0x4A,0x4B,0x4D,0x4C,0x4C,0x4C,
  0x4C,0x4C,0x26,0x26,0x26,0x26,0x26,0x26,0x26,0x26,0x26,0x26,0x26,0x26,0x26,0x26,0x26,0x26,0x26,0x26,0x26,0x26,0x26,0x26,0x26,0x26,0x26,0x26,0x26,0x26,0x26,0x26,
  0x26,0x26,0x26,0x26,0x26,0x61,0x25,0x25,0x25,0x25,0x25,0x25,0x26,0x26,0x18,0x18,0x18,0x18,0x18,0x18,0x19,0x1A,0x1A,0x1A,0x1A,0x1A,0x1A,0x18,0x18,0x18,0x18,0x18,
  0x18,0x18,0x19,0x1A,0x1A,0x1A,0x1A,0x1A,0x1A,0x1B,0x1C,0x1C,0x1C,0x1C,0x1C,0x1C,0x18,0x19,0x1A,0x1A,0x1A,0x1A,0x1A,0x1A,0x1A,0x1B,0x1C,0x18,0x18,0x18,0x18,0x17,
  0x17,0x16,0x15,0x15,0x15,0x15,0x14,0x14,0x14,0x14,0x19,0x19,0x1C,0x18,0x18,0x18,0x18,0x18,0x18,0x19,0x1A,0x1A,0x1A,0x1A,0x1A,0x1A,0x1A,0x1B,0x1C,0x1C,0x1C,0x1C,
  0x1C,0x1C,0x18,0x18,0x19,0x1A,0x1A,0x1A,0x1A,0x1A,0x1A,0x1A,0x1B,0x1C,0x1C,0x1C,0x1C,0x1D,0x2A,0x27,0x27,0x27,0x27,0x27,0x27,0x27,0x27,0x27,0x27,0x27,0x27,0x27,
  0x27,0x27,0x27,0x27,0x27,0x27,0x27,0x27,0x27,0x27,0x27,0x27,0x27,0x27,0x27,0x27,0x27,0x27,0x27,0x27,0x27,0x27,0x27,0x27,0x27,0x27,0x27,0x27,0x27,0x27,0x27,0x27,
  0x27,0x27,0x27,0x27,0x27,0x27,0x27,0x27,0x27,0x27,0x27,0x27,0x27,0x27,0x27,0x27,0x27,0x27,0x27,0x27,0x36,0x27,0x27,0x36,0x27,0x27,0x27,0x27,0x27,0x27,0x27,0x27,
  0x27,0x27,0x27,0x27,0x27,0x27,0x27,0x27,0x27,0x27,0x27,0x27,0x27,0x27,0x27,0x27,0x27,0x27,0x27,0x27,0x27,0x27,0x27,0x27,0x27,0x27,0x27,0x27,0x27,0x27,0x27,0x27,
  0x27,0x27,0x27,0x27,0x27,0x27,0x27,0x27,0x27,0x27,0x27,0x27,0x27,0x27,0x27,0x27,0x27,0x27,0x27,0x27,0x27,0x27,0x27,0x27,0x27,0x27,0x27,0x27,0x27,0x27,0x27,0x2D,
  0x18,0x18,0x18,0x18,0x18,0x18,0x19,0x1A,0x1A,0x1A,0x1A,0x1A,0x1A,0x1A,0x1B,0x1C,0x12,0x12,0x12,0x17,0x17,0x17,0x17,0x17,0x17,0x42,0x4F,0x17,0x42,0x4F,0x4F,0x42,
  0x4F,0x4F,0x4F,0x42,0x4F,0x4F,0x4F,0x42,0x4F,0x17,0x17,0x44,0x4F,0x17,0x17,0x17,0x17,0x17,0x17,0x17,0x17,0x17,0x17,0x17,0x17,0x17,0x17,0x1F,0x1F,0x1F,0x1F,0x1F,
  0x18,0x19,0x1A,0x1A,0x1A,0x1A,0x1A,0x1A,0x1A,0x1B,0x19,0x18,0x18,0x18,0x18,0x19,0x1A,0x1A,0x1A,0x1A,0x4D,0x3A,0x4F,0x4F,0x37,0x3A,0x4F,0x3B,0x37,0x3D,0x3E,0x39,
  0x3C,0x3E,0x4F,0x38,0x3D,0x3F,0x3F,0x3E,0x4F,0x4A,0x4A,0x4B,0x4C,0x4C,0x4C,0x4C,0x4C,0x29,0x26,0x26,0x26,0x26,0x26,0x26,0x26,0x26,0x26,0x26,0x26,0x26,0x26,0x26,
  0x26,0x26,0x26,0x26,0x26,0x26,0x26,0x26,0x26,0x26,0x26,0x26,0x26,0x26,0x26,0x26,0x26,0x26,0x26,0x26,0x61,0x25,0x25,0x25,0x25,0x25,0x25,0x25,0x26,0x26,0x18,0x18,
  0x18,0x18,0x18,0x18,0x19,0x1A,0x1A,0x1A,0x1A,0x1A,0x1A,0x18,0x18,0x18,0x18,0x18,0x18,0x18,0x1A,0x1A,0x1A,0x1A,0x1A,0x1A,0x1A,0x1B,0x1C,0x1C,0x1C,0x1C,0x1C,0x1C,
  0x18,0x19,0x1A,0x1A,0x1A,0x1A,0x1A,0x1A,0x1A,0x1B,0x1B,0x18,0x18,0x18,0x18,0x18,0x18,0x19,0x19,0x19,0x19,0x19,0x19,0x19,0x19,0x1B,0x1C,0x1C,0x1C,0x1C,0x1C,0x18,
  0x18,0x18,0x18,0x19,0x1A,0x1A,0x1A,0x1A,0x1A,0x1A,0x1A,0x1B,0x1C,0x1C,0x1C,0x1C,0x1C,0x1C,0x18,0x18,0x19,0x1A,0x1A,0x1A,0x1A,0x1A,0x1A,0x1A,0x1B,0x1C,0x1C,0x1C,
  0x1D,0x2A,0x27,0x27,0x27,0x27,0x27,0x27,0x27,0x27,0x27,0x27,0x27,0x27,0x27,0x27,0x27,0x27,0x27,0x27,0x27,0x27,0x27,0x27,0x27,0x27,0x27,0x27,0x27,0x27,0x27,0x27,
  0x27,0x27,0x27,0x27,0x27,0x27,0x27,0x27,0x27,0x27,0x27,0x27,0x27,0x27,0x27,0x27,0x27,0x27,0x27,0x27,0x27,0x27,0x27,0x27,0x27,0x27,0x27,0x27,0x27,0x27,0x27,0x27,
  0x27,0x27,0x27,0x27,0x37,0x27,0x36,0x27,0x27,0x27,0x27,0x27,0x27,0x27,0x27,0x27,0x27,0x27,0x27,0x27,0x27,0x27,0x27,0x27,0x27,0x27,0x27,0x27,0x27,0x27,0x27,0x27,
  0x27,0x27,0x27,0x27,0x27,0x27,0x27,0x27,0x27,0x27,0x27,0x27,0x27,0x27,0x27,0x27,0x27,0x27,0x27,0x27,0x27,0x27,0x27,0x27,0x27,0x27,0x27,0x27,0x27,0x27,0x27,0x27,
  0x27,0x27,0x27,0x27,0x27,0x27,0x27,0x27,0x27,0x27,0x27,0x27,0x27,0x27,0x27,0x2A,0x18,0x18,0x18,0x18,0x18,0x18,0x19,0x1A,0x1A,0x1A,0x1A,0x1A,0x1A,0x1A,0x1B,0x1C,
  0x12,0x12,0x12,0x17,0x17,0x17,0x17,0x17,0x17,0x44,0x4F,0x17,0x44,0x4F,0x17,0x44,0x4F,0x17,0x17,0x44,0x4F,0x17,0x17,0x44,0x44,0x17,0x44,0x44,0x4F,0x17,0x17,0x17,
  0x17,0x17,0x17,0x17,0x17,0x17,0x17,0x17,0x17,0x17,0x17,0x1C,0x1C,0x1F,0x1F,0x1F,0x18,0x19,0x1A,0x1A,0x1A,0x1A,0x1A,0x1A,0x1A,0x1B,0x1A,0x1A,0x18,0x18,0x18,0x19,
  0x1A,0x1A,0x1A,0x1A,0x48,0x4A,0x4E,0x4B,0x3A,0x4F,0x4F,0x4D,0x3A,0x3E,0x4F,0x3A,0x3D,0x4F,0x4F,0x4F,0x3E,0x4F,0x4F,0x4F,0x4F,0x4A,0x4A,0x4B,0x4C,0x4C,0x4C,0x4C,
  0x2A,0x26,0x26,0x26,0x26,0x26,0x26,0x26,0x26,0x26,0x26,0x26,0x26,0x26,0x26,0x26,0x26,0x26,0x26,0x26,0x26,0x26,0x26,0x26,0x26,0x26,0x26,0x26,0x26,0x26,0x26,0x26,
  0x26,0x26,0x26,0x26,0x25,0x25,0x25,0x25,0x25,0x25,0x25,0x61,0x26,0x26,0x26,0x19,0x18,0x18,0x18,0x18,0x19,0x1A,0x1A,0x1A,0x1A,0x1A,0x1A,0x18,0x18,0x18,0x18,0x18,
  0x18,0x19,0x1A,0x1A,0x1A,0x1A,0x1A,0x1A,0x1A,0x1B,0x1C,0x1C,0x1C,0x1C,0x1C,0x1D,0x18,0x18,0x19,0x1A,0x1A,0x1A,0x1A,0x1A,0x1A,0x1A,0x1B,0x18,0x18,0x18,0x18,0x18,
  0x18,0x19,0x19,0x19,0x19,0x19,0x19,0x19,0x19,0x1B,0x1C,0x1C,0x1C,0x1C,0x1C,0x1C,0x18,0x18,0x18,0x19,0x1A,0x1A,0x1A,0x1A,0x1A,0x1A,0x1A,0x1B,0x1C,0x1C,0x1C,0x1C,
  0x1C,0x1D,0x19,0x18,0x19,0x1A,0x1A,0x1A,0x1A,0x1A,0x1A,0x1A,0x1B,0x1C,0x1C,0x1D,0x1D,0x28,0x27,0x27,0x27,0x27,0x27,0x27,0x27,0x27,0x27,0x27,0x27,0x27,0x27,0x27,
  0x27,0x27,0x27,0x27,0x27,0x27,0x27,0x27,0x27,0x27,0x27,0x27,0x27,0x27,0x27,0x27,0x27,0x27,0x27,0x27,0x27,0x27,0x27,0x27,0x27,0x27,0x27,0x27,0x27,0x27,0x27,0x27,
  0x27,0x27,0x27,0x27,0x27,0x27,0x27,0x27,0x27,0x27,0x27,0x36,0x27,0x27,0x27,0x27,0x27,0x27,0x27,0x36,0x38,0x37,0x37,0x36,0x37,0x37,0x27,0x27,0x27,0x27,0x27,0x27,
  0x27,0x27,0x27,0x27,0x27,0x27,0x27,0x27,0x27,0x27,0x27,0x27,0x27,0x27,0x27,0x27,0x27,0x27,0x27,0x27,0x27,0x27,0x27,0x27,0x27,0x27,0x27,0x27,0x27,0x27,0x27,0x27,
  0x27,0x27,0x27,0x27,0x27,0x27,0x27,0x27,0x27,0x27,0x27,0x27,0x27,0x27,0x27,0x27,0x27,0x27,0x27,0x27,0x27,0x27,0x27,0x27,0x27,0x27,0x27,0x27,0x27,0x27,0x27,0x28,
  0x18,0x18,0x18,0x18,0x18,0x18,0x19,0x1A,0x1A,0x1A,0x1A,0x1A,0x1A,0x1A,0x1B,0x1C,0x12,0x12,0x12,0x17,0x17,0x17,0x17,0x17,0x17,0x44,0x4F,0x17,0x44,0x4F,0x17,0x44,
  0x44,0x44,0x17,0x44,0x44,0x44,0x17,0x17,0x44,0x44,0x44,0x4F,0x4F,0x17,0x17,0x17,0x17,0x17,0x17,0x17,0x17,0x17,0x17,0x17,0x17,0x17,0x17,0x1C,0x1C,0x1C,0x1F,0x1F,
  0x18,0x19,0x1A,0x1A,0x1A,0x1A,0x1A,0x1A,0x1A,0x1B,0x1C,0x1A,0x19,0x19,0x18,0x19,0x1A,0x1A,0x1A,0x1A,0x48,0x48,0x49,0x4A,0x49,0x4E,0x4C,0x4D,0x3C,0x4F,0x4F,0x4D,
  0x3D,0x4F,0x4E,0x4F,0x4D,0x4F,0x4F,0x4D,0x4D,0x4A,0x4A,0x4B,0x4C,0x4D,0x4D,0x4D,0x29,0x26,0x26,0x26,0x26,0x26,0x26,0x26,0x26,0x26,0x26,0x26,0x26,0x26,0x26,0x26,
  0x26,0x26,0x26,0x26,0x26,0x26,0x26,0x26,0x26,0x26,0x26,0x26,0x26,0x26,0x26,0x26,0x26,0x26,0x26,0x61,0x25,0x25,0x25,0x25,0x25,0x25,0x25,0x26,0x26,0x26,0x26,0x1A,
  0x1A,0x18,0x18,0x18,0x19,0x1A,0x1A,0x1A,0x1A,0x1A,0x1A,0x1A,0x19,0x18,0x18,0x18,0x18,0x19,0x1A,0x1A,0x1A,0x1A,0x1A,0x1A,0x1A,0x1B,0x1C,0x1C,0x1C,0x1C,0x1D,0x19,
  0x19,0x18,0x19,0x1A,0x1A,0x1A,0x1A,0x1A,0x1A,0x1A,0x1B,0x18,0x18,0x18,0x18,0x18,0x18,0x19,0x19,0x19,0x19,0x19,0x19,0x19,0x19,0x1B,0x1C,0x1C,0x1C,0x1C,0x1C,0x1C,
  0x18,0x18,0x18,0x19,0x1A,0x1A,0x1A,0x1A,0x1A,0x1A,0x1A,0x1B,0x1C,0x1C,0x1C,0x1C,0x1D,0x1A,0x19,0x19,0x1A,0x1A,0x1A,0x1A,0x1B,0x1B,0x1B,0x1B,0x1C,0x1E,0x1E,0x1D,
  0x2A,0x27,0x27,0x27,0x27,0x27,0x27,0x27,0x27,0x27,0x27,0x27,0x27,0x27,0x27,0x27,0x27,0x27,0x27,0x27,0x27,0x27,0x27,0x27,0x27,0x27,0x27,0x27,0x27,0x27,0x27,0x27,
  0x27,0x27,0x27,0x27,0x27,0x27,0x27,0x27,0x27,0x27,0x27,0x27,0x27,0x27,0x27,0x27,0x27,0x27,0x27,0x27,0x27,0x27,0x27,0x27,0x27,0x27,0x36,0x27,0x27,0x27,0x27,0x35,
  0x34,0x34,0x35,0x35,0x36,0x38,0x38,0x37,0x37,0x37,0x37,0x37,0x38,0x39,0x27,0x27,0x27,0x27,0x27,0x27,0x27,0x27,0x27,0x27,0x27,0x27,0x27,0x27,0x27,0x27,0x27,0x27,
  0x27,0x27,0x27,0x27,0x27,0x27,0x27,0x27,0x27,0x27,0x27,0x27,0x27,0x27,0x27,0x27,0x27,0x27,0x27,0x27,0x27,0x27,0x27,0x27,0x27,0x27,0x27,0x27,0x27,0x27,0x27,0x27,
  0x27,0x27,0x27,0x27,0x27,0x27,0x27,0x27,0x27,0x27,0x27,0x27,0x27,0x27,0x27,0x27,0x18,0x18,0x18,0x18,0x18,0x18,0x19,0x1A,0x1A,0x1A,0x1A,0x1A,0x1A,0x1A,0x1B,0x1C,
  0x12,0x12,0x12,0x17,0x17,0x17,0x17,0x44,0x17,0x44,0x4F,0x17,0x44,0x4F,0x17,0x44,0x4F,0x4F,0x4F,0x44,0x4F,0x4F,0x4F,0x17,0x17,0x44,0x4F,0x4F,0x17,0x17,0x17,0x17,
  0x17,0x17,0x17,0x17,0x17,0x17,0x17,0x17,0x17,0x17,0x17,0x1C,0x1C,0x1C,0x1F,0x1F,0x18,0x19,0x1A,0x1A,0x1A,0x1A,0x1A,0x1A,0x1A,0x1B,0x1C,0x1A,0x1A,0x19,0x19,0x1A,
  0x1A,0x1A,0x1A,0x1B,0x48,0x48,0x48,0x48,0x49,0x48,0x4B,0x4B,0x4B,0x4F,0x4D,0x4D,0x4B,0x4F,0x4E,0x4D,0x4D,0x4C,0x4F,0x4D,0x4C,0x4A,0x4A,0x4C,0x4E,0x4E,0x4E,0x29,
  0x26,0x26,0x26,0x26,0x26,0x26,0x26,0x26,0x26,0x26,0x26,0x26,0x26,0x26,0x26,0x26,0x26,0x26,0x26,0x26,0x26,0x26,0x26,0x26,0x26,0x26,0x26,0x26,0x26,0x26,0x26,0x26,
  0x26,0x26,0x26,0x25,0x25,0x25,0x25,0x25,0x25,0x25,0x25,0x26,0x26,0x26,0x26,0x26,0x1A,0x19,0x19,0x18,0x19,0x1A,0x1A,0x1A,0x1A,0x1A,0x1A,0x1A,0x1A,0x1A,0x18,0x18,
  0x18,0x19,0x1A,0x1A,0x1A,0x1A,0x1A,0x1A,0x1A,0x1B,0x1C,0x1C,0x1C,0x1D,0x1A,0x1A,0x19,0x19,0x1A,0x1A,0x1A,0x1A,0x1B,0x1B,0x1B,0x1B,0x1C,0x1E,0x1A,0x1A,0x18,0x18,
  0x18,0x19,0x1A,0x1A,0x1A,0x1A,0x1A,0x1A,0x1A,0x1B,0x1C,0x1C,0x1C,0x1D,0x1A,0x1A,0x18,0x18,0x18,0x19,0x1A,0x1A,0x1A,0x1A,0x1A,0x1A,0x1A,0x1B,0x1C,0x1C,0x1C,0x1D,
  0x1F,0x1A,0x1A,0x1A,0x1B,0x1B,0x1B,0x1B,0x1B,0x1C,0x1C,0x1C,0x1C,0x1D,0x1D,0x2A,0x27,0x27,0x27,0x27,0x27,0x27,0x27,0x27,0x27,0x27,0x27,0x27,0x27,0x27,0x27,0x27,
  0x27,0x27,0x27,0x27,0x27,0x27,0x27,0x27,0x27,0x27,0x27,0x27,0x27,0x27,0x27,0x27,0x27,0x27,0x27,0x27,0x27,0x27,0x27,0x36,0x35,0x36,0x36,0x36,0x37,0x37,0x27,0x27,
  0x27,0x27,0x36,0x27,0x27,0x27,0x27,0x27,0x27,0x27,0x37,0x27,0x27,0x36,0x33,0x34,0x35,0x36,0x37,0x37,0x38,0x38,0x38,0x38,0x38,0x38,0x38,0x39,0x3A,0x3A,0x3A,0x3B,
  0x27,0x27,0x27,0x27,0x27,0x27,0x27,0x27,0x27,0x27,0x27,0x27,0x27,0x27,0x27,0x27,0x27,0x27,0x27,0x27,0x27,0x27,0x27,0x27,0x27,0x27,0x27,0x27,0x27,0x27,0x27,0x27,
  0x27,0x27,0x27,0x27,0x27,0x27,0x27,0x27,0x27,0x27,0x27,0x27,0x27,0x27,0x27,0x27,0x27,0x27,0x27,0x27,0x27,0x27,0x27,0x27,0x27,0x27,0x27,0x27,0x27,0x27,0x27,0x27,
  0x18,0x18,0x18,0x18,0x18,0x18,0x19,0x1A,0x1A,0x1A,0x1A,0x1A,0x1A,0x1A,0x1B,0x1C,0x12,0x12,0x12,0x17,0x17,0x17,0x17,0x44,0x44,0x44,0x4F,0x44,0x44,0x44,0x17,0x44,
  0x4F,0x17,0x17,0x44,0x4F,0x17,0x17,0x17,0x17,0x44,0x4F,0x17,0x17,0x17,0x17,0x17,0x17,0x17,0x17,0x17,0x17,0x17,0x17,0x17,0x17,0x17,0x17,0x1C,0x1C,0x1C,0x1F,0x1F,
  0x18,0x19,0x1A,0x1A,0x1A,0x1A,0x1A,0x1A,0x1A,0x1B,0x1C,0x1C,0x1A,0x1A,0x1A,0x1B,0x1B,0x1B,0x1B,0x1B,0x48,0x48,0x48,0x48,0x48,0x48,0x49,0x4B,0x4A,0x4A,0x4C,0x4B,
  0x4B,0x4A,0x4E,0x4D,0x4C,0x4C,0x4C,0x4D,0x4C,0x4B,0x4C,0x4E,0x4F,0x4F,0x29,0x26,0x26,0x26,0x26,0x26,0x26,0x26,0x26,0x26,0x26,0x26,0x26,0x26,0x26,0x26,0x26,0x26,
  0x26,0x26,0x26,0x26,0x26,0x26,0x26,0x26,0x26,0x26,0x26,0x26,0x26,0x26,0x26,0x26,0x26,0x26,0x61,0x25,0x25,0x25,0x25,0x25,0x25,0x25,0x61,0x26,0x26,0x26,0x26,0x26,
  0x1A,0x1A,0x19,0x19,0x1A,0x1A,0x1A,0x1A,0x1B,0x1B,0x1B,0x1B,0x1C,0x1A,0x19,0x19,0x18,0x19,0x1A,0x1A,0x1A,0x1A,0x1A,0x1A,0x1A,0x1B,0x1C,0x1C,0x1D,0x1D,0x1F,0x1A,
  0x1A,0x1A,0x1B,0x1B,0x1B,0x1B,0x1B,0x1C,0x1C,0x1C,0x1C,0x1D,0x1D,0x1A,0x19,0x19,0x18,0x19,0x1A,0x1A,0x1A,0x1A,0x1A,0x1A,0x1A,0x1B,0x1C,0x1C,0x1D,0x1D,0x1F,0x1A,
  0x19,0x19,0x18,0x19,0x1A,0x1A,0x1A,0x1A,0x1A,0x1A,0x1A,0x1B,0x1C,0x1C,0x1D,0x1D,0x1F,0x1F,0x1F,0x1A,0x1A,0x1B,0x1C,0x1C,0x1C,0x1C,0x1D,0x1E,0x1D,0x1D,0x2A,0x27,
  0x27,0x27,0x27,0x27,0x27,0x27,0x27,0x27,0x27,0x27,0x27,0x27,0x27,0x27,0x27,0x27,0x27,0x27,0x27,0x27,0x27,0x27,0x27,0x27,0x27,0x27,0x27,0x27,0x27,0x27,0x27,0x27,
  0x27,0x27,0x27,0x35,0x34,0x34,0x35,0x35,0x36,0x37,0x37,0x37,0x37,0x37,0x37,0x37,0x38,0x39,0x27,0x36,0x27,0x27,0x36,0x35,0x36,0x37,0x38,0x37,0x37,0x38,0x37,0x36,
  0x37,0x39,0x37,0x38,0x38,0x39,0x39,0x39,0x3A,0x3A,0x3A,0x3A,0x3B,0x3B,0x3C,0x3D,0x3C,0x27,0x36,0x35,0x36,0x36,0x36,0x37,0x37,0x27,0x27,0x27,0x27,0x27,0x27,0x27,
  0x27,0x27,0x27,0x27,0x27,0x27,0x27,0x27,0x27,0x27,0x27,0x27,0x27,0x27,0x27,0x27,0x27,0x27,0x27,0x27,0x27,0x27,0x27,0x27,0x27,0x27,0x27,0x27,0x27,0x27,0x27,0x27,
  0x27,0x27,0x27,0x27,0x27,0x27,0x27,0x27,0x27,0x27,0x27,0x27,0x27,0x27,0x27,0x27,0x18,0x18,0x18,0x18,0x18,0x18,0x19,0x1A,0x1A,0x1A,0x1A,0x1A,0x1A,0x1A,0x1B,0x1C,
  0x12,0x12,0x12,0x17,0x17,0x17,0x17,0x17,0x4F,0x4F,0x4F,0x17,0x4F,0x4F,0x4F,0x17,0x4F,0x17,0x17,0x17,0x4F,0x17,0x17,0x17,0x17,0x17,0x4F,0x17,0x17,0x17,0x17,0x17,
  0x17,0x17,0x17,0x17,0x17,0x17,0x17,0x17,0x17,0x17,0x17,0x1C,0x1C,0x1C,0x1F,0x1F,0x18,0x19,0x1A,0x1A,0x1A,0x1A,0x1A,0x1A,0x1A,0x1B,0x1C,0x1C,0x1C,0x1C,0x1A,0x1A,
  0x1B,0x1C,0x1C,0x1C,0x1C,0x49,0x48,0x48,0x48,0x48,0x49,0x4A,0x4A,0x4A,0x4A,0x4B,0x4A,0x4A,0x4B,0x4D,0x4C,0x4C,0x4C,0x4C,0x4C,0x4D,0x4D,0x4E,0x4F,0x29,0x26,0x26,
  0x26,0x26,0x26,0x26,0x26,0x26,0x26,0x26,0x26,0x26,0x26,0x26,0x26,0x26,0x26,0x26,0x26,0x26,0x26,0x26,0x26,0x26,0x26,0x26,0x26,0x26,0x26,0x26,0x26,0x26,0x26,0x26,
  0x26,0x61,0x25,0x25,0x25,0x25,0x25,0x25,0x25,0x25,0x26,0x26,0x26,0x26,0x26,0x26,0x26,0x1A,0x1A,0x1A,0x1B,0x1B,0x1B,0x1B,0x1B,0x1C,0x1C,0x1C,0x1C,0x1A,0x1A,0x19,
  0x19,0x1A,0x1A,0x1A,0x1A,0x1B,0x1B,0x1B,0x1B,0x1C,0x1E,0x1E,0x1D,0x1F,0x1F,0x1F,0x1F,0x1A,0x1A,0x1B,0x1C,0x1C,0x1C,0x1C,0x1D,0x1E,0x1D,0x1D,0x1F,0x1A,0x1A,0x19,
  0x19,0x1A,0x1A,0x1A,0x1A,0x1B,0x1B,0x1B,0x1B,0x1C,0x1E,0x1E,0x1D,0x1F,0x1F,0x1A,0x1A,0x19,0x19,0x1A,0x1A,0x1A,0x1A,0x1B,0x1B,0x1B,0x1B,0x1C,0x1E,0x1E,0x1D,0x1F,
  0x1F,0x1F,0x1F,0x1F,0x1F,0x1D,0x1C,0x1D,0x1D,0x1C,0x1C,0x2A,0x28,0x27,0x27,0x27,0x27,0x27,0x27,0x27,0x27,0x27,0x27,0x27,0x27,0x27,0x27,0x27,0x27,0x27,0x27,0x27,
  0x27,0x27,0x27,0x27,0x27,0x27,0x27,0x27,0x27,0x27,0x27,0x27,0x27,0x27,0x27,0x27,0x27,0x36,0x33,0x34,0x35,0x36,0x37,0x37,0x38,0x38,0x84,0x85,0x85,0x38,0x38,0x39,
  0x3A,0x3A,0x35,0x37,0x34,0x35,0x35,0x36,0x37,0x38,0x37,0x37,0x37,0x37,0x37,0x38,0x39,0x35,0x39,0x3A,0x3B,0x37,0x39,0x3B,0x3B,0x38,0x39,0x3C,0x3B,0x3D,0x35,0x34,
  0x34,0x35,0x35,0x36,0x37,0x37,0x37,0x37,0x84,0x85,0x85,0x38,0x39,0x27,0x27,0x27,0x27,0x27,0x27,0x27,0x27,0x27,0x27,0x27,0x27,0x27,0x27,0x27,0x27,0x27,0x27,0x27,
  0x27,0x27,0x27,0x27,0x27,0x27,0x27,0x27,0x27,0x27,0x27,0x27,0x27,0x27,0x27,0x27,0x27,0x27,0x27,0x27,0x27,0x27,0x27,0x27,0x27,0x27,0x27,0x27,0x27,0x27,0x27,0x27,
  0x18,0x18,0x18,0x18,0x18,0x18,0x19,0x1A,0x1A,0x1A,0x1A,0x1A,0x1A,0x1A,0x1B,0x1C,0x12,0x12,0x12,0x17,0x17,0x19,0x1C,0x19,0x17,0x17,0x17,0x17,0x17,0x17,0x17,0x17,
  0x17,0x17,0x17,0x17,0x17,0x17,0x17,0x17,0x17,0x17,0x17,0x17,0x17,0x17,0x17,0x17,0x17,0x17,0x17,0x17,0x17,0x17,0x17,0x17,0x17,0x17,0x17,0x1C,0x1C,0x1C,0x1C,0x1F,
  0x18,0x19,0x1A,0x1A,0x1A,0x1A,0x1A,0x1A,0x1A,0x1B,0x1C,0x1C,0x1C,0x1C,0x1C,0x1C,0x1D,0x1C,0x1D,0x1D,0x1C,0x1C,0x4B,0x4B,0x48,0x48,0x49,0x4A,0x4A,0x4A,0x4A,0x4A,
  0x4A,0x4A,0x4B,0x4C,0x4C,0x4D,0x4D,0x4D,0x4D,0x4D,0x4D,0x2A,0x29,0x26,0x26,0x26,0x26,0x26,0x26,0x26,0x26,0x26,0x26,0x26,0x26,0x26,0x26,0x26,0x26,0x26,0x26,0x26,
  0x26,0x26,0x26,0x26,0x26,0x26,0x26,0x26,0x26,0x26,0x26,0x26,0x26,0x26,0x26,0x26,0x26,0x25,0x25,0x25,0x25,0x25,0x25,0x25,0x25,0x25,0x26,0x26,0x26,0x26,0x26,0x26,
  0x26,0x26,0x26,0x1A,0x1A,0x1B,0x1C,0x1C,0x1C,0x1C,0x1D,0x1E,0x1D,0x1D,0x1A,0x1A,0x1A,0x1B,0x1B,0x1B,0x1B,0x1B,0x1C,0x1C,0x1C,0x1C,0x1D,0x1D,0x1F,0x1F,0x1F,0x1F,
  0x1F,0x1F,0x1F,0x1D,0x1C,0x1D,0x1D,0x1C,0x1C,0x1F,0x1F,0x1F,0x1F,0x1F,0x1A,0x1A,0x1A,0x1B,0x1B,0x1B,0x1B,0x1B,0x1C,0x1C,0x1C,0x1C,0x1D,0x1D,0x1F,0x1F,0x1F,0x1F,
  0x1A,0x1A,0x1A,0x1B,0x1B,0x1B,0x1B,0x1B,0x1C,0x1C,0x1C,0x1C,0x1D,0x1D,0x1F,0x1F,0x1F,0x2A,0x28,0x27,0x27,0x27,0x27,0x27,0x27,0x27,0x27,0x27,0x27,0x27,0x27,0x27,
  0x27,0x27,0x27,0x27,0x27,0x27,0x27,0x27,0x27,0x27,0x27,0x27,0x27,0x27,0x27,0x27,0x27,0x27,0x27,0x27,0x27,0x27,0x27,0x27,0x27,0x27,0x27,0x27,0x27,0x27,0x27,0x27,
  0x34,0x38,0x37,0x36,0x37,0x39,0x37,0x38,0x83,0x86,0x85,0x80,0x82,0x83,0x85,0x87,0x36,0x33,0x34,0x38,0x37,0x37,0x37,0x38,0x38,0x38,0x38,0x38,0x38,0x38,0x39,0x3A,
  0x3A,0x3A,0x3B,0x3B,0x37,0x3A,0x3C,0x37,0x3C,0x3D,0x37,0x3C,0x36,0x33,0x34,0x35,0x36,0x37,0x37,0x38,0x38,0x38,0x83,0x86,0x85,0x80,0x82,0x83,0x85,0x87,0x3B,0x27,
  0x27,0x27,0x27,0x27,0x27,0x27,0x27,0x27,0x27,0x27,0x27,0x27,0x27,0x27,0x27,0x27,0x27,0x27,0x27,0x27,0x27,0x27,0x27,0x27,0x27,0x27,0x27,0x27,0x27,0x27,0x27,0x27,
  0x27,0x27,0x27,0x27,0x27,0x27,0x27,0x27,0x27,0x27,0x27,0x27,0x27,0x27,0x27,0x27,0x18,0x18,0x18,0x18,0x18,0x18,0x19,0x1A,0x1A,0x1A,0x1A,0x1A,0x1A,0x1A,0x1B,0x1C,
  0x12,0x12,0x12,0x17,0x17,0x1C,0x1C,0x1C,0x1C,0x1C,0x1C,0x1C,0x1C,0x1C,0x1C,0x1C,0x1C,0x1C,0x1C,0x1C,0x1C,0x1C,0x1C,0x1C,0x1C,0x1C,0x1C,0x1C,0x1C,0x1C,0x1C,0x1C,
  0x1C,0x19,0x17,0x17,0x17,0x17,0x17,0x17,0x17,0x17,0x17,0x19,0x1A,0x1A,0x1C,0x1F,0x18,0x19,0x1A,0x1A,0x1A,0x1A,0x1A,0x1A,0x1A,0x1B,0x1C,0x1C,0x1C,0x1C,0x1C,0x1C,
  0x1F,0x1F,0x1F,0x1F,0x1F,0x1F,0x1F,0x4D,0x4C,0x4B,0x49,0x4A,0x4A,0x4A,0x4A,0x4A,0x4A,0x4A,0x4B,0x4E,0x4E,0x4E,0x1F,0x1F,0x1F,0x2A,0x29,0x26,0x26,0x26,0x26,0x26,
  0x26,0x26,0x26,0x26,0x26,0x26,0x26,0x26,0x26,0x26,0x26,0x26,0x26,0x26,0x26,0x26,0x26,0x26,0x26,0x26,0x26,0x26,0x26,0x26,0x26,0x26,0x26,0x26,0x26,0x26,0x26,0x26,
  0x61,0x25,0x25,0x25,0x25,0x25,0x25,0x25,0x25,0x25,0x26,0x26,0x26,0x26,0x26,0x26,0x26,0x26,0x26,0x26,0x26,0x1D,0x1C,0x1D,0x1D,0x1C,0x1C,0x1F,0x1F,0x1F,0x1F,0x1F,
  0x1A,0x1A,0x1B,0x1C,0x1C,0x1C,0x1C,0x1D,0x1E,0x1D,0x1D,0x1F,0x1F,0x1F,0x1F,0x2C,0x2B,0x2C,0x2C,0x2C,0x2C,0x2C,0x2C,0x2C,0x2C,0x2C,0x1F,0x1F,0x1F,0x1F,0x1F,0x1F,
  0x1A,0x1A,0x1B,0x1C,0x1C,0x1C,0x1C,0x1D,0x1E,0x1D,0x1D,0x1F,0x1F,0x1F,0x1F,0x1F,0x1F,0x1F,0x1A,0x1A,0x1B,0x1C,0x1C,0x1C,0x1C,0x1D,0x1E,0x1D,0x1D,0x2A,0x28,0x27,
  0x27,0x27,0x27,0x27,0x27,0x27,0x27,0x27,0x27,0x27,0x27,0x27,0x27,0x27,0x27,0x27,0x27,0x27,0x27,0x27,0x27,0x27,0x27,0x27,0x27,0x27,0x27,0x27,0x27,0x27,0x27,0x27,
  0x27,0x27,0x27,0x27,0x27,0x27,0x27,0x27,0x27,0x27,0x27,0x27,0x27,0x27,0x27,0x35,0x39,0x37,0x34,0x39,0x39,0x35,0x39,0x3A,0x85,0x87,0x3F,0x83,0x86,0x3F,0x87,0x87,
  0x3F,0x37,0x36,0x37,0x38,0x37,0x38,0x38,0x39,0x39,0x39,0x3A,0x3A,0x3A,0x3A,0x3B,0x3B,0x3C,0x3D,0x3C,0x36,0x35,0x36,0x36,0x36,0x37,0x37,0x34,0x38,0x37,0x36,0x37,
  0x39,0x37,0x38,0x38,0x39,0x39,0x85,0x87,0x3F,0x83,0x86,0x3F,0x87,0x87,0x3F,0x3C,0x27,0x27,0x27,0x27,0x27,0x27,0x27,0x27,0x27,0x27,0x27,0x27,0x27,0x27,0x27,0x27,
  0x27,0x27,0x27,0x27,0x27,0x27,0x27,0x27,0x27,0x27,0x27,0x27,0x27,0x27,0x27,0x27,0x27,0x27,0x27,0x27,0x27,0x27,0x27,0x27,0x27,0x27,0x27,0x27,0x27,0x27,0x27,0x27,
  0x18,0x18,0x18,0x18,0x18,0x18,0x19,0x1A,0x1A,0x1A,0x1A,0x1A,0x1A,0x1A,0x1B,0x1C,0x12,0x12,0x12,0x17,0x17,0x1C,0x1C,0x1F,0x1F,0x1F,0x1C,0x1C,0x1C,0x1C,0x1C,0x1C,
  0x1C,0x1C,0x1C,0x1C,0x1C,0x1C,0x1C,0x1C,0x1C,0x1C,0x1C,0x1C,0x1C,0x1C,0x1C,0x1C,0x1C,0x1C,0x1C,0x1C,0x1C,0x1C,0x19,0x17,0x17,0x17,0x17,0x17,0x1C,0x1A,0x1A,0x1A,
  0x18,0x19,0x1A,0x1A,0x1A,0x1A,0x1A,0x1A,0x1A,0x1B,0x1C,0x1C,0x1C,0x1C,0x1C,0x1C,0x1F,0x1F,0x1F,0x1F,0x1F,0x1F,0x1F,0x1F,0x1F,0x4D,0x4D,0x4D,0x4B,0x4B,0x4A,0x4A,
  0x4B,0x4C,0x4E,0x4F,0x4F,0x1F,0x2A,0x29,0x26,0x26,0x26,0x26,0x26,0x26,0x26,0x26,0x26,0x26,0x26,0x26,0x26,0x26,0x26,0x26,0x26,0x26,0x26,0x26,0x26,0x26,0x26,0x26,
  0x26,0x26,0x26,0x26,0x26,0x26,0x26,0x26,0x26,0x26,0x26,0x26,0x26,0x26,0x26,0x61,0x25,0x25,0x25,0x25,0x25,0x25,0x25,0x25,0x25,0x61,0x26,0x26,0x26,0x26,0x26,0x26,
  0x26,0x26,0x26,0x26,0x26,0x26,0x28,0x29,0x29,0x2A,0x2B,0x2C,0x2C,0x2C,0x1F,0x1F,0x1F,0x1F,0x1D,0x1C,0x1D,0x2B,0x2A,0x2A,0x29,0x27,0x28,0x29,0x29,0x29,0x2A,0x2A,
  0x2B,0x2B,0x2B,0x2C,0x2C,0x2C,0x2C,0x2C,0x2C,0x2C,0x2C,0x2C,0x2C,0x1F,0x1F,0x1F,0x1F,0x1F,0x1D,0x1C,0x1D,0x1D,0x1C,0x1C,0x1F,0x1F,0x1F,0x1F,0x1F,0x1F,0x1F,0x1F,
  0x1F,0x1F,0x1F,0x1F,0x1D,0x1C,0x1D,0x1D,0x1C,0x1C,0x1F,0x2A,0x28,0x27,0x27,0x27,0x27,0x27,0x27,0x27,0x27,0x27,0x27,0x27,0x27,0x27,0x27,0x27,0x27,0x27,0x27,0x27,
  0x27,0x27,0x27,0x27,0x27,0x27,0x27,0x27,0x27,0x27,0x27,0x27,0x27,0x27,0x27,0x27,0x27,0x27,0x27,0x27,0x27,0x27,0x27,0x27,0x27,0x27,0x27,0x27,0x27,0x27,0x27,0x38,
  0x4D,0x35,0x39,0x3A,0x35,0x39,0x3A,0x3B,0x37,0x3F,0x3F,0x85,0x87,0x3F,0x35,0x3F,0x3F,0x34,0x39,0x39,0x35,0x39,0x3A,0x3B,0x37,0x39,0x3B,0x3B,0x38,0x39,0x3C,0x3B,
  0x35,0x34,0x34,0x35,0x35,0x36,0x37,0x37,0x37,0x37,0x37,0x37,0x37,0x38,0x39,0x39,0x35,0x39,0x3A,0x3B,0x37,0x39,0x3B,0x3F,0x3F,0x85,0x87,0x3F,0x3D,0x3F,0x3F,0x3E,
  0x3D,0x27,0x27,0x27,0x27,0x27,0x27,0x27,0x27,0x27,0x27,0x27,0x27,0x27,0x27,0x27,0x27,0x27,0x27,0x27,0x27,0x27,0x27,0x27,0x27,0x27,0x27,0x27,0x27,0x27,0x27,0x27,
  0x27,0x27,0x27,0x27,0x27,0x27,0x27,0x27,0x27,0x27,0x27,0x27,0x27,0x27,0x27,0x27,0x18,0x18,0x18,0x18,0x18,0x18,0x19,0x1A,0x1A,0x1A,0x1A,0x1A,0x1A,0x1A,0x1B,0x1C,
  0x12,0x12,0x12,0x14,0x17,0x19,0x1C,0x1F,0x19,0x19,0x19,0x19,0x19,0x19,0x19,0x19,0x19,0x19,0x19,0x19,0x19,0x19,0x19,0x19,0x19,0x19,0x19,0x19,0x19,0x19,0x19,0x19,
  0x19,0x19,0x19,0x19,0x19,0x19,0x19,0x19,0x17,0x17,0x17,0x17,0x1C,0x1C,0x1C,0x1A,0x18,0x19,0x1A,0x1A,0x1A,0x1A,0x1A,0x1A,0x1A,0x1B,0x1C,0x1C,0x1C,0x1C,0x1C,0x1C,
  0x1F,0x1F,0x1F,0x1F,0x1F,0x1F,0x2A,0x29,0x29,0x2A,0x1F,0x4F,0x4F,0x4C,0x4C,0x4C,0x4D,0x4D,0x4E,0x4F,0x2A,0x29,0x26,0x26,0x26,0x26,0x26,0x26,0x26,0x26,0x26,0x26,
  0x26,0x26,0x26,0x26,0x26,0x26,0x26,0x26,0x26,0x26,0x26,0x26,0x26,0x26,0x26,0x26,0x26,0x26,0x26,0x26,0x26,0x26,0x26,0x26,0x26,0x26,0x26,0x26,0x26,0x26,0x26,0x25,
  0x25,0x25,0x25,0x25,0x25,0x25,0x25,0x25,0x25,0x26,0x26,0x26,0x26,0x26,0x26,0x26,0x26,0x26,0x26,0x26,0x26,0x26,0x26,0x26,0x28,0x29,0x29,0x29,0x2A,0x2A,0x2B,0x2C,
  0x2C,0x2B,0x2A,0x2A,0x29,0x27,0x27,0x27,0x27,0x27,0x27,0x28,0x29,0x29,0x29,0x29,0x2A,0x2B,0x2B,0x2C,0x2C,0x2C,0x2C,0x2C,0x2C,0x2C,0x2C,0x2C,0x2C,0x2C,0x2C,0x2C,
  0x2C,0x2C,0x2C,0x2C,0x2C,0x2C,0x2C,0x1F,0x1F,0x1F,0x1F,0x1F,0x1F,0x1F,0x1F,0x1F,0x1F,0x1F,0x1F,0x1F,0x1F,0x2A,0x28,0x27,0x27,0x27,0x27,0x27,0x27,0x27,0x27,0x27,
  0x27,0x27,0x27,0x27,0x27,0x27,0x27,0x27,0x27,0x27,0x27,0x27,0x27,0x27,0x27,0x27,0x27,0x27,0x27,0x27,0x27,0x27,0x27,0x27,0x27,0x27,0x27,0x27,0x27,0x27,0x27,0x27,
  0x27,0x27,0x27,0x27,0x27,0x27,0x27,0x27,0x27,0x27,0x27,0x27,0x27,0x27,0x27,0x27,0x4D,0x3A,0x4F,0x4F,0x37,0x3A,0x4F,0x3B,0x37,0x3D,0x3E,0x39,0x3F,0x3F,0x38,0x4D,
  0x35,0x39,0x3A,0x35,0x39,0x3A,0x3B,0x37,0x3A,0x3C,0x37,0x3C,0x3D,0x37,0x36,0x33,0x34,0x35,0x36,0x37,0x37,0x38,0x38,0x38,0x38,0x38,0x84,0x85,0x85,0x3A,0x3A,0x3A,
  0x3B,0x3A,0x3B,0x37,0x3A,0x3C,0x37,0x3C,0x3D,0x37,0x3F,0x3F,0x39,0x3E,0x3E,0x4F,0x3E,0x27,0x27,0x27,0x27,0x27,0x27,0x27,0x27,0x26,0x27,0x27,0x27,0x27,0x27,0x27,
  0x27,0x27,0x27,0x27,0x27,0x27,0x27,0x27,0x27,0x27,0x27,0x27,0x27,0x27,0x27,0x27,0x27,0x27,0x27,0x27,0x27,0x27,0x27,0x27,0x27,0x27,0x27,0x27,0x27,0x27,0x27,0x27,
  0x18,0x18,0x18,0x18,0x18,0x18,0x19,0x1A,0x1A,0x1A,0x1A,0x1A,0x1A,0x1A,0x1B,0x1C,0x12,0x12,0x12,0x12,0x17,0x17,0x1C,0x1F,0x19,0x19,0x19,0x19,0x19,0x19,0x19,0x19,
  0x19,0x19,0x19,0x19,0x19,0x19,0x19,0x19,0x19,0x19,0x19,0x19,0x19,0x19,0x19,0x19,0x19,0x19,0x19,0x19,0x19,0x19,0x19,0x19,0x15,0x17,0x17,0x17,0x1C,0x1C,0x1C,0x1F,
  0x18,0x19,0x1A,0x1A,0x1A,0x1A,0x1A,0x1A,0x1A,0x1B,0x1C,0x1C,0x1C,0x1C,0x1C,0x1C,0x1F,0x1F,0x1F,0x2A,0x29,0x61,0x25,0x25,0x25,0x25,0x25,0x29,0x2A,0x1F,0x4D,0x4D,
  0x4D,0x4D,0x2A,0x29,0x26,0x26,0x26,0x26,0x26,0x26,0x26,0x26,0x26,0x26,0x26,0x26,0x26,0x26,0x26,0x26,0x26,0x26,0x26,0x26,0x26,0x26,0x26,0x26,0x26,0x26,0x26,0x26,
  0x26,0x26,0x26,0x26,0x26,0x26,0x26,0x26,0x26,0x26,0x26,0x26,0x26,0x26,0x61,0x25,0x25,0x25,0x25,0x25,0x25,0x25,0x25,0x25,0x25,0x26,0x26,0x26,0x26,0x26,0x26,0x26,
  0x26,0x26,0x26,0x26,0x26,0x26,0x26,0x26,0x26,0x28,0x29,0x29,0x29,0x29,0x2A,0x2B,0x2B,0x2A,0x29,0x27,0x27,0x27,0x27,0x27,0x27,0x27,0x27,0x27,0x29,0x29,0x29,0x29,
  0x29,0x2A,0x2B,0x2B,0x2C,0x2C,0x2C,0x2C,0x2C,0x2C,0x2C,0x2C,0x2C,0x2C,0x2C,0x2C,0x2C,0x2C,0x2C,0x2C,0x2C,0x2C,0x2C,0x2C,0x2C,0x2C,0x2C,0x2C,0x2A,0x27,0x27,0x27,
  0x27,0x27,0x27,0x27,0x27,0x27,0x27,0x27,0x27,0x27,0x27,0x27,0x27,0x27,0x27,0x27,0x27,0x27,0x27,0x27,0x27,0x27,0x27,0x27,0x27,0x27,0x27,0x27,0x27,0x27,0x27,0x27,
  0x27,0x27,0x27,0x27,0x27,0x27,0x27,0x27,0x27,0x27,0x27,0x27,0x27,0x27,0x27,0x27,0x27,0x27,0x27,0x27,0x27,0x27,0x27,0x27,0x27,0x27,0x27,0x27,0x27,0x27,0x27,0x27,
  0x48,0x4A,0x4E,0x4B,0x3A,0x4F,0x4F,0x4D,0x3A,0x3E,0x4F,0x3A,0x3D,0x4F,0x4F,0x4D,0x3A,0x4F,0x4F,0x37,0x3A,0x4F,0x3B,0x37,0x3D,0x3E,0x39,0x3C,0x3E,0x34,0x38,0x37,
  0x36,0x37,0x39,0x37,0x38,0x38,0x39,0x39,0x83,0x86,0x85,0x80,0x82,0x83,0x85,0x87,0x3D,0x3C,0x3B,0x37,0x3D,0x3E,0x39,0x3C,0x3E,0x4F,0x38,0x3D,0x4F,0x4F,0x3E,0x4F,
  0x27,0x27,0x27,0x27,0x27,0x27,0x27,0x27,0x27,0x25,0x60,0x27,0x27,0x27,0x27,0x27,0x27,0x27,0x27,0x27,0x27,0x27,0x27,0x27,0x27,0x27,0x27,0x27,0x27,0x27,0x27,0x27,
  0x27,0x27,0x27,0x27,0x27,0x27,0x27,0x27,0x27,0x27,0x27,0x27,0x27,0x27,0x27,0x27,0x18,0x18,0x18,0x18,0x18,0x18,0x19,0x1A,0x1A,0x1A,0x1A,0x1A,0x1A,0x1A,0x1B,0x1C,
  0x18,0x12,0x12,0x12,0x17,0x17,0x1C,0x1C,0x19,0x19,0x19,0x19,0x19,0x19,0x19,0x19,0x19,0x19,0x19,0x19,0x19,0x19,0x19,0x19,0x19,0x19,0x19,0x19,0x19,0x19,0x19,0x19,
  0x19,0x19,0x19,0x19,0x19,0x19,0x19,0x19,0x12,0x17,0x17,0x17,0x1C,0x1C,0x1C,0x1F,0x18,0x19,0x1A,0x1A,0x1A,0x1A,0x1A,0x1A,0x1A,0x1B,0x1C,0x1C,0x1C,0x1C,0x1C,0x1C,
  0x1F,0x1F,0x2A,0x28,0x61,0x25,0x25,0x25,0x25,0x25,0x25,0x25,0x25,0x25,0x61,0x26,0x26,0x26,0x26,0x26,0x26,0x26,0x26,0x26,0x26,0x26,0x26,0x26,0x26,0x26,0x26,0x26,
  0x26,0x26,0x26,0x26,0x26,0x26,0x26,0x26,0x26,0x26,0x26,0x26,0x26,0x26,0x26,0x26,0x26,0x26,0x26,0x26,0x26,0x26,0x26,0x26,0x26,0x26,0x26,0x26,0x26,0x61,0x25,0x25,
  0x25,0x25,0x25,0x25,0x25,0x25,0x25,0x25,0x61,0x26,0x26,0x26,0x26,0x26,0x26,0x26,0x26,0x26,0x26,0x26,0x26,0x26,0x26,0x26,0x26,0x26,0x28,0x29,0x29,0x29,0x29,0x2A,
  0x2B,0x2A,0x27,0x27,0x27,0x27,0x27,0x27,0x27,0x27,0x27,0x27,0x29,0x29,0x29,0x29,0x29,0x2A,0x2B,0x2B,0x2C,0x2C,0x2C,0x2C,0x2C,0x2C,0x2C,0x2C,0x2C,0x2C,0x2C,0x2C,
  0x2C,0x2C,0x2C,0x2C,0x2C,0x2C,0x2C,0x2A,0x27,0x27,0x27,0x27,0x27,0x27,0x27,0x27,0x27,0x27,0x27,0x27,0x27,0x27,0x27,0x27,0x27,0x27,0x27,0x27,0x27,0x27,0x27,0x27,
  0x27,0x27,0x27,0x27,0x27,0x27,0x27,0x27,0x27,0x27,0x27,0x27,0x27,0x27,0x27,0x27,0x27,0x27,0x27,0x27,0x27,0x27,0x27,0x27,0x27,0x27,0x27,0x27,0x27,0x27,0x27,0x27,
  0x27,0x27,0x27,0x27,0x27,0x27,0x27,0x27,0x27,0x27,0x27,0x27,0x27,0x27,0x27,0x27,0x48,0x48,0x49,0x4A,0x49,0x4E,0x4C,0x4D,0x3C,0x4F,0x4F,0x4D,0x3D,0x4F,0x4E,0x4F,
  0x4A,0x4E,0x4B,0x3A,0x4F,0x4F,0x4D,0x3A,0x3E,0x4F,0x3A,0x3D,0x35,0x39,0x37,0x34,0x39,0x39,0x35,0x39,0x3A,0x3B,0x37,0x39,0x85,0x87,0x3F,0x83,0x86,0x3F,0x87,0x87,
  0x3F,0x3E,0x3D,0x3A,0x3E,0x4F,0x3A,0x3D,0x4F,0x4F,0x4F,0x3E,0x4F,0x4F,0x4F,0x4F,0x27,0x27,0x27,0x27,0x27,0x27,0x27,0x27,0x26,0x25,0x26,0x27,0x27,0x27,0x27,0x27,
  0x27,0x27,0x27,0x27,0x27,0x27,0x27,0x27,0x27,0x27,0x27,0x27,0x27,0x27,0x27,0x27,0x27,0x27,0x27,0x27,0x27,0x27,0x27,0x27,0x27,0x27,0x27,0x27,0x27,0x27,0x27,0x27,
  0x18,0x18,0x18,0x18,0x18,0x18,0x19,0x1A,0x1A,0x1A,0x1A,0x1A,0x1A,0x1A,0x1B,0x1C,0x1F,0x12,0x12,0x12,0x17,0x17,0x1C,0x1C,0x19,0x19,0x19,0x19,0x19,0x19,0x19,0x19,
  0x19,0x19,0x19,0x19,0x19,0x19,0x19,0x19,0x19,0x19,0x19,0x19,0x19,0x19,0x19,0x19,0x19,0x19,0x19,0x19,0x19,0x19,0x19,0x19,0x12,0x17,0x17,0x17,0x1C,0x1C,0x1C,0x1F,
  0x18,0x19,0x1A,0x1A,0x1A,0x1A,0x1A,0x1A,0x1A,0x1B,0x1C,0x1C,0x1C,0x1C,0x1C,0x1C,0x1F,0x2A,0x28,0x61,0x25,0x25,0x25,0x25,0x25,0x25,0x25,0x25,0x25,0x25,0x26,0x26,
  0x26,0x26,0x26,0x26,0x26,0x26,0x26,0x26,0x26,0x26,0x26,0x26,0x26,0x26,0x26,0x26,0x26,0x26,0x26,0x26,0x26,0x26,0x26,0x26,0x26,0x26,0x26,0x26,0x26,0x26,0x26,0x26,
  0x26,0x26,0x26,0x26,0x26,0x26,0x26,0x26,0x26,0x26,0x26,0x26,0x26,0x25,0x25,0x25,0x25,0x25,0x25,0x25,0x25,0x25,0x25,0x25,0x26,0x26,0x26,0x26,0x26,0x26,0x26,0x26,
  0x26,0x26,0x26,0x26,0x26,0x26,0x26,0x26,0x26,0x26,0x26,0x28,0x29,0x29,0x29,0x2A,0x2A,0x29,0x27,0x27,0x27,0x27,0x27,0x27,0x27,0x27,0x27,0x28,0x29,0x29,0x29,0x29,
  0x29,0x2A,0x2B,0x2B,0x2C,0x2C,0x2C,0x2C,0x2C,0x2C,0x2C,0x2C,0x2C,0x2C,0x2C,0x2C,0x2C,0x2C,0x2C,0x2A,0x27,0x27,0x27,0x27,0x27,0x27,0x27,0x27,0x27,0x27,0x27,0x27,
  0x27,0x27,0x27,0x27,0x27,0x27,0x27,0x27,0x27,0x27,0x27,0x27,0x27,0x27,0x27,0x27,0x27,0x27,0x27,0x27,0x27,0x27,0x27,0x27,0x27,0x27,0x27,0x27,0x27,0x27,0x27,0x27,
  0x27,0x27,0x27,0x27,0x27,0x27,0x27,0x27,0x27,0x27,0x27,0x27,0x27,0x27,0x27,0x27,0x27,0x27,0x27,0x27,0x27,0x27,0x27,0x27,0x27,0x27,0x27,0x27,0x27,0x27,0x27,0x27,
  0x48,0x48,0x48,0x48,0x49,0x48,0x4B,0x4B,0x4B,0x4F,0x4D,0x4D,0x4B,0x4F,0x4E,0x4D,0x4D,0x49,0x4A,0x49,0x4E,0x4C,0x4D,0x3C,0x4F,0x4F,0x4D,0x3D,0x38,0x4D,0x35,0x39,
  0x3A,0x35,0x39,0x3A,0x3B,0x37,0x3A,0x3C,0x37,0x3F,0x3F,0x85,0x87,0x3F,0x39,0x3F,0x3F,0x4F,0x3E,0x3C,0x4F,0x4F,0x4D,0x3D,0x4F,0x4E,0x4F,0x4D,0x4F,0x4F,0x4D,0x4D,
  0x27,0x27,0x27,0x27,0x27,0x27,0x27,0x27,0x25,0x25,0x26,0x60,0x27,0x27,0x27,0x27,0x27,0x27,0x27,0x27,0x27,0x27,0x27,0x27,0x27,0x27,0x27,0x27,0x27,0x27,0x27,0x27,
  0x27,0x27,0x27,0x27,0x27,0x27,0x27,0x27,0x27,0x27,0x27,0x27,0x27,0x27,0x27,0x27,0x18,0x18,0x18,0x18,0x18,0x18,0x19,0x1A,0x1A,0x1A,0x1A,0x1A,0x1A,0x1A,0x1B,0x1C,
  0x1F,0x12,0x12,0x12,0x17,0x17,0x1C,0x1C,0x19,0x19,0x19,0x19,0x19,0x19,0x19,0x19,0x19,0x19,0x19,0x19,0x19,0x19,0x19,0x19,0x19,0x19,0x19,0x19,0x19,0x19,0x19,0x19,
  0x19,0x19,0x19,0x19,0x19,0x19,0x19,0x19,0x12,0x17,0x17,0x17,0x1C,0x1C,0x1C,0x1F,0x18,0x19,0x1A,0x1A,0x1A,0x1A,0x1A,0x1A,0x1A,0x1B,0x1C,0x1C,0x1C,0x1C,0x1C,0x1C,
  0x1F,0x29,0x61,0x25,0x25,0x25,0x25,0x25,0x25,0x25,0x25,0x25,0x25,0x61,0x26,0x26,0x26,0x26,0x26,0x26,0x26,0x26,0x26,0x26,0x26,0x26,0x26,0x26,0x26,0x26,0x26,0x26,
  0x26,0x26,0x26,0x26,0x26,0x26,0x26,0x26,0x26,0x26,0x26,0x26,0x26,0x26,0x26,0x26,0x26,0x26,0x26,0x26,0x26,0x26,0x26,0x26,0x26,0x26,0x26,0x26,0x61,0x25,0x25,0x25,
  0x25,0x25,0x25,0x25,0x25,0x25,0x25,0x25,0x26,0x26,0x26,0x26,0x26,0x26,0x26,0x26,0x26,0x26,0x26,0x26,0x26,0x26,0x26,0x26,0x26,0x26,0x26,0x26,0x29,0x29,0x29,0x2A,
  0x2A,0x60,0x27,0x27,0x27,0x27,0x27,0x27,0x27,0x27,0x27,0x29,0x29,0x29,0x29,0x29,0x29,0x29,0x2A,0x2B,0x2B,0x2C,0x2C,0x2C,0x2C,0x2C,0x2C,0x2C,0x2C,0x2C,0x2C,0x2C,
  0x2C,0x2A,0x27,0x27,0x27,0x27,0x27,0x27,0x27,0x27,0x27,0x27,0x27,0x27,0x27,0x27,0x27,0x27,0x27,0x27,0x27,0x27,0x27,0x27,0x27,0x27,0x27,0x27,0x27,0x27,0x27,0x27,
  0x27,0x27,0x27,0x27,0x27,0x27,0x27,0x27,0x27,0x27,0x27,0x27,0x27,0x27,0x27,0x27,0x27,0x27,0x27,0x27,0x27,0x27,0x27,0x27,0x27,0x27,0x27,0x27,0x27,0x27,0x27,0x27,
  0x27,0x27,0x27,0x27,0x27,0x27,0x27,0x27,0x27,0x27,0x27,0x27,0x27,0x27,0x27,0x27,0x29,0x49,0x48,0x49,0x49,0x49,0x49,0x4B,0x4A,0x4A,0x4C,0x4B,0x4B,0x4A,0x4E,0x4D,
  0x48,0x48,0x48,0x49,0x48,0x4B,0x4B,0x4B,0x4F,0x4D,0x4D,0x4B,0x4F,0x4D,0x3A,0x4F,0x4F,0x37,0x3A,0x4F,0x3B,0x37,0x3D,0x3E,0x39,0x3C,0x3E,0x4F,0x3F,0x3F,0x4F,0x4F,
  0x3E,0x4F,0x4B,0x4B,0x4F,0x4D,0x4D,0x4B,0x4F,0x4E,0x4D,0x4D,0x4C,0x4F,0x4D,0x2B,0x27,0x27,0x27,0x27,0x27,0x27,0x27,0x27,0x25,0x61,0x26,0x26,0x27,0x27,0x27,0x27,
  0x27,0x27,0x27,0x27,0x27,0x27,0x27,0x27,0x27,0x27,0x27,0x27,0x27,0x27,0x27,0x27,0x27,0x27,0x27,0x27,0x27,0x27,0x27,0x27,0x27,0x27,0x27,0x27,0x27,0x27,0x27,0x27,
  0x18,0x18,0x18,0x18,0x18,0x18,0x19,0x1A,0x1A,0x1A,0x1A,0x1A,0x1A,0x1A,0x1B,0x1C,0x1F,0x12,0x12,0x12,0x17,0x17,0x1C,0x1C,0x19,0x19,0x19,0x19,0x19,0x19,0x19,0x19,
  0x19,0x19,0x19,0x19,0x19,0x19,0x19,0x19,0x19,0x19,0x19,0x19,0x19,0x19,0x19,0x19,0x19,0x19,0x19,0x19,0x19,0x19,0x19,0x19,0x12,0x17,0x17,0x17,0x1C,0x1C,0x1C,0x1F,
  0x18,0x19,0x1A,0x1A,0x1A,0x1A,0x1A,0x1A,0x1A,0x1B,0x1C,0x1C,0x1C,0x1C,0x1C,0x1C,0x2A,0x61,0x25,0x25,0x25,0x25,0x25,0x25,0x25,0x25,0x25,0x25,0x25,0x26,0x26,0x26,
  0x26,0x26,0x26,0x26,0x26,0x26,0x26,0x26,0x26,0x26,0x26,0x26,0x26,0x26,0x26,0x26,0x26,0x26,0x26,0x26,0x26,0x26,0x26,0x26,0x26,0x26,0x26,0x26,0x26,0x26,0x26,0x26,
  0x26,0x26,0x26,0x26,0x26,0x26,0x26,0x26,0x26,0x26,0x26,0x61,0x25,0x25,0x25,0x25,0x25,0x25,0x25,0x25,0x25,0x25,0x25,0x25,0x26,0x26,0x26,0x26,0x26,0x26,0x26,0x26,
  0x26,0x26,0x26,0x26,0x26,0x26,0x26,0x26,0x26,0x26,0x26,0x26,0x29,0x29,0x29,0x29,0x2A,0x26,0x27,0x27,0x27,0x27,0x27,0x27,0x27,0x27,0x27,0x29,0x29,0x29,0x29,0x29,
  0x29,0x29,0x2A,0x2B,0x2B,0x2C,0x2C,0x2C,0x2C,0x2C,0x2C,0x2C,0x2C,0x2C,0x2A,0x27,0x27,0x27,0x27,0x27,0x27,0x27,0x27,0x27,0x27,0x27,0x27,0x27,0x27,0x27,0x27,0x27,
  0x27,0x27,0x27,0x27,0x27,0x27,0x27,0x27,0x27,0x27,0x27,0x27,0x27,0x27,0x27,0x27,0x27,0x27,0x27,0x27,0x27,0x27,0x27,0x27,0x27,0x27,0x27,0x27,0x27,0x27,0x27,0x27,
  0x27,0x27,0x27,0x27,0x27,0x27,0x27,0x27,0x27,0x27,0x27,0x27,0x27,0x27,0x27,0x27,0x27,0x27,0x27,0x27,0x27,0x27,0x27,0x27,0x27,0x27,0x27,0x27,0x27,0x27,0x27,0x27,
  0x27,0x49,0x4A,0x49,0x49,0x49,0x4A,0x4B,0x4B,0x4A,0x4A,0x4B,0x4A,0x4A,0x4B,0x4D,0x49,0x48,0x49,0x48,0x48,0x49,0x4B,0x4A,0x4A,0x4C,0x4B,0x4B,0x4A,0x4E,0x4A,0x4E,
  0x4B,0x3A,0x4F,0x4F,0x4D,0x3A,0x3E,0x4F,0x3A,0x3D,0x4F,0x4F,0x4F,0x3E,0x4F,0x4F,0x4F,0x4F,0x4B,0x4B,0x4A,0x4C,0x4B,0x4B,0x4A,0x4E,0x4D,0x4C,0x4C,0x4C,0x4D,0x29,
  0x27,0x27,0x27,0x27,0x27,0x27,0x27,0x26,0x25,0x26,0x26,0x26,0x27,0x27,0x27,0x27,0x27,0x27,0x27,0x27,0x27,0x27,0x27,0x27,0x27,0x27,0x27,0x27,0x27,0x27,0x27,0x27,
  0x27,0x27,0x27,0x27,0x27,0x27,0x27,0x27,0x27,0x27,0x27,0x27,0x27,0x27,0x27,0x27,0x18,0x18,0x18,0x18,0x18,0x18,0x19,0x1A,0x1A,0x1A,0x1A,0x1A,0x1A,0x1A,0x1B,0x1C,
  0x1F,0x12,0x12,0x12,0x17,0x17,0x1C,0x1C,0x19,0x19,0x19,0x19,0x19,0x19,0x19,0x19,0x19,0x19,0x19,0x19,0x19,0x19,0x19,0x19,0x19,0x19,0x19,0x19,0x19,0x19,0x19,0x19,
  0x19,0x19,0x19,0x19,0x19,0x19,0x19,0x19,0x12,0x17,0x17,0x17,0x1C,0x1C,0x1C,0x1F,0x18,0x19,0x1A,0x1A,0x1A,0x1A,0x1A,0x1A,0x1A,0x1B,0x1C,0x1C,0x1C,0x1C,0x1C,0x1C,
  0x29,0x25,0x25,0x25,0x25,0x25,0x25,0x25,0x25,0x25,0x25,0x25,0x25,0x26,0x26,0x26,0x26,0x26,0x26,0x26,0x26,0x26,0x26,0x26,0x26,0x26,0x26,0x26,0x26,0x26,0x26,0x26,
  0x26,0x26,0x26,0x26,0x26,0x26,0x26,0x26,0x26,0x26,0x26,0x26,0x26,0x26,0x26,0x26,0x26,0x26,0x26,0x26,0x26,0x26,0x26,0x26,0x26,0x26,0x26,0x25,0x25,0x25,0x25,0x25,
  0x25,0x25,0x25,0x25,0x25,0x25,0x25,0x61,0x26,0x26,0x26,0x26,0x26,0x26,0x26,0x26,0x26,0x26,0x26,0x26,0x26,0x26,0x26,0x26,0x26,0x26,0x26,0x26,0x28,0x29,0x29,0x29,
  0x2A,0x26,0x60,0x27,0x27,0x27,0x27,0x27,0x27,0x27,0x28,0x29,0x29,0x29,0x29,0x29,0x29,0x29,0x2A,0x2B,0x2B,0x2C,0x2C,0x2C,0x2C,0x2C,0x2C,0x2A,0x27,0x27,0x27,0x27,
  0x27,0x27,0x27,0x27,0x27,0x27,0x27,0x27,0x27,0x27,0x27,0x27,0x27,0x27,0x27,0x27,0x27,0x27,0x27,0x27,0x27,0x27,0x27,0x27,0x27,0x27,0x27,0x27,0x27,0x27,0x27,0x27,
  0x27,0x27,0x27,0x27,0x27,0x27,0x27,0x27,0x27,0x27,0x27,0x27,0x27,0x27,0x27,0x27,0x27,0x27,0x27,0x27,0x27,0x27,0x27,0x27,0x27,0x27,0x27,0x27,0x27,0x27,0x27,0x27,
  0x27,0x27,0x27,0x27,0x27,0x27,0x27,0x27,0x27,0x27,0x27,0x27,0x27,0x27,0x27,0x27,0x27,0x29,0x4B,0x4B,0x49,0x49,0x4A,0x4B,0x4B,0x4B,0x4A,0x4A,0x4A,0x4A,0x4B,0x4C,
  0x49,0x4A,0x49,0x49,0x49,0x49,0x4A,0x4A,0x4A,0x4A,0x4B,0x4A,0x4A,0x4B,0x4D,0x49,0x4A,0x49,0x4E,0x4C,0x4D,0x3C,0x4F,0x4F,0x4D,0x3D,0x4F,0x4E,0x4F,0x4D,0x4F,0x4F,
  0x4D,0x4D,0x4B,0x4B,0x4B,0x4A,0x4B,0x4A,0x4A,0x4B,0x4D,0x4D,0x4D,0x4D,0x2B,0x27,0x27,0x27,0x27,0x27,0x27,0x27,0x27,0x25,0x25,0x26,0x26,0x26,0x60,0x27,0x27,0x27,
  0x27,0x27,0x27,0x27,0x27,0x27,0x27,0x27,0x27,0x27,0x27,0x27,0x27,0x27,0x27,0x27,0x27,0x27,0x27,0x27,0x27,0x27,0x27,0x27,0x27,0x27,0x27,0x27,0x27,0x27,0x27,0x27,
  0x18,0x18,0x18,0x18,0x18,0x18,0x19,0x1A,0x1A,0x1A,0x1A,0x1A,0x1A,0x1A,0x1B,0x1C,0x1F,0x12,0x12,0x12,0x17,0x17,0x1C,0x1C,0x19,0x19,0x19,0x19,0x19,0x19,0x19,0x19,
  0x19,0x19,0x19,0x19,0x19,0x19,0x19,0x19,0x19,0x19,0x19,0x19,0x19,0x19,0x19,0x19,0x19,0x19,0x19,0x19,0x19,0x19,0x19,0x19,0x12,0x17,0x17,0x17,0x1C,0x1C,0x1C,0x1F,
  0x18,0x19,0x1A,0x1A,0x1A,0x1A,0x1A,0x1A,0x1A,0x1B,0x1C,0x1C,0x1C,0x1C,0x1C,0x1C,0x28,0x25,0x25,0x25,0x25,0x25,0x25,0x25,0x25,0x25,0x25,0x25,0x61,0x26,0x26,0x26,
  0x26,0x26,0x26,0x26,0x26,0x26,0x26,0x26,0x26,0x26,0x26,0x26,0x26,0x26,0x26,0x26,0x26,0x26,0x26,0x26,0x26,0x26,0x26,0x26,0x26,0x26,0x26,0x26,0x26,0x26,0x26,0x26,
  0x26,0x26,0x26,0x26,0x26,0x26,0x26,0x26,0x26,0x26,0x61,0x25,0x25,0x25,0x25,0x25,0x25,0x25,0x25,0x25,0x25,0x25,0x25,0x26,0x26,0x26,0x26,0x26,0x26,0x26,0x26,0x26,
  0x26,0x26,0x26,0x26,0x26,0x26,0x26,0x26,0x26,0x26,0x26,0x26,0x26,0x29,0x29,0x29,0x2A,0x26,0x26,0x27,0x27,0x27,0x27,0x27,0x27,0x27,0x29,0x29,0x29,0x29,0x29,0x29,
  0x29,0x2A,0x2B,0x2B,0x2C,0x2C,0x2C,0x2C,0x2C,0x2A,0x27,0x27,0x27,0x27,0x27,0x27,0x27,0x27,0x27,0x27,0x27,0x27,0x27,0x27,0x27,0x27,0x27,0x27,0x27,0x27,0x27,0x27,
  0x27,0x27,0x27,0x27,0x27,0x27,0x27,0x27,0x27,0x27,0x27,0x27,0x27,0x27,0x27,0x27,0x27,0x27,0x27,0x27,0x27,0x27,0x27,0x27,0x27,0x27,0x27,0x27,0x27,0x27,0x27,0x27,
  0x27,0x27,0x27,0x27,0x27,0x27,0x27,0x27,0x27,0x27,0x27,0x27,0x27,0x27,0x27,0x27,0x27,0x27,0x27,0x27,0x27,0x27,0x27,0x27,0x27,0x27,0x27,0x27,0x27,0x27,0x27,0x27,
  0x27,0x27,0x29,0x4D,0x4C,0x4B,0x4B,0x4B,0x4B,0x4B,0x4A,0x4A,0x4A,0x4A,0x4C,0x4E,0x4E,0x4B,0x4B,0x49,0x49,0x4A,0x4B,0x4B,0x4B,0x4A,0x4A,0x4A,0x4A,0x4B,0x49,0x48,
  0x49,0x49,0x48,0x4B,0x4B,0x4B,0x4F,0x4D,0x4D,0x4B,0x4F,0x4E,0x4D,0x4D,0x4C,0x4F,0x4D,0x4B,0x4B,0x4B,0x4B,0x4A,0x4A,0x4A,0x4A,0x4C,0x4E,0x4E,0x4E,0x2B,0x29,0x27,
  0x27,0x27,0x27,0x27,0x27,0x27,0x26,0x25,0x25,0x26,0x26,0x26,0x26,0x27,0x27,0x27,0x27,0x27,0x27,0x27,0x27,0x27,0x27,0x27,0x27,0x27,0x27,0x27,0x27,0x27,0x27,0x27,
  0x27,0x27,0x27,0x27,0x27,0x27,0x27,0x27,0x27,0x27,0x27,0x27,0x27,0x27,0x27,0x27,0x18,0x18,0x18,0x18,0x18,0x18,0x19,0x1A,0x1A,0x1A,0x1A,0x1A,0x1A,0x1A,0x1B,0x1C,
  0x1F,0x12,0x12,0x12,0x17,0x17,0x1C,0x1C,0x19,0x19,0x19,0x19,0x19,0x19,0x19,0x19,0x19,0x19,0x19,0x19,0x19,0x19,0x19,0x19,0x19,0x19,0x19,0x19,0x19,0x19,0x19,0x19,
  0x19,0x19,0x19,0x19,0x19,0x19,0x19,0x19,0x12,0x15,0x17,0x17,0x1C,0x1C,0x1C,0x1F,0x18,0x19,0x1A,0x1A,0x1A,0x1A,0x1A,0x1A,0x1A,0x1B,0x1C,0x1C,0x1C,0x1C,0x1C,0x1C,
  0x61,0x25,0x25,0x25,0x25,0x25,0x25,0x25,0x25,0x25,0x25,0x25,0x26,0x26,0x26,0x26,0x26,0x26,0x26,0x26,0x26,0x26,0x26,0x26,0x26,0x26,0x26,0x26,0x26,0x26,0x26,0x26,
  0x26,0x26,0x26,0x26,0x26,0x26,0x26,0x26,0x26,0x26,0x26,0x26,0x26,0x26,0x26,0x26,0x26,0x26,0x26,0x26,0x26,0x26,0x26,0x26,0x26,0x61,0x25,0x25,0x25,0x25,0x25,0x25,
  0x25,0x25,0x25,0x25,0x25,0x25,0x25,0x26,0x26,0x26,0x26,0x26,0x26,0x26,0x26,0x26,0x26,0x26,0x26,0x26,0x26,0x26,0x26,0x26,0x26,0x26,0x26,0x26,0x26,0x29,0x29,0x29,
  0x2A,0x29,0x26,0x60,0x27,0x27,0x27,0x27,0x27,0x28,0x29,0x29,0x29,0x29,0x29,0x29,0x29,0x2A,0x2B,0x2B,0x2C,0x2C,0x2C,0x2A,0x27,0x27,0x27,0x27,0x27,0x27,0x27,0x27,
  0x27,0x27,0x27,0x27,0x27,0x27,0x27,0x27,0x27,0x27,0x27,0x27,0x27,0x27,0x27,0x27,0x27,0x27,0x27,0x27,0x27,0x27,0x27,0x27,0x27,0x27,0x27,0x27,0x27,0x27,0x27,0x27,
  0x27,0x27,0x27,0x27,0x27,0x27,0x27,0x27,0x27,0x27,0x27,0x27,0x27,0x27,0x27,0x27,0x27,0x27,0x27,0x27,0x27,0x27,0x27,0x27,0x27,0x27,0x27,0x27,0x27,0x27,0x27,0x27,
  0x27,0x27,0x27,0x27,0x27,0x27,0x27,0x27,0x27,0x27,0x27,0x27,0x27,0x27,0x27,0x27,0x27,0x27,0x27,0x29,0x2B,0x4D,0x4D,0x4D,0x4B,0x4B,0x4A,0x4A,0x4B,0x4C,0x4E,0x4F,
  0x4F,0x1F,0x4D,0x4C,0x4B,0x4B,0x4B,0x4B,0x4B,0x4A,0x4A,0x4A,0x4A,0x4C,0x49,0x4A,0x49,0x49,0x49,0x4A,0x4B,0x4A,0x4A,0x4C,0x4B,0x4B,0x4A,0x4E,0x4D,0x4C,0x4C,0x4C,
  0x4D,0x4D,0x4D,0x4B,0x4B,0x4A,0x4A,0x4B,0x4C,0x4E,0x4F,0x4F,0x2B,0x29,0x27,0x27,0x27,0x27,0x27,0x27,0x27,0x27,0x25,0x25,0x61,0x26,0x26,0x26,0x26,0x27,0x27,0x27,
  0x27,0x27,0x27,0x27,0x27,0x27,0x27,0x27,0x27,0x27,0x27,0x27,0x27,0x27,0x27,0x27,0x27,0x27,0x27,0x27,0x27,0x27,0x27,0x27,0x27,0x27,0x27,0x27,0x27,0x27,0x27,0x27,
  0x18,0x18,0x18,0x18,0x18,0x18,0x19,0x1A,0x1A,0x1A,0x1A,0x1A,0x1A,0x1A,0x1B,0x1C,0x1F,0x12,0x12,0x12,0x17,0x19,0x1C,0x1C,0x19,0x19,0x19,0x19,0x19,0x19,0x19,0x19,
  0x19,0x19,0x19,0x19,0x19,0x19,0x19,0x19,0x19,0x19,0x19,0x19,0x19,0x19,0x19,0x19,0x19,0x19,0x19,0x19,0x19,0x19,0x19,0x19,0x12,0x12,0x17,0x17,0x1C,0x1C,0x1C,0x1F,
  0x18,0x19,0x1A,0x1A,0x1A,0x1A,0x1A,0x1A,0x1A,0x1B,0x1C,0x1C,0x1C,0x1C,0x1C,0x1C,0x25,0x25,0x25,0x25,0x25,0x25,0x25,0x25,0x25,0x25,0x25,0x25,0x26,0x26,0x26,0x26,
  0x26,0x26,0x26,0x26,0x26,0x26,0x26,0x26,0x26,0x26,0x26,0x26,0x26,0x26,0x26,0x26,0x26,0x26,0x26,0x26,0x26,0x26,0x26,0x26,0x26,0x26,0x26,0x26,0x26,0x26,0x26,0x26,
  0x26,0x26,0x26,0x26,0x26,0x26,0x26,0x26,0x26,0x25,0x25,0x25,0x25,0x25,0x25,0x25,0x25,0x25,0x25,0x25,0x25,0x25,0x61,0x26,0x26,0x26,0x26,0x26,0x26,0x26,0x26,0x26,
  0x26,0x26,0x26,0x26,0x26,0x26,0x26,0x26,0x26,0x26,0x26,0x26,0x26,0x29,0x29,0x29,0x2A,0x2A,0x26,0x26,0x60,0x27,0x27,0x27,0x28,0x29,0x29,0x29,0x29,0x29,0x29,0x29,
  0x2A,0x2B,0x2B,0x2C,0x2C,0x2A,0x27,0x27,0x27,0x27,0x27,0x27,0x27,0x27,0x27,0x27,0x27,0x27,0x27,0x27,0x27,0x27,0x27,0x27,0x27,0x27,0x27,0x27,0x27,0x27,0x27,0x27,
  0x27,0x27,0x27,0x27,0x27,0x27,0x27,0x27,0x27,0x27,0x27,0x27,0x27,0x27,0x27,0x27,0x27,0x27,0x27,0x27,0x27,0x27,0x27,0x27,0x27,0x27,0x27,0x27,0x27,0x27,0x27,0x27,
  0x27,0x27,0x27,0x27,0x27,0x27,0x27,0x27,0x27,0x27,0x27,0x27,0x27,0x27,0x27,0x27,0x27,0x27,0x27,0x27,0x27,0x27,0x27,0x27,0x27,0x27,0x27,0x27,0x27,0x27,0x27,0x27,
  0x27,0x27,0x27,0x27,0x27,0x29,0x2B,0x4F,0x4F,0x4C,0x4C,0x4C,0x4D,0x4D,0x4E,0x4F,0x1F,0x1F,0x1F,0x1F,0x4D,0x4D,0x4D,0x4B,0x4B,0x4A,0x4A,0x4B,0x4C,0x4E,0x4F,0x4B,
  0x4B,0x49,0x49,0x4A,0x4B,0x4B,0x4B,0x4A,0x4B,0x4A,0x4A,0x4B,0x4D,0x4D,0x4D,0x4D,0x1F,0x1F,0x4F,0x4F,0x4C,0x4C,0x4C,0x4D,0x4D,0x4E,0x4F,0x2B,0x29,0x27,0x27,0x27,
  0x27,0x27,0x27,0x27,0x27,0x26,0x25,0x25,0x26,0x26,0x26,0x26,0x26,0x60,0x27,0x27,0x27,0x27,0x27,0x27,0x27,0x27,0x27,0x27,0x27,0x27,0x27,0x27,0x27,0x27,0x27,0x27,
  0x27,0x27,0x27,0x27,0x27,0x27,0x27,0x27,0x27,0x36,0x27,0x27,0x27,0x27,0x27,0x27,0x18,0x18,0x18,0x18,0x18,0x18,0x19,0x1A,0x1A,0x1A,0x1A,0x1A,0x1A,0x1A,0x1B,0x1C,
  0x1F,0x12,0x12,0x12,0x17,0x1C,0x1C,0x1C,0x19,0x19,0x19,0x19,0x19,0x19,0x19,0x19,0x19,0x19,0x19,0x19,0x19,0x19,0x19,0x19,0x19,0x19,0x19,0x19,0x19,0x19,0x19,0x19,
  0x19,0x19,0x19,0x19,0x19,0x19,0x19,0x19,0x12,0x12,0x17,0x17,0x1C,0x1C,0x1C,0x1F,0x18,0x19,0x1A,0x1A,0x1A,0x1A,0x1A,0x1A,0x1A,0x1B,0x1C,0x1C,0x1C,0x1C,0x1C,0x1C,
  0x25,0x25,0x25,0x25,0x25,0x25,0x25,0x25,0x25,0x25,0x25,0x61,0x26,0x26,0x26,0x26,0x26,0x26,0x26,0x26,0x26,0x26,0x26,0x26,0x26,0x26,0x26,0x26,0x26,0x26,0x26,0x26,
  0x26,0x26,0x26,0x26,0x26,0x26,0x26,0x26,0x26,0x26,0x26,0x26,0x26,0x26,0x26,0x26,0x26,0x26,0x26,0x26,0x26,0x26,0x26,0x26,0x61,0x25,0x25,0x25,0x25,0x25,0x25,0x25,
  0x25,0x25,0x25,0x25,0x25,0x25,0x26,0x26,0x26,0x26,0x26,0x26,0x26,0x26,0x26,0x26,0x26,0x26,0x26,0x26,0x26,0x26,0x26,0x26,0x26,0x26,0x26,0x26,0x26,0x28,0x29,0x29,
  0x29,0x2A,0x29,0x26,0x26,0x60,0x27,0x28,0x29,0x29,0x29,0x29,0x29,0x29,0x29,0x2A,0x2B,0x2B,0x2B,0x2A,0x27,0x27,0x27,0x27,0x27,0x27,0x27,0x27,0x27,0x27,0x27,0x27,
  0x27,0x27,0x27,0x27,0x27,0x27,0x27,0x27,0x27,0x27,0x27,0x27,0x27,0x27,0x27,0x27,0x27,0x27,0x27,0x27,0x27,0x27,0x27,0x27,0x27,0x27,0x27,0x27,0x27,0x27,0x27,0x27,
  0x27,0x27,0x27,0x27,0x27,0x27,0x27,0x27,0x27,0x27,0x27,0x27,0x27,0x27,0x27,0x27,0x27,0x27,0x27,0x27,0x27,0x27,0x27,0x27,0x27,0x27,0x27,0x27,0x27,0x27,0x27,0x27,
  0x27,0x27,0x27,0x27,0x27,0x27,0x27,0x27,0x27,0x27,0x27,0x27,0x27,0x27,0x27,0x27,0x27,0x27,0x27,0x27,0x27,0x27,0x27,0x27,0x29,0x2B,0x4D,0x4D,0x4D,0x4D,0x1F,0x1F,
  0x1F,0x1F,0x1F,0x1F,0x1F,0x1F,0x4F,0x4F,0x4C,0x4C,0x4C,0x4D,0x4D,0x4E,0x4F,0x1F,0x4D,0x4C,0x4B,0x4B,0x4B,0x4B,0x4B,0x4A,0x4A,0x4A,0x4A,0x4C,0x4E,0x4E,0x4E,0x1F,
  0x1F,0x1F,0x1F,0x1F,0x1F,0x4D,0x4D,0x4D,0x4D,0x2B,0x29,0x27,0x27,0x27,0x27,0x27,0x27,0x27,0x27,0x27,0x27,0x25,0x25,0x25,0x26,0x26,0x26,0x26,0x26,0x26,0x27,0x27,
  0x27,0x27,0x27,0x27,0x27,0x27,0x27,0x27,0x27,0x27,0x27,0x27,0x27,0x27,0x27,0x27,0x27,0x27,0x27,0x27,0x27,0x27,0x27,0x27,0x27,0x27,0x36,0x27,0x27,0x27,0x27,0x27,
  0x18,0x18,0x18,0x18,0x18,0x18,0x19,0x1A,0x1A,0x1A,0x1A,0x1A,0x1A,0x1A,0x1B,0x1C,0x1F,0x12,0x12,0x12,0x17,0x1C,0x1C,0x1C,0x19,0x19,0x19,0x19,0x19,0x19,0x19,0x19,
  0x19,0x19,0x19,0x19,0x19,0x19,0x19,0x19,0x19,0x19,0x19,0x19,0x19,0x19,0x19,0x19,0x19,0x19,0x19,0x19,0x19,0x19,0x19,0x19,0x10,0x10,0x17,0x17,0x1C,0x1C,0x1C,0x1F,
  0x18,0x19,0x1A,0x1A,0x1A,0x1A,0x1A,0x1A,0x1A,0x1B,0x1C,0x1C,0x1C,0x1C,0x1C,0x1C,0x25,0x25,0x25,0x25,0x25,0x25,0x25,0x25,0x25,0x25,0x25,0x26,0x26,0x26,0x26,0x26,
  0x26,0x26,0x26,0x26,0x26,0x26,0x26,0x26,0x26,0x26,0x26,0x26,0x26,0x26,0x26,0x26,0x26,0x26,0x26,0x26,0x26,0x26,0x26,0x26,0x26,0x26,0x26,0x26,0x26,0x26,0x26,0x26,
  0x26,0x26,0x26,0x26,0x26,0x26,0x26,0x61,0x25,0x25,0x25,0x25,0x25,0x25,0x25,0x25,0x25,0x25,0x25,0x25,0x25,0x25,0x26,0x26,0x26,0x26,0x26,0x26,0x26,0x26,0x26,0x26,
  0x26,0x26,0x26,0x26,0x26,0x26,0x26,0x26,0x26,0x26,0x26,0x26,0x26,0x26,0x29,0x29,0x29,0x29,0x2A,0x2A,0x29,0x28,0x29,0x29,0x29,0x29,0x29,0x29,0x29,0x2A,0x2A,0x2B,
  0x2B,0x29,0x27,0x27,0x27,0x27,0x27,0x27,0x27,0x27,0x27,0x27,0x27,0x27,0x27,0x27,0x27,0x27,0x27,0x27,0x27,0x27,0x27,0x27,0x27,0x27,0x27,0x27,0x27,0x27,0x27,0x27,
  0x27,0x27,0x27,0x27,0x27,0x27,0x27,0x27,0x27,0x27,0x27,0x27,0x27,0x27,0x27,0x27,0x27,0x27,0x27,0x27,0x27,0x27,0x27,0x27,0x27,0x27,0x27,0x27,0x27,0x27,0x27,0x27,
  0x27,0x27,0x27,0x27,0x27,0x27,0x27,0x27,0x27,0x27,0x27,0x27,0x27,0x27,0x27,0x27,0x27,0x27,0x27,0x27,0x27,0x27,0x27,0x27,0x27,0x27,0x27,0x27,0x27,0x27,0x27,0x27,
  0x27,0x27,0x27,0x27,0x27,0x27,0x27,0x27,0x27,0x27,0x27,0x27,0x27,0x29,0x2B,0x1F,0x1F,0x1F,0x1F,0x1F,0x1F,0x2B,0x2B,0x2C,0x1F,0x4D,0x4D,0x4D,0x4D,0x1F,0x1F,0x1F,
  0x1F,0x1F,0x4D,0x4D,0x4D,0x4B,0x4B,0x4A,0x4A,0x4B,0x4C,0x4E,0x4F,0x4F,0x1F,0x1F,0x1F,0x1F,0x1F,0x1F,0x2B,0x29,0x27,0x27,0x27,0x27,0x27,0x27,0x27,0x27,0x27,0x27,
  0x27,0x27,0x27,0x27,0x26,0x25,0x25,0x25,0x26,0x26,0x26,0x26,0x26,0x26,0x60,0x27,0x27,0x27,0x27,0x27,0x27,0x27,0x27,0x27,0x27,0x27,0x27,0x27,0x27,0x27,0x27,0x27,
  0x27,0x27,0x27,0x27,0x27,0x27,0x27,0x36,0x35,0x36,0x37,0x36,0x37,0x37,0x27,0x27,0x18,0x18,0x18,0x18,0x18,0x18,0x19,0x1A,0x1A,0x1A,0x1A,0x1A,0x1A,0x1A,0x1B,0x1C,
  0x1F,0x12,0x12,0x12,0x17,0x1C,0x1C,0x1C,0x19,0x19,0x19,0x19,0x19,0x19,0x19,0x19,0x19,0x19,0x19,0x19,0x19,0x19,0x19,0x19,0x19,0x19,0x19,0x19,0x19,0x19,0x19,0x19,
  0x19,0x19,0x19,0x19,0x19,0x19,0x19,0x19,0x12,0x10,0x15,0x17,0x1C,0x1C,0x1C,0x1F,0x18,0x19,0x1A,0x1A,0x1A,0x1A,0x1A,0x1A,0x1A,0x1B,0x1C,0x1C,0x1C,0x1C,0x1C,0x1C,
  0x25,0x25,0x25,0x25,0x25,0x25,0x25,0x25,0x25,0x25,0x25,0x26,0x26,0x26,0x26,0x26,0x26,0x26,0x26,0x26,0x26,0x26,0x26,0x26,0x26,0x26,0x26,0x26,0x26,0x26,0x26,0x26,
  0x26,0x26,0x26,0x26,0x26,0x26,0x26,0x26,0x26,0x26,0x26,0x26,0x26,0x26,0x26,0x26,0x26,0x26,0x26,0x26,0x26,0x26,0x26,0x25,0x25,0x25,0x25,0x25,0x25,0x25,0x25,0x25,
  0x25,0x25,0x25,0x25,0x25,0x61,0x26,0x26,0x26,0x26,0x26,0x26,0x26,0x26,0x26,0x26,0x26,0x26,0x26,0x26,0x26,0x26,0x26,0x26,0x26,0x26,0x26,0x26,0x26,0x26,0x29,0x29,
  0x29,0x29,0x29,0x29,0x29,0x29,0x29,0x29,0x29,0x29,0x29,0x29,0x2A,0x2B,0x2B,0x29,0x27,0x27,0x27,0x27,0x27,0x27,0x27,0x27,0x27,0x27,0x27,0x27,0x27,0x27,0x27,0x27,
  0x27,0x27,0x27,0x27,0x27,0x27,0x27,0x27,0x27,0x27,0x27,0x27,0x27,0x27,0x27,0x27,0x27,0x27,0x27,0x27,0x27,0x27,0x27,0x27,0x27,0x27,0x27,0x27,0x27,0x27,0x27,0x27,
  0x27,0x27,0x27,0x27,0x27,0x27,0x27,0x27,0x27,0x27,0x27,0x27,0x27,0x27,0x27,0x27,0x27,0x27,0x27,0x27,0x27,0x27,0x27,0x27,0x27,0x27,0x27,0x27,0x27,0x27,0x27,0x27,
  0x27,0x27,0x27,0x27,0x27,0x27,0x27,0x27,0x27,0x27,0x27,0x27,0x27,0x27,0x27,0x27,0x27,0x27,0x27,0x27,0x27,0x27,0x27,0x27,0x27,0x27,0x27,0x27,0x27,0x27,0x27,0x27,
  0x27,0x27,0x27,0x28,0x2B,0x2A,0x2B,0x2B,0x2C,0x1F,0x1F,0x1F,0x1F,0x1F,0x1F,0x1F,0x1F,0x1F,0x1F,0x1F,0x4F,0x4F,0x4C,0x4C,0x4C,0x4D,0x4D,0x4E,0x4F,0x1F,0x1F,0x1F,
  0x1F,0x2B,0x29,0x27,0x27,0x27,0x27,0x27,0x27,0x27,0x27,0x27,0x27,0x27,0x27,0x27,0x27,0x27,0x27,0x27,0x25,0x25,0x25,0x61,0x26,0x26,0x26,0x26,0x26,0x26,0x26,0x27,
  0x27,0x27,0x27,0x27,0x27,0x27,0x27,0x27,0x27,0x27,0x27,0x27,0x27,0x27,0x27,0x27,0x27,0x27,0x27,0x35,0x34,0x34,0x35,0x35,0x36,0x37,0x38,0x37,0x37,0x37,0x37,0x37,
  0x18,0x18,0x18,0x18,0x18,0x18,0x19,0x1A,0x1A,0x1A,0x1A,0x1A,0x1A,0x1A,0x1B,0x1C,0x1F,0x12,0x12,0x12,0x17,0x1C,0x1C,0x1C,0x19,0x19,0x19,0x19,0x19,0x19,0x19,0x19,
  0x19,0x19,0x19,0x19,0x19,0x19,0x19,0x19,0x19,0x19,0x19,0x19,0x19,0x19,0x19,0x19,0x19,0x19,0x19,0x19,0x19,0x19,0x19,0x19,0x12,0x12,0x12,0x17,0x1C,0x1C,0x1C,0x1F,
  0x18,0x19,0x1A,0x1A,0x1A,0x1A,0x1A,0x1A,0x1A,0x1B,0x1C,0x1C,0x1C,0x1C,0x1C,0x1C,0x25,0x25,0x25,0x25,0x25,0x25,0x25,0x25,0x25,0x25,0x61,0x26,0x26,0x26,0x26,0x26,
  0x26,0x26,0x26,0x26,0x26,0x26,0x26,0x26,0x26,0x26,0x26,0x26,0x26,0x26,0x26,0x26,0x26,0x26,0x26,0x26,0x26,0x26,0x26,0x26,0x26,0x26,0x26,0x26,0x26,0x26,0x26,0x26,
  0x26,0x26,0x26,0x26,0x26,0x26,0x61,0x25,0x25,0x25,0x25,0x25,0x25,0x25,0x25,0x25,0x25,0x25,0x25,0x25,0x25,0x26,0x26,0x26,0x26,0x26,0x26,0x26,0x26,0x26,0x26,0x26,
  0x26,0x26,0x26,0x26,0x26,0x26,0x26,0x26,0x26,0x26,0x26,0x26,0x26,0x26,0x29,0x29,0x29,0x29,0x29,0x29,0x29,0x29,0x29,0x29,0x29,0x29,0x29,0x2A,0x2B,0x2B,0x29,0x27,
  0x27,0x27,0x27,0x27,0x27,0x27,0x27,0x27,0x27,0x27,0x27,0x27,0x27,0x27,0x27,0x27,0x27,0x27,0x27,0x27,0x27,0x27,0x27,0x27,0x27,0x27,0x27,0x27,0x27,0x27,0x27,0x27,
  0x27,0x27,0x27,0x27,0x27,0x27,0x27,0x27,0x27,0x27,0x27,0x27,0x27,0x27,0x27,0x27,0x27,0x27,0x27,0x27,0x27,0x27,0x27,0x27,0x27,0x27,0x27,0x27,0x27,0x27,0x27,0x27,
  0x27,0x27,0x27,0x27,0x27,0x27,0x27,0x27,0x27,0x27,0x27,0x27,0x27,0x27,0x27,0x27,0x27,0x27,0x27,0x27,0x27,0x27,0x27,0x27,0x27,0x27,0x27,0x27,0x27,0x27,0x27,0x27,
  0x27,0x27,0x27,0x27,0x27,0x27,0x27,0x27,0x27,0x27,0x27,0x27,0x27,0x27,0x27,0x27,0x27,0x27,0x27,0x27,0x28,0x2A,0x2A,0x2B,0x2B,0x2C,0x2C,0x2C,0x2C,0x1F,0x1F,0x1F,
  0x1F,0x1F,0x1F,0x1F,0x1F,0x2D,0x2D,0x4D,0x4D,0x4D,0x4D,0x2D,0x2D,0x2D,0x2D,0x2D,0x28,0x27,0x27,0x27,0x27,0x27,0x27,0x27,0x27,0x27,0x27,0x27,0x27,0x27,0x27,0x27,
  0x27,0x27,0x27,0x26,0x25,0x25,0x25,0x26,0x26,0x26,0x26,0x26,0x26,0x26,0x26,0x60,0x27,0x27,0x27,0x27,0x27,0x27,0x27,0x27,0x27,0x27,0x27,0x27,0x27,0x27,0x27,0x27,
  0x27,0x36,0x33,0x34,0x35,0x36,0x37,0x37,0x38,0x38,0x38,0x38,0x84,0x85,0x85,0x39,0x18,0x18,0x18,0x18,0x18,0x18,0x19,0x1A,0x1A,0x1A,0x1A,0x1A,0x1A,0x1A,0x1B,0x1C,
  0x1F,0x12,0x12,0x12,0x17,0x19,0x1C,0x1C,0x19,0x19,0x19,0x19,0x19,0x19,0x19,0x19,0x19,0x19,0x19,0x19,0x19,0x19,0x19,0x19,0x19,0x19,0x19,0x19,0x19,0x19,0x19,0x19,
  0x19,0x19,0x19,0x19,0x19,0x19,0x19,0x19,0x12,0x12,0x12,0x17,0x1C,0x1C,0x1C,0x1F,0x18,0x19,0x1A,0x1A,0x1A,0x1A,0x1A,0x1A,0x1A,0x1B,0x1C,0x1C,0x1C,0x1C,0x1C,0x1C,
  0x25,0x25,0x25,0x25,0x25,0x25,0x25,0x25,0x25,0x25,0x26,0x26,0x26,0x26,0x26,0x26,0x26,0x26,0x26,0x26,0x26,0x26,0x26,0x26,0x26,0x26,0x26,0x26,0x26,0x26,0x26,0x26,
  0x26,0x26,0x26,0x26,0x26,0x26,0x26,0x26,0x26,0x26,0x26,0x26,0x26,0x26,0x26,0x26,0x26,0x26,0x26,0x26,0x26,0x61,0x25,0x25,0x25,0x25,0x25,0x25,0x25,0x25,0x25,0x25,
  0x25,0x25,0x25,0x25,0x25,0x26,0x26,0x26,0x26,0x26,0x26,0x26,0x26,0x26,0x26,0x26,0x26,0x26,0x26,0x26,0x26,0x26,0x26,0x26,0x26,0x26,0x26,0x26,0x26,0x28,0x29,0x29,
  0x29,0x29,0x29,0x29,0x29,0x29,0x29,0x29,0x29,0x29,0x2A,0x2B,0x2B,0x29,0x27,0x27,0x27,0x27,0x27,0x27,0x27,0x27,0x27,0x27,0x27,0x27,0x27,0x27,0x27,0x27,0x27,0x27,
  0x27,0x27,0x27,0x27,0x27,0x27,0x27,0x27,0x27,0x27,0x27,0x27,0x27,0x27,0x27,0x27,0x27,0x27,0x27,0x27,0x27,0x27,0x27,0x27,0x27,0x27,0x27,0x27,0x27,0x27,0x27,0x27,
  0x27,0x27,0x27,0x27,0x27,0x27,0x27,0x27,0x27,0x27,0x27,0x27,0x27,0x27,0x27,0x27,0x27,0x27,0x27,0x27,0x27,0x27,0x27,0x27,0x27,0x27,0x27,0x27,0x27,0x27,0x27,0x27,
  0x27,0x27,0x27,0x27,0x27,0x27,0x27,0x27,0x27,0x27,0x27,0x27,0x27,0x27,0x27,0x27,0x27,0x27,0x27,0x27,0x27,0x27,0x27,0x27,0x27,0x27,0x27,0x27,0x27,0x27,0x27,0x27,
  0x27,0x27,0x27,0x27,0x27,0x28,0x29,0x2A,0x2A,0x2B,0x2B,0x2B,0x2C,0x2C,0x2C,0x2C,0x2C,0x1F,0x2D,0x2D,0x2D,0x2D,0x2D,0x2D,0x2D,0x2D,0x2D,0x2D,0x2D,0x2D,0x2A,0x28,
  0x27,0x27,0x27,0x27,0x27,0x27,0x27,0x27,0x27,0x27,0x27,0x27,0x27,0x27,0x27,0x27,0x27,0x27,0x27,0x25,0x25,0x25,0x25,0x26,0x26,0x26,0x26,0x26,0x26,0x26,0x26,0x26,
  0x27,0x27,0x27,0x27,0x27,0x27,0x27,0x27,0x27,0x27,0x27,0x27,0x27,0x27,0x27,0x27,0x34,0x38,0x37,0x36,0x37,0x39,0x37,0x38,0x38,0x39,0x83,0x86,0x85,0x80,0x82,0x83,
  0x18,0x18,0x18,0x18,0x18,0x18,0x19,0x1A,0x1A,0x1A,0x1A,0x1A,0x1A,0x1A,0x1B,0x1C,0x1F,0x12,0x12,0x12,0x17,0x17,0x1C,0x1C,0x19,0x19,0x19,0x19,0x19,0x19,0x19,0x19,
  0x19,0x19,0x19,0x19,0x19,0x19,0x19,0x19,0x19,0x19,0x19,0x19,0x19,0x19,0x19,0x19,0x19,0x19,0x19,0x19,0x19,0x19,0x19,0x19,0x12,0x12,0x12,0x17,0x1C,0x1C,0x1C,0x1C,
  0x18,0x19,0x1A,0x1A,0x1A,0x1A,0x1A,0x1A,0x1A,0x1B,0x1C,0x1C,0x1C,0x1C,0x1C,0x1C,0x25,0x25,0x25,0x25,0x25,0x25,0x25,0x25,0x25,0x61,0x26,0x26,0x26,0x26,0x26,0x26,
  0x26,0x26,0x26,0x26,0x26,0x26,0x26,0x26,0x26,0x26,0x26,0x26,0x26,0x26,0x26,0x26,0x26,0x26,0x26,0x26,0x26,0x26,0x26,0x26,0x26,0x26,0x26,0x26,0x26,0x26,0x26,0x26,
  0x26,0x26,0x26,0x26,0x61,0x25,0x25,0x25,0x25,0x25,0x25,0x25,0x25,0x25,0x25,0x25,0x25,0x25,0x25,0x25,0x61,0x26,0x26,0x26,0x26,0x26,0x26,0x26,0x26,0x26,0x26,0x26,
  0x26,0x26,0x26,0x26,0x26,0x26,0x26,0x26,0x26,0x26,0x26,0x26,0x26,0x29,0x29,0x29,0x29,0x29,0x29,0x29,0x29,0x29,0x29,0x29,0x29,0x2A,0x2B,0x2B,0x29,0x27,0x27,0x27,
  0x27,0x27,0x27,0x27,0x27,0x27,0x27,0x27,0x27,0x27,0x27,0x27,0x27,0x27,0x27,0x27,0x27,0x27,0x27,0x27,0x27,0x27,0x27,0x27,0x27,0x27,0x27,0x27,0x27,0x27,0x27,0x27,
  0x27,0x27,0x27,0x27,0x27,0x27,0x27,0x27,0x27,0x27,0x27,0x27,0x27,0x27,0x27,0x27,0x27,0x27,0x27,0x27,0x27,0x27,0x27,0x27,0x27,0x27,0x27,0x27,0x27,0x27,0x27,0x27,
  0x27,0x27,0x27,0x27,0x27,0x27,0x27,0x27,0x27,0x27,0x27,0x27,0x27,0x27,0x27,0x27,0x27,0x27,0x27,0x27,0x27,0x27,0x27,0x27,0x27,0x27,0x27,0x27,0x27,0x27,0x27,0x27,
  0x27,0x27,0x27,0x27,0x27,0x27,0x27,0x27,0x27,0x27,0x27,0x27,0x27,0x27,0x27,0x27,0x27,0x27,0x27,0x27,0x27,0x27,0x28,0x29,0x29,0x2A,0x2A,0x2B,0x2B,0x2C,0x2C,0x2C,
  0x2C,0x2C,0x2D,0x2D,0x2D,0x2D,0x2D,0x2D,0x2D,0x2D,0x2D,0x2D,0x2D,0x2A,0x27,0x27,0x27,0x27,0x27,0x27,0x27,0x27,0x27,0x27,0x27,0x27,0x27,0x27,0x27,0x27,0x27,0x27,
  0x27,0x27,0x26,0x25,0x25,0x25,0x25,0x26,0x26,0x26,0x26,0x26,0x26,0x26,0x26,0x26,0x27,0x27,0x27,0x27,0x27,0x27,0x27,0x27,0x27,0x27,0x27,0x27,0x27,0x27,0x27,0x35,
  0x39,0x37,0x34,0x39,0x39,0x35,0x39,0x3A,0x3B,0x37,0x85,0x87,0x3F,0x83,0x86,0x3F,0x18,0x18,0x18,0x18,0x18,0x18,0x19,0x1A,0x1A,0x1A,0x1A,0x1A,0x1A,0x1A,0x1B,0x1C,
  0x18,0x12,0x12,0x12,0x17,0x17,0x1C,0x1C,0x19,0x19,0x19,0x19,0x19,0x19,0x19,0x19,0x19,0x19,0x19,0x19,0x19,0x19,0x19,0x19,0x19,0x19,0x19,0x19,0x19,0x19,0x19,0x19,
  0x19,0x19,0x19,0x19,0x19,0x19,0x19,0x19,0x10,0x10,0x12,0x17,0x1A,0x1A,0x1C,0x1C,0x18,0x19,0x1A,0x1A,0x1A,0x1A,0x1A,0x1A,0x1A,0x1B,0x1C,0x1C,0x1C,0x1C,0x1C,0x1C,
  0x25,0x25,0x25,0x25,0x25,0x25,0x25,0x25,0x25,0x26,0x26,0x26,0x26,0x26,0x26,0x26,0x26,0x26,0x26,0x26,0x26,0x26,0x26,0x26,0x26,0x26,0x26,0x26,0x26,0x26,0x26,0x26,
  0x26,0x26,0x26,0x26,0x26,0x26,0x26,0x26,0x26,0x26,0x26,0x26,0x26,0x26,0x26,0x26,0x26,0x26,0x26,0x26,0x25,0x25,0x25,0x25,0x25,0x25,0x25,0x25,0x25,0x25,0x25,0x25,
  0x25,0x25,0x25,0x25,0x26,0x26,0x26,0x26,0x26,0x26,0x26,0x26,0x26,0x26,0x26,0x26,0x26,0x26,0x26,0x26,0x26,0x26,0x26,0x26,0x26,0x26,0x26,0x26,0x26,0x29,0x29,0x29,
  0x29,0x29,0x29,0x29,0x29,0x29,0x29,0x29,0x2A,0x2B,0x2B,0x29,0x27,0x27,0x27,0x27,0x27,0x27,0x27,0x27,0x27,0x27,0x27,0x27,0x27,0x27,0x27,0x27,0x27,0x27,0x27,0x27,
  0x27,0x27,0x27,0x27,0x27,0x27,0x27,0x27,0x27,0x27,0x27,0x27,0x27,0x27,0x27,0x27,0x27,0x27,0x27,0x27,0x27,0x27,0x27,0x27,0x27,0x27,0x27,0x27,0x27,0x27,0x27,0x27,
  0x27,0x27,0x27,0x27,0x27,0x27,0x27,0x27,0x27,0x27,0x27,0x27,0x27,0x27,0x27,0x27,0x27,0x27,0x27,0x27,0x27,0x27,0x27,0x27,0x27,0x27,0x27,0x27,0x27,0x27,0x27,0x27,
  0x27,0x27,0x27,0x27,0x27,0x27,0x27,0x27,0x27,0x27,0x27,0x27,0x27,0x27,0x27,0x27,0x27,0x27,0x27,0x27,0x27,0x27,0x27,0x27,0x27,0x27,0x27,0x27,0x27,0x27,0x27,0x27,
  0x27,0x27,0x27,0x27,0x27,0x27,0x27,0x28,0x29,0x29,0x2A,0x2A,0x2A,0x2B,0x2B,0x2B,0x2C,0x2C,0x2C,0x2D,0x2D,0x2D,0x2D,0x2D,0x2D,0x2D,0x2D,0x2D,0x2A,0x27,0x27,0x27,
  0x27,0x27,0x27,0x27,0x27,0x27,0x27,0x27,0x27,0x27,0x27,0x27,0x27,0x27,0x27,0x27,0x27,0x26,0x25,0x25,0x25,0x25,0x61,0x26,0x26,0x26,0x26,0x26,0x26,0x26,0x26,0x26,
  0x60,0x27,0x27,0x27,0x27,0x27,0x27,0x27,0x27,0x27,0x27,0x27,0x27,0x27,0x27,0x38,0x4D,0x35,0x39,0x3A,0x35,0x39,0x3A,0x3B,0x37,0x3A,0x3C,0x3F,0x3F,0x85,0x87,0x3F,
  0x18,0x18,0x18,0x18,0x18,0x18,0x19,0x1A,0x1A,0x1A,0x1A,0x1A,0x1A,0x1A,0x1B,0x1C,0x10,0x10,0x12,0x12,0x17,0x17,0x19,0x1C,0x19,0x19,0x19,0x19,0x19,0x19,0x19,0x19,
  0x19,0x19,0x19,0x19,0x19,0x19,0x19,0x19,0x19,0x19,0x19,0x19,0x19,0x19,0x19,0x19,0x19,0x19,0x19,0x19,0x19,0x19,0x19,0x19,0x12,0x10,0x15,0x17,0x19,0x1A,0x1A,0x1A,
  0x18,0x19,0x1A,0x1A,0x1A,0x1A,0x1A,0x1A,0x1A,0x1B,0x1C,0x1C,0x1C,0x1C,0x1C,0x1C,0x25,0x25,0x25,0x25,0x25,0x25,0x25,0x25,0x25,0x26,0x26,0x26,0x26,0x26,0x26,0x26,
  0x26,0x26,0x26,0x26,0x26,0x26,0x26,0x26,0x26,0x26,0x26,0x26,0x26,0x26,0x26,0x26,0x26,0x26,0x26,0x26,0x26,0x26,0x26,0x26,0x26,0x26,0x26,0x26,0x26,0x26,0x26,0x26,
  0x26,0x26,0x26,0x61,0x25,0x25,0x25,0x25,0x25,0x25,0x25,0x25,0x25,0x25,0x25,0x25,0x25,0x25,0x25,0x25,0x26,0x26,0x26,0x26,0x26,0x26,0x26,0x26,0x26,0x26,0x26,0x26,
  0x26,0x26,0x26,0x26,0x26,0x26,0x26,0x26,0x26,0x26,0x26,0x26,0x26,0x29,0x29,0x29,0x29,0x29,0x29,0x29,0x29,0x29,0x29,0x2A,0x2B,0x2B,0x29,0x27,0x27,0x27,0x27,0x27,
  0x27,0x27,0x27,0x27,0x27,0x27,0x27,0x27,0x27,0x27,0x27,0x27,0x27,0x27,0x27,0x27,0x27,0x27,0x27,0x27,0x27,0x27,0x27,0x27,0x27,0x27,0x27,0x27,0x27,0x27,0x27,0x27,
  0x27,0x27,0x27,0x27,0x27,0x27,0x27,0x27,0x27,0x27,0x27,0x27,0x27,0x27,0x27,0x27,0x27,0x27,0x27,0x27,0x27,0x27,0x27,0x27,0x27,0x27,0x27,0x27,0x27,0x27,0x27,0x27,
  0x27,0x27,0x27,0x27,0x27,0x27,0x27,0x27,0x27,0x27,0x27,0x27,0x27,0x27,0x27,0x27,0x27,0x27,0x27,0x27,0x27,0x27,0x27,0x27,0x27,0x27,0x27,0x27,0x27,0x27,0x27,0x27,
  0x27,0x27,0x27,0x27,0x27,0x27,0x27,0x27,0x27,0x27,0x27,0x27,0x27,0x27,0x27,0x27,0x27,0x27,0x27,0x27,0x27,0x27,0x27,0x27,0x28,0x29,0x29,0x29,0x2A,0x2A,0x2B,0x2B,
  0x2B,0x2B,0x2C,0x2C,0x2D,0x2D,0x2D,0x2D,0x2D,0x2D,0x2D,0x2A,0x27,0x27,0x27,0x27,0x27,0x27,0x27,0x27,0x27,0x27,0x27,0x27,0x27,0x27,0x27,0x27,0x27,0x27,0x27,0x27,
  0x27,0x25,0x25,0x25,0x25,0x25,0x26,0x26,0x26,0x26,0x26,0x26,0x26,0x26,0x26,0x26,0x26,0x27,0x27,0x27,0x27,0x27,0x27,0x27,0x27,0x27,0x27,0x27,0x27,0x27,0x27,0x27,
  0x4D,0x3A,0x4F,0x4F,0x37,0x3A,0x4F,0x3B,0x37,0x3D,0x3E,0x39,0x3C,0x3E,0x3F,0x3F,0x18,0x18,0x18,0x18,0x18,0x18,0x19,0x1A,0x1A,0x1A,0x1A,0x1A,0x1A,0x1A,0x1B,0x1C,
  0x10,0x10,0x10,0x10,0x17,0x17,0x17,0x1C,0x19,0x19,0x19,0x19,0x19,0x19,0x19,0x19,0x19,0x19,0x19,0x19,0x19,0x19,0x19,0x19,0x19,0x19,0x19,0x19,0x19,0x19,0x19,0x19,
  0x19,0x19,0x19,0x19,0x19,0x19,0x19,0x19,0x12,0x12,0x17,0x17,0x17,0x1C,0x1C,0x1C,0x18,0x19,0x1A,0x1A,0x1A,0x1A,0x1A,0x1A,0x1A,0x1B,0x1C,0x1C,0x1C,0x1C,0x1C,0x1C,
  0x25,0x25,0x25,0x25,0x25,0x25,0x25,0x25,0x61,0x26,0x26,0x26,0x26,0x26,0x26,0x26,0x26,0x26,0x26,0x26,0x26,0x26,0x26,0x26,0x26,0x26,0x26,0x26,0x26,0x26,0x26,0x26,
  0x26,0x26,0x26,0x26,0x26,0x26,0x26,0x26,0x26,0x26,0x26,0x26,0x26,0x26,0x26,0x26,0x26,0x26,0x61,0x25,0x25,0x25,0x25,0x25,0x25,0x25,0x25,0x25,0x25,0x25,0x25,0x25,
  0x25,0x25,0x25,0x25,0x26,0x26,0x26,0x26,0x26,0x26,0x26,0x26,0x26,0x26,0x26,0x26,0x26,0x26,0x26,0x26,0x26,0x26,0x26,0x26,0x26,0x26,0x26,0x26,0x28,0x29,0x29,0x29,
  0x29,0x29,0x29,0x29,0x29,0x29,0x29,0x2A,0x2B,0x29,0x27,0x27,0x27,0x27,0x27,0x27,0x27,0x27,0x27,0x27,0x27,0x27,0x27,0x27,0x27,0x27,0x27,0x27,0x27,0x27,0x27,0x27,
  0x27,0x27,0x27,0x27,0x27,0x27,0x27,0x27,0x27,0x27,0x27,0x27,0x27,0x27,0x27,0x27,0x27,0x27,0x27,0x27,0x27,0x27,0x27,0x27,0x27,0x27,0x27,0x27,0x27,0x27,0x27,0x27,
  0x27,0x27,0x27,0x27,0x27,0x27,0x27,0x27,0x27,0x27,0x27,0x27,0x27,0x27,0x27,0x27,0x27,0x27,0x27,0x27,0x27,0x27,0x27,0x27,0x27,0x27,0x27,0x27,0x27,0x27,0x27,0x27,
  0x27,0x27,0x27,0x27,0x27,0x27,0x27,0x27,0x27,0x27,0x27,0x27,0x27,0x27,0x27,0x27,0x27,0x27,0x27,0x27,0x27,0x27,0x27,0x27,0x27,0x27,0x27,0x27,0x27,0x27,0x27,0x27,
  0x27,0x27,0x27,0x27,0x27,0x27,0x27,0x27,0x27,0x28,0x29,0x29,0x29,0x2A,0x2B,0x2B,0x2B,0x2B,0x2C,0x2C,0x2D,0x2D,0x2D,0x2D,0x2D,0x2A,0x28,0x27,0x27,0x27,0x27,0x27,
  0x27,0x27,0x27,0x27,0x27,0x27,0x27,0x27,0x27,0x27,0x27,0x27,0x27,0x27,0x27,0x27,0x26,0x25,0x25,0x25,0x25,0x25,0x26,0x26,0x26,0x26,0x26,0x26,0x26,0x26,0x26,0x26,
  0x26,0x60,0x27,0x27,0x27,0x27,0x27,0x27,0x27,0x27,0x27,0x27,0x27,0x27,0x27,0x27,0x48,0x4A,0x4E,0x4B,0x3A,0x4F,0x4F,0x4D,0x3A,0x3E,0x4F,0x3A,0x3D,0x4F,0x4F,0x4F,
  0x18,0x18,0x18,0x18,0x18,0x18,0x19,0x1A,0x1A,0x1A,0x1A,0x1A,0x1A,0x1A,0x1B,0x1C,0x12,0x12,0x10,0x14,0x17,0x17,0x17,0x1C,0x19,0x19,0x19,0x19,0x19,0x19,0x19,0x19,
  0x19,0x19,0x19,0x19,0x19,0x19,0x19,0x19,0x19,0x19,0x19,0x19,0x19,0x19,0x19,0x19,0x19,0x19,0x19,0x19,0x19,0x19,0x19,0x19,0x12,0x12,0x17,0x17,0x17,0x1C,0x1C,0x1C,
  0x18,0x19,0x1A,0x1A,0x1A,0x1A,0x1A,0x1A,0x1A,0x1B,0x1C,0x1C,0x1C,0x1C,0x1C,0x1C,0x25,0x25,0x25,0x25,0x25,0x25,0x25,0x25,0x26,0x26,0x26,0x26,0x26,0x26,0x26,0x26,
  0x26,0x26,0x26,0x26,0x26,0x26,0x26,0x26,0x26,0x26,0x26,0x26,0x26,0x26,0x26,0x26,0x26,0x26,0x26,0x26,0x26,0x26,0x26,0x26,0x26,0x26,0x26,0x26,0x26,0x26,0x26,0x26,
  0x26,0x26,0x25,0x25,0x25,0x25,0x25,0x25,0x25,0x25,0x25,0x25,0x25,0x25,0x25,0x25,0x25,0x25,0x25,0x61,0x26,0x26,0x26,0x26,0x26,0x26,0x26,0x26,0x26,0x26,0x26,0x26,
  0x26,0x26,0x26,0x26,0x26,0x26,0x26,0x26,0x26,0x26,0x26,0x26,0x29,0x29,0x29,0x29,0x29,0x29,0x29,0x29,0x29,0x29,0x2A,0x2B,0x29,0x26,0x27,0x27,0x27,0x27,0x27,0x27,
  0x27,0x27,0x27,0x27,0x27,0x27,0x27,0x27,0x27,0x27,0x27,0x27,0x27,0x27,0x27,0x27,0x27,0x27,0x27,0x27,0x27,0x27,0x27,0x27,0x27,0x27,0x27,0x27,0x27,0x27,0x27,0x27,
  0x27,0x27,0x27,0x27,0x27,0x27,0x27,0x27,0x27,0x27,0x27,0x27,0x27,0x27,0x27,0x27,0x27,0x27,0x27,0x27,0x27,0x27,0x27,0x27,0x27,0x27,0x27,0x27,0x27,0x27,0x27,0x27,
  0x27,0x27,0x27,0x27,0x27,0x27,0x27,0x27,0x27,0x27,0x27,0x27,0x27,0x27,0x27,0x27,0x27,0x27,0x27,0x27,0x27,0x27,0x27,0x27,0x27,0x27,0x27,0x27,0x27,0x27,0x27,0x27,
  0x27,0x27,0x27,0x27,0x27,0x27,0x27,0x27,0x27,0x27,0x27,0x27,0x27,0x27,0x27,0x27,0x27,0x27,0x27,0x27,0x27,0x27,0x27,0x27,0x27,0x27,0x29,0x29,0x29,0x2A,0x2A,0x2B,
  0x2B,0x2B,0x2B,0x2C,0x2C,0x2D,0x2D,0x2D,0x2A,0x27,0x27,0x27,0x27,0x27,0x27,0x27,0x27,0x27,0x27,0x27,0x27,0x27,0x27,0x27,0x27,0x27,0x27,0x27,0x27,0x27,0x27,0x27,
  0x25,0x25,0x25,0x25,0x25,0x25,0x26,0x26,0x26,0x26,0x26,0x26,0x26,0x26,0x26,0x26,0x26,0x26,0x27,0x27,0x27,0x27,0x27,0x27,0x27,0x27,0x27,0x27,0x27,0x27,0x27,0x27,
  0x48,0x48,0x49,0x4A,0x49,0x4E,0x4C,0x4D,0x3C,0x4F,0x4F,0x4D,0x3D,0x4F,0x4E,0x4F,0x18,0x18,0x18,0x18,0x18,0x18,0x19,0x1A,0x1A,0x1A,0x1A,0x1A,0x1A,0x1A,0x1B,0x1C,
  0x12,0x12,0x12,0x17,0x17,0x17,0x17,0x19,0x19,0x19,0x19,0x19,0x19,0x19,0x19,0x19,0x19,0x19,0x19,0x19,0x19,0x19,0x19,0x19,0x19,0x19,0x19,0x19,0x19,0x19,0x19,0x19,
  0x19,0x19,0x19,0x19,0x19,0x19,0x19,0x19,0x10,0x12,0x17,0x17,0x17,0x1C,0x1C,0x1C,0x18,0x19,0x1A,0x1A,0x1A,0x1A,0x1A,0x1A,0x1A,0x1B,0x1C,0x1C,0x1C,0x1C,0x1C,0x1C,
  0x25,0x25,0x25,0x25,0x25,0x25,0x25,0x25,0x26,0x26,0x26,0x26,0x26,0x26,0x26,0x26,0x26,0x26,0x26,0x26,0x26,0x26,0x26,0x26,0x26,0x26,0x26,0x26,0x26,0x26,0x26,0x26,
  0x26,0x26,0x26,0x26,0x26,0x26,0x26,0x26,0x26,0x26,0x26,0x26,0x26,0x26,0x26,0x26,0x26,0x61,0x25,0x25,0x25,0x25,0x25,0x25,0x25,0x25,0x25,0x25,0x25,0x25,0x25,0x25,
  0x25,0x25,0x25,0x26,0x26,0x26,0x26,0x26,0x26,0x26,0x26,0x26,0x26,0x26,0x26,0x26,0x26,0x26,0x26,0x26,0x26,0x26,0x26,0x26,0x26,0x26,0x26,0x28,0x29,0x29,0x29,0x29,
  0x29,0x29,0x29,0x29,0x29,0x2A,0x2B,0x2B,0x26,0x26,0x60,0x27,0x27,0x27,0x27,0x27,0x27,0x27,0x27,0x27,0x27,0x27,0x27,0x27,0x27,0x27,0x27,0x27,0x27,0x27,0x27,0x27,
  0x27,0x27,0x27,0x27,0x27,0x27,0x27,0x27,0x27,0x27,0x27,0x27,0x27,0x27,0x27,0x27,0x27,0x27,0x27,0x27,0x27,0x27,0x27,0x27,0x27,0x27,0x27,0x27,0x27,0x27,0x27,0x27,
  0x27,0x27,0x27,0x27,0x27,0x27,0x27,0x27,0x27,0x27,0x27,0x27,0x27,0x27,0x27,0x27,0x27,0x27,0x27,0x27,0x27,0x27,0x27,0x27,0x27,0x27,0x27,0x27,0x27,0x27,0x27,0x27,
  0x27,0x27,0x27,0x27,0x27,0x27,0x27,0x27,0x27,0x27,0x27,0x27,0x27,0x27,0x27,0x27,0x27,0x27,0x27,0x27,0x27,0x27,0x27,0x27,0x27,0x27,0x27,0x27,0x27,0x27,0x27,0x27,
  0x27,0x27,0x27,0x27,0x27,0x27,0x27,0x27,0x27,0x27,0x28,0x29,0x29,0x2A,0x2A,0x2B,0x2B,0x2B,0x2B,0x2C,0x2C,0x2D,0x2D,0x2D,0x28,0x27,0x27,0x27,0x27,0x27,0x27,0x27,
  0x27,0x27,0x27,0x27,0x27,0x27,0x27,0x27,0x27,0x27,0x27,0x27,0x27,0x27,0x27,0x26,0x25,0x25,0x25,0x25,0x25,0x61,0x26,0x26,0x26,0x26,0x26,0x26,0x26,0x26,0x26,0x26,
  0x26,0x26,0x60,0x27,0x27,0x27,0x27,0x27,0x27,0x27,0x27,0x27,0x27,0x27,0x27,0x27,0x48,0x48,0x48,0x48,0x49,0x48,0x4B,0x4B,0x4B,0x4F,0x4D,0x4D,0x4B,0x4F,0x4E,0x4D,
  0x18,0x18,0x36,0x18,0x18,0x18,0x19,0x1A,0x1A,0x1A,0x1A,0x1A,0x1A,0x1A,0x1B,0x1C,0x12,0x12,0x12,0x17,0x17,0x17,0x17,0x17,0x19,0x19,0x19,0x19,0x19,0x19,0x19,0x19,
  0x19,0x19,0x19,0x19,0x19,0x19,0x19,0x19,0x19,0x19,0x19,0x19,0x19,0x19,0x19,0x19,0x19,0x19,0x19,0x19,0x19,0x19,0x19,0x19,0x10,0x12,0x17,0x17,0x17,0x1C,0x1C,0x1C,
  0x18,0x19,0x1A,0x1A,0x1A,0x1A,0x1A,0x1A,0x1A,0x1B,0x1C,0x1C,0x1C,0x1C,0x1C,0x1C,0x25,0x25,0x25,0x25,0x25,0x25,0x25,0x61,0x26,0x26,0x26,0x26,0x26,0x26,0x26,0x26,
  0x26,0x26,0x26,0x26,0x26,0x26,0x26,0x26,0x26,0x26,0x26,0x26,0x26,0x26,0x26,0x26,0x26,0x26,0x26,0x26,0x26,0x26,0x26,0x26,0x26,0x26,0x26,0x26,0x26,0x26,0x26,0x26,
  0x61,0x25,0x25,0x25,0x25,0x25,0x25,0x25,0x25,0x25,0x25,0x25,0x25,0x25,0x25,0x25,0x25,0x25,0x25,0x26,0x26,0x26,0x26,0x26,0x26,0x26,0x26,0x26,0x26,0x26,0x26,0x26,
  0x26,0x26,0x26,0x26,0x26,0x26,0x26,0x26,0x26,0x26,0x26,0x29,0x29,0x29,0x29,0x29,0x29,0x29,0x29,0x29,0x29,0x2A,0x2B,0x29,0x26,0x26,0x26,0x60,0x27,0x27,0x27,0x27,
  0x27,0x27,0x27,0x27,0x27,0x27,0x27,0x27,0x27,0x27,0x27,0x27,0x27,0x27,0x27,0x27,0x27,0x27,0x27,0x27,0x27,0x27,0x27,0x27,0x27,0x27,0x27,0x27,0x27,0x27,0x27,0x27,
  0x27,0x27,0x27,0x27,0x27,0x27,0x27,0x27,0x27,0x27,0x27,0x27,0x27,0x27,0x27,0x27,0x27,0x27,0x27,0x27,0x27,0x27,0x27,0x27,0x27,0x27,0x27,0x27,0x27,0x27,0x27,0x27,
  0x27,0x27,0x27,0x27,0x27,0x27,0x27,0x27,0x27,0x27,0x27,0x27,0x27,0x27,0x27,0x27,0x27,0x27,0x27,0x27,0x27,0x27,0x27,0x27,0x27,0x27,0x27,0x27,0x27,0x27,0x27,0x27,
  0x27,0x27,0x27,0x27,0x27,0x27,0x27,0x27,0x27,0x27,0x27,0x27,0x27,0x27,0x27,0x27,0x27,0x27,0x27,0x27,0x27,0x27,0x27,0x27,0x27,0x27,0x27,0x29,0x29,0x29,0x2A,0x2B,
  0x2B,0x2B,0x2B,0x2C,0x2C,0x2D,0x2D,0x2A,0x27,0x27,0x27,0x27,0x27,0x27,0x27,0x27,0x27,0x27,0x27,0x27,0x27,0x27,0x27,0x27,0x27,0x27,0x27,0x27,0x27,0x27,0x27,0x25,
  0x25,0x25,0x25,0x25,0x25,0x26,0x26,0x26,0x26,0x26,0x26,0x26,0x26,0x26,0x26,0x26,0x26,0x26,0x26,0x27,0x27,0x27,0x27,0x27,0x27,0x27,0x27,0x27,0x27,0x27,0x27,0x27,
  0x48,0x48,0x48,0x48,0x48,0x48,0x49,0x4B,0x4A,0x4A,0x4C,0x4B,0x4B,0x4A,0x4E,0x4D,0x18,0x36,0x18,0x18,0x18,0x18,0x19,0x1A,0x1A,0x1A,0x1A,0x1A,0x1A,0x1A,0x1B,0x1C,
  0x12,0x12,0x12,0x17,0x17,0x17,0x17,0x17,0x15,0x12,0x12,0x12,0x12,0x12,0x12,0x12,0x12,0x12,0x12,0x12,0x12,0x12,0x10,0x10,0x12,0x12,0x12,0x12,0x12,0x12,0x12,0x12,
  0x12,0x12,0x12,0x12,0x12,0x12,0x12,0x10,0x10,0x15,0x17,0x17,0x17,0x1C,0x1C,0x1C,0x18,0x19,0x1A,0x1A,0x1A,0x1A,0x1A,0x1A,0x1A,0x1B,0x1C,0x1C,0x1C,0x1C,0x1C,0x1C,
  0x25,0x25,0x25,0x25,0x25,0x25,0x25,0x26,0x26,0x26,0x26,0x26,0x26,0x26,0x26,0x26,0x26,0x26,0x26,0x26,0x26,0x26,0x26,0x26,0x26,0x26,0x26,0x26,0x26,0x26,0x26,0x26,
  0x26,0x26,0x26,0x26,0x26,0x26,0x26,0x26,0x26,0x26,0x26,0x26,0x26,0x26,0x26,0x61,0x25,0x25,0x25,0x25,0x25,0x25,0x25,0x25,0x25,0x25,0x25,0x25,0x25,0x25,0x25,0x25,
  0x25,0x25,0x61,0x26,0x26,0x26,0x26,0x26,0x26,0x26,0x26,0x26,0x26,0x26,0x26,0x26,0x26,0x26,0x26,0x26,0x26,0x26,0x26,0x26,0x26,0x26,0x28,0x29,0x29,0x29,0x29,0x29,
  0x29,0x29,0x29,0x29,0x29,0x2A,0x2B,0x2A,0x26,0x26,0x26,0x26,0x27,0x27,0x27,0x27,0x27,0x27,0x27,0x27,0x27,0x27,0x27,0x27,0x27,0x27,0x27,0x27,0x27,0x27,0x27,0x27,
  0x27,0x27,0x27,0x27,0x27,0x27,0x27,0x27,0x27,0x27,0x27,0x27,0x27,0x27,0x27,0x27,0x27,0x27,0x27,0x27,0x27,0x27,0x27,0x27,0x27,0x27,0x27,0x27,0x27,0x27,0x27,0x27,
  0x27,0x27,0x27,0x27,0x27,0x27,0x27,0x27,0x27,0x27,0x27,0x27,0x27,0x27,0x27,0x27,0x27,0x27,0x27,0x27,0x27,0x27,0x27,0x27,0x27,0x27,0x27,0x27,0x27,0x27,0x27,0x27,
  0x27,0x27,0x27,0x27,0x27,0x27,0x27,0x27,0x27,0x27,0x27,0x27,0x27,0x27,0x27,0x27,0x27,0x27,0x27,0x27,0x27,0x27,0x27,0x27,0x27,0x27,0x27,0x27,0x27,0x27,0x27,0x27,
  0x27,0x27,0x27,0x27,0x27,0x27,0x27,0x27,0x27,0x27,0x27,0x29,0x29,0x29,0x2A,0x2A,0x2B,0x2B,0x2B,0x2C,0x2C,0x2D,0x2A,0x27,0x27,0x27,0x27,0x27,0x27,0x27,0x27,0x27,
  0x27,0x27,0x27,0x27,0x27,0x27,0x27,0x27,0x27,0x27,0x27,0x27,0x27,0x27,0x26,0x25,0x25,0x25,0x25,0x25,0x25,0x26,0x26,0x26,0x26,0x26,0x26,0x26,0x26,0x26,0x26,0x26,
  0x26,0x26,0x26,0x60,0x27,0x27,0x27,0x27,0x27,0x27,0x27,0x27,0x27,0x27,0x27,0x27,0x48,0x48,0x48,0x48,0x48,0x48,0x49,0x4A,0x4A,0x4A,0x4A,0x4B,0x4A,0x4A,0x4B,0x4D,
  0x18,0x37,0x18,0x18,0x18,0x18,0x19,0x1A,0x1A,0x1A,0x1A,0x1A,0x1A,0x1A,0x1B,0x1C,0x12,0x12,0x12,0x17,0x17,0x17,0x17,0x17,0x17,0x17,0x17,0x15,0x12,0x12,0x12,0x12,
  0x12,0x12,0x12,0x12,0x12,0x10,0x10,0x12,0x15,0x17,0x17,0x17,0x17,0x17,0x15,0x12,0x12,0x12,0x12,0x12,0x12,0x12,0x10,0x10,0x15,0x17,0x17,0x17,0x19,0x1C,0x1C,0x1C,
  0x18,0x19,0x1A,0x1A,0x1A,0x1B,0x1B,0x1B,0x1B,0x1C,0x1C,0x1C,0x1C,0x1C,0x1C,0x1C,0x25,0x25,0x25,0x25,0x25,0x25,0x61,0x26,0x26,0x26,0x26,0x26,0x26,0x26,0x26,0x26,
  0x26,0x26,0x26,0x26,0x26,0x26,0x26,0x26,0x26,0x26,0x26,0x26,0x26,0x26,0x26,0x26,0x26,0x26,0x26,0x26,0x26,0x26,0x26,0x26,0x26,0x26,0x26,0x26,0x26,0x26,0x26,0x25,
  0x25,0x25,0x25,0x25,0x25,0x25,0x25,0x25,0x25,0x25,0x25,0x25,0x25,0x25,0x25,0x25,0x25,0x25,0x26,0x26,0x26,0x26,0x26,0x26,0x26,0x26,0x26,0x26,0x26,0x26,0x26,0x26,
  0x26,0x26,0x26,0x26,0x26,0x26,0x26,0x26,0x26,0x28,0x29,0x29,0x29,0x29,0x29,0x29,0x29,0x29,0x29,0x29,0x2A,0x2B,0x2B,0x2C,0x26,0x26,0x26,0x26,0x60,0x27,0x27,0x27,
  0x27,0x27,0x27,0x27,0x27,0x27,0x27,0x27,0x27,0x27,0x27,0x27,0x27,0x27,0x27,0x27,0x27,0x27,0x27,0x27,0x27,0x27,0x27,0x27,0x27,0x27,0x27,0x27,0x27,0x27,0x27,0x27,
  0x27,0x27,0x27,0x27,0x27,0x27,0x27,0x27,0x27,0x27,0x27,0x27,0x27,0x27,0x27,0x27,0x27,0x27,0x27,0x27,0x27,0x27,0x27,0x27,0x27,0x27,0x27,0x27,0x27,0x27,0x27,0x27,
  0x27,0x27,0x27,0x27,0x27,0x27,0x27,0x27,0x27,0x27,0x27,0x27,0x27,0x27,0x27,0x27,0x27,0x27,0x27,0x27,0x27,0x27,0x27,0x27,0x27,0x27,0x27,0x27,0x27,0x27,0x27,0x27,
  0x27,0x27,0x27,0x27,0x27,0x27,0x27,0x27,0x27,0x27,0x27,0x27,0x27,0x27,0x27,0x27,0x27,0x27,0x27,0x27,0x27,0x27,0x27,0x27,0x27,0x27,0x27,0x28,0x29,0x29,0x29,0x2A,
  0x2B,0x2B,0x2B,0x2C,0x2C,0x2A,0x27,0x27,0x27,0x27,0x27,0x27,0x27,0x27,0x27,0x27,0x27,0x27,0x27,0x27,0x27,0x27,0x27,0x27,0x27,0x27,0x27,0x27,0x27,0x26,0x25,0x25,
  0x25,0x25,0x25,0x25,0x25,0x26,0x26,0x26,0x26,0x26,0x26,0x26,0x26,0x26,0x26,0x26,0x26,0x26,0x26,0x26,0x27,0x27,0x27,0x27,0x27,0x27,0x27,0x27,0x37,0x27,0x27,0x27,
  0x48,0x48,0x48,0x48,0x48,0x48,0x49,0x36,0x35,0x36,0x36,0x36,0x37,0x37,0x4B,0x4C,0x37,0x38,0x18,0x18,0x18,0x18,0x19,0x1A,0x1A,0x1A,0x1A,0x1A,0x1A,0x1A,0x1B,0x1C,
  0x12,0x12,0x12,0x17,0x17,0x17,0x17,0x17,0x17,0x17,0x17,0x17,0x17,0x17,0x17,0x17,0x17,0x17,0x17,0x17,0x17,0x17,0x17,0x17,0x17,0x17,0x17,0x17,0x17,0x17,0x17,0x17,
  0x17,0x17,0x17,0x17,0x17,0x17,0x17,0x17,0x17,0x17,0x17,0x17,0x1F,0x1C,0x1C,0x1C,0x18,0x19,0x1A,0x1B,0x1B,0x1B,0x1C,0x1C,0x1C,0x1C,0x1C,0x1C,0x1C,0x1C,0x1C,0x1C,
  0x25,0x25,0x25,0x25,0x25,0x25,0x26,0x26,0x26,0x26,0x26,0x26,0x26,0x26,0x26,0x26,0x26,0x26,0x26,0x26,0x26,0x26,0x26,0x26,0x26,0x26,0x26,0x26,0x26,0x26,0x26,0x26,
  0x26,0x26,0x26,0x26,0x26,0x26,0x26,0x26,0x26,0x26,0x26,0x26,0x26,0x26,0x61,0x25,0x25,0x25,0x25,0x25,0x25,0x25,0x25,0x25,0x25,0x25,0x25,0x25,0x25,0x25,0x25,0x25,
  0x25,0x25,0x26,0x26,0x26,0x26,0x26,0x26,0x26,0x26,0x26,0x26,0x26,0x26,0x26,0x26,0x26,0x26,0x26,0x26,0x26,0x26,0x26,0x26,0x28,0x29,0x29,0x29,0x29,0x29,0x29,0x29,
  0x29,0x29,0x29,0x29,0x2A,0x2B,0x2C,0x2C,0x2A,0x26,0x26,0x26,0x26,0x27,0x27,0x27,0x27,0x27,0x27,0x27,0x27,0x27,0x27,0x27,0x27,0x27,0x27,0x27,0x27,0x27,0x27,0x27,
  0x27,0x27,0x27,0x27,0x27,0x27,0x27,0x27,0x27,0x27,0x27,0x27,0x27,0x27,0x27,0x27,0x27,0x27,0x27,0x27,0x27,0x27,0x27,0x27,0x27,0x27,0x27,0x27,0x27,0x27,0x27,0x27,
  0x27,0x27,0x27,0x27,0x27,0x27,0x27,0x27,0x27,0x27,0x27,0x27,0x27,0x27,0x27,0x27,0x27,0x27,0x27,0x27,0x27,0x27,0x27,0x27,0x27,0x27,0x27,0x27,0x27,0x27,0x27,0x27,
  0x27,0x27,0x27,0x27,0x27,0x27,0x27,0x27,0x27,0x27,0x27,0x27,0x27,0x27,0x27,0x27,0x27,0x27,0x27,0x27,0x27,0x27,0x27,0x27,0x27,0x27,0x27,0x27,0x27,0x27,0x27,0x27,
  0x27,0x27,0x27,0x27,0x27,0x27,0x27,0x27,0x27,0x27,0x27,0x27,0x29,0x29,0x29,0x2A,0x2B,0x2B,0x2B,0x2C,0x2C,0x28,0x27,0x27,0x27,0x27,0x27,0x27,0x27,0x27,0x27,0x27,
  0x27,0x27,0x27,0x27,0x27,0x27,0x27,0x27,0x27,0x27,0x27,0x27,0x27,0x25,0x25,0x25,0x25,0x25,0x25,0x25,0x61,0x26,0x26,0x26,0x26,0x26,0x26,0x26,0x26,0x26,0x26,0x26,
  0x26,0x26,0x26,0x26,0x60,0x27,0x27,0x27,0x27,0x27,0x27,0x27,0x27,0x37,0x27,0x27,0x48,0x48,0x48,0x35,0x34,0x34,0x35,0x35,0x36,0x37,0x37,0x37,0x37,0x37,0x37,0x37,
  0x38,0x39,0x18,0x18,0x18,0x18,0x19,0x1A,0x1A,0x1A,0x1A,0x1A,0x1A,0x1A,0x1B,0x1C,0x12,0x12,0x12,0x17,0x17,0x17,0x17,0x17,0x17,0x17,0x17,0x17,0x17,0x19,0x1F,0x1F,
  0x1C,0x1C,0x1C,0x1C,0x1C,0x1C,0x1A,0x1C,0x1C,0x1A,0x19,0x17,0x17,0x17,0x17,0x17,0x17,0x17,0x17,0x17,0x17,0x17,0x17,0x17,0x17,0x17,0x17,0x19,0x1F,0x1F,0x1C,0x1F,
  0x18,0x19,0x1B,0x1B,0x1C,0x1C,0x1C,0x1C,0x1C,0x1C,0x1C,0x1C,0x1C,0x1C,0x1C,0x1C,0x25,0x25,0x25,0x25,0x25,0x25,0x26,0x26,0x26,0x26,0x26,0x26,0x26,0x26,0x26,0x26,
  0x26,0x26,0x26,0x26,0x26,0x26,0x26,0x26,0x26,0x26,0x26,0x26,0x26,0x26,0x26,0x26,0x26,0x26,0x26,0x26,0x26,0x26,0x26,0x26,0x26,0x26,0x26,0x26,0x26,0x61,0x25,0x25,
  0x25,0x25,0x25,0x25,0x25,0x25,0x25,0x25,0x25,0x25,0x25,0x25,0x25,0x25,0x25,0x25,0x25,0x61,0x26,0x26,0x26,0x26,0x26,0x26,0x26,0x26,0x26,0x26,0x26,0x26,0x26,0x26,
  0x26,0x26,0x26,0x26,0x26,0x26,0x26,0x28,0x29,0x29,0x29,0x29,0x29,0x29,0x29,0x29,0x29,0x29,0x29,0x2A,0x2B,0x2C,0x2C,0x2C,0x2C,0x2A,0x26,0x26,0x26,0x60,0x27,0x27,
  0x27,0x27,0x27,0x27,0x27,0x27,0x27,0x27,0x27,0x27,0x27,0x27,0x27,0x27,0x27,0x27,0x27,0x27,0x27,0x27,0x27,0x27,0x27,0x27,0x27,0x27,0x27,0x27,0x27,0x27,0x27,0x27,
  0x27,0x27,0x27,0x27,0x27,0x27,0x27,0x27,0x27,0x27,0x27,0x27,0x27,0x27,0x27,0x27,0x27,0x27,0x27,0x27,0x27,0x27,0x27,0x27,0x27,0x27,0x27,0x27,0x27,0x27,0x27,0x27,
  0x27,0x27,0x27,0x27,0x27,0x27,0x27,0x27,0x27,0x27,0x27,0x27,0x27,0x27,0x27,0x27,0x27,0x27,0x27,0x27,0x27,0x27,0x27,0x27,0x27,0x27,0x27,0x27,0x27,0x27,0x27,0x27,
  0x27,0x27,0x27,0x27,0x27,0x27,0x27,0x27,0x27,0x27,0x27,0x27,0x27,0x27,0x27,0x27,0x27,0x27,0x27,0x27,0x27,0x27,0x27,0x27,0x27,0x27,0x27,0x27,0x29,0x29,0x29,0x2A,
  0x2A,0x2B,0x2C,0x2C,0x2A,0x27,0x27,0x27,0x27,0x27,0x27,0x27,0x27,0x27,0x27,0x27,0x27,0x27,0x27,0x27,0x27,0x27,0x27,0x27,0x27,0x27,0x27,0x27,0x26,0x25,0x25,0x25,
  0x25,0x25,0x25,0x25,0x26,0x26,0x26,0x26,0x26,0x26,0x26,0x26,0x26,0x26,0x26,0x26,0x26,0x26,0x26,0x26,0x26,0x27,0x27,0x27,0x27,0x27,0x27,0x27,0x27,0x38,0x27,0x27,
  0x48,0x36,0x33,0x34,0x35,0x36,0x37,0x37,0x38,0x38,0x38,0x38,0x38,0x38,0x38,0x39,0x3A,0x3A,0x3A,0x3B,0x18,0x18,0x19,0x1A,0x1A,0x1A,0x1A,0x1A,0x1A,0x1A,0x1B,0x1C,
  0x18,0x12,0x14,0x17,0x19,0x1C,0x1C,0x1C,0x1C,0x1C,0x1C,0x1C,0x1C,0x1C,0x1F,0x1F,0x1F,0x1C,0x1C,0x1C,0x1C,0x1C,0x1A,0x1C,0x1C,0x1A,0x1A,0x1C,0x1C,0x19,0x17,0x17,
  0x17,0x17,0x17,0x17,0x17,0x17,0x17,0x17,0x17,0x17,0x19,0x1F,0x1F,0x1F,0x1F,0x1F,0x19,0x1A,0x1B,0x1C,0x1C,0x1C,0x1C,0x1C,0x1C,0x1C,0x1C,0x1C,0x1C,0x1C,0x1C,0x1C,
  0x25,0x36,0x36,0x38,0x39,0x3A,0x26,0x26,0x26,0x26,0x26,0x26,0x26,0x26,0x26,0x26,0x26,0x26,0x26,0x26,0x26,0x26,0x26,0x26,0x26,0x26,0x26,0x26,0x26,0x26,0x26,0x26,
  0x26,0x26,0x26,0x26,0x26,0x26,0x26,0x26,0x26,0x26,0x26,0x26,0x61,0x25,0x25,0x25,0x25,0x25,0x25,0x25,0x25,0x25,0x25,0x25,0x25,0x25,0x25,0x25,0x25,0x25,0x25,0x25,
  0x25,0x26,0x26,0x26,0x26,0x26,0x26,0x26,0x26,0x26,0x26,0x26,0x26,0x26,0x26,0x26,0x26,0x26,0x26,0x26,0x26,0x28,0x29,0x29,0x29,0x29,0x29,0x29,0x29,0x29,0x29,0x29,
  0x29,0x2A,0x2B,0x2B,0x36,0x36,0x38,0x39,0x3A,0x2C,0x2A,0x26,0x26,0x26,0x60,0x27,0x27,0x27,0x27,0x27,0x27,0x27,0x27,0x27,0x27,0x27,0x27,0x27,0x27,0x27,0x27,0x27,
  0x27,0x27,0x27,0x27,0x27,0x27,0x27,0x27,0x27,0x27,0x27,0x27,0x27,0x27,0x27,0x27,0x27,0x27,0x27,0x27,0x27,0x27,0x27,0x27,0x27,0x27,0x27,0x27,0x27,0x27,0x27,0x27,
  0x27,0x27,0x27,0x27,0x27,0x27,0x27,0x27,0x27,0x27,0x27,0x27,0x27,0x27,0x27,0x27,0x27,0x27,0x27,0x27,0x27,0x27,0x27,0x27,0x27,0x27,0x27,0x27,0x27,0x27,0x27,0x27,
  0x27,0x27,0x27,0x27,0x27,0x27,0x27,0x27,0x27,0x27,0x27,0x27,0x27,0x27,0x27,0x27,0x27,0x27,0x27,0x27,0x27,0x27,0x27,0x27,0x27,0x27,0x27,0x27,0x27,0x27,0x27,0x27,
  0x27,0x27,0x27,0x27,0x27,0x27,0x27,0x27,0x27,0x27,0x27,0x28,0x29,0x29,0x29,0x2A,0x2A,0x2B,0x2C,0x2C,0x28,0x27,0x27,0x27,0x27,0x27,0x27,0x27,0x27,0x27,0x27,0x27,
  0x27,0x27,0x27,0x27,0x27,0x27,0x27,0x27,0x27,0x27,0x27,0x27,0x25,0x25,0x25,0x25,0x25,0x25,0x25,0x25,0x26,0x26,0x26,0x26,0x26,0x26,0x26,0x26,0x26,0x26,0x26,0x26,
  0x26,0x26,0x26,0x26,0x26,0x60,0x27,0x27,0x27,0x27,0x27,0x27,0x27,0x38,0x38,0x27,0x34,0x38,0x37,0x36,0x37,0x39,0x84,0x85,0x85,0x39,0x39,0x39,0x3A,0x3A,0x3A,0x3A,
  0x3B,0x3B,0x3C,0x3D,0x3C,0x18,0x19,0x1A,0x1A,0x1A,0x1A,0x1A,0x1A,0x1A,0x1B,0x1C,0x1F,0x18,0x17,0x19,0x1C,0x1C,0x1C,0x1C,0x1C,0x1C,0x1C,0x1C,0x1C,0x1C,0x1C,0x1F,
  0x1F,0x1C,0x1C,0x1C,0x1C,0x1A,0x1C,0x1C,0x1C,0x1A,0x1A,0x1C,0x1C,0x1C,0x1C,0x1C,0x1C,0x1C,0x1C,0x1C,0x1C,0x1C,0x1C,0x1C,0x1C,0x1C,0x1C,0x1F,0x1F,0x1F,0x1F,0x1F,
  0x19,0x1B,0x1C,0x1C,0x1C,0x1C,0x1C,0x1C,0x1C,0x1C,0x1C,0x1C,0x1C,0x1C,0x1C,0x36,0x36,0x37,0x38,0x39,0x39,0x39,0x39,0x3A,0x26,0x26,0x26,0x26,0x26,0x26,0x26,0x26,
  0x26,0x26,0x26,0x26,0x26,0x26,0x26,0x26,0x26,0x26,0x26,0x26,0x26,0x26,0x26,0x26,0x26,0x26,0x26,0x26,0x26,0x26,0x26,0x26,0x26,0x26,0x26,0x26,0x25,0x25,0x25,0x25,
  0x25,0x25,0x25,0x25,0x25,0x25,0x25,0x25,0x25,0x25,0x25,0x25,0x25,0x25,0x25,0x25,0x25,0x26,0x26,0x26,0x26,0x26,0x26,0x18,0x18,0x17,0x17,0x15,0x15,0x26,0x26,0x26,
  0x26,0x26,0x26,0x26,0x28,0x36,0x36,0x38,0x39,0x3A,0x29,0x29,0x29,0x29,0x29,0x2A,0x2B,0x2B,0x36,0x36,0x37,0x38,0x39,0x39,0x39,0x39,0x3A,0x2A,0x26,0x26,0x26,0x27,
  0x27,0x27,0x27,0x27,0x27,0x27,0x27,0x27,0x27,0x27,0x27,0x27,0x27,0x27,0x27,0x27,0x27,0x27,0x27,0x27,0x27,0x27,0x27,0x27,0x27,0x27,0x27,0x27,0x27,0x27,0x27,0x27,
  0x27,0x27,0x27,0x27,0x27,0x27,0x27,0x27,0x27,0x27,0x27,0x27,0x27,0x27,0x27,0x27,0x27,0x27,0x27,0x27,0x27,0x27,0x27,0x27,0x27,0x27,0x27,0x27,0x27,0x27,0x27,0x27,
  0x27,0x27,0x27,0x27,0x27,0x27,0x27,0x27,0x27,0x27,0x27,0x27,0x27,0x27,0x27,0x27,0x27,0x27,0x27,0x27,0x27,0x27,0x27,0x27,0x27,0x27,0x27,0x27,0x27,0x27,0x27,0x27,
  0x27,0x27,0x27,0x27,0x27,0x27,0x27,0x27,0x27,0x27,0x27,0x27,0x27,0x27,0x27,0x27,0x27,0x27,0x27,0x27,0x27,0x27,0x27,0x27,0x27,0x27,0x27,0x29,0x29,0x29,0x29,0x2A,
  0x2B,0x2B,0x2C,0x29,0x27,0x27,0x27,0x27,0x27,0x27,0x27,0x27,0x27,0x27,0x27,0x27,0x27,0x27,0x27,0x27,0x27,0x27,0x27,0x27,0x27,0x27,0x27,0x26,0x25,0x25,0x25,0x25,
  0x25,0x25,0x25,0x61,0x26,0x26,0x26,0x26,0x26,0x26,0x26,0x26,0x26,0x26,0x26,0x26,0x26,0x26,0x26,0x26,0x26,0x26,0x60,0x36,0x35,0x36,0x39,0x38,0x37,0x37,0x38,0x35,
  0x39,0x37,0x34,0x39,0x83,0x86,0x85,0x80,0x82,0x83,0x85,0x87,0x3B,0x38,0x39,0x3C,0x3B,0x3D,0x3E,0x3E,0x3E,0x3D,0x19,0x1A,0x1A,0x1A,0x1A,0x1A,0x1A,0x1A,0x1B,0x1C,
  0x1F,0x1F,0x19,0x1C,0x1C,0x1C,0x1C,0x1C,0x1C,0x1C,0x1C,0x1C,0x1C,0x1C,0x1C,0x1C,0x1F,0x1F,0x1F,0x1F,0x1F,0x1F,0x1C,0x1C,0x1A,0x1A,0x1C,0x1C,0x1C,0x1C,0x1C,0x1C,
  0x1C,0x1C,0x1C,0x1C,0x1C,0x1C,0x1C,0x1C,0x1C,0x1C,0x1C,0x1C,0x1F,0x1F,0x1F,0x1F,0x19,0x1B,0x1C,0x1C,0x1C,0x1C,0x1C,0x1C,0x1C,0x1C,0x36,0x36,0x38,0x39,0x36,0x38,
  0x59,0x36,0x39,0x5C,0x36,0x39,0x36,0x39,0x3A,0x39,0x3A,0x26,0x26,0x26,0x26,0x26,0x26,0x26,0x26,0x26,0x26,0x26,0x36,0x36,0x38,0x39,0x3A,0x26,0x26,0x26,0x26,0x26,
  0x26,0x26,0x26,0x26,0x26,0x26,0x26,0x26,0x26,0x26,0x26,0x61,0x25,0x25,0x25,0x25,0x25,0x25,0x25,0x25,0x25,0x25,0x25,0x25,0x25,0x25,0x25,0x25,0x25,0x25,0x25,0x25,
  0x61,0x26,0x19,0x19,0x19,0x18,0x18,0x17,0x17,0x17,0x16,0x15,0x14,0x15,0x26,0x26,0x26,0x26,0x26,0x36,0x36,0x37,0x38,0x39,0x39,0x39,0x39,0x3A,0x29,0x36,0x36,0x38,
  0x39,0x36,0x38,0x59,0x36,0x39,0x5C,0x36,0x39,0x36,0x39,0x3A,0x39,0x3A,0x26,0x60,0x27,0x27,0x27,0x27,0x27,0x27,0x27,0x27,0x27,0x27,0x27,0x27,0x27,0x27,0x27,0x27,
  0x27,0x27,0x27,0x27,0x27,0x27,0x27,0x27,0x27,0x27,0x27,0x27,0x27,0x27,0x27,0x27,0x27,0x27,0x27,0x27,0x27,0x27,0x27,0x27,0x27,0x27,0x27,0x27,0x27,0x27,0x27,0x27,
  0x27,0x27,0x27,0x27,0x27,0x27,0x27,0x27,0x27,0x27,0x27,0x27,0x27,0x27,0x27,0x27,0x27,0x27,0x27,0x27,0x27,0x27,0x27,0x27,0x27,0x27,0x27,0x27,0x27,0x27,0x27,0x27,
  0x27,0x27,0x27,0x27,0x27,0x27,0x27,0x27,0x27,0x27,0x27,0x27,0x27,0x27,0x27,0x27,0x27,0x27,0x27,0x27,0x27,0x27,0x27,0x27,0x27,0x27,0x27,0x27,0x27,0x27,0x27,0x27,
  0x27,0x27,0x27,0x27,0x27,0x27,0x27,0x27,0x27,0x27,0x27,0x29,0x29,0x29,0x29,0x2A,0x2B,0x2C,0x29,0x27,0x27,0x27,0x27,0x27,0x27,0x27,0x27,0x27,0x27,0x27,0x27,0x27,
  0x27,0x27,0x27,0x27,0x27,0x27,0x27,0x27,0x27,0x27,0x26,0x25,0x25,0x25,0x25,0x25,0x25,0x25,0x25,0x26,0x26,0x26,0x26,0x26,0x26,0x26,0x26,0x26,0x26,0x26,0x26,0x26,
  0x26,0x26,0x26,0x35,0x34,0x34,0x35,0x35,0x36,0x37,0x37,0x37,0x39,0x37,0x39,0x38,0x4D,0x35,0x39,0x3A,0x85,0x87,0x3F,0x83,0x86,0x3F,0x87,0x87,0x3F,0x3D,0x37,0x3C,
  0x3D,0x39,0x3E,0x3E,0x4F,0x3E,0x1A,0x1A,0x1A,0x1A,0x1A,0x1A,0x1A,0x1A,0x1B,0x1C,0x1F,0x1F,0x1F,0x1F,0x1F,0x1F,0x1F,0x1F,0x1F,0x1F,0x1F,0x1F,0x1F,0x1F,0x1F,0x1F,
  0x1F,0x1F,0x1F,0x1F,0x1F,0x1F,0x1F,0x1F,0x1F,0x1A,0x1C,0x1C,0x1C,0x1C,0x1C,0x1C,0x1C,0x1C,0x1C,0x1C,0x1C,0x1C,0x1C,0x1C,0x1C,0x1C,0x1C,0x1C,0x1C,0x1F,0x1F,0x1F,
  0x90,0x90,0x91,0x91,0x91,0x91,0x91,0x92,0x92,0x36,0x37,0x38,0x39,0x39,0x39,0x39,0x92,0x92,0x91,0x91,0x36,0x39,0x37,0x38,0x39,0x39,0x39,0x39,0x3A,0x92,0x92,0x92,
  0x92,0x91,0x91,0x90,0x90,0x91,0x91,0x92,0x92,0x92,0x92,0x92,0x92,0x91,0x91,0x92,0x93,0x26,0x26,0x26,0x26,0x26,0x26,0x26,0x26,0x26,0x61,0x25,0x25,0x25,0x25,0x25,
  0x25,0x25,0x25,0x25,0x25,0x25,0x25,0x25,0x25,0x25,0x25,0x25,0x25,0x25,0x25,0x25,0x26,0x19,0x18,0x17,0x17,0x16,0x16,0x16,0x16,0x16,0x16,0x16,0x15,0x14,0x15,0x36,
  0x38,0x39,0x36,0x38,0x59,0x36,0x39,0x5C,0x36,0x39,0x36,0x36,0x36,0x37,0x38,0x39,0x39,0x39,0x39,0x3A,0x39,0x5C,0x5C,0x36,0x39,0x37,0x38,0x39,0x39,0x39,0x39,0x3A,
  0x60,0x27,0x27,0x27,0x27,0x27,0x27,0x27,0x27,0x27,0x27,0x27,0x27,0x27,0x27,0x27,0x27,0x27,0x27,0x27,0x27,0x27,0x27,0x27,0x27,0x27,0x27,0x27,0x27,0x27,0x27,0x27,
  0x27,0x27,0x27,0x27,0x27,0x27,0x27,0x27,0x27,0x27,0x27,0x27,0x27,0x27,0x27,0x27,0x27,0x27,0x27,0x27,0x27,0x27,0x27,0x27,0x27,0x27,0x27,0x27,0x27,0x27,0x27,0x27,
  0x27,0x27,0x27,0x27,0x27,0x27,0x27,0x27,0x27,0x27,0x27,0x27,0x27,0x27,0x27,0x27,0x27,0x27,0x27,0x27,0x27,0x27,0x27,0x27,0x27,0x27,0x27,0x27,0x27,0x27,0x27,0x27,
  0x27,0x27,0x27,0x27,0x27,0x27,0x27,0x27,0x27,0x27,0x27,0x27,0x27,0x27,0x27,0x27,0x27,0x27,0x27,0x27,0x27,0x27,0x27,0x27,0x27,0x27,0x28,0x29,0x29,0x29,0x2A,0x2A,
  0x2B,0x2C,0x28,0x27,0x27,0x27,0x27,0x27,0x27,0x27,0x27,0x27,0x27,0x27,0x27,0x27,0x27,0x27,0x27,0x27,0x27,0x27,0x27,0x27,0x27,0x27,0x25,0x25,0x25,0x25,0x25,0x25,
  0x25,0x25,0x25,0x26,0x26,0x26,0x26,0x26,0x26,0x26,0x26,0x26,0x26,0x26,0x26,0x26,0x26,0x36,0x33,0x34,0x35,0x36,0x37,0x37,0x38,0x38,0x38,0x38,0x38,0x39,0x39,0x39,
  0x4D,0x3A,0x4F,0x4F,0x37,0x3F,0x3F,0x85,0x87,0x3F,0x3E,0x3F,0x3F,0x3E,0x4F,0x38,0x3D,0x4F,0x4F,0x3E,0x4F,0x1B,0x19,0x1A,0x1A,0x1A,0x1A,0x1A,0x1A,0x1A,0x1B,0x1C,
  0x1F,0x1F,0x1F,0x1F,0x1F,0x1F,0x1F,0x1F,0x18,0x10,0x12,0x12,0x12,0x12,0x12,0x12,0x12,0x12,0x12,0x12,0x12,0x12,0x12,0x12,0x12,0x12,0x12,0x12,0x12,0x12,0x12,0x12,
  0x12,0x12,0x12,0x12,0x12,0x12,0x12,0x12,0x12,0x12,0x12,0x18,0x1F,0x1F,0x1F,0x1F,0x93,0x93,0x93,0x93,0x93,0x93,0x93,0x36,0x38,0x5B,0x36,0x39,0x5C,0x36,0x39,0x8C,
  0x8D,0x8D,0x93,0x93,0x93,0x93,0x36,0x39,0x5D,0x36,0x39,0x5F,0x39,0x3A,0x93,0x36,0x36,0x38,0x39,0x36,0x38,0x93,0x93,0x93,0x93,0x93,0x93,0x36,0x39,0x3A,0x39,0x3A,
  0x93,0x93,0x26,0x26,0x26,0x26,0x26,0x26,0x26,0x61,0x25,0x25,0x25,0x25,0x25,0x25,0x25,0x25,0x25,0x25,0x25,0x25,0x25,0x25,0x25,0x25,0x25,0x25,0x25,0x25,0x25,0x25,
  0x17,0x17,0x17,0x16,0x16,0x16,0x16,0x16,0x16,0x16,0x16,0x15,0x15,0x14,0x15,0x19,0x39,0x39,0x39,0x39,0x3A,0x39,0x5C,0x5C,0x36,0x39,0x36,0x38,0x5B,0x36,0x39,0x5C,
  0x36,0x39,0x5C,0x36,0x36,0x38,0x39,0x3A,0x5A,0x36,0x39,0x5D,0x36,0x39,0x5F,0x39,0x3A,0x27,0x27,0x27,0x27,0x27,0x27,0x27,0x27,0x27,0x27,0x27,0x27,0x27,0x27,0x27,
  0x27,0x27,0x27,0x27,0x27,0x27,0x27,0x27,0x27,0x27,0x27,0x27,0x27,0x27,0x27,0x27,0x27,0x27,0x27,0x27,0x27,0x27,0x27,0x27,0x27,0x27,0x27,0x27,0x27,0x27,0x27,0x27,
  0x27,0x27,0x27,0x27,0x27,0x27,0x27,0x27,0x27,0x27,0x27,0x27,0x27,0x27,0x27,0x27,0x27,0x27,0x27,0x27,0x27,0x27,0x27,0x27,0x27,0x27,0x27,0x27,0x27,0x27,0x27,0x27,
  0x27,0x27,0x27,0x27,0x27,0x27,0x27,0x27,0x27,0x27,0x27,0x27,0x27,0x27,0x27,0x27,0x27,0x27,0x27,0x27,0x27,0x27,0x27,0x27,0x27,0x27,0x27,0x27,0x27,0x27,0x27,0x27,
  0x27,0x27,0x27,0x27,0x27,0x27,0x27,0x27,0x27,0x27,0x29,0x29,0x29,0x29,0x2A,0x2B,0x2B,0x29,0x27,0x27,0x27,0x27,0x27,0x27,0x27,0x27,0x27,0x27,0x27,0x27,0x27,0x27,
  0x27,0x27,0x27,0x27,0x27,0x27,0x27,0x27,0x27,0x26,0x25,0x25,0x25,0x25,0x25,0x25,0x25,0x25,0x25,0x26,0x26,0x26,0x26,0x26,0x26,0x26,0x26,0x26,0x26,0x26,0x26,0x26,
  0x34,0x38,0x37,0x36,0x37,0x39,0x37,0x38,0x38,0x39,0x39,0x39,0x3A,0x3A,0x3A,0x3A,0x48,0x4A,0x4E,0x4B,0x3A,0x4F,0x4F,0x4D,0x3F,0x3F,0x4F,0x3A,0x3D,0x4F,0x4F,0x4F,
  0x3E,0x4F,0x4F,0x4F,0x4F,0x18,0x19,0x1A,0x1A,0x1A,0x1A,0x1A,0x1A,0x1A,0x1B,0x1C,0x18,0x10,0x10,0x12,0x12,0x12,0x12,0x12,0x12,0x10,0x10,0x12,0x12,0x12,0x12,0x12,
  0x12,0x12,0x12,0x12,0x12,0x12,0x12,0x12,0x12,0x12,0x12,0x12,0x12,0x12,0x12,0x12,0x12,0x12,0x12,0x12,0x12,0x12,0x12,0x12,0x12,0x12,0x12,0x12,0x12,0x18,0x1F,0x1F,
  0x18,0x18,0x18,0x18,0x18,0x18,0x18,0x18,0x5B,0x5B,0x39,0x5E,0x5D,0x8B,0x8E,0x8D,0x88,0x8A,0x8B,0x8D,0x8F,0x39,0x3A,0x5E,0x5F,0x5C,0x39,0x5F,0x5E,0x36,0x36,0x37,
  0x38,0x39,0x39,0x39,0x39,0x3A,0x39,0x5C,0x5C,0x36,0x39,0x8C,0x8D,0x8D,0x39,0x39,0x39,0x3A,0x26,0x26,0x26,0x26,0x26,0x26,0x26,0x25,0x25,0x25,0x25,0x25,0x25,0x25,
  0x25,0x25,0x25,0x25,0x25,0x25,0x25,0x25,0x25,0x25,0x25,0x25,0x25,0x25,0x25,0x16,0x17,0x18,0x17,0x17,0x17,0x16,0x15,0x15,0x15,0x14,0x14,0x14,0x14,0x19,0x19,0x1C,
  0x1C,0x36,0x39,0x5C,0x36,0x36,0x38,0x39,0x3A,0x5A,0x36,0x5B,0x5B,0x39,0x5E,0x5D,0x58,0x36,0x36,0x37,0x38,0x39,0x39,0x39,0x39,0x3A,0x5E,0x5F,0x5C,0x39,0x5F,0x5E,
  0x26,0x60,0x27,0x27,0x27,0x27,0x27,0x27,0x27,0x27,0x27,0x27,0x27,0x27,0x27,0x27,0x27,0x27,0x27,0x27,0x27,0x27,0x27,0x27,0x27,0x27,0x27,0x27,0x27,0x27,0x27,0x27,
  0x27,0x27,0x27,0x27,0x27,0x27,0x27,0x27,0x27,0x27,0x27,0x27,0x27,0x27,0x27,0x27,0x27,0x27,0x27,0x27,0x27,0x27,0x27,0x27,0x27,0x27,0x27,0x27,0x27,0x27,0x27,0x27,
  0x27,0x27,0x27,0x27,0x27,0x27,0x27,0x27,0x27,0x27,0x27,0x27,0x27,0x27,0x27,0x27,0x27,0x27,0x27,0x27,0x27,0x27,0x27,0x27,0x27,0x27,0x27,0x27,0x27,0x27,0x27,0x27,
  0x27,0x27,0x27,0x27,0x27,0x27,0x27,0x27,0x27,0x27,0x27,0x27,0x27,0x27,0x27,0x27,0x27,0x27,0x27,0x27,0x27,0x27,0x27,0x27,0x27,0x28,0x29,0x29,0x29,0x29,0x2A,0x2B,
  0x2C,0x28,0x27,0x27,0x27,0x27,0x27,0x27,0x27,0x27,0x27,0x27,0x27,0x27,0x27,0x27,0x27,0x27,0x27,0x27,0x27,0x27,0x27,0x27,0x26,0x25,0x25,0x25,0x25,0x25,0x25,0x25,
  0x25,0x25,0x61,0x26,0x26,0x26,0x26,0x26,0x26,0x26,0x26,0x26,0x26,0x26,0x26,0x35,0x39,0x37,0x34,0x39,0x39,0x35,0x39,0x3A,0x3B,0x37,0x39,0x3B,0x3B,0x38,0x39,0x3C,
  0x48,0x48,0x49,0x4A,0x49,0x4E,0x4C,0x4D,0x3C,0x4F,0x4F,0x4D,0x3D,0x4F,0x4E,0x4F,0x4D,0x4F,0x4F,0x4D,0x4D,0x18,0x19,0x1A,0x1A,0x1A,0x1A,0x1A,0x1A,0x1A,0x1B,0x1C,
  0x10,0x10,0x10,0x12,0x12,0x12,0x12,0x12,0x12,0x12,0x10,0x10,0x12,0x12,0x12,0x12,0x12,0x12,0x12,0x12,0x12,0x12,0x12,0x12,0x12,0x12,0x12,0x12,0x12,0x12,0x12,0x12,
  0x12,0x12,0x12,0x12,0x12,0x12,0x12,0x12,0x12,0x12,0x12,0x12,0x14,0x17,0x1F,0x1F,0x18,0x18,0x19,0x19,0x19,0x1A,0x1A,0x36,0x56,0x59,0x59,0x5C,0x5A,0x8D,0x8F,0x3F,
  0x8B,0x8E,0x3F,0x8F,0x8F,0x3F,0x39,0x3A,0x5E,0x5E,0x5B,0x5F,0x5E,0x3A,0x5B,0x36,0x39,0x5C,0x36,0x39,0x5C,0x36,0x36,0x38,0x39,0x8B,0x8E,0x8D,0x88,0x8A,0x8B,0x8D,
  0x8F,0x39,0x3A,0x26,0x26,0x26,0x26,0x26,0x61,0x25,0x25,0x25,0x25,0x25,0x25,0x25,0x25,0x25,0x25,0x25,0x25,0x25,0x25,0x25,0x25,0x25,0x25,0x25,0x25,0x25,0x25,0x16,
  0x17,0x18,0x18,0x18,0x18,0x17,0x17,0x19,0x19,0x19,0x19,0x19,0x1B,0x1A,0x1C,0x1C,0x1C,0x1C,0x36,0x36,0x37,0x38,0x39,0x39,0x39,0x39,0x3A,0x56,0x59,0x59,0x5C,0x5A,
  0x36,0x38,0x5F,0x36,0x39,0x5F,0x36,0x39,0x5F,0x39,0x3A,0x5E,0x5E,0x5B,0x5F,0x5E,0x26,0x26,0x27,0x27,0x27,0x27,0x27,0x27,0x27,0x27,0x27,0x27,0x27,0x27,0x27,0x27,
  0x27,0x27,0x27,0x27,0x27,0x27,0x27,0x27,0x27,0x27,0x27,0x27,0x27,0x27,0x27,0x27,0x27,0x27,0x27,0x27,0x27,0x27,0x27,0x27,0x27,0x27,0x27,0x27,0x27,0x27,0x27,0x27,
  0x27,0x27,0x27,0x27,0x27,0x27,0x27,0x27,0x27,0x27,0x27,0x27,0x27,0x27,0x27,0x27,0x27,0x27,0x27,0x27,0x27,0x27,0x27,0x27,0x27,0x27,0x27,0x27,0x27,0x27,0x27,0x27,
  0x27,0x27,0x27,0x27,0x27,0x27,0x27,0x27,0x27,0x27,0x27,0x27,0x27,0x27,0x27,0x27,0x27,0x27,0x27,0x27,0x27,0x27,0x27,0x27,0x27,0x27,0x27,0x27,0x27,0x27,0x27,0x27,
  0x27,0x27,0x27,0x27,0x27,0x27,0x27,0x27,0x27,0x29,0x29,0x29,0x29,0x2A,0x2A,0x2B,0x29,0x27,0x27,0x27,0x27,0x27,0x27,0x27,0x27,0x27,0x27,0x27,0x27,0x27,0x27,0x27,
  0x27,0x27,0x27,0x27,0x27,0x27,0x27,0x27,0x25,0x25,0x25,0x25,0x25,0x25,0x25,0x25,0x25,0x25,0x26,0x26,0x26,0x26,0x26,0x26,0x26,0x26,0x26,0x26,0x26,0x26,0x26,0x38,
  0x4D,0x35,0x39,0x3A,0x35,0x39,0x3A,0x3B,0x37,0x3A,0x3C,0x37,0x3C,0x3D,0x37,0x3C,0x48,0x48,0x48,0x48,0x49,0x48,0x4B,0x4B,0x4B,0x4F,0x4D,0x4D,0x4B,0x4F,0x4E,0x4D,
  0x4D,0x4C,0x4F,0x4D,0x4C,0x18,0x19,0x1A,0x1A,0x1A,0x1A,0x1A,0x1A,0x1A,0x1B,0x1C,0x12,0x10,0x10,0x10,0x12,0x12,0x12,0x12,0x12,0x12,0x12,0x10,0x14,0x17,0x17,0x17,
  0x17,0x17,0x17,0x17,0x17,0x17,0x17,0x17,0x17,0x17,0x17,0x17,0x17,0x17,0x17,0x17,0x17,0x17,0x17,0x17,0x17,0x17,0x17,0x14,0x12,0x12,0x12,0x14,0x17,0x19,0x1F,0x1F,
  0x18,0x19,0x1A,0x1A,0x1A,0x1A,0x1A,0x1A,0x56,0x56,0x57,0x57,0x59,0x57,0x3F,0x3F,0x8D,0x8F,0x3F,0x5C,0x3F,0x3F,0x5D,0x5F,0x5F,0x5B,0x5B,0x5A,0x5E,0x5B,0x5B,0x39,
  0x5E,0x5D,0x58,0x36,0x36,0x37,0x38,0x39,0x39,0x8D,0x8F,0x3F,0x8B,0x8E,0x3F,0x8F,0x8F,0x3F,0x26,0x26,0x26,0x26,0x26,0x61,0x25,0x25,0x25,0x25,0x25,0x25,0x25,0x25,
  0x25,0x25,0x25,0x25,0x25,0x25,0x25,0x25,0x25,0x25,0x25,0x25,0x25,0x25,0x16,0x17,0x18,0x18,0x18,0x18,0x18,0x18,0x19,0x1A,0x1A,0x1A,0x1A,0x1A,0x1A,0x1B,0x1C,0x1C,
  0x1C,0x1C,0x38,0x5F,0x36,0x39,0x5F,0x36,0x39,0x5F,0x39,0x56,0x56,0x57,0x57,0x59,0x57,0x5D,0x5D,0x39,0x5F,0x5F,0x5C,0x39,0x5F,0x5D,0x5F,0x5F,0x5B,0x5B,0x5A,0x5E,
  0x26,0x26,0x60,0x27,0x27,0x27,0x27,0x27,0x27,0x27,0x27,0x27,0x27,0x27,0x27,0x27,0x27,0x27,0x27,0x27,0x27,0x27,0x27,0x27,0x27,0x27,0x27,0x27,0x27,0x27,0x27,0x27,
  0x27,0x27,0x27,0x27,0x27,0x27,0x27,0x27,0x27,0x27,0x27,0x27,0x27,0x27,0x27,0x27,0x27,0x27,0x27,0x27,0x27,0x27,0x27,0x27,0x27,0x27,0x27,0x27,0x27,0x27,0x27,0x27,
  0x27,0x27,0x27,0x27,0x27,0x27,0x27,0x27,0x27,0x27,0x27,0x27,0x27,0x27,0x27,0x27,0x27,0x27,0x27,0x27,0x27,0x27,0x27,0x27,0x27,0x27,0x27,0x27,0x27,0x27,0x27,0x27,
  0x27,0x27,0x27,0x27,0x27,0x27,0x27,0x27,0x27,0x27,0x27,0x27,0x27,0x27,0x27,0x27,0x27,0x27,0x27,0x27,0x27,0x27,0x27,0x27,0x27,0x29,0x29,0x29,0x29,0x2A,0x2B,0x2B,
  0x28,0x27,0x27,0x27,0x27,0x27,0x27,0x27,0x27,0x27,0x27,0x27,0x27,0x27,0x27,0x27,0x27,0x27,0x27,0x27,0x27,0x27,0x27,0x26,0x25,0x25,0x25,0x25,0x25,0x25,0x25,0x25,
  0x25,0x25,0x26,0x26,0x26,0x26,0x26,0x26,0x26,0x26,0x26,0x26,0x26,0x26,0x26,0x26,0x4D,0x3A,0x4F,0x4F,0x37,0x3A,0x4F,0x3B,0x37,0x3D,0x3E,0x39,0x3C,0x3E,0x4F,0x38,
  0x48,0x48,0x48,0x48,0x48,0x48,0x49,0x4B,0x4A,0x4A,0x4C,0x4B,0x4B,0x4A,0x4E,0x4D,0x4C,0x4C,0x4C,0x4D,0x4C,0x18,0x19,0x1A,0x1A,0x1A,0x1A,0x1A,0x1A,0x1A,0x1B,0x1C,
  0x12,0x12,0x10,0x10,0x14,0x17,0x17,0x17,0x17,0x17,0x17,0x17,0x17,0x17,0x17,0x17,0x17,0x17,0x17,0x17,0x17,0x17,0x17,0x17,0x17,0x17,0x17,0x17,0x17,0x17,0x17,0x17,
  0x17,0x17,0x17,0x17,0x17,0x17,0x17,0x17,0x17,0x17,0x17,0x17,0x19,0x1C,0x1C,0x1F,0x18,0x19,0x1A,0x1A,0x1A,0x1A,0x1A,0x1A,0x56,0x56,0x56,0x56,0x56,0x57,0x57,0x5B,
  0x5B,0x3F,0x3F,0x5C,0x59,0x5F,0x5D,0x5B,0x5E,0x5E,0x5A,0x5A,0x36,0x36,0x38,0x39,0x3A,0x5A,0x36,0x38,0x5F,0x36,0x39,0x5F,0x36,0x39,0x3F,0x3F,0x8D,0x8F,0x3F,0x5B,
  0x3F,0x3F,0x26,0x26,0x26,0x26,0x61,0x25,0x25,0x25,0x25,0x25,0x25,0x25,0x25,0x25,0x25,0x25,0x25,0x25,0x25,0x25,0x25,0x25,0x25,0x25,0x25,0x25,0x25,0x25,0x16,0x17,
  0x18,0x18,0x18,0x18,0x18,0x18,0x1A,0x1A,0x1A,0x1A,0x1A,0x1A,0x1A,0x1B,0x1C,0x1C,0x1C,0x1C,0x5D,0x5D,0x39,0x5F,0x36,0x36,0x38,0x39,0x3A,0x56,0x56,0x56,0x56,0x56,
  0x57,0x57,0x5B,0x5B,0x5E,0x5C,0x5C,0x59,0x5F,0x5D,0x5B,0x5E,0x5E,0x5A,0x5A,0x5A,0x26,0x26,0x26,0x60,0x27,0x27,0x27,0x27,0x27,0x27,0x27,0x27,0x27,0x27,0x27,0x27,
  0x27,0x27,0x27,0x27,0x27,0x27,0x27,0x27,0x27,0x27,0x27,0x27,0x27,0x27,0x27,0x27,0x27,0x27,0x27,0x27,0x27,0x27,0x27,0x27,0x27,0x27,0x27,0x27,0x27,0x27,0x27,0x27,
  0x27,0x27,0x27,0x27,0x27,0x27,0x27,0x27,0x27,0x27,0x27,0x27,0x27,0x27,0x27,0x27,0x27,0x27,0x27,0x27,0x27,0x27,0x27,0x27,0x27,0x27,0x27,0x27,0x27,0x27,0x27,0x27,
  0x27,0x27,0x27,0x27,0x27,0x27,0x27,0x27,0x27,0x27,0x27,0x27,0x27,0x27,0x27,0x27,0x27,0x27,0x27,0x27,0x27,0x27,0x27,0x27,0x27,0x27,0x27,0x27,0x27,0x27,0x27,0x27,
  0x27,0x27,0x27,0x27,0x27,0x27,0x27,0x27,0x27,0x29,0x29,0x29,0x29,0x2A,0x2B,0x2B,0x28,0x27,0x27,0x27,0x27,0x27,0x27,0x27,0x27,0x27,0x27,0x27,0x27,0x27,0x27,0x27,
  0x27,0x27,0x27,0x27,0x27,0x27,0x26,0x25,0x25,0x25,0x25,0x25,0x25,0x25,0x25,0x25,0x25,0x61,0x26,0x26,0x26,0x26,0x26,0x26,0x26,0x26,0x26,0x26,0x26,0x26,0x26,0x26,
  0x48,0x4A,0x4E,0x4B,0x3A,0x4F,0x4F,0x4D,0x3A,0x3E,0x4F,0x3A,0x3D,0x4F,0x4F,0x4F,0x48,0x48,0x48,0x48,0x48,0x48,0x49,0x4A,0x4A,0x4A,0x4A,0x4B,0x4A,0x4A,0x4B,0x4D,
  0x4C,0x4C,0x4C,0x4C,0x4C,0x18,0x19,0x1A,0x1A,0x1A,0x1A,0x1A,0x1A,0x1A,0x1B,0x1C,0x12,0x12,0x12,0x14,0x17,0x17,0x17,0x17,0x17,0x17,0x17,0x17,0x17,0x17,0x17,0x17,
  0x17,0x17,0x17,0x17,0x19,0x1F,0x1F,0x1F,0x19,0x17,0x17,0x19,0x1F,0x1F,0x1F,0x19,0x17,0x17,0x17,0x17,0x17,0x17,0x17,0x17,0x17,0x17,0x17,0x17,0x1C,0x1C,0x1C,0x1F,
  0x18,0x19,0x1A,0x1A,0x1A,0x1A,0x1A,0x1A,0x56,0x56,0x56,0x56,0x56,0x56,0x57,0x58,0x59,0x59,0x5B,0x59,0x59,0x58,0x5D,0x5B,0x5A,0x5B,0x36,0x36,0x37,0x38,0x39,0x39,
  0x39,0x39,0x3A,0x5D,0x5D,0x39,0x5F,0x5F,0x5C,0x39,0x5F,0x5D,0x5F,0x3F,0x3F,0x5B,0x5A,0x5E,0x26,0x26,0x26,0x26,0x25,0x25,0x25,0x25,0x25,0x25,0x25,0x25,0x25,0x25,
  0x25,0x25,0x25,0x25,0x25,0x25,0x25,0x25,0x25,0x25,0x25,0x25,0x25,0x25,0x17,0x18,0x18,0x18,0x18,0x18,0x18,0x19,0x1A,0x1A,0x1A,0x1A,0x1A,0x1A,0x1A,0x1B,0x1C,0x1C,
  0x1C,0x1C,0x1C,0x5B,0x36,0x36,0x37,0x38,0x39,0x39,0x39,0x39,0x3A,0x56,0x56,0x56,0x56,0x57,0x58,0x59,0x59,0x5B,0x59,0x59,0x58,0x5D,0x5B,0x5A,0x5B,0x5B,0x5A,0x5A,
  0x26,0x26,0x26,0x26,0x27,0x27,0x27,0x27,0x27,0x27,0x27,0x27,0x27,0x27,0x27,0x27,0x27,0x27,0x27,0x27,0x27,0x27,0x27,0x27,0x27,0x27,0x27,0x27,0x27,0x27,0x27,0x27,
  0x27,0x27,0x27,0x27,0x27,0x27,0x27,0x27,0x27,0x27,0x27,0x27,0x27,0x27,0x27,0x27,0x27,0x27,0x27,0x27,0x27,0x27,0x27,0x27,0x27,0x27,0x27,0x27,0x27,0x27,0x27,0x27,
  0x27,0x27,0x27,0x27,0x27,0x27,0x27,0x27,0x27,0x27,0x27,0x27,0x27,0x27,0x27,0x27,0x27,0x27,0x27,0x27,0x27,0x27,0x27,0x27,0x27,0x27,0x27,0x27,0x27,0x27,0x27,0x27,
  0x27,0x27,0x27,0x27,0x27,0x27,0x27,0x27,0x27,0x27,0x27,0x27,0x27,0x27,0x27,0x27,0x27,0x27,0x27,0x27,0x27,0x27,0x27,0x27,0x27,0x29,0x29,0x29,0x29,0x2A,0x2B,0x2B,
  0x29,0x27,0x27,0x27,0x27,0x27,0x27,0x27,0x27,0x27,0x27,0x27,0x27,0x27,0x27,0x27,0x27,0x27,0x27,0x27,0x27,0x27,0x25,0x25,0x25,0x25,0x25,0x25,0x25,0x25,0x25,0x25,
  0x25,0x26,0x26,0x26,0x26,0x26,0x26,0x26,0x26,0x26,0x26,0x26,0x26,0x26,0x26,0x26,0x48,0x48,0x49,0x4A,0x49,0x4E,0x4C,0x4D,0x3C,0x4F,0x4F,0x4D,0x3D,0x4F,0x4E,0x4F,
  0x48,0x48,0x48,0x48,0x48,0x48,0x49,0x4A,0x4A,0x4A,0x4A,0x4A,0x4A,0x4A,0x4B,0x4C,0x4C,0x4C,0x4C,0x4C,0x4C,0x18,0x19,0x1A,0x1A,0x1A,0x1A,0x1A,0x1A,0x1A,0x1B,0x1C,
  0x12,0x12,0x12,0x17,0x17,0x17,0x17,0x17,0x17,0x17,0x17,0x17,0x17,0x17,0x17,0x17,0x17,0x17,0x17,0x19,0x1F,0x1F,0xD4,0xD4,0xD2,0x17,0x19,0x1F,0x1F,0xD2,0xD1,0xD1,
  0x19,0x17,0x17,0x17,0x17,0x17,0x17,0x17,0x17,0x17,0x17,0x17,0x1C,0x1C,0x1A,0x1F,0x18,0x19,0x1A,0x1A,0x1A,0x1A,0x1A,0x1A,0x56,0x56,0x56,0x56,0x56,0x56,0x57,0x58,
  0x58,0x58,0x58,0x59,0x58,0x36,0x36,0x38,0x39,0x36,0x38,0x59,0x36,0x39,0x5C,0x36,0x39,0x36,0x39,0x3A,0x39,0x3A,0x5E,0x5C,0x5C,0x59,0x5F,0x5D,0x5B,0x5E,0x5E,0x5A,
  0x5A,0x5A,0x26,0x26,0x26,0x61,0x25,0x25,0x25,0x25,0x25,0x25,0x25,0x25,0x25,0x25,0x25,0x25,0x25,0x25,0x25,0x25,0x25,0x25,0x25,0x25,0x25,0x25,0x25,0x25,0x18,0x18,
  0x18,0x18,0x18,0x18,0x18,0x19,0x1A,0x1A,0x1A,0x1A,0x1A,0x1A,0x1B,0x1C,0x1C,0x36,0x36,0x38,0x39,0x36,0x38,0x59,0x36,0x39,0x5C,0x36,0x39,0x36,0x39,0x3A,0x39,0x3A,
  0x56,0x57,0x58,0x58,0x58,0x58,0x59,0x58,0x58,0x59,0x5B,0x5A,0x5A,0x5A,0x5A,0x5A,0x26,0x26,0x26,0x26,0x60,0x27,0x27,0x27,0x27,0x27,0x27,0x27,0x27,0x27,0x27,0x27,
  0x27,0x27,0x27,0x27,0x27,0x27,0x27,0x27,0x27,0x27,0x27,0x27,0x27,0x27,0x27,0x27,0x27,0x27,0x27,0x27,0x27,0x27,0x27,0x27,0x27,0x27,0x27,0x27,0x27,0x27,0x27,0x27,
  0x27,0x27,0x27,0x27,0x27,0x27,0x27,0x27,0x27,0x27,0x27,0x27,0x27,0x27,0x27,0x27,0x27,0x27,0x27,0x27,0x27,0x27,0x27,0x27,0x27,0x27,0x27,0x27,0x27,0x27,0x27,0x27,
  0x27,0x27,0x27,0x27,0x27,0x27,0x27,0x27,0x27,0x27,0x27,0x27,0x27,0x27,0x27,0x27,0x27,0x27,0x27,0x27,0x27,0x27,0x27,0x27,0x27,0x27,0x27,0x27,0x27,0x27,0x27,0x27,
  0x27,0x27,0x27,0x27,0x27,0x27,0x27,0x27,0x28,0x29,0x29,0x29,0x29,0x2A,0x2B,0x2B,0x2B,0x27,0x27,0x27,0x27,0x27,0x27,0x27,0x27,0x27,0x27,0x27,0x27,0x27,0x27,0x27,
  0x27,0x27,0x27,0x27,0x27,0x26,0x25,0x25,0x25,0x25,0x25,0x25,0x25,0x25,0x25,0x25,0x25,0x26,0x26,0x26,0x26,0x26,0x26,0x26,0x26,0x26,0x26,0x26,0x26,0x26,0x26,0x26,
  0x48,0x48,0x48,0x48,0x49,0x48,0x4B,0x4B,0x4B,0x4F,0x4D,0x4D,0x4B,0x4F,0x4E,0x4D,0x48,0x48,0x48,0x48,0x48,0x48,0x49,0x4A,0x4A,0x4A,0x4A,0x4A,0x4A,0x4A,0x4B,0x4C,
  0x4C,0x4C,0x4C,0x4C,0x4C,0x18,0x19,0x1A,0x1A,0x1A,0x1A,0x1A,0x1A,0x1A,0x1B,0x1C,0x12,0x12,0x12,0x17,0x17,0x17,0x17,0x17,0x17,0x17,0x17,0x17,0x17,0x17,0x17,0x17,
  0x17,0x17,0x19,0x1F,0x1F,0xD4,0xD1,0xD1,0xD1,0xD1,0x1F,0x1F,0xD2,0xD2,0xD2,0xD1,0xD1,0x19,0x19,0x17,0x17,0x17,0x17,0x17,0x17,0x17,0x17,0x17,0x1C,0x1A,0x1A,0x1A,
  0x18,0x19,0x1A,0x1A,0x1A,0x1A,0x1A,0x1A,0x56,0x56,0x56,0x56,0x56,0x56,0x57,0x58,0x58,0x58,0x58,0x36,0x36,0x37,0x38,0x39,0x39,0x39,0x39,0x3A,0x39,0x5C,0x5C,0x36,
  0x39,0x37,0x38,0x39,0x39,0x39,0x39,0x3A,0x59,0x59,0x58,0x5D,0x5B,0x5A,0x5B,0x5B,0x5A,0x5A,0x26,0x26,0x61,0x25,0x25,0x25,0x25,0x25,0x25,0x25,0x25,0x25,0x25,0x25,
  0x25,0x25,0x25,0x25,0x25,0x25,0x25,0x25,0x25,0x25,0x25,0x25,0x25,0x61,0x18,0x18,0x18,0x18,0x18,0x18,0x18,0x1A,0x1A,0x1A,0x1A,0x1A,0x1A,0x1A,0x1B,0x36,0x36,0x37,
  0x38,0x39,0x39,0x39,0x39,0x3A,0x39,0x5C,0x5C,0x36,0x39,0x37,0x38,0x39,0x39,0x39,0x39,0x3A,0x58,0x58,0x58,0x58,0x58,0x58,0x58,0x59,0x5A,0x5A,0x5A,0x5A,0x5D,0x5E,
  0x26,0x26,0x26,0x26,0x26,0x60,0x27,0x27,0x27,0x27,0x27,0x27,0x27,0x27,0x27,0x27,0x27,0x27,0x27,0x27,0x27,0x27,0x27,0x27,0x27,0x27,0x27,0x27,0x27,0x27,0x27,0x27,
  0x27,0x27,0x27,0x27,0x27,0x27,0x27,0x27,0x27,0x27,0x27,0x27,0x27,0x27,0x27,0x27,0x27,0x27,0x27,0x27,0x27,0x27,0x27,0x27,0x27,0x27,0x27,0x27,0x27,0x27,0x27,0x27,
  0x27,0x27,0x27,0x27,0x27,0x27,0x27,0x27,0x27,0x27,0x27,0x27,0x27,0x27,0x27,0x27,0x27,0x27,0x27,0x27,0x27,0x27,0x27,0x27,0x27,0x27,0x27,0x27,0x27,0x27,0x27,0x27,
  0x27,0x27,0x27,0x27,0x27,0x27,0x27,0x27,0x27,0x27,0x27,0x27,0x27,0x27,0x27,0x27,0x27,0x27,0x27,0x27,0x27,0x27,0x27,0x28,0x29,0x29,0x29,0x29,0x29,0x2A,0x2B,0x2B,
  0x2B,0x28,0x27,0x27,0x27,0x27,0x27,0x27,0x27,0x27,0x27,0x27,0x27,0x27,0x27,0x27,0x27,0x27,0x27,0x27,0x26,0x25,0x25,0x25,0x25,0x25,0x25,0x25,0x25,0x25,0x25,0x25,
  0x25,0x26,0x26,0x26,0x26,0x26,0x26,0x26,0x26,0x26,0x26,0x26,0x26,0x26,0x26,0x26,0x48,0x48,0x48,0x48,0x48,0x48,0x49,0x4B,0x4A,0x4A,0x4C,0x4B,0x4B,0x4A,0x4E,0x4D,
  0x48,0x48,0x48,0x48,0x48,0x48,0x49,0x4A,0x4A,0x4A,0x4A,0x4A,0x4A,0x4A,0x4B,0x4C,0x4C,0x4C,0x4C,0x4C,0x4C,0x18,0x19,0x1A,0x1A,0x1A,0x1A,0x1A,0x1A,0x1A,0x1B,0x1C,
  0x12,0x12,0x12,0x17,0x17,0x17,0x17,0x17,0x17,0x17,0x17,0x17,0x17,0x17,0x17,0x17,0x19,0x1F,0x1F,0x1F,0x27,0xD4,0xD4,0xD4,0xD2,0xD1,0xD1,0x27,0xD3,0xD3,0x27,0x27,
  0x27,0x27,0x1F,0x1F,0x19,0x17,0x17,0x17,0x17,0x17,0x17,0x17,0x19,0x1A,0x1C,0x1C,0x18,0x19,0x1A,0x1A,0x1A,0x1A,0x1A,0x1A,0x56,0x56,0x56,0x56,0x56,0x56,0x57,0x58,
  0x58,0x58,0x36,0x38,0x5B,0x36,0x39,0x5C,0x36,0x39,0x5C,0x36,0x36,0x38,0x39,0x3A,0x5A,0x36,0x39,0x5D,0x36,0x39,0x5F,0x39,0x3A,0x58,0x58,0x59,0x5B,0x5A,0x5A,0x5A,
  0x5A,0x5A,0x26,0x61,0x25,0x25,0x25,0x25,0x25,0x25,0x25,0x25,0x25,0x25,0x25,0x25,0x25,0x25,0x25,0x25,0x25,0x25,0x25,0x25,0x25,0x25,0x25,0x25,0x25,0x26,0x18,0x18,
  0x18,0x18,0x18,0x18,0x19,0x1A,0x1A,0x1A,0x1A,0x1A,0x1A,0x1A,0x36,0x38,0x5B,0x36,0x39,0x5C,0x36,0x39,0x5C,0x36,0x36,0x38,0x39,0x3A,0x8C,0x8D,0x8D,0x5D,0x36,0x39,
  0x5F,0x39,0x3A,0x58,0x58,0x58,0x58,0x58,0x58,0x59,0x5A,0x5A,0x5A,0x5C,0x5E,0x5F,0x26,0x26,0x26,0x26,0x26,0x26,0x27,0x27,0x27,0x27,0x27,0x27,0x27,0x27,0x27,0x27,
  0x27,0x27,0x27,0x27,0x27,0x27,0x27,0x27,0x27,0x27,0x27,0x27,0x27,0x27,0x27,0x27,0x27,0x27,0x27,0x27,0x27,0x27,0x27,0x27,0x27,0x27,0x27,0x27,0x27,0x27,0x27,0x27,
  0x27,0x27,0x27,0x27,0x27,0x27,0x27,0x27,0x27,0x27,0x27,0x27,0x27,0x27,0x27,0x27,0x27,0x27,0x27,0x27,0x27,0x27,0x27,0x27,0x27,0x27,0x27,0x27,0x27,0x27,0x27,0x27,
  0x27,0x27,0x27,0x27,0x27,0x27,0x27,0x27,0x27,0x27,0x27,0x27,0x27,0x27,0x27,0x27,0x27,0x27,0x27,0x27,0x27,0x27,0x27,0x27,0x27,0x27,0x27,0x27,0x27,0x27,0x27,0x27,
  0x27,0x27,0x27,0x27,0x27,0x27,0x28,0x29,0x29,0x29,0x29,0x29,0x29,0x2A,0x2A,0x2B,0x2B,0x29,0x27,0x27,0x27,0x27,0x27,0x27,0x27,0x27,0x27,0x27,0x27,0x27,0x27,0x27,
  0x27,0x27,0x27,0x27,0x25,0x25,0x25,0x25,0x25,0x25,0x25,0x25,0x25,0x25,0x25,0x25,0x61,0x26,0x26,0x26,0x26,0x26,0x26,0x26,0x26,0x26,0x26,0x26,0x26,0x26,0x26,0x26,
  0x29,0x48,0x48,0x48,0x48,0x48,0x49,0x4A,0x4A,0x4A,0x4A,0x4B,0x4A,0x4A,0x4B,0x4D,0x48,0x48,0x48,0x48,0x48,0x48,0x49,0x4A,0x4A,0x4A,0x4A,0x4A,0x4A,0x4A,0x4B,0x4C,
  0x4C,0x4C,0x4C,0x4C,0x4C,0x18,0x19,0x1A,0x1A,0x1A,0x1A,0x1A,0x1A,0x1A,0x1B,0x1C,0x12,0x12,0x12,0x17,0x17,0x17,0x17,0x17,0x17,0x17,0x17,0x17,0x17,0x17,0x19,0x1F,
  0x1F,0x1F,0x27,0x27,0x27,0x27,0x27,0x27,0x27,0xD4,0xD1,0x27,0xD4,0xD4,0x27,0x27,0x27,0x27,0x27,0x27,0x27,0x1F,0x19,0x17,0x17,0x17,0x17,0x17,0x17,0x1C,0x1C,0x1C,
  0x18,0x19,0x1A,0x1A,0x1A,0x1A,0x1A,0x1A,0x56,0x56,0x56,0x56,0x56,0x56,0x57,0x58,0x58,0x58,0x58,0x5B,0x5B,0x39,0x5E,0x5D,0x58,0x36,0x36,0x37,0x38,0x39,0x39,0x39,
  0x39,0x3A,0x5E,0x5F,0x5C,0x39,0x5F,0x5E,0x58,0x58,0x58,0x59,0x5A,0x5A,0x5A,0x5A,0x5D,0x5D,0x61,0x25,0x25,0x25,0x25,0x25,0x25,0x25,0x25,0x25,0x25,0x25,0x25,0x25,
  0x25,0x25,0x25,0x25,0x25,0x25,0x25,0x25,0x25,0x25,0x25,0x25,0x25,0x26,0x18,0x18,0x18,0x18,0x18,0x18,0x19,0x1A,0x1A,0x1A,0x1A,0x1A,0x1A,0x1A,0x1B,0x5B,0x5B,0x39,
  0x5E,0x5D,0x58,0x36,0x36,0x37,0x38,0x39,0x8B,0x8E,0x8D,0x88,0x8A,0x8B,0x8D,0x8F,0x5F,0x5E,0x58,0x58,0x58,0x58,0x58,0x58,0x58,0x59,0x5A,0x5A,0x5B,0x5C,0x5D,0x29,
  0x26,0x26,0x26,0x26,0x26,0x26,0x60,0x27,0x27,0x27,0x27,0x27,0x27,0x27,0x27,0x27,0x27,0x27,0x27,0x27,0x27,0x27,0x27,0x27,0x27,0x27,0x27,0x27,0x27,0x27,0x27,0x27,
  0x27,0x27,0x27,0x27,0x27,0x27,0x27,0x27,0x27,0x27,0x27,0x27,0x27,0x27,0x27,0x27,0x27,0x27,0x27,0x27,0x27,0x27,0x27,0x27,0x27,0x27,0x27,0x27,0x27,0x27,0x27,0x27,
  0x27,0x27,0x27,0x27,0x27,0x27,0x27,0x27,0x27,0x27,0x27,0x27,0x27,0x27,0x27,0x27,0x27,0x27,0x27,0x27,0x27,0x27,0x27,0x27,0x27,0x27,0x27,0x27,0x27,0x27,0x27,0x27,
  0x27,0x27,0x27,0x27,0x27,0x27,0x27,0x27,0x27,0x27,0x27,0x27,0x27,0x27,0x27,0x27,0x27,0x27,0x27,0x27,0x27,0x27,0x29,0x29,0x29,0x29,0x29,0x29,0x29,0x29,0x2A,0x2B,
  0x2B,0x2B,0x27,0x27,0x27,0x27,0x27,0x27,0x27,0x27,0x27,0x27,0x27,0x27,0x27,0x27,0x27,0x27,0x27,0x26,0x25,0x25,0x25,0x25,0x25,0x25,0x25,0x25,0x25,0x25,0x25,0x25,
  0x26,0x26,0x26,0x26,0x26,0x26,0x26,0x26,0x26,0x26,0x26,0x26,0x26,0x26,0x26,0x26,0x26,0x29,0x49,0x48,0x48,0x48,0x49,0x4A,0x4A,0x4A,0x4A,0x4A,0x4A,0x4A,0x4B,0x4C,
  0x48,0x48,0x48,0x48,0x48,0x48,0x49,0x4A,0x4A,0x4A,0x4A,0x4A,0x4A,0x4A,0x4B,0x4C,0x4C,0x4C,0x4C,0x4C,0x4C,0x18,0x19,0x1A,0x1A,0x1A,0x1A,0x1A,0x1A,0x1A,0x1B,0x1C,
  0x12,0x12,0x12,0x14,0x17,0x17,0x17,0x17,0x17,0x17,0x17,0x17,0x17,0x19,0x1F,0x1F,0x27,0x27,0x27,0x27,0x27,0x27,0x27,0x27,0xD4,0xD2,0xD2,0xD2,0xD1,0xD1,0xD3,0x27,
  0x27,0x27,0x27,0x27,0x27,0x27,0x27,0x19,0x17,0x17,0x17,0x17,0x17,0x1C,0x1C,0x1C,0x18,0x19,0x1A,0x1A,0x1A,0x1A,0x1A,0x1A,0x58,0x56,0x56,0x56,0x56,0x56,0x57,0x58,
  0x58,0x58,0x58,0x56,0x59,0x59,0x5C,0x5A,0x36,0x38,0x5F,0x36,0x39,0x5F,0x36,0x39,0x5F,0x39,0x3A,0x5E,0x5E,0x5B,0x5F,0x5E,0x58,0x58,0x58,0x59,0x5A,0x5A,0x5A,0x5B,
  0x5D,0x5E,0x25,0x25,0x25,0x25,0x25,0x25,0x25,0x25,0x25,0x25,0x25,0x25,0x25,0x25,0x25,0x25,0x25,0x25,0x25,0x25,0x25,0x25,0x25,0x25,0x25,0x25,0x61,0x26,0x26,0x19,
  0x18,0x18,0x18,0x18,0x19,0x1A,0x1A,0x1A,0x1A,0x1A,0x1A,0x1A,0x1B,0x56,0x59,0x59,0x5C,0x5A,0x36,0x38,0x5F,0x36,0x39,0x5F,0x8D,0x8F,0x3F,0x8B,0x8E,0x3F,0x8F,0x8F,
  0x3F,0x5E,0x58,0x58,0x58,0x58,0x58,0x59,0x59,0x59,0x5A,0x5A,0x5C,0x5D,0x5E,0x28,0x26,0x26,0x26,0x26,0x26,0x26,0x26,0x60,0x27,0x27,0x27,0x27,0x27,0x27,0x27,0x27,
  0x27,0x27,0x27,0x27,0x27,0x27,0x27,0x27,0x27,0x27,0x27,0x27,0x27,0x27,0x27,0x27,0x27,0x27,0x27,0x27,0x27,0x27,0x27,0x27,0x27,0x27,0x27,0x27,0x27,0x27,0x27,0x27,
  0x27,0x27,0x27,0x27,0x27,0x27,0x27,0x27,0x27,0x27,0x27,0x27,0x27,0x27,0x27,0x27,0x27,0x27,0x27,0x27,0x27,0x27,0x27,0x27,0x27,0x27,0x27,0x27,0x27,0x27,0x27,0x27,
  0x27,0x27,0x27,0x27,0x27,0x27,0x27,0x27,0x36,0x27,0x27,0x27,0x27,0x27,0x27,0x27,0x27,0x27,0x27,0x27,0x27,0x27,0x27,0x27,0x27,0x27,0x27,0x27,0x27,0x27,0x27,0x27,
  0x27,0x27,0x27,0x27,0x27,0x28,0x29,0x29,0x29,0x29,0x29,0x29,0x29,0x29,0x2A,0x2B,0x2B,0x2B,0x27,0x27,0x27,0x27,0x27,0x27,0x27,0x27,0x27,0x27,0x27,0x27,0x27,0x27,
  0x27,0x27,0x26,0x25,0x25,0x25,0x25,0x25,0x25,0x25,0x25,0x25,0x25,0x25,0x25,0x25,0x26,0x26,0x26,0x26,0x26,0x26,0x26,0x26,0x26,0x26,0x26,0x26,0x26,0x26,0x26,0x26,
  0x26,0x26,0x49,0x4A,0x49,0x49,0x49,0x4A,0x4A,0x4A,0x4A,0x4A,0x4A,0x4A,0x4B,0x4B,0x48,0x48,0x48,0x48,0x48,0x48,0x49,0x4A,0x4A,0x4A,0x4A,0x4A,0x4A,0x4A,0x4B,0x4C,
  0x4C,0x4C,0x4C,0x4C,0x4C,0x18,0x19,0x1A,0x1A,0x1A,0x1A,0x1A,0x1A,0x1A,0x1B,0x1C,0x12,0x12,0x12,0x12,0x17,0x17,0x17,0x17,0x17,0x17,0x17,0x17,0x17,0x1F,0x1F,0x27,
  0x27,0x27,0x27,0x27,0x27,0x27,0x27,0xD4,0xD4,0xD2,0xD0,0xD6,0xD0,0xD6,0xD1,0xD2,0x27,0x27,0x27,0x27,0x27,0x27,0x27,0x27,0x17,0x17,0x17,0x17,0x17,0x1C,0x1C,0x1C,
  0x18,0x19,0x1A,0x1A,0x1A,0x1A,0x1A,0x1A,0x58,0x57,0x56,0x56,0x56,0x56,0x57,0x58,0x58,0x58,0x58,0x56,0x56,0x57,0x57,0x59,0x57,0x5D,0x5D,0x39,0x5F,0x5F,0x5C,0x39,
  0x5F,0x5D,0x5F,0x5F,0x5B,0x5B,0x5A,0x5E,0x58,0x58,0x58,0x59,0x5A,0x5A,0x5A,0x5C,0x5E,0x96,0x25,0x25,0x25,0x25,0x25,0x25,0x25,0x25,0x25,0x25,0x25,0x25,0x25,0x25,
  0x25,0x25,0x25,0x25,0x25,0x25,0x25,0x25,0x25,0x25,0x25,0x25,0x26,0x26,0x26,0x1A,0x1A,0x18,0x18,0x18,0x19,0x1A,0x1A,0x1A,0x1A,0x1A,0x1A,0x1A,0x1B,0x56,0x56,0x57,
  0x57,0x59,0x57,0x5D,0x5D,0x39,0x5F,0x5F,0x5C,0x3F,0x3F,0x8D,0x8F,0x3F,0x5B,0x3F,0x3F,0x5E,0x58,0x58,0x58,0x59,0x59,0x59,0x59,0x5A,0x5B,0x5C,0x5E,0x5E,0x29,0x26,
  0x26,0x26,0x26,0x26,0x26,0x26,0x26,0x26,0x27,0x27,0x27,0x27,0x27,0x27,0x27,0x27,0x27,0x27,0x27,0x27,0x27,0x27,0x27,0x27,0x27,0x27,0x27,0x27,0x27,0x27,0x27,0x27,
  0x27,0x27,0x27,0x27,0x27,0x27,0x27,0x27,0x27,0x27,0x27,0x27,0x27,0x27,0x27,0x27,0x27,0x27,0x27,0x27,0x27,0x27,0x27,0x27,0x27,0x27,0x27,0x27,0x27,0x27,0x27,0x27,
  0x27,0x27,0x27,0x27,0x27,0x27,0x27,0x27,0x27,0x27,0x27,0x27,0x27,0x27,0x27,0x27,0x27,0x27,0x27,0x27,0x27,0x27,0x27,0x27,0x27,0x36,0x27,0x27,0x27,0x27,0x27,0x27,
  0x27,0x27,0x27,0x27,0x27,0x27,0x27,0x27,0x27,0x27,0x27,0x27,0x27,0x27,0x27,0x27,0x27,0x27,0x27,0x27,0x27,0x29,0x29,0x29,0x29,0x29,0x29,0x29,0x29,0x29,0x2A,0x2B,
  0x2B,0x2B,0x28,0x27,0x27,0x27,0x27,0x27,0x27,0x27,0x27,0x27,0x27,0x27,0x27,0x27,0x27,0x27,0x25,0x25,0x25,0x25,0x25,0x25,0x25,0x25,0x25,0x25,0x25,0x25,0x25,0x61,
  0x26,0x26,0x26,0x26,0x26,0x26,0x26,0x26,0x26,0x26,0x26,0x26,0x26,0x26,0x26,0x26,0x26,0x26,0x29,0x4B,0x4B,0x49,0x49,0x4A,0x4B,0x4B,0x4B,0x4A,0x4A,0x4A,0x4A,0x4B,
  0x48,0x48,0x48,0x48,0x48,0x48,0x49,0x4A,0x4A,0x4A,0x4A,0x4A,0x4A,0x4A,0x4B,0x4C,0x4C,0x4C,0x4C,0x4C,0x4C,0x18,0x19,0x1A,0x1A,0x1A,0x1A,0x1A,0x1A,0x1A,0x1B,0x1C,
  0x18,0x12,0x12,0x12,0x17,0x17,0x17,0x17,0x17,0x17,0x17,0x17,0x17,0x19,0x27,0x27,0x27,0x27,0x1F,0x1F,0x27,0x27,0x27,0xD4,0xD2,0xD1,0xD0,0xD6,0xD0,0xD6,0xD0,0xD1,
  0x27,0x27,0x27,0x27,0x27,0x27,0x17,0x17,0x17,0x17,0x17,0x17,0x17,0x1C,0x1C,0x1C,0x18,0x19,0x1A,0x1A,0x1A,0x1A,0x1A,0x1A,0x1A,0x58,0x57,0x56,0x56,0x57,0x57,0x58,
  0x58,0x58,0x58,0x58,0x56,0x56,0x56,0x56,0x57,0x57,0x5B,0x5B,0x5E,0x5C,0x5C,0x59,0x5F,0x5D,0x5B,0x5E,0x5E,0x5A,0x5A,0x5A,0x58,0x58,0x59,0x59,0x5A,0x5A,0x5B,0x5C,
  0x5D,0x95,0x25,0x25,0x25,0x25,0x25,0x25,0x25,0x25,0x25,0x25,0x25,0x25,0x25,0x25,0x25,0x25,0x25,0x25,0x25,0x25,0x25,0x25,0x25,0x25,0x25,0x25,0x26,0x26,0x26,0x28,
  0x1A,0x19,0x19,0x18,0x19,0x1A,0x1A,0x1A,0x1A,0x1A,0x1A,0x1A,0x1B,0x58,0x56,0x56,0x56,0x56,0x57,0x57,0x5B,0x5B,0x5E,0x5C,0x5C,0x59,0x5F,0x5D,0x3F,0x3F,0x5E,0x5A,
  0x5A,0x5A,0x58,0x58,0x59,0x5A,0x5A,0x5A,0x5C,0x5D,0x5C,0x5E,0x5E,0x29,0x26,0x26,0x26,0x26,0x26,0x26,0x26,0x26,0x26,0x26,0x60,0x27,0x27,0x27,0x27,0x27,0x27,0x27,
  0x27,0x27,0x27,0x27,0x27,0x27,0x27,0x27,0x27,0x27,0x27,0x27,0x27,0x27,0x27,0x27,0x27,0x27,0x27,0x27,0x27,0x27,0x27,0x27,0x27,0x27,0x27,0x27,0x27,0x27,0x27,0x27,
  0x27,0x27,0x27,0x27,0x27,0x27,0x27,0x27,0x27,0x27,0x27,0x27,0x27,0x27,0x27,0x27,0x27,0x27,0x27,0x27,0x27,0x27,0x27,0x27,0x27,0x27,0x27,0x27,0x27,0x27,0x27,0x27,
  0x27,0x27,0x27,0x36,0x35,0x36,0x36,0x36,0x37,0x37,0x27,0x27,0x27,0x27,0x27,0x27,0x27,0x27,0x27,0x27,0x27,0x27,0x27,0x27,0x27,0x27,0x27,0x27,0x27,0x27,0x27,0x27,
  0x27,0x27,0x27,0x27,0x28,0x29,0x29,0x29,0x29,0x29,0x29,0x29,0x29,0x29,0x2A,0x2B,0x2B,0x2B,0x29,0x27,0x27,0x27,0x27,0x27,0x27,0x27,0x27,0x27,0x27,0x27,0x27,0x27,
  0x27,0x26,0x25,0x25,0x25,0x25,0x25,0x25,0x25,0x25,0x25,0x25,0x25,0x25,0x25,0x26,0x26,0x26,0x26,0x26,0x26,0x26,0x26,0x26,0x26,0x26,0x26,0x26,0x26,0x26,0x26,0x26,
  0x26,0x26,0x26,0x29,0x4D,0x4C,0x4B,0x4B,0x4B,0x4B,0x4B,0x4A,0x4A,0x4A,0x4A,0x4C,0x4E,0x49,0x48,0x49,0x49,0x49,0x49,0x4A,0x4A,0x4A,0x4A,0x4A,0x4A,0x4A,0x4B,0x4C,
  0x4C,0x4C,0x4C,0x4C,0x1A,0x18,0x19,0x1A,0x1A,0x1A,0x1A,0x1A,0x1A,0x1A,0x1B,0x1C,0x1F,0x12,0x12,0x12,0x17,0x17,0x17,0x17,0x17,0x17,0x17,0x17,0x17,0x17,0x17,0x19,
  0x1F,0x1F,0x1F,0x27,0x27,0x27,0x27,0xD5,0xD3,0xD3,0xD2,0xD1,0xD0,0xD0,0xD1,0xD2,0xD3,0x27,0x27,0x27,0x27,0x19,0x17,0x17,0x17,0x17,0x17,0x17,0x17,0x1C,0x1C,0x1C,
  0x18,0x19,0x1A,0x1A,0x1A,0x1A,0x1A,0x1A,0x1A,0x58,0x58,0x57,0x57,0x57,0x58,0x58,0x58,0x58,0x58,0x58,0x57,0x56,0x56,0x56,0x56,0x57,0x58,0x59,0x59,0x5B,0x59,0x59,
  0x58,0x5D,0x5B,0x5A,0x5B,0x5B,0x5A,0x5F,0x58,0x59,0x59,0x59,0x5A,0x5A,0x5C,0x5D,0x5E,0x93,0x25,0x25,0x25,0x25,0x25,0x25,0x25,0x25,0x25,0x25,0x25,0x25,0x25,0x25,
  0x25,0x25,0x25,0x25,0x25,0x25,0x25,0x25,0x25,0x25,0x25,0x61,0x26,0x26,0x26,0x26,0x1A,0x1A,0x19,0x19,0x1A,0x1A,0x1A,0x1A,0x1B,0x1B,0x1B,0x1B,0x1C,0x1E,0x58,0x57,
  0x56,0x56,0x56,0x57,0x58,0x59,0x59,0x5B,0x59,0x59,0x58,0x5D,0x5B,0x5A,0x5B,0x5B,0x5A,0x5A,0x5B,0x5A,0x5B,0x5C,0x5C,0x5C,0x5C,0x5E,0x2A,0x29,0x28,0x26,0x26,0x26,
  0x26,0x26,0x26,0x26,0x26,0x26,0x26,0x26,0x26,0x60,0x27,0x27,0x27,0x27,0x27,0x27,0x27,0x27,0x27,0x27,0x27,0x27,0x27,0x27,0x27,0x27,0x27,0x27,0x27,0x27,0x27,0x27,
  0x27,0x27,0x27,0x27,0x27,0x27,0x27,0x27,0x27,0x27,0x27,0x27,0x27,0x27,0x27,0x27,0x27,0x27,0x27,0x27,0x27,0x27,0x27,0x27,0x27,0x27,0x27,0x27,0x27,0x27,0x27,0x27,
  0x27,0x27,0x27,0x27,0x27,0x27,0x27,0x27,0x27,0x27,0x27,0x27,0x27,0x27,0x27,0x35,0x34,0x34,0x35,0x35,0x36,0x37,0x37,0x37,0x37,0x38,0x37,0x37,0x38,0x39,0x27,0x27,
  0x27,0x27,0x27,0x27,0x27,0x27,0x27,0x27,0x27,0x27,0x27,0x27,0x27,0x27,0x27,0x27,0x27,0x27,0x27,0x27,0x29,0x29,0x29,0x2A,0x2B,0x2A,0x29,0x29,0x29,0x29,0x29,0x2B,
  0x2B,0x2B,0x2B,0x27,0x27,0x27,0x27,0x27,0x27,0x27,0x27,0x27,0x27,0x27,0x27,0x27,0x26,0x25,0x25,0x25,0x25,0x25,0x25,0x25,0x25,0x25,0x25,0x25,0x25,0x25,0x25,0x26,
  0x26,0x26,0x26,0x26,0x26,0x26,0x26,0x26,0x26,0x26,0x26,0x26,0x26,0x26,0x26,0x26,0x26,0x26,0x26,0x26,0x29,0x2B,0x4D,0x4D,0x4D,0x4B,0x4B,0x4A,0x4A,0x4B,0x4C,0x4E,
  0x4F,0x49,0x4A,0x49,0x49,0x49,0x4A,0x4B,0x4B,0x4A,0x4A,0x4A,0x4A,0x4A,0x4B,0x4C,0x4C,0x4C,0x4C,0x1A,0x18,0x18,0x19,0x1A,0x1A,0x1A,0x1A,0x1A,0x1A,0x1A,0x1B,0x1C,
  0x1F,0x12,0x12,0x12,0x17,0x17,0x17,0x17,0x17,0x17,0x17,0x17,0x17,0x17,0x19,0x1F,0x1F,0x27,0x27,0x27,0x27,0x27,0x27,0xD5,0xD4,0xD1,0xD0,0xD0,0xD1,0xE0,0xD0,0xD0,
  0xD2,0x27,0x27,0x27,0x27,0x27,0x19,0x17,0x17,0x17,0x17,0x17,0x17,0x1C,0x1C,0x1C,0x18,0x19,0x1A,0x1A,0x1A,0x1A,0x1A,0x1A,0x1A,0x1B,0x58,0x58,0x58,0x58,0x58,0x58,
  0x58,0x58,0x59,0x59,0x58,0x57,0x56,0x56,0x57,0x57,0x58,0x58,0x58,0x58,0x59,0x58,0x59,0x59,0x5B,0x5A,0x5B,0x5C,0x5D,0x59,0x59,0x59,0x59,0x5A,0x5B,0x5C,0x5E,0x5E,
  0x94,0x93,0x25,0x25,0x25,0x25,0x25,0x25,0x25,0x25,0x25,0x25,0x25,0x25,0x25,0x25,0x25,0x25,0x25,0x25,0x25,0x25,0x25,0x25,0x25,0x25,0x25,0x26,0x26,0x26,0x26,0x26,
  0x26,0x1A,0x1A,0x1A,0x1B,0x1B,0x1B,0x1B,0x1B,0x1C,0x1C,0x1C,0x1C,0x1D,0x58,0x58,0x57,0x57,0x57,0x58,0x58,0x58,0x58,0x58,0x59,0x59,0x59,0x59,0x5B,0x5A,0x5C,0x5D,
  0x5E,0x1F,0x1F,0x1F,0x1F,0x1F,0x1F,0x2A,0x29,0x28,0x26,0x26,0x26,0x26,0x26,0x26,0x26,0x26,0x26,0x26,0x26,0x26,0x26,0x26,0x26,0x26,0x27,0x27,0x27,0x27,0x27,0x27,
  0x27,0x27,0x27,0x27,0x27,0x27,0x27,0x27,0x27,0x27,0x27,0x27,0x27,0x27,0x27,0x27,0x27,0x27,0x27,0x27,0x27,0x27,0x27,0x27,0x27,0x27,0x27,0x27,0x27,0x27,0x27,0x27,
  0x27,0x27,0x27,0x27,0x27,0x27,0x27,0x27,0x27,0x27,0x27,0x27,0x27,0x27,0x27,0x27,0x27,0x27,0x27,0x27,0x27,0x27,0x27,0x27,0x27,0x27,0x27,0x27,0x27,0x36,0x33,0x34,
  0x84,0x85,0x85,0x37,0x38,0x38,0x38,0x38,0x38,0x38,0x38,0x39,0x3A,0x3A,0x3A,0x3B,0x27,0x27,0x27,0x27,0x27,0x27,0x27,0x27,0x27,0x27,0x27,0x27,0x27,0x27,0x27,0x27,
  0x27,0x27,0x27,0x28,0x29,0x2A,0x2A,0x2B,0x29,0x28,0x27,0x28,0x29,0x29,0x29,0x2A,0x2B,0x2B,0x2B,0x28,0x27,0x27,0x27,0x27,0x27,0x27,0x27,0x27,0x27,0x27,0x27,0x27,
  0x25,0x25,0x25,0x25,0x25,0x25,0x25,0x25,0x25,0x25,0x25,0x25,0x25,0x25,0x61,0x26,0x26,0x26,0x26,0x26,0x26,0x26,0x26,0x26,0x26,0x26,0x26,0x26,0x26,0x26,0x26,0x26,
  0x26,0x26,0x26,0x26,0x26,0x26,0x29,0x2B,0x4F,0x4F,0x4C,0x4C,0x4C,0x4D,0x4D,0x4E,0x4F,0x1F,0x4B,0x4B,0x49,0x49,0x4A,0x4B,0x4B,0x4B,0x4A,0x4A,0x4A,0x4A,0x4B,0x4C,
  0x4D,0x4D,0x4D,0x18,0x18,0x18,0x19,0x1A,0x1A,0x1A,0x1A,0x1A,0x1A,0x1A,0x1B,0x1C,0x1F,0x12,0x12,0x12,0x17,0x17,0x17,0x17,0x17,0x17,0x17,0x17,0x17,0x17,0x1F,0x1F,
  0x27,0x27,0x27,0x27,0x27,0x27,0x27,0x27,0xD5,0xD4,0xD1,0xD1,0xD4,0xD2,0xD0,0xD2,0x27,0x27,0x27,0x27,0x27,0x27,0x27,0x19,0x17,0x17,0x17,0x17,0x17,0x1C,0x1C,0x1C,
  0x18,0x19,0x1A,0x1A,0x1A,0x1A,0x1A,0x1A,0x1A,0x1B,0x1C,0x1C,0x58,0x58,0x58,0x58,0x58,0x59,0x5A,0x5A,0x58,0x58,0x57,0x57,0x57,0x58,0x58,0x58,0x58,0x58,0x58,0x59,
  0x59,0x59,0x5A,0x5A,0x5C,0x5D,0x5E,0x5A,0x5A,0x5A,0x5C,0x5D,0x5C,0x5E,0x5E,0x29,0x91,0x93,0x25,0x25,0x25,0x25,0x25,0x25,0x25,0x25,0x25,0x25,0x25,0x25,0x25,0x25,
  0x25,0x25,0x25,0x25,0x25,0x25,0x25,0x25,0x25,0x25,0x25,0x26,0x26,0x26,0x26,0x26,0x26,0x26,0x28,0x1A,0x1A,0x1B,0x1C,0x1C,0x1C,0x1C,0x1D,0x1E,0x1D,0x1D,0x1F,0x58,
  0x58,0x58,0x58,0x58,0x58,0x58,0x58,0x59,0x59,0x59,0x59,0x5A,0x5B,0x5C,0x5E,0x5E,0x1F,0x1F,0x1F,0x1F,0x2A,0x29,0x28,0x26,0x26,0x26,0x26,0x26,0x26,0x26,0x26,0x26,
  0x26,0x26,0x26,0x26,0x26,0x26,0x26,0x26,0x26,0x26,0x60,0x27,0x27,0x27,0x27,0x27,0x27,0x27,0x27,0x27,0x27,0x27,0x27,0x27,0x27,0x27,0x27,0x27,0x27,0x27,0x27,0x27,
  0x27,0x27,0x27,0x27,0x27,0x27,0x27,0x27,0x27,0x27,0x27,0x27,0x27,0x27,0x27,0x27,0x27,0x27,0x27,0x27,0x27,0x27,0x27,0x27,0x27,0x27,0x27,0x27,0x27,0x27,0x27,0x27,
  0x27,0x24,0x23,0x23,0x23,0x24,0x24,0x25,0x25,0x25,0x24,0x24,0x34,0x38,0x83,0x86,0x85,0x80,0x82,0x83,0x85,0x87,0x39,0x39,0x3A,0x3A,0x3A,0x3A,0x3B,0x3B,0x3C,0x3D,
  0x3C,0x27,0x27,0x27,0x27,0x27,0x27,0x27,0x27,0x27,0x27,0x27,0x27,0x27,0x27,0x27,0x27,0x28,0x2A,0x2A,0x2A,0x2B,0x2B,0x29,0x27,0x27,0x27,0x27,0x28,0x29,0x29,0x29,
  0x2B,0x2B,0x2B,0x29,0x27,0x27,0x27,0x27,0x27,0x27,0x27,0x27,0x27,0x27,0x27,0x26,0x25,0x25,0x25,0x25,0x25,0x25,0x25,0x25,0x25,0x25,0x25,0x25,0x25,0x25,0x26,0x26,
  0x26,0x26,0x26,0x26,0x26,0x26,0x26,0x26,0x26,0x26,0x26,0x26,0x26,0x26,0x26,0x26,0x26,0x26,0x26,0x26,0x26,0x26,0x26,0x26,0x26,0x29,0x2B,0x4D,0x4D,0x4D,0x4D,0x1F,
  0x1F,0x1F,0x1F,0x4D,0x4C,0x4B,0x4B,0x4B,0x4B,0x4B,0x4A,0x4A,0x4A,0x4A,0x4C,0x4E,0x4E,0x4E,0x1A,0x18,0x18,0x18,0x19,0x1A,0x1A,0x1A,0x1A,0x1A,0x1A,0x1A,0x1B,0x1C,
  0x1F,0x12,0x12,0x12,0x17,0x17,0x17,0x17,0x17,0x17,0x17,0x17,0x17,0x17,0x1F,0x27,0x27,0x27,0x27,0x27,0x27,0xD2,0xD3,0xD4,0xD5,0xD5,0xD4,0xD4,0xC0,0xC0,0x27,0x27,
  0x27,0x27,0x27,0x27,0x27,0x27,0x27,0x19,0x17,0x17,0x17,0x17,0x17,0x1C,0x1C,0x1C,0x18,0x19,0x1A,0x1A,0x1A,0x1A,0x1A,0x1A,0x1A,0x1B,0x1C,0x1C,0x1C,0x1C,0x5A,0x5B,
  0x5A,0x5B,0x5C,0x5C,0x5C,0x58,0x58,0x58,0x58,0x58,0x58,0x58,0x58,0x59,0x59,0x59,0x59,0x5A,0x5B,0x5C,0x5E,0x5E,0x5B,0x5C,0x5C,0x5C,0x5C,0x5E,0x2C,0x2C,0x29,0x25,
  0x91,0x93,0x25,0x25,0x25,0x25,0x25,0x25,0x25,0x25,0x25,0x25,0x25,0x25,0x25,0x25,0x25,0x25,0x25,0x25,0x25,0x25,0x25,0x25,0x25,0x25,0x61,0x26,0x26,0x26,0x26,0x26,
  0x26,0x26,0x26,0x26,0x29,0x1D,0x1C,0x1D,0x1D,0x1C,0x1C,0x1F,0x1F,0x1F,0x1F,0x1F,0x1F,0x58,0x58,0x58,0x58,0x58,0x59,0x5A,0x5A,0x5A,0x5C,0x5D,0x5C,0x5E,0x5E,0x1F,
  0x2A,0x29,0x28,0x26,0x26,0x26,0x26,0x26,0x26,0x26,0x26,0x26,0x26,0x26,0x26,0x26,0x26,0x26,0x26,0x26,0x26,0x26,0x26,0x26,0x26,0x26,0x26,0x60,0x27,0x27,0x27,0x27,
  0x27,0x27,0x27,0x27,0x27,0x27,0x27,0x27,0x27,0x27,0x27,0x27,0x27,0x27,0x27,0x27,0x27,0x27,0x27,0x27,0x27,0x27,0x27,0x27,0x27,0x27,0x27,0x27,0x27,0x27,0x27,0x27,
  0x27,0x27,0x27,0x27,0x27,0x27,0x27,0x27,0x27,0x27,0x27,0x27,0x27,0x27,0x27,0x27,0x20,0x21,0x21,0x22,0x24,0x25,0x25,0x25,0x25,0x24,0x24,0x35,0x39,0x37,0x85,0x87,
  0x3F,0x83,0x86,0x3F,0x87,0x87,0x3F,0x3B,0x3B,0x38,0x39,0x3C,0x3B,0x3D,0x3E,0x3E,0x3E,0x3D,0x27,0x27,0x27,0x27,0x27,0x27,0x27,0x27,0x27,0x27,0x27,0x27,0x27,0x27,
  0x28,0x2A,0x2A,0x2A,0x2B,0x2B,0x29,0x27,0x27,0x27,0x27,0x27,0x27,0x29,0x29,0x29,0x2A,0x2B,0x2B,0x2B,0x27,0x27,0x27,0x27,0x27,0x27,0x27,0x27,0x27,0x27,0x26,0x25,
  0x25,0x25,0x25,0x25,0x25,0x25,0x25,0x25,0x25,0x25,0x25,0x25,0x25,0x25,0x26,0x26,0x26,0x26,0x26,0x26,0x26,0x26,0x26,0x26,0x26,0x26,0x26,0x26,0x26,0x26,0x26,0x26,
  0x26,0x26,0x26,0x26,0x26,0x26,0x26,0x26,0x26,0x26,0x26,0x26,0x29,0x2B,0x1F,0x1F,0x1F,0x1F,0x1F,0x1F,0x1F,0x4D,0x4D,0x4D,0x4B,0x4B,0x4A,0x4A,0x4B,0x4C,0x4E,0x4F,
  0x4F,0x1A,0x18,0x18,0x18,0x18,0x19,0x1A,0x1A,0x1A,0x1A,0x1A,0x1A,0x1A,0x1B,0x1C,0x1F,0x12,0x12,0x12,0x17,0x17,0x17,0x17,0x17,0x17,0x17,0x17,0x17,0x17,0x19,0x27,
  0x27,0x27,0x27,0x27,0xD3,0xD1,0xD5,0xD3,0xD2,0xD0,0xD2,0xD3,0xC0,0xC0,0x37,0x27,0x27,0x27,0x27,0x27,0x27,0x27,0x27,0x27,0x17,0x17,0x17,0x17,0x17,0x1C,0x1C,0x1C,
  0x18,0x19,0x1A,0x1A,0x1A,0x1A,0x1A,0x1A,0x1A,0x1B,0x1C,0x1C,0x1C,0x1C,0x1C,0x1C,0x2C,0x2C,0x2C,0x2C,0x2C,0x2C,0x2C,0x58,0x58,0x58,0x58,0x58,0x59,0x5A,0x5A,0x5A,
  0x5C,0x5D,0x5C,0x5E,0x5E,0x2C,0x2C,0x2C,0x2C,0x2C,0x2C,0x2C,0x2C,0x29,0x25,0x25,0x91,0x93,0x25,0x25,0x25,0x25,0x25,0x25,0x25,0x25,0x25,0x25,0x25,0x25,0x25,0x25,
  0x25,0x25,0x25,0x25,0x25,0x25,0x25,0x25,0x25,0x25,0x26,0x26,0x26,0x26,0x26,0x26,0x26,0x26,0x26,0x26,0x26,0x26,0x26,0x26,0x26,0x26,0x26,0x28,0x29,0x2A,0x1F,0x1F,
  0x1F,0x1F,0x1F,0x5A,0x5B,0x5A,0x5B,0x5C,0x5C,0x5C,0x5C,0x5E,0x1F,0x1F,0x2A,0x28,0x26,0x26,0x26,0x26,0x26,0x26,0x26,0x26,0x26,0x26,0x26,0x26,0x26,0x26,0x26,0x26,
  0x26,0x26,0x26,0x26,0x26,0x26,0x26,0x26,0x26,0x26,0x26,0x26,0x27,0x27,0x27,0x27,0x27,0x27,0x27,0x27,0x27,0x27,0x27,0x27,0x27,0x27,0x27,0x27,0x27,0x27,0x27,0x27,
  0x27,0x27,0x27,0x27,0x27,0x27,0x27,0x27,0x27,0x27,0x27,0x27,0x27,0x27,0x27,0x27,0x27,0x27,0x26,0x27,0x27,0x27,0x27,0x27,0x27,0x27,0x27,0x27,0x27,0x27,0x27,0x27,
  0x21,0x22,0x25,0x27,0x27,0x27,0x27,0x27,0x27,0x27,0x27,0x38,0x4D,0x35,0x39,0x3F,0x3F,0x85,0x87,0x3F,0x37,0x3F,0x3F,0x37,0x3C,0x3D,0x37,0x3C,0x3D,0x39,0x3E,0x3E,
  0x4F,0x3E,0x27,0x27,0x27,0x27,0x27,0x27,0x27,0x27,0x27,0x27,0x27,0x27,0x27,0x27,0x2A,0x2A,0x2B,0x2B,0x29,0x28,0x27,0x27,0x27,0x27,0x27,0x27,0x27,0x28,0x29,0x29,
  0x29,0x2A,0x2B,0x2B,0x29,0x27,0x27,0x27,0x27,0x27,0x27,0x27,0x27,0x26,0x25,0x25,0x25,0x25,0x25,0x25,0x25,0x25,0x25,0x25,0x25,0x25,0x25,0x25,0x25,0x61,0x26,0x26,
  0x26,0x26,0x26,0x26,0x26,0x26,0x26,0x26,0x26,0x26,0x26,0x26,0x26,0x26,0x26,0x26,0x26,0x26,0x26,0x26,0x26,0x26,0x26,0x26,0x26,0x26,0x26,0x26,0x26,0x26,0x26,0x26,
  0x60,0x27,0x29,0x2B,0x1F,0x1F,0x1F,0x4F,0x4F,0x4C,0x4C,0x4C,0x4D,0x4D,0x4E,0x4F,0x1C,0x18,0x18,0x18,0x18,0x18,0x19,0x1A,0x1A,0x1A,0x1A,0x1A,0x1A,0x1A,0x1B,0x1C,
  0x1F,0x12,0x12,0x12,0x17,0x17,0x17,0x17,0x17,0x17,0x17,0x17,0x17,0x17,0x17,0x17,0x17,0x19,0x1F,0x27,0x27,0xD4,0xD5,0xD2,0xD0,0xD0,0xD3,0xD1,0xD3,0x38,0x38,0x38,
  0x38,0x27,0x17,0x17,0x17,0x27,0x27,0x27,0x17,0x17,0x17,0x17,0x17,0x1C,0x1C,0x1C,0x18,0x19,0x1A,0x1A,0x1A,0x1A,0x1A,0x1A,0x1A,0x1B,0x1C,0x1C,0x1C,0x1C,0x1C,0x1C,
  0x2C,0x2C,0x29,0x26,0x29,0x2C,0x2C,0x2C,0x2C,0x5A,0x5B,0x5A,0x5B,0x5C,0x5C,0x5C,0x5C,0x5E,0x2C,0x2C,0x2C,0x2C,0x2C,0x2C,0x2C,0x2C,0x2C,0x2C,0x29,0x25,0x25,0x25,
  0x91,0x93,0x25,0x25,0x25,0x25,0x25,0x25,0x25,0x25,0x25,0x25,0x25,0x25,0x25,0x25,0x25,0x25,0x25,0x25,0x25,0x25,0x25,0x25,0x25,0x61,0x26,0x26,0x26,0x26,0x26,0x26,
  0x26,0x26,0x26,0x26,0x26,0x26,0x26,0x26,0x26,0x26,0x26,0x26,0x26,0x26,0x26,0x26,0x26,0x26,0x26,0x26,0x26,0x26,0x26,0x26,0x26,0x26,0x26,0x26,0x26,0x26,0x26,0x26,
  0x26,0x26,0x26,0x26,0x26,0x26,0x26,0x26,0x26,0x26,0x26,0x26,0x26,0x26,0x26,0x26,0x26,0x26,0x26,0x26,0x26,0x26,0x26,0x26,0x26,0x26,0x26,0x26,0x60,0x27,0x27,0x27,
  0x27,0x27,0x27,0x27,0x27,0x27,0x27,0x27,0x27,0x27,0x27,0x27,0x27,0x27,0x27,0x27,0x27,0x27,0x27,0x27,0x27,0x27,0x27,0x27,0x27,0x27,0x27,0x27,0x27,0x27,0x27,0x27,
  0x27,0x27,0x25,0x60,0x27,0x27,0x27,0x27,0x27,0x27,0x27,0x27,0x27,0x27,0x27,0x27,0x21,0x25,0x24,0x27,0x34,0x36,0x27,0x27,0x27,0x27,0x27,0x27,0x4D,0x3A,0x4F,0x4F,
  0x37,0x3A,0x3F,0x3F,0x37,0x3D,0x3E,0x39,0x3C,0x3E,0x4F,0x38,0x3D,0x4F,0x4F,0x3E,0x4F,0x27,0x27,0x27,0x27,0x27,0x27,0x27,0x27,0x27,0x27,0x27,0x27,0x27,0x27,0x28,
  0x2A,0x2B,0x2B,0x29,0x27,0x27,0x27,0x27,0x27,0x27,0x27,0x27,0x27,0x27,0x29,0x29,0x29,0x29,0x2A,0x2B,0x2B,0x2B,0x29,0x27,0x27,0x27,0x27,0x27,0x27,0x25,0x25,0x25,
  0x25,0x25,0x25,0x25,0x25,0x25,0x25,0x25,0x25,0x25,0x25,0x25,0x25,0x26,0x26,0x26,0x26,0x26,0x26,0x26,0x26,0x26,0x26,0x26,0x26,0x26,0x26,0x26,0x26,0x26,0x26,0x26,
  0x26,0x26,0x26,0x26,0x26,0x26,0x26,0x26,0x26,0x26,0x26,0x26,0x26,0x26,0x26,0x26,0x26,0x60,0x27,0x27,0x27,0x27,0x29,0x2B,0x1F,0x1F,0x4D,0x4D,0x4D,0x4D,0x1F,0x1F,
  0x1A,0x18,0x18,0x18,0x18,0x18,0x19,0x1A,0x1A,0x1A,0x1A,0x1A,0x1A,0x1A,0x1B,0x1C,0x1F,0x12,0x12,0x12,0x17,0x17,0x17,0x17,0x17,0x17,0x17,0x17,0x17,0x17,0x17,0x17,
  0x17,0x17,0x1F,0x27,0x37,0x38,0xD5,0xD4,0xD3,0xD2,0xD6,0xD2,0xD3,0xD3,0xD3,0x38,0x38,0x39,0x17,0x17,0x17,0x17,0x17,0x17,0x17,0x17,0x17,0x17,0x17,0x1C,0x1C,0x1C,
  0x18,0x19,0x1A,0x1A,0x1A,0x1A,0x1A,0x1A,0x1A,0x1B,0x1C,0x1C,0x1C,0x1C,0x1C,0x1C,0x2C,0x29,0x26,0x26,0x26,0x26,0x26,0x29,0x2C,0x2C,0x2B,0x2A,0x2A,0x2A,0x2A,0x2A,
  0x2B,0x2B,0x2C,0x2C,0x2C,0x2C,0x2C,0x2C,0x2C,0x2C,0x29,0x25,0x25,0x25,0x25,0x25,0x91,0x93,0x25,0x25,0x25,0x25,0x25,0x25,0x25,0x25,0x25,0x25,0x25,0x25,0x25,0x25,
  0x25,0x25,0x25,0x25,0x25,0x25,0x25,0x25,0x25,0x26,0x26,0x26,0x26,0x26,0x26,0x26,0x26,0x26,0x26,0x26,0x26,0x26,0x26,0x26,0x26,0x26,0x26,0x26,0x26,0x26,0x26,0x26,
  0x26,0x26,0x26,0x26,0x26,0x26,0x26,0x26,0x26,0x26,0x26,0x26,0x26,0x26,0x26,0x26,0x26,0x26,0x26,0x26,0x26,0x26,0x26,0x26,0x26,0x26,0x26,0x26,0x26,0x26,0x26,0x26,
  0x26,0x26,0x26,0x26,0x26,0x26,0x26,0x26,0x26,0x26,0x26,0x26,0x26,0x60,0x27,0x27,0x27,0x27,0x27,0x27,0x27,0x27,0x27,0x27,0x27,0x27,0x27,0x27,0x27,0x27,0x27,0x27,
  0x27,0x27,0x27,0x27,0x27,0x27,0x27,0x27,0x27,0x27,0x27,0x27,0x27,0x27,0x27,0x27,0x27,0x26,0x25,0x26,0x27,0x27,0x27,0x27,0x27,0x27,0x27,0x27,0x27,0x27,0x27,0x27,
  0x22,0x26,0x27,0x34,0x3A,0x3A,0x4D,0x4D,0x4A,0x4A,0x27,0x27,0x48,0x4A,0x4E,0x4B,0x3A,0x4F,0x4F,0x4D,0x3A,0x3E,0x4F,0x3A,0x3D,0x4F,0x4F,0x4F,0x3E,0x4F,0x4F,0x4F,
  0x4F,0x27,0x27,0x27,0x27,0x27,0x27,0x27,0x27,0x27,0x27,0x27,0x27,0x27,0x28,0x2A,0x2B,0x2B,0x29,0x27,0x27,0x27,0x27,0x27,0x27,0x27,0x27,0x27,0x27,0x27,0x29,0x29,
  0x29,0x29,0x29,0x2A,0x2B,0x2B,0x2B,0x2B,0x29,0x27,0x27,0x27,0x26,0x25,0x25,0x25,0x25,0x25,0x25,0x25,0x25,0x25,0x25,0x25,0x25,0x25,0x25,0x25,0x25,0x26,0x26,0x26,
  0x26,0x26,0x26,0x26,0x26,0x26,0x26,0x26,0x26,0x26,0x26,0x26,0x26,0x26,0x26,0x26,0x26,0x26,0x26,0x26,0x26,0x26,0x26,0x26,0x26,0x26,0x26,0x26,0x26,0x26,0x26,0x26,
  0x26,0x26,0x27,0x27,0x27,0x27,0x27,0x29,0x2B,0x1F,0x1F,0x1F,0x1F,0x1F,0x1F,0x1F,0x18,0x18,0x18,0x18,0x18,0x18,0x19,0x1A,0x1A,0x1A,0x1A,0x1A,0x1A,0x1A,0x1B,0x1C,
  0x1F,0x12,0x12,0x12,0x17,0x17,0x17,0x17,0x17,0x17,0x17,0x17,0x17,0x17,0x17,0x17,0x17,0x17,0x1F,0x37,0x38,0xD4,0xD1,0xD0,0xD4,0xD0,0xD4,0xD0,0xD3,0xD2,0xD0,0xD3,
  0x38,0x39,0x17,0x17,0x17,0x17,0x17,0x17,0x17,0x17,0x17,0x17,0x17,0x1C,0x1C,0x1C,0x18,0x19,0x1A,0x1A,0x1A,0x1A,0x1A,0x1A,0x1A,0x1B,0x1C,0x1C,0x1C,0x1C,0x1C,0x1C,
  0x29,0x26,0x26,0x26,0x26,0x26,0x26,0x26,0x29,0x2B,0x2B,0x2A,0x29,0x29,0x29,0x2A,0x2A,0x2B,0x2C,0x2C,0x2C,0x2C,0x2C,0x2C,0x29,0x26,0x25,0x25,0x25,0x25,0x25,0x25,
  0x90,0x93,0x25,0x25,0x25,0x25,0x25,0x25,0x25,0x25,0x25,0x25,0x25,0x25,0x25,0x25,0x25,0x25,0x25,0x25,0x25,0x25,0x25,0x25,0x25,0x26,0x26,0x26,0x26,0x26,0x26,0x26,
  0x26,0x26,0x26,0x26,0x26,0x26,0x26,0x26,0x26,0x26,0x26,0x26,0x26,0x26,0x26,0x26,0x26,0x26,0x26,0x26,0x26,0x26,0x26,0x26,0x26,0x26,0x26,0x26,0x26,0x26,0x26,0x26,
  0x26,0x26,0x26,0x26,0x26,0x26,0x26,0x26,0x26,0x26,0x26,0x26,0x26,0x26,0x26,0x26,0x26,0x26,0x26,0x26,0x26,0x26,0x26,0x26,0x26,0x26,0x26,0x26,0x26,0x26,0x27,0x27,
  0x27,0x27,0x27,0x27,0x27,0x27,0x27,0x27,0x27,0x27,0x27,0x27,0x27,0x27,0x27,0x27,0x27,0x27,0x27,0x27,0x27,0x27,0x27,0x27,0x27,0x27,0x27,0x27,0x27,0x27,0x27,0x27,
  0x27,0x25,0x25,0x26,0x60,0x27,0x27,0x27,0x27,0x27,0x27,0x27,0x27,0x27,0x27,0x27,0x23,0x26,0x34,0x38,0x34,0x39,0x3A,0x27,0x4D,0x4D,0x4A,0x4A,0x48,0x48,0x49,0x4A,
  0x49,0x4E,0x4C,0x4D,0x3C,0x4F,0x4F,0x4D,0x3D,0x4F,0x4E,0x4F,0x4D,0x4F,0x4F,0x4D,0x4D,0x27,0x27,0x27,0x27,0x27,0x27,0x27,0x27,0x27,0x27,0x27,0x27,0x28,0x2A,0x2B,
  0x2B,0x29,0x27,0x27,0x27,0x27,0x27,0x27,0x27,0x27,0x27,0x27,0x27,0x27,0x29,0x29,0x29,0x29,0x29,0x29,0x2A,0x2B,0x2B,0x2B,0x2B,0x2B,0x29,0x26,0x25,0x25,0x25,0x25,
  0x25,0x25,0x25,0x25,0x25,0x25,0x25,0x25,0x25,0x25,0x25,0x25,0x25,0x26,0x26,0x26,0x26,0x26,0x26,0x26,0x26,0x26,0x26,0x26,0x26,0x26,0x26,0x26,0x26,0x26,0x26,0x26,
  0x26,0x26,0x26,0x26,0x26,0x26,0x26,0x26,0x26,0x26,0x26,0x26,0x26,0x26,0x26,0x26,0x26,0x26,0x60,0x27,0x27,0x27,0x27,0x27,0x27,0x29,0x2B,0x1F,0x1F,0x1F,0x1F,0x1F,
  0x18,0x18,0x18,0x18,0x18,0x18,0x19,0x1A,0x1A,0x1A,0x1A,0x1A,0x1A,0x1A,0x1B,0x1C,0x18,0x10,0x10,0x12,0x17,0x17,0x17,0x17,0x17,0x17,0x17,0x17,0x17,0x17,0x17,0x17,
  0x17,0x17,0x19,0x37,0x38,0x38,0x38,0x38,0x38,0x38,0x38,0x38,0x38,0x38,0x38,0x38,0x38,0x39,0x17,0x17,0x17,0x17,0x17,0x17,0x17,0x17,0x17,0x17,0x17,0x1C,0x1C,0x1C,
  0x18,0x19,0x1A,0x1A,0x1A,0x1A,0x1A,0x1A,0x1A,0x1B,0x1C,0x1C,0x1C,0x1C,0x1C,0x1C,0x26,0x26,0x26,0x26,0x26,0x26,0x26,0x26,0x26,0x28,0x2B,0x29,0x29,0x29,0x29,0x29,
  0x2A,0x2B,0x2C,0x2C,0x2C,0x2C,0x2C,0x29,0x26,0x61,0x25,0x25,0x25,0x25,0x25,0x25,0x90,0x93,0x25,0x25,0x25,0x25,0x25,0x25,0x25,0x25,0x25,0x25,0x25,0x25,0x25,0x25,
  0x25,0x25,0x25,0x25,0x25,0x25,0x25,0x25,0x61,0x26,0x26,0x26,0x26,0x26,0x26,0x26,0x26,0x26,0x26,0x26,0x26,0x26,0x26,0x26,0x26,0x26,0x26,0x26,0x26,0x26,0x26,0x26,
  0x26,0x26,0x26,0x26,0x26,0x26,0x26,0x26,0x26,0x26,0x26,0x26,0x26,0x26,0x26,0x26,0x26,0x26,0x26,0x26,0x26,0x26,0x26,0x26,0x26,0x26,0x26,0x26,0x26,0x26,0x26,0x26,
  0x26,0x26,0x26,0x26,0x26,0x26,0x26,0x26,0x26,0x26,0x26,0x26,0x26,0x26,0x60,0x27,0x27,0x27,0x27,0x27,0x27,0x27,0x27,0x27,0x27,0x27,0x27,0x27,0x27,0x27,0x27,0x27,
  0x27,0x27,0x27,0x27,0x27,0x27,0x27,0x27,0x27,0x27,0x27,0x27,0x27,0x27,0x27,0x27,0x27,0x25,0x61,0x26,0x26,0x27,0x27,0x27,0x27,0x27,0x27,0x27,0x27,0x27,0x27,0x27,
  0x24,0x26,0x36,0x36,0x3A,0x3A,0x3A,0x27,0x27,0x27,0x4D,0x4A,0x4A,0x48,0x48,0x48,0x49,0x48,0x4B,0x4B,0x4B,0x4F,0x4D,0x4D,0x4B,0x4F,0x4E,0x4D,0x4D,0x4C,0x4F,0x4D,
  0x4C,0x27,0x27,0x27,0x27,0x27,0x27,0x27,0x27,0x27,0x28,0x29,0x29,0x2A,0x2B,0x2C,0x29,0x27,0x27,0x27,0x27,0x27,0x27,0x27,0x27,0x27,0x27,0x27,0x27,0x28,0x29,0x29,
  0x29,0x29,0x29,0x29,0x29,0x29,0x2A,0x2A,0x2B,0x2B,0x2B,0x29,0x27,0x25,0x25,0x25,0x25,0x25,0x25,0x25,0x25,0x25,0x25,0x25,0x25,0x25,0x25,0x25,0x61,0x26,0x26,0x26,
  0x26,0x26,0x26,0x26,0x26,0x26,0x26,0x26,0x26,0x26,0x26,0x26,0x26,0x26,0x26,0x26,0x26,0x26,0x26,0x26,0x26,0x26,0x26,0x26,0x26,0x26,0x26,0x26,0x26,0x26,0x26,0x26,
  0x26,0x26,0x26,0x27,0x27,0x27,0x27,0x27,0x27,0x27,0x27,0x29,0x2B,0x1F,0x1F,0x1F,0x18,0x18,0x18,0x18,0x18,0x18,0x19,0x1A,0x1A,0x1A,0x1A,0x1A,0x1A,0x1A,0x1B,0x1C,
  0x10,0x10,0x10,0x10,0x17,0x17,0x17,0x15,0x17,0x17,0x17,0x17,0x17,0x17,0x17,0x17,0x17,0x17,0x17,0x17,0x38,0x38,0x38,0x38,0x38,0x38,0x38,0x38,0x38,0x38,0x38,0x39,
  0x39,0x17,0x17,0x17,0x17,0x17,0x17,0x17,0x17,0x17,0x17,0x17,0x17,0x1C,0x1C,0x1C,0x18,0x19,0x1A,0x1A,0x1A,0x1A,0x1A,0x1A,0x1A,0x1B,0x1C,0x1C,0x1C,0x1C,0x1C,0x1C,
  0x26,0x26,0x26,0x26,0x26,0x26,0x26,0x26,0x26,0x26,0x2A,0x29,0x29,0x29,0x29,0x29,0x2A,0x2B,0x2C,0x2C,0x2C,0x29,0x26,0x26,0x61,0x25,0x25,0x25,0x25,0x25,0x25,0x25,
  0x90,0x93,0x25,0x25,0x25,0x25,0x25,0x25,0x25,0x25,0x25,0x25,0x25,0x25,0x25,0x25,0x25,0x25,0x25,0x25,0x25,0x25,0x25,0x25,0x26,0x26,0x26,0x26,0x26,0x26,0x26,0x26,
  0x26,0x26,0x26,0x26,0x26,0x26,0x26,0x26,0x26,0x26,0x26,0x26,0x26,0x26,0x26,0x26,0x26,0x26,0x26,0x26,0x26,0x26,0x26,0x26,0x26,0x26,0x26,0x26,0x26,0x26,0x26,0x26,
  0x26,0x26,0x26,0x26,0x26,0x26,0x26,0x26,0x26,0x26,0x26,0x26,0x26,0x26,0x26,0x26,0x26,0x26,0x26,0x26,0x26,0x26,0x26,0x26,0x26,0x26,0x26,0x26,0x26,0x26,0x26,0x60,
  0x27,0x27,0x27,0x27,0x27,0x27,0x27,0x27,0x27,0x27,0x27,0x27,0x27,0x27,0x27,0x27,0x27,0x27,0x27,0x27,0x27,0x27,0x27,0x27,0x27,0x27,0x27,0x27,0x27,0x27,0x27,0x27,
  0x26,0x25,0x26,0x26,0x26,0x27,0x27,0x27,0x27,0x27,0x27,0x27,0x27,0x27,0x27,0x27,0x24,0x25,0x36,0x39,0x27,0x27,0x27,0x27,0x27,0x27,0x27,0x4D,0x48,0x48,0x48,0x48,
  0x48,0x48,0x49,0x4B,0x4A,0x4A,0x4C,0x4B,0x4B,0x4A,0x4E,0x4D,0x4C,0x4C,0x4C,0x4D,0x4C,0x27,0x27,0x27,0x27,0x27,0x27,0x27,0x28,0x29,0x29,0x2A,0x2A,0x2C,0x2D,0x29,
  0x27,0x27,0x27,0x27,0x27,0x27,0x27,0x27,0x27,0x27,0x27,0x27,0x27,0x28,0x29,0x29,0x29,0x29,0x29,0x29,0x29,0x29,0x29,0x29,0x2A,0x2B,0x2B,0x2B,0x2C,0x27,0x25,0x25,
  0x25,0x25,0x25,0x25,0x25,0x25,0x25,0x25,0x25,0x25,0x25,0x25,0x26,0x26,0x26,0x26,0x26,0x26,0x26,0x26,0x26,0x26,0x26,0x26,0x26,0x26,0x26,0x26,0x26,0x26,0x26,0x26,
  0x26,0x26,0x26,0x26,0x26,0x26,0x26,0x26,0x26,0x26,0x26,0x26,0x26,0x26,0x26,0x26,0x26,0x26,0x26,0x60,0x27,0x27,0x27,0x27,0x27,0x27,0x27,0x27,0x27,0x27,0x29,0x2B,
  0x18,0x18,0x18,0x18,0x18,0x18,0x19,0x1A,0x1A,0x1A,0x1A,0x1A,0x1A,0x1A,0x1B,0x1C,0x12,0x12,0x10,0x14,0x17,0x17,0x15,0x10,0x16,0x19,0x1A,0x1A,0x1F,0x17,0x17,0x17,
  0x17,0x17,0x17,0x17,0x17,0x17,0x39,0x39,0x39,0x39,0x39,0x39,0x39,0x39,0x39,0x17,0x17,0x17,0x17,0x17,0x17,0x17,0x17,0x17,0x17,0x17,0x17,0x17,0x17,0x1C,0x1C,0x1C,
  0x18,0x19,0x1A,0x1A,0x1A,0x1A,0x1A,0x1A,0x1A,0x1B,0x1C,0x1C,0x1C,0x1C,0x1C,0x1C,0x26,0x26,0x26,0x26,0x26,0x26,0x26,0x26,0x26,0x26,0x29,0x29,0x29,0x29,0x29,0x29,
  0x2A,0x2B,0x2C,0x2C,0x29,0x26,0x26,0x61,0x25,0x25,0x25,0x25,0x25,0x25,0x25,0x25,0x91,0x93,0x25,0x25,0x25,0x25,0x25,0x25,0x25,0x25,0x25,0x25,0x25,0x25,0x25,0x25,
  0x25,0x25,0x25,0x25,0x25,0x25,0x25,0x25,0x26,0x26,0x26,0x26,0x26,0x26,0x26,0x26,0x26,0x26,0x26,0x26,0x26,0x26,0x26,0x26,0x26,0x26,0x26,0x26,0x26,0x26,0x26,0x26,
  0x26,0x26,0x26,0x26,0x26,0x26,0x26,0x26,0x26,0x26,0x26,0x26,0x26,0x26,0x26,0x26,0x26,0x26,0x26,0x26,0x26,0x26,0x26,0x26,0x26,0x26,0x26,0x26,0x26,0x26,0x26,0x26,
  0x26,0x26,0x26,0x26,0x26,0x26,0x26,0x26,0x26,0x26,0x26,0x26,0x26,0x26,0x26,0x26,0x27,0x27,0x27,0x27,0x27,0x27,0x27,0x27,0x27,0x27,0x27,0x27,0x27,0x27,0x27,0x27,
  0x27,0x27,0x27,0x27,0x27,0x27,0x27,0x27,0x27,0x27,0x27,0x27,0x27,0x27,0x27,0x27,0x25,0x25,0x26,0x26,0x26,0x60,0x27,0x27,0x27,0x27,0x27,0x27,0x27,0x27,0x27,0x27,
  0x24,0x25,0x27,0x3A,0x27,0x27,0x27,0x27,0x27,0x27,0x27,0x27,0x48,0x48,0x48,0x48,0x48,0x48,0x49,0x4A,0x4A,0x4A,0x4A,0x4B,0x4A,0x4A,0x4B,0x4D,0x4C,0x4C,0x4C,0x4C,
  0x4C,0x27,0x27,0x27,0x27,0x28,0x29,0x29,0x29,0x29,0x2A,0x2A,0x2C,0x2D,0x2A,0x27,0x27,0x27,0x27,0x27,0x27,0x27,0x27,0x27,0x27,0x27,0x27,0x27,0x27,0x29,0x29,0x29,
  0x29,0x29,0x29,0x29,0x29,0x29,0x29,0x29,0x29,0x2A,0x2B,0x2B,0x2C,0x2C,0x27,0x25,0x25,0x25,0x25,0x25,0x25,0x25,0x25,0x25,0x25,0x25,0x25,0x25,0x26,0x26,0x26,0x26,
  0x26,0x26,0x26,0x26,0x26,0x26,0x26,0x26,0x26,0x26,0x26,0x26,0x26,0x26,0x26,0x26,0x26,0x26,0x26,0x26,0x26,0x26,0x26,0x26,0x26,0x26,0x26,0x26,0x26,0x26,0x26,0x26,
  0x26,0x26,0x26,0x26,0x60,0x27,0x27,0x27,0x27,0x27,0x27,0x27,0x27,0x27,0x27,0x27,0x18,0x18,0x18,0x18,0x18,0x18,0x19,0x1A,0x1A,0x1A,0x1A,0x1A,0x1A,0x1A,0x1B,0x1C,
  0x12,0x12,0x12,0x17,0x17,0x17,0x17,0x16,0x1F,0x17,0x17,0x1A,0x1F,0x1A,0x1A,0x1A,0x1F,0x17,0x17,0x17,0x17,0x17,0x17,0x17,0x17,0x17,0x17,0x17,0x17,0x17,0x17,0x17,
  0x17,0x17,0x17,0x17,0x17,0x17,0x17,0x17,0x17,0x17,0x17,0x17,0x17,0x1C,0x1C,0x1C,0x18,0x19,0x1A,0x1A,0x1A,0x1A,0x1A,0x1A,0x1A,0x1B,0x1C,0x1C,0x1C,0x1C,0x1C,0x1C,
  0x26,0x26,0x26,0x26,0x26,0x26,0x26,0x26,0x26,0x28,0x29,0x29,0x29,0x29,0x29,0x2A,0x2B,0x2B,0x29,0x26,0x26,0x26,0x61,0x25,0x25,0x25,0x25,0x25,0x25,0x25,0x25,0x25,
  0x91,0x93,0x25,0x25,0x25,0x25,0x25,0x25,0x25,0x25,0x25,0x25,0x25,0x25,0x25,0x25,0x25,0x25,0x25,0x25,0x25,0x25,0x25,0x61,0x26,0x26,0x26,0x26,0x26,0x26,0x26,0x26,
  0x26,0x26,0x26,0x26,0x26,0x26,0x26,0x26,0x26,0x26,0x26,0x26,0x26,0x26,0x26,0x26,0x26,0x26,0x26,0x26,0x26,0x26,0x26,0x26,0x26,0x26,0x26,0x26,0x26,0x26,0x26,0x26,
  0x26,0x26,0x26,0x26,0x26,0x26,0x26,0x26,0x26,0x26,0x26,0x26,0x26,0x26,0x26,0x26,0x26,0x26,0x26,0x26,0x26,0x26,0x26,0x26,0x26,0x26,0x26,0x26,0x26,0x26,0x26,0x26,
  0x60,0x27,0x27,0x27,0x27,0x27,0x27,0x27,0x27,0x27,0x27,0x27,0x27,0x27,0x27,0x27,0x27,0x27,0x27,0x27,0x27,0x27,0x27,0x27,0x27,0x27,0x27,0x27,0x27,0x27,0x27,0x26,
  0x25,0x25,0x26,0x26,0x26,0x26,0x27,0x27,0x27,0x27,0x27,0x27,0x27,0x27,0x27,0x27,0x24,0x25,0x26,0x27,0x27,0x27,0x27,0x27,0x26,0x27,0x27,0x27,0x48,0x48,0x48,0x48,
  0x48,0x48,0x49,0x4A,0x4A,0x4A,0x4A,0x4A,0x4A,0x4A,0x4B,0x4C,0x4C,0x4C,0x4C,0x4C,0x4C,0x27,0x28,0x29,0x29,0x29,0x29,0x29,0x29,0x2A,0x2B,0x2C,0x2D,0x2A,0x27,0x27,
  0x27,0x27,0x27,0x27,0x27,0x27,0x27,0x27,0x27,0x27,0x27,0x27,0x27,0x29,0x29,0x29,0x29,0x29,0x29,0x29,0x29,0x29,0x29,0x29,0x29,0x2A,0x2A,0x2B,0x2B,0x2C,0x29,0x25,
  0x25,0x25,0x25,0x25,0x25,0x25,0x25,0x25,0x25,0x25,0x25,0x61,0x26,0x26,0x26,0x26,0x26,0x26,0x26,0x26,0x26,0x26,0x26,0x26,0x26,0x26,0x26,0x26,0x26,0x26,0x26,0x26,
  0x26,0x26,0x26,0x26,0x26,0x26,0x26,0x26,0x26,0x26,0x26,0x26,0x26,0x26,0x26,0x26,0x26,0x26,0x26,0x26,0x26,0x27,0x27,0x27,0x27,0x27,0x27,0x27,0x27,0x27,0x27,0x27,
  0x18,0x18,0x18,0x18,0x18,0x18,0x19,0x1A,0x1A,0x1A,0x1A,0x1A,0x1A,0x1A,0x1B,0x1C,0x12,0x12,0x12,0x17,0x17,0x17,0x17,0x19,0x1F,0x17,0x17,0x17,0x17,0x17,0x1A,0x1F,
  0x17,0x1A,0x1A,0x1A,0x1A,0x1A,0x1F,0x17,0x17,0x17,0x17,0x17,0x17,0x17,0x17,0x17,0x17,0x17,0x17,0x17,0x17,0x17,0x17,0x17,0x17,0x17,0x17,0x17,0x17,0x1C,0x1C,0x1C,
  0x18,0x19,0x1A,0x1A,0x1A,0x1A,0x1A,0x1A,0x1A,0x1B,0x1C,0x1C,0x1C,0x1C,0x1C,0x1C,0x28,0x26,0x26,0x26,0x26,0x26,0x26,0x26,0x26,0x29,0x29,0x29,0x29,0x29,0x2A,0x2B,
  0x2B,0x28,0x26,0x26,0x26,0x26,0x25,0x25,0x25,0x25,0x25,0x25,0x25,0x25,0x25,0x25,0x91,0x93,0x25,0x25,0x25,0x25,0x25,0x25,0x25,0x25,0x25,0x25,0x25,0x25,0x25,0x25,
  0x25,0x25,0x25,0x25,0x25,0x25,0x25,0x26,0x26,0x26,0x26,0x26,0x26,0x26,0x26,0x26,0x26,0x26,0x26,0x26,0x26,0x26,0x26,0x26,0x26,0x26,0x26,0x26,0x26,0x26,0x26,0x26,
  0x26,0x26,0x26,0x26,0x26,0x26,0x26,0x26,0x26,0x26,0x26,0x26,0x26,0x26,0x26,0x26,0x26,0x26,0x26,0x26,0x26,0x26,0x26,0x26,0x26,0x26,0x26,0x26,0x26,0x26,0x26,0x26,
  0x26,0x26,0x26,0x26,0x26,0x26,0x26,0x26,0x26,0x26,0x26,0x26,0x26,0x26,0x26,0x26,0x26,0x60,0x27,0x27,0x27,0x27,0x27,0x27,0x27,0x27,0x27,0x27,0x27,0x27,0x27,0x27,
  0x27,0x27,0x27,0x27,0x27,0x27,0x27,0x27,0x27,0x27,0x27,0x27,0x27,0x27,0x27,0x25,0x25,0x61,0x26,0x26,0x26,0x26,0x27,0x27,0x27,0x27,0x27,0x27,0x27,0x27,0x27,0x27,
  0x24,0x25,0x27,0x24,0x27,0x27,0x27,0x27,0x27,0x25,0x27,0x27,0x48,0x48,0x48,0x48,0x48,0x48,0x49,0x4A,0x4A,0x4A,0x4A,0x4A,0x4A,0x4A,0x4B,0x4C,0x4C,0x4C,0x4C,0x4C,
  0x4C,0x29,0x29,0x29,0x29,0x29,0x29,0x29,0x2A,0x2A,0x2B,0x2C,0x2A,0x27,0x27,0x27,0x27,0x27,0x27,0x27,0x27,0x27,0x27,0x27,0x27,0x27,0x27,0x27,0x27,0x29,0x29,0x29,
  0x29,0x29,0x29,0x29,0x29,0x29,0x29,0x29,0x29,0x29,0x2A,0x2A,0x2B,0x2C,0x2C,0x25,0x25,0x25,0x25,0x25,0x25,0x25,0x25,0x25,0x25,0x25,0x25,0x26,0x26,0x26,0x26,0x26,
  0x26,0x26,0x26,0x26,0x26,0x26,0x26,0x26,0x26,0x26,0x26,0x26,0x26,0x26,0x26,0x26,0x26,0x26,0x26,0x26,0x26,0x26,0x26,0x26,0x26,0x26,0x26,0x26,0x26,0x26,0x26,0x26,
  0x26,0x26,0x26,0x26,0x26,0x60,0x27,0x27,0x27,0x27,0x27,0x27,0x27,0x27,0x27,0x27,0x18,0x18,0x18,0x18,0x18,0x18,0x19,0x1A,0x1A,0x1A,0x1A,0x1A,0x1A,0x1A,0x1B,0x1C,
  0x12,0x12,0x12,0x17,0x17,0x17,0x17,0x1A,0x1A,0x1A,0x1F,0x17,0x17,0x17,0x1A,0x1F,0x17,0x17,0x17,0x17,0x1A,0x1F,0x17,0x1A,0x1A,0x1A,0x1A,0x1F,0x17,0x17,0x17,0x17,
  0x17,0x17,0x17,0x17,0x17,0x17,0x17,0x17,0x17,0x17,0x17,0x17,0x17,0x1C,0x1C,0x1C,0x18,0x19,0x1A,0x1A,0x1A,0x1A,0x1A,0x1A,0x1A,0x1B,0x1C,0x1C,0x1C,0x1C,0x1C,0x1C,
  0x29,0x26,0x26,0x26,0x26,0x26,0x26,0x26,0x28,0x29,0x29,0x29,0x29,0x29,0x2A,0x2B,0x28,0x26,0x26,0x26,0x26,0x61,0x25,0x25,0x25,0x25,0x25,0x25,0x25,0x25,0x25,0x25,
  0x92,0x93,0x25,0x25,0x25,0x25,0x25,0x25,0x25,0x25,0x25,0x25,0x25,0x25,0x25,0x25,0x25,0x25,0x25,0x25,0x25,0x25,0x25,0x26,0x26,0x26,0x26,0x26,0x26,0x26,0x26,0x26,
  0x26,0x26,0x26,0x26,0x26,0x26,0x26,0x26,0x26,0x26,0x26,0x26,0x26,0x26,0x26,0x26,0x26,0x26,0x26,0x26,0x26,0x26,0x26,0x26,0x26,0x26,0x26,0x26,0x26,0x26,0x26,0x26,
  0x26,0x26,0x26,0x26,0x26,0x26,0x26,0x26,0x26,0x26,0x26,0x26,0x26,0x26,0x26,0x26,0x26,0x26,0x26,0x26,0x26,0x26,0x26,0x26,0x26,0x26,0x26,0x26,0x26,0x26,0x26,0x26,
  0x26,0x26,0x60,0x27,0x27,0x27,0x27,0x27,0x27,0x27,0x27,0x27,0x27,0x27,0x27,0x27,0x27,0x27,0x27,0x27,0x27,0x27,0x27,0x27,0x27,0x27,0x27,0x27,0x27,0x27,0x26,0x25,
  0x25,0x26,0x26,0x26,0x26,0x26,0x60,0x27,0x27,0x27,0x27,0x27,0x27,0x27,0x27,0x27,0x25,0x25,0x27,0x27,0x25,0x27,0x27,0x27,0x27,0x27,0x26,0x27,0x48,0x48,0x48,0x48,
  0x48,0x48,0x49,0x4A,0x4A,0x4A,0x4A,0x4A,0x4A,0x4A,0x4B,0x4C,0x4C,0x4C,0x4C,0x4C,0x4C,0x29,0x29,0x29,0x29,0x29,0x29,0x2A,0x2B,0x2B,0x2C,0x2D,0x38,0x27,0x27,0x27,
  0x27,0x27,0x27,0x27,0x27,0x27,0x27,0x27,0x27,0x27,0x27,0x27,0x27,0x29,0x29,0x29,0x29,0x29,0x29,0x29,0x29,0x29,0x29,0x29,0x29,0x29,0x29,0x2A,0x2B,0x2B,0x2C,0x25,
  0x25,0x25,0x25,0x25,0x25,0x25,0x25,0x25,0x25,0x25,0x25,0x26,0x26,0x26,0x26,0x26,0x26,0x26,0x26,0x26,0x26,0x26,0x26,0x26,0x26,0x26,0x26,0x26,0x26,0x26,0x26,0x26,
  0x26,0x26,0x26,0x26,0x26,0x26,0x26,0x26,0x26,0x26,0x26,0x26,0x26,0x26,0x26,0x26,0x26,0x26,0x26,0x26,0x26,0x26,0x27,0x27,0x27,0x27,0x27,0x27,0x27,0x27,0x27,0x27,
  0x18,0x18,0x18,0x18,0x18,0x18,0x19,0x1A,0x1A,0x1A,0x1A,0x1A,0x1A,0x1A,0x1B,0x1C,0x12,0x12,0x12,0x17,0x17,0x17,0x17,0x1A,0x1F,0x17,0x17,0x17,0x17,0x17,0x1A,0x1F,
  0x17,0x17,0x17,0x1A,0x1F,0x17,0x17,0x17,0x17,0x1A,0x1F,0x17,0x17,0x17,0x17,0x17,0x17,0x17,0x17,0x17,0x17,0x17,0x17,0x17,0x17,0x17,0x17,0x17,0x17,0x1C,0x1C,0x1C,
  0x18,0x19,0x1A,0x1A,0x1A,0x1A,0x1A,0x1A,0x1A,0x1B,0x1C,0x1C,0x1C,0x1C,0x1C,0x1C,0x29,0x28,0x26,0x26,0x26,0x26,0x28,0x29,0x29,0x29,0x29,0x29,0x29,0x2A,0x2B,0x28,
  0x26,0x26,0x26,0x26,0x61,0x25,0x25,0x25,0x25,0x25,0x25,0x25,0x25,0x25,0x25,0x25,0x92,0x93,0x25,0x25,0x25,0x25,0x25,0x25,0x25,0x25,0x25,0x25,0x25,0x25,0x25,0x25,
  0x25,0x25,0x25,0x25,0x25,0x25,0x61,0x26,0x26,0x26,0x26,0x26,0x26,0x26,0x26,0x26,0x26,0x26,0x26,0x26,0x26,0x26,0x26,0x26,0x26,0x26,0x26,0x26,0x26,0x26,0x26,0x26,
  0x26,0x26,0x26,0x26,0x26,0x26,0x26,0x26,0x26,0x26,0x26,0x26,0x26,0x26,0x26,0x26,0x26,0x26,0x26,0x26,0x26,0x26,0x26,0x26,0x26,0x26,0x26,0x26,0x26,0x26,0x26,0x26,
  0x26,0x26,0x26,0x26,0x26,0x26,0x26,0x26,0x26,0x26,0x26,0x26,0x26,0x26,0x26,0x26,0x26,0x26,0x26,0x27,0x27,0x27,0x27,0x27,0x27,0x27,0x27,0x27,0x27,0x27,0x27,0x27,
  0x27,0x27,0x27,0x27,0x27,0x27,0x27,0x27,0x27,0x27,0x27,0x27,0x27,0x27,0x25,0x25,0x25,0x26,0x26,0x26,0x26,0x26,0x26,0x27,0x27,0x27,0x27,0x27,0x27,0x27,0x27,0x27,
  0x25,0x14,0x14,0x14,0x14,0x14,0x14,0x15,0x15,0x15,0x27,0x25,0x48,0x48,0x48,0x48,0x48,0x48,0x49,0x4A,0x4A,0x4A,0x4A,0x4A,0x4A,0x4A,0x4B,0x4C,0x4C,0x4C,0x4C,0x4C,
  0x4C,0x29,0x29,0x29,0x29,0x37,0x2A,0x2B,0x2B,0x2C,0x2C,0x37,0x39,0x27,0x27,0x27,0x27,0x27,0x27,0x27,0x27,0x27,0x27,0x27,0x27,0x27,0x27,0x27,0x27,0x29,0x29,0x29,
  0x29,0x29,0x29,0x29,0x29,0x29,0x29,0x29,0x29,0x29,0x29,0x2A,0x2B,0x2B,0x2C,0x25,0x25,0x25,0x25,0x25,0x25,0x25,0x25,0x25,0x25,0x25,0x61,0x26,0x26,0x26,0x26,0x26,
  0x26,0x26,0x26,0x26,0x26,0x26,0x26,0x26,0x26,0x26,0x26,0x26,0x26,0x26,0x26,0x26,0x26,0x26,0x26,0x26,0x26,0x26,0x26,0x26,0x26,0x26,0x26,0x26,0x26,0x26,0x26,0x26,
  0x26,0x26,0x26,0x26,0x26,0x26,0x60,0x27,0x27,0x27,0x27,0x27,0x27,0x27,0x27,0x27,0x18,0x18,0x18,0x18,0x18,0x18,0x19,0x1A,0x1A,0x1A,0x1A,0x1A,0x1A,0x1A,0x1B,0x1C,
  0x12,0x12,0x12,0x17,0x17,0x17,0x17,0x1A,0x1F,0x17,0x17,0x17,0x17,0x17,0x1A,0x1F,0x17,0x17,0x1A,0x1F,0x17,0x17,0x17,0x17,0x1A,0x1F,0x17,0x17,0x17,0x17,0x17,0x17,
  0x17,0x17,0x17,0x17,0x17,0x17,0x17,0x17,0x17,0x17,0x17,0x17,0x17,0x1C,0x1C,0x1C,0x18,0x19,0x1A,0x1A,0x1A,0x1A,0x1A,0x1A,0x1A,0x1B,0x1C,0x1C,0x1C,0x1C,0x1C,0x1C,
  0x29,0x29,0x28,0x26,0x26,0x28,0x29,0x29,0x29,0x29,0x29,0x29,0x2A,0x2B,0x28,0x26,0x26,0x26,0x26,0x61,0x25,0x25,0x25,0x25,0x25,0x25,0x25,0x25,0x25,0x25,0x25,0x25,
  0x92,0x93,0x25,0x25,0x25,0x25,0x25,0x25,0x25,0x25,0x25,0x25,0x25,0x25,0x25,0x25,0x25,0x25,0x25,0x25,0x25,0x25,0x26,0x26,0x26,0x26,0x26,0x26,0x26,0x26,0x26,0x26,
  0x26,0x26,0x26,0x26,0x26,0x26,0x26,0x26,0x26,0x26,0x26,0x26,0x26,0x26,0x26,0x26,0x26,0x26,0x26,0x26,0x26,0x26,0x26,0x26,0x26,0x26,0x26,0x26,0x26,0x26,0x26,0x26,
  0x26,0x26,0x26,0x26,0x26,0x26,0x26,0x26,0x26,0x26,0x26,0x26,0x26,0x26,0x26,0x26,0x26,0x26,0x26,0x26,0x26,0x26,0x26,0x26,0x26,0x26,0x26,0x26,0x26,0x26,0x26,0x26,
  0x26,0x26,0x26,0x60,0x27,0x27,0x27,0x27,0x27,0x27,0x27,0x27,0x27,0x27,0x27,0x27,0x27,0x27,0x27,0x27,0x27,0x27,0x27,0x27,0x27,0x27,0x27,0x27,0x27,0x26,0x25,0x25,
  0x25,0x26,0x26,0x26,0x26,0x26,0x26,0x60,0x27,0x27,0x27,0x27,0x27,0x27,0x27,0x15,0x14,0x18,0x18,0x18,0x18,0x17,0x17,0x17,0x16,0x16,0x15,0x15,0x48,0x48,0x48,0x48,
  0x48,0x48,0x49,0x4A,0x4A,0x4A,0x4A,0x4A,0x4A,0x4A,0x4B,0x4C,0x4C,0x4C,0x4C,0x4C,0x4C,0x29,0x2A,0x2A,0x2A,0x2A,0x37,0x2B,0x2B,0x37,0x2C,0x37,0x2D,0x2A,0x27,0x27,
  0x27,0x27,0x27,0x27,0x27,0x27,0x27,0x27,0x27,0x27,0x27,0x27,0x27,0x29,0x29,0x29,0x29,0x29,0x29,0x29,0x29,0x29,0x29,0x29,0x29,0x29,0x29,0x2A,0x2B,0x2B,0x2C,0x27,
  0x25,0x25,0x25,0x25,0x25,0x25,0x25,0x25,0x25,0x25,0x26,0x26,0x26,0x26,0x26,0x26,0x26,0x26,0x26,0x26,0x26,0x26,0x26,0x26,0x26,0x26,0x26,0x26,0x26,0x26,0x26,0x26,
  0x26,0x26,0x26,0x26,0x26,0x26,0x26,0x26,0x26,0x26,0x26,0x26,0x26,0x26,0x26,0x26,0x26,0x26,0x26,0x26,0x26,0x26,0x26,0x60,0x27,0x27,0x27,0x27,0x27,0x27,0x27,0x27,
  0x18,0x18,0x18,0x18,0x18,0x18,0x19,0x1A,0x1A,0x1A,0x1A,0x1A,0x1A,0x1A,0x1B,0x1C,0x12,0x12,0x12,0x17,0x17,0x17,0x17,0x1A,0x1F,0x17,0x17,0x17,0x17,0x1A,0x1A,0x1A,
  0x1F,0x1A,0x1A,0x1A,0x1A,0x1A,0x1F,0x1A,0x1A,0x1A,0x1A,0x1F,0x17,0x17,0x17,0x17,0x17,0x17,0x17,0x17,0x17,0x17,0x17,0x17,0x17,0x17,0x17,0x17,0x17,0x1C,0x1C,0x1C,
  0x18,0x19,0x1A,0x1A,0x1A,0x1A,0x1A,0x1A,0x1A,0x1B,0x1C,0x1C,0x1C,0x1C,0x1C,0x1C,0x29,0x29,0x29,0x29,0x29,0x29,0x29,0x29,0x29,0x29,0x29,0x29,0x2A,0x2B,0x26,0x26,
  0x26,0x26,0x61,0x25,0x25,0x25,0x25,0x25,0x25,0x25,0x25,0x25,0x25,0x25,0x25,0x25,0x93,0x93,0x25,0x25,0x25,0x25,0x25,0x25,0x25,0x25,0x25,0x25,0x25,0x25,0x25,0x25,
  0x25,0x25,0x25,0x25,0x25,0x61,0x26,0x26,0x26,0x26,0x26,0x26,0x26,0x26,0x26,0x26,0x26,0x26,0x26,0x26,0x26,0x26,0x26,0x26,0x26,0x26,0x26,0x26,0x26,0x26,0x26,0x26,
  0x26,0x26,0x26,0x26,0x26,0x26,0x26,0x26,0x26,0x26,0x26,0x26,0x26,0x26,0x26,0x26,0x26,0x26,0x26,0x26,0x26,0x26,0x26,0x26,0x26,0x26,0x26,0x26,0x26,0x26,0x26,0x26,
  0x26,0x26,0x26,0x26,0x26,0x26,0x26,0x26,0x26,0x26,0x26,0x26,0x26,0x26,0x26,0x26,0x26,0x26,0x26,0x26,0x60,0x27,0x27,0x27,0x27,0x27,0x27,0x27,0x27,0x27,0x27,0x27,
  0x27,0x27,0x27,0x27,0x27,0x27,0x27,0x27,0x27,0x27,0x27,0x27,0x27,0x25,0x25,0x25,0x61,0x26,0x26,0x26,0x26,0x26,0x26,0x26,0x27,0x27,0x27,0x27,0x27,0x16,0x15,0x18,
  0x18,0x17,0x17,0x17,0x16,0x16,0x16,0x16,0x16,0x16,0x16,0x16,0x48,0x48,0x48,0x48,0x48,0x48,0x49,0x4A,0x4A,0x4A,0x4A,0x4A,0x4A,0x4A,0x4B,0x4C,0x4C,0x4C,0x4C,0x4C,
  0x4C,0x2A,0x2B,0x2B,0x36,0x35,0x36,0x38,0x36,0x37,0x37,0x38,0x2D,0x2D,0x2A,0x27,0x27,0x27,0x27,0x27,0x27,0x27,0x27,0x27,0x27,0x27,0x27,0x27,0x27,0x28,0x29,0x29,
  0x29,0x29,0x29,0x29,0x29,0x29,0x29,0x29,0x29,0x29,0x2A,0x2A,0x2B,0x2B,0x2C,0x29,0x25,0x25,0x25,0x25,0x25,0x25,0x25,0x25,0x25,0x25,0x26,0x26,0x26,0x26,0x26,0x26,
  0x26,0x26,0x26,0x26,0x26,0x26,0x26,0x26,0x26,0x26,0x26,0x26,0x26,0x26,0x26,0x26,0x26,0x26,0x26,0x26,0x26,0x26,0x26,0x26,0x26,0x26,0x26,0x26,0x26,0x26,0x26,0x26,
  0x26,0x26,0x26,0x26,0x26,0x26,0x26,0x26,0x27,0x27,0x27,0x27,0x27,0x27,0x27,0x27,0x18,0x18,0x18,0x18,0x18,0x18,0x19,0x1A,0x1A,0x1A,0x1A,0x1A,0x1A,0x1A,0x1B,0x1C,
  0x12,0x12,0x12,0x17,0x17,0x17,0x17,0x17,0x17,0x17,0x17,0x17,0x17,0x17,0x17,0x17,0x17,0x17,0x17,0x17,0x17,0x17,0x17,0x17,0x17,0x17,0x17,0x17,0x17,0x17,0x17,0x17,
  0x17,0x17,0x17,0x17,0x17,0x17,0x17,0x17,0x17,0x17,0x17,0x17,0x17,0x1C,0x1C,0x1C,0x18,0x19,0x1A,0x1A,0x1A,0x1A,0x1A,0x1A,0x1A,0x1B,0x1C,0x1C,0x1C,0x1C,0x1C,0x1C,
  0x29,0x29,0x29,0x29,0x29,0x29,0x29,0x29,0x29,0x29,0x29,0x2A,0x2B,0x28,0x26,0x26,0x26,0x61,0x25,0x25,0x25,0x25,0x25,0x25,0x25,0x25,0x25,0x25,0x25,0x25,0x25,0x25,
  0x93,0x93,0x25,0x25,0x25,0x25,0x25,0x25,0x25,0x25,0x25,0x25,0x25,0x25,0x25,0x25,0x25,0x25,0x25,0x25,0x25,0x26,0x26,0x26,0x26,0x26,0x26,0x26,0x26,0x26,0x26,0x26,
  0x26,0x26,0x26,0x26,0x26,0x26,0x26,0x26,0x26,0x26,0x26,0x26,0x26,0x26,0x26,0x26,0x26,0x26,0x26,0x26,0x26,0x26,0x26,0x26,0x26,0x26,0x26,0x26,0x26,0x26,0x26,0x26,
  0x26,0x26,0x26,0x26,0x26,0x26,0x26,0x26,0x26,0x26,0x26,0x26,0x26,0x26,0x26,0x26,0x26,0x26,0x26,0x26,0x26,0x26,0x26,0x26,0x26,0x26,0x26,0x26,0x26,0x26,0x26,0x26,
  0x26,0x26,0x26,0x26,0x26,0x27,0x27,0x27,0x27,0x27,0x27,0x27,0x27,0x27,0x27,0x27,0x27,0x27,0x27,0x27,0x27,0x27,0x27,0x27,0x27,0x27,0x27,0x27,0x26,0x25,0x25,0x25,
  0x26,0x26,0x26,0x26,0x26,0x26,0x26,0x26,0x60,0x27,0x27,0x17,0x17,0x17,0x17,0x17,0x16,0x16,0x16,0x16,0x16,0x16,0x16,0x16,0x16,0x16,0x16,0x16,0x48,0x48,0x48,0x48,
  0x48,0x48,0x49,0x4A,0x4A,0x4A,0x4A,0x4A,0x4A,0x4A,0x4B,0x4C,0x4C,0x4C,0x4C,0x4C,0x35,0x34,0x34,0x35,0x35,0x36,0x37,0x39,0x37,0x37,0x37,0x39,0x37,0x38,0x39,0x28,
  0x27,0x27,0x27,0x27,0x27,0x27,0x27,0x27,0x27,0x27,0x27,0x27,0x27,0x28,0x29,0x29,0x29,0x29,0x29,0x29,0x29,0x29,0x29,0x29,0x29,0x29,0x2A,0x2A,0x2B,0x2B,0x2C,0x2C,
  0x25,0x25,0x25,0x25,0x25,0x25,0x25,0x25,0x25,0x61,0x26,0x26,0x26,0x26,0x26,0x26,0x26,0x26,0x26,0x26,0x26,0x26,0x26,0x26,0x26,0x26,0x26,0x26,0x26,0x26,0x26,0x26,
  0x26,0x26,0x26,0x26,0x26,0x26,0x26,0x26,0x26,0x26,0x26,0x26,0x26,0x26,0x26,0x26,0x26,0x26,0x26,0x26,0x26,0x26,0x26,0x26,0x60,0x27,0x27,0x27,0x27,0x27,0x27,0x27,
  0x18,0x18,0x18,0x18,0x18,0x18,0x19,0x1A,0x1A,0x1A,0x1A,0x1A,0x1A,0x1A,0x1B,0x1C,0x12,0x12,0x12,0x17,0x17,0x19,0x1C,0x19,0x17,0x17,0x17,0x17,0x17,0x17,0x17,0x17,
  0x17,0x17,0x17,0x17,0x17,0x17,0x17,0x17,0x17,0x17,0x17,0x17,0x17,0x17,0x17,0x17,0x17,0x17,0x17,0x17,0x17,0x17,0x17,0x17,0x17,0x17,0x17,0x17,0x17,0x1C,0x1C,0x1C,
  0x18,0x19,0x1A,0x1A,0x1A,0x1A,0x1A,0x1A,0x1A,0x1B,0x1C,0x1C,0x1C,0x1C,0x1C,0x1C,0x29,0x29,0x29,0x29,0x29,0x29,0x29,0x29,0x29,0x29,0x2A,0x2B,0x2B,0x26,0x26,0x26,
  0x26,0x25,0x25,0x25,0x25,0x25,0x25,0x25,0x25,0x25,0x25,0x25,0x25,0x25,0x25,0x25,0x93,0x93,0x25,0x25,0x25,0x25,0x25,0x25,0x25,0x25,0x25,0x25,0x25,0x25,0x25,0x25,
  0x25,0x25,0x25,0x25,0x25,0x26,0x26,0x26,0x26,0x26,0x26,0x26,0x26,0x26,0x26,0x26,0x26,0x26,0x26,0x26,0x26,0x26,0x26,0x26,0x26,0x26,0x26,0x26,0x26,0x26,0x26,0x26,
  0x26,0x26,0x26,0x26,0x26,0x26,0x26,0x26,0x26,0x26,0x26,0x26,0x26,0x26,0x26,0x26,0x26,0x26,0x26,0x26,0x26,0x26,0x26,0x26,0x26,0x26,0x26,0x26,0x26,0x26,0x26,0x26,
  0x26,0x26,0x26,0x26,0x26,0x26,0x26,0x26,0x26,0x26,0x26,0x26,0x26,0x26,0x26,0x26,0x26,0x26,0x26,0x26,0x26,0x60,0x27,0x27,0x27,0x27,0x27,0x27,0x27,0x27,0x27,0x27,
  0x27,0x27,0x27,0x27,0x27,0x27,0x27,0x27,0x27,0x27,0x27,0x27,0x25,0x25,0x25,0x25,0x26,0x24,0x23,0x23,0x23,0x24,0x24,0x25,0x25,0x25,0x24,0x24,0x23,0x23,0x23,0x21,
  0x16,0x16,0x16,0x16,0x16,0x16,0x16,0x16,0x15,0x15,0x14,0x15,0x48,0x48,0x48,0x33,0x34,0x35,0x36,0x38,0x4A,0x4A,0x4A,0x4A,0x4A,0x4A,0x4B,0x4C,0x4C,0x4C,0x36,0x33,
  0x34,0x35,0x36,0x37,0x37,0x38,0x38,0x38,0x38,0x38,0x39,0x38,0x39,0x3A,0x3A,0x3A,0x3B,0x27,0x27,0x27,0x27,0x27,0x27,0x27,0x27,0x27,0x27,0x27,0x27,0x27,0x29,0x29,
  0x29,0x29,0x29,0x29,0x29,0x29,0x29,0x29,0x29,0x29,0x2A,0x2A,0x2B,0x2B,0x2B,0x2C,0x29,0x25,0x25,0x25,0x25,0x25,0x25,0x25,0x25,0x26,0x26,0x26,0x26,0x26,0x26,0x26,
  0x26,0x26,0x26,0x26,0x26,0x26,0x26,0x26,0x26,0x26,0x26,0x26,0x26,0x26,0x26,0x26,0x26,0x26,0x26,0x26,0x26,0x26,0x26,0x26,0x26,0x26,0x26,0x26,0x26,0x26,0x26,0x26,
  0x26,0x26,0x26,0x26,0x26,0x26,0x26,0x26,0x26,0x27,0x27,0x27,0x27,0x27,0x27,0x27,0x18,0x18,0x18,0x18,0x18,0x18,0x19,0x1A,0x1A,0x1A,0x1A,0x1A,0x1A,0x1A,0x1B,0x1C,
  0x12,0x12,0x12,0x17,0x17,0x1C,0x1C,0x1C,0x1C,0x1C,0x1C,0x1C,0x1C,0x1C,0x1C,0x1C,0x1C,0x1C,0x1C,0x1C,0x1C,0x1C,0x1C,0x1C,0x1C,0x1C,0x1C,0x1C,0x1C,0x1C,0x1C,0x1C,
  0x1C,0x19,0x17,0x17,0x17,0x17,0x17,0x17,0x17,0x17,0x17,0x17,0x17,0x1C,0x1C,0x1C,0x18,0x19,0x1A,0x1A,0x1A,0x1A,0x1A,0x1A,0x1A,0x1B,0x1C,0x1C,0x1C,0x1C,0x1C,0x1C,
  0x29,0x29,0x29,0x29,0x29,0x29,0x29,0x29,0x29,0x29,0x2A,0x2B,0x28,0x26,0x26,0x26,0x61,0x25,0x25,0x25,0x25,0x25,0x25,0x25,0x25,0x25,0x25,0x25,0x25,0x25,0x25,0x25,
  0x93,0x93,0x25,0x25,0x25,0x25,0x25,0x25,0x25,0x25,0x25,0x25,0x25,0x25,0x25,0x25,0x25,0x25,0x25,0x25,0x61,0x26,0x26,0x26,0x26,0x26,0x26,0x26,0x26,0x26,0x26,0x26,
  0x26,0x26,0x26,0x26,0x26,0x26,0x26,0x26,0x26,0x26,0x26,0x26,0x26,0x26,0x26,0x26,0x26,0x26,0x26,0x26,0x26,0x26,0x26,0x26,0x26,0x26,0x26,0x26,0x26,0x26,0x26,0x26,
  0x26,0x26,0x26,0x26,0x26,0x26,0x26,0x26,0x26,0x26,0x26,0x26,0x26,0x26,0x26,0x26,0x26,0x26,0x26,0x26,0x26,0x26,0x26,0x26,0x26,0x26,0x26,0x26,0x26,0x26,0x26,0x26,
  0x26,0x26,0x26,0x26,0x26,0x26,0x60,0x27,0x27,0x27,0x27,0x27,0x27,0x27,0x27,0x27,0x27,0x27,0x27,0x27,0x27,0x27,0x27,0x27,0x27,0x27,0x27,0x26,0x25,0x25,0x25,0x25,
  0x20,0x21,0x21,0x22,0x24,0x25,0x25,0x25,0x25,0x24,0x24,0x23,0x22,0x22,0x20,0x22,0x17,0x16,0x15,0x15,0x15,0x15,0x14,0x14,0x14,0x14,0x19,0x19,0x48,0x34,0x34,0x36,
  0x37,0x39,0x3A,0x3A,0x3B,0x3B,0x4A,0x4A,0x4A,0x4A,0x4B,0x4C,0x4C,0x34,0x38,0x37,0x36,0x37,0x39,0x37,0x38,0x38,0x39,0x39,0x39,0x3A,0x3A,0x3A,0x3A,0x3B,0x3B,0x3C,
  0x3D,0x3C,0x27,0x27,0x27,0x27,0x27,0x27,0x27,0x27,0x27,0x27,0x27,0x27,0x28,0x29,0x29,0x29,0x29,0x29,0x29,0x29,0x29,0x29,0x29,0x29,0x29,0x2A,0x2A,0x2B,0x2B,0x2C,
  0x2C,0x29,0x25,0x25,0x25,0x25,0x25,0x25,0x25,0x26,0x26,0x26,0x26,0x26,0x26,0x26,0x26,0x26,0x26,0x26,0x26,0x26,0x26,0x26,0x26,0x26,0x26,0x26,0x26,0x26,0x26,0x26,
  0x26,0x26,0x26,0x26,0x26,0x26,0x26,0x26,0x26,0x26,0x26,0x26,0x26,0x26,0x26,0x26,0x26,0x26,0x26,0x26,0x26,0x26,0x26,0x26,0x26,0x60,0x27,0x27,0x27,0x27,0x27,0x27,
  0x18,0x18,0x18,0x18,0x18,0x18,0x19,0x1A,0x1A,0x1A,0x1A,0x1A,0x1A,0x1A,0x1B,0x1C,0x12,0x12,0x12,0x17,0x17,0x1C,0x1C,0x1F,0x1F,0x1F,0x1C,0x1C,0x1C,0x1C,0x1C,0x1C,
  0x1C,0x1C,0x1C,0x1C,0x1C,0x1C,0x1C,0x1C,0x1C,0x1C,0x1C,0x1C,0x1C,0x1C,0x1C,0x1C,0x1C,0x1C,0x1C,0x1C,0x1C,0x1C,0x19,0x17,0x17,0x17,0x17,0x17,0x17,0x1C,0x1C,0x1C,
  0x18,0x19,0x1A,0x1A,0x1A,0x1A,0x1A,0x1A,0x1A,0x1B,0x1C,0x1C,0x1C,0x1C,0x1C,0x1C,0x2A,0x29,0x29,0x29,0x29,0x29,0x29,0x29,0x29,0x2A,0x2B,0x28,0x26,0x26,0x26,0x61,
  0x25,0x25,0x25,0x25,0x25,0x25,0x25,0x25,0x25,0x25,0x25,0x25,0x25,0x25,0x25,0x25,0x93,0x93,0x25,0x25,0x25,0x25,0x25,0x25,0x25,0x25,0x25,0x25,0x25,0x25,0x25,0x25,
  0x25,0x25,0x25,0x25,0x26,0x26,0x26,0x26,0x26,0x26,0x26,0x26,0x26,0x26,0x26,0x26,0x26,0x26,0x26,0x26,0x26,0x26,0x26,0x26,0x26,0x26,0x26,0x26,0x26,0x26,0x26,0x26,
  0x26,0x26,0x26,0x26,0x26,0x26,0x26,0x26,0x26,0x26,0x26,0x26,0x26,0x26,0x26,0x26,0x26,0x26,0x26,0x26,0x26,0x26,0x26,0x26,0x26,0x26,0x26,0x26,0x26,0x26,0x26,0x26,
  0x26,0x26,0x26,0x26,0x26,0x26,0x26,0x26,0x26,0x26,0x26,0x26,0x26,0x26,0x26,0x26,0x26,0x26,0x26,0x26,0x26,0x26,0x26,0x60,0x27,0x27,0x27,0x27,0x27,0x27,0x27,0x27,
  0x27,0x27,0x27,0x27,0x27,0x27,0x27,0x27,0x27,0x27,0x26,0x25,0x25,0x25,0x25,0x61,0x21,0x22,0x25,0x26,0x26,0x26,0x26,0x26,0x26,0x60,0x27,0x18,0x18,0x18,0x22,0x23,
  0x18,0x19,0x19,0x19,0x19,0x19,0x19,0x19,0x19,0x1B,0x1C,0x1C,0x36,0x3A,0x38,0x39,0x37,0x3A,0x39,0x3B,0x3B,0x3B,0x4F,0x4A,0x4A,0x4A,0x4B,0x4C,0x35,0x39,0x37,0x34,
  0x39,0x39,0x35,0x39,0x3A,0x3B,0x37,0x39,0x3B,0x3B,0x38,0x39,0x3C,0x3B,0x3D,0x3E,0x3E,0x3E,0x3D,0x27,0x27,0x27,0x27,0x27,0x27,0x27,0x27,0x27,0x27,0x27,0x27,0x29,
  0x29,0x29,0x29,0x29,0x29,0x29,0x29,0x29,0x29,0x29,0x29,0x2A,0x2A,0x2B,0x2B,0x2B,0x2C,0x2C,0x29,0x27,0x25,0x25,0x25,0x25,0x61,0x26,0x26,0x26,0x26,0x26,0x26,0x26,
  0x26,0x26,0x26,0x26,0x26,0x26,0x26,0x26,0x26,0x26,0x26,0x26,0x26,0x26,0x26,0x26,0x26,0x26,0x26,0x26,0x26,0x26,0x26,0x26,0x26,0x26,0x26,0x26,0x26,0x26,0x26,0x26,
  0x26,0x26,0x26,0x26,0x26,0x26,0x26,0x26,0x26,0x26,0x60,0x27,0x27,0x27,0x27,0x27,0x18,0x18,0x18,0x18,0x18,0x18,0x19,0x1A,0x1A,0x1A,0x1A,0x1A,0x1A,0x1A,0x1B,0x1C,
  0x12,0x12,0x12,0x17,0x17,0x19,0x1C,0x1F,0x19,0x19,0x19,0x19,0x19,0x19,0x19,0x19,0x19,0x19,0x19,0x19,0x19,0x19,0x19,0x19,0x19,0x19,0x19,0x19,0x19,0x19,0x19,0x19,
  0x19,0x19,0x19,0x19,0x19,0x19,0x19,0x19,0x17,0x17,0x17,0x17,0x17,0x1C,0x1C,0x1C,0x18,0x19,0x1A,0x1A,0x1A,0x1A,0x1A,0x1A,0x1A,0x1B,0x1C,0x1C,0x1C,0x1C,0x1C,0x1C,
  0x2B,0x29,0x29,0x29,0x29,0x29,0x29,0x29,0x2A,0x2B,0x2B,0x26,0x26,0x26,0x61,0x25,0x25,0x25,0x25,0x25,0x25,0x25,0x25,0x25,0x25,0x25,0x25,0x25,0x25,0x25,0x25,0x25,
  0x92,0x93,0x25,0x25,0x25,0x25,0x25,0x25,0x25,0x25,0x25,0x25,0x25,0x25,0x25,0x25,0x25,0x25,0x25,0x25,0x26,0x26,0x26,0x26,0x26,0x26,0x26,0x26,0x26,0x26,0x26,0x26,
  0x26,0x26,0x26,0x26,0x26,0x26,0x26,0x26,0x26,0x26,0x26,0x26,0x26,0x26,0x26,0x26,0x26,0x26,0x26,0x26,0x26,0x26,0x26,0x26,0x26,0x26,0x26,0x26,0x26,0x26,0x26,0x26,
  0x26,0x26,0x26,0x26,0x26,0x26,0x26,0x26,0x26,0x26,0x26,0x26,0x26,0x26,0x26,0x26,0x26,0x26,0x26,0x26,0x26,0x26,0x26,0x26,0x26,0x26,0x26,0x26,0x26,0x26,0x26,0x26,
  0x26,0x26,0x26,0x26,0x26,0x26,0x26,0x26,0x27,0x27,0x27,0x27,0x27,0x27,0x27,0x27,0x27,0x27,0x27,0x27,0x27,0x27,0x27,0x27,0x27,0x27,0x25,0x25,0x25,0x25,0x25,0x26,
  0x21,0x25,0x24,0x26,0x26,0x26,0x26,0x26,0x26,0x26,0x27,0x18,0x18,0x18,0x22,0x23,0x18,0x19,0x1A,0x1A,0x1A,0x1A,0x1A,0x1A,0x1A,0x1B,0x1C,0x1C,0x48,0x4B,0x39,0x4B,
  0x3A,0x4D,0x39,0x4F,0x3E,0x4F,0x4A,0x4A,0x4A,0x4A,0x4B,0x4C,0x38,0x4D,0x35,0x39,0x3A,0x35,0x39,0x3A,0x3B,0x37,0x3A,0x3C,0x37,0x3C,0x3D,0x37,0x3C,0x3D,0x39,0x3E,
  0x3E,0x4F,0x3E,0x27,0x27,0x27,0x27,0x27,0x36,0x34,0x27,0x27,0x27,0x27,0x27,0x28,0x29,0x29,0x29,0x29,0x29,0x29,0x29,0x29,0x29,0x29,0x2A,0x2A,0x2A,0x2B,0x2B,0x2B,
  0x2C,0x2C,0x2C,0x2D,0x2A,0x27,0x25,0x25,0x26,0x26,0x26,0x26,0x26,0x26,0x26,0x26,0x26,0x26,0x26,0x26,0x26,0x26,0x26,0x26,0x26,0x26,0x26,0x26,0x26,0x26,0x26,0x26,
  0x26,0x26,0x26,0x26,0x26,0x26,0x26,0x26,0x26,0x26,0x26,0x26,0x26,0x26,0x26,0x26,0x26,0x26,0x26,0x26,0x26,0x26,0x26,0x26,0x26,0x26,0x26,0x27,0x27,0x27,0x27,0x27,
  0x18,0x18,0x18,0x18,0x18,0x18,0x19,0x1A,0x1A,0x1A,0x1A,0x1A,0x1A,0x1A,0x1B,0x1C,0x12,0x12,0x12,0x17,0x17,0x17,0x1C,0x1F,0x19,0x19,0x19,0x19,0x19,0x19,0x19,0x19,
  0x19,0x19,0x19,0x19,0x19,0x19,0x19,0x19,0x19,0x19,0x19,0x19,0x19,0x19,0x19,0x19,0x19,0x19,0x19,0x19,0x19,0x19,0x19,0x19,0x15,0x17,0x17,0x17,0x17,0x1C,0x1C,0x1C,
  0x18,0x19,0x1A,0x1A,0x1A,0x1A,0x1A,0x1A,0x1A,0x1B,0x1C,0x1C,0x1C,0x1C,0x1C,0x1C,0x2B,0x29,0x29,0x29,0x29,0x29,0x29,0x2A,0x2B,0x2B,0x28,0x26,0x26,0x61,0x25,0x25,
  0x25,0x25,0x25,0x25,0x25,0x25,0x25,0x25,0x25,0x25,0x25,0x25,0x25,0x25,0x25,0x25,0x92,0x93,0x25,0x25,0x25,0x25,0x25,0x25,0x25,0x25,0x25,0x25,0x25,0x25,0x25,0x25,
  0x25,0x25,0x25,0x61,0x26,0x26,0x26,0x26,0x26,0x26,0x26,0x26,0x26,0x26,0x26,0x26,0x26,0x26,0x26,0x26,0x26,0x26,0x26,0x26,0x26,0x26,0x26,0x26,0x26,0x26,0x26,0x26,
  0x26,0x26,0x26,0x26,0x26,0x26,0x26,0x26,0x26,0x26,0x26,0x26,0x26,0x26,0x26,0x26,0x26,0x26,0x26,0x26,0x26,0x26,0x26,0x26,0x26,0x26,0x26,0x26,0x26,0x26,0x26,0x26,
  0x26,0x26,0x26,0x26,0x26,0x26,0x26,0x26,0x26,0x26,0x26,0x26,0x26,0x26,0x26,0x26,0x26,0x26,0x26,0x26,0x26,0x26,0x26,0x26,0x60,0x27,0x27,0x27,0x27,0x27,0x27,0x27,
  0x27,0x27,0x27,0x27,0x27,0x27,0x27,0x27,0x27,0x26,0x25,0x25,0x25,0x25,0x25,0x26,0x22,0x26,0x26,0x25,0x26,0x26,0x26,0x26,0x26,0x26,0x60,0x18,0x18,0x18,0x23,0x24,
  0x18,0x19,0x1A,0x1A,0x1A,0x1A,0x1A,0x1A,0x1A,0x1B,0x1C,0x1C,0x48,0x48,0x48,0x4B,0x4A,0x4D,0x4A,0x4F,0x4C,0x4A,0x4A,0x4A,0x4A,0x4A,0x4B,0x4C,0x4C,0x4D,0x3A,0x4F,
  0x4F,0x37,0x3A,0x4F,0x3B,0x37,0x3D,0x3E,0x39,0x3C,0x3E,0x4F,0x38,0x3D,0x4F,0x4F,0x3E,0x4F,0x27,0x27,0x4A,0x4A,0x4D,0x4D,0x3A,0x3A,0x34,0x27,0x27,0x27,0x27,0x27,
  0x29,0x29,0x29,0x29,0x29,0x29,0x29,0x29,0x29,0x29,0x2A,0x2A,0x2B,0x2B,0x2B,0x2B,0x2C,0x2C,0x2D,0x2D,0x2D,0x2D,0x2A,0x28,0x26,0x26,0x26,0x26,0x26,0x26,0x26,0x26,
  0x26,0x26,0x26,0x26,0x26,0x26,0x26,0x26,0x26,0x26,0x26,0x26,0x26,0x26,0x26,0x26,0x26,0x26,0x26,0x26,0x26,0x26,0x26,0x26,0x26,0x26,0x26,0x26,0x26,0x26,0x26,0x26,
  0x26,0x26,0x26,0x26,0x26,0x26,0x26,0x26,0x26,0x26,0x26,0x60,0x27,0x27,0x27,0x27,0x18,0x18,0x18,0x18,0x18,0x18,0x19,0x1A,0x1A,0x1A,0x1A,0x1A,0x1A,0x1A,0x1B,0x1C,
  0x12,0x12,0x12,0x17,0x17,0x17,0x1C,0x1C,0x19,0x19,0x19,0x19,0x19,0x19,0x19,0x19,0x19,0x19,0x19,0x19,0x19,0x19,0x19,0x19,0x19,0x19,0x19,0x19,0x19,0x19,0x19,0x19,
  0x19,0x19,0x19,0x19,0x19,0x19,0x19,0x19,0x12,0x17,0x17,0x17,0x17,0x1C,0x1C,0x1C,0x18,0x19,0x1A,0x1A,0x1A,0x1A,0x1A,0x1A,0x1A,0x1B,0x1C,0x1C,0x1C,0x1C,0x1C,0x1C,
  0x2B,0x29,0x29,0x29,0x29,0x29,0x2A,0x2B,0x2B,0x28,0x26,0x26,0x61,0x25,0x25,0x25,0x25,0x25,0x25,0x25,0x25,0x25,0x25,0x25,0x25,0x25,0x25,0x25,0x25,0x25,0x25,0x25,
  0x92,0x93,0x25,0x25,0x25,0x25,0x25,0x25,0x25,0x25,0x25,0x25,0x25,0x25,0x25,0x25,0x25,0x25,0x25,0x26,0x26,0x26,0x26,0x26,0x26,0x26,0x26,0x26,0x26,0x26,0x26,0x26,
  0x26,0x26,0x26,0x26,0x26,0x26,0x26,0x26,0x26,0x26,0x26,0x26,0x26,0x26,0x26,0x26,0x26,0x26,0x26,0x26,0x26,0x26,0x26,0x26,0x26,0x26,0x26,0x26,0x26,0x26,0x26,0x26,
  0x26,0x26,0x26,0x26,0x26,0x26,0x26,0x26,0x26,0x26,0x26,0x26,0x26,0x26,0x26,0x26,0x26,0x26,0x26,0x26,0x26,0x26,0x26,0x26,0x26,0x26,0x26,0x26,0x26,0x26,0x26,0x26,
  0x26,0x26,0x26,0x26,0x26,0x26,0x26,0x26,0x26,0x60,0x27,0x27,0x27,0x27,0x27,0x27,0x27,0x27,0x27,0x27,0x27,0x27,0x27,0x27,0x27,0x25,0x25,0x25,0x25,0x25,0x25,0x26,
  0x23,0x26,0x26,0x26,0x26,0x26,0x26,0x26,0x26,0x26,0x25,0x18,0x18,0x18,0x23,0x25,0x18,0x19,0x1A,0x1A,0x1A,0x1A,0x1A,0x1A,0x1A,0x1B,0x1C,0x1C,0x48,0x48,0x48,0x48,
  0x48,0x4A,0x4A,0x4A,0x4A,0x4A,0x4A,0x4A,0x4A,0x4A,0x4B,0x4C,0x4C,0x48,0x4A,0x4E,0x4B,0x3A,0x4F,0x4F,0x4D,0x3A,0x3E,0x4F,0x3A,0x3D,0x4F,0x4F,0x4F,0x3E,0x4F,0x4F,
  0x4F,0x4F,0x4A,0x4A,0x4D,0x4D,0x27,0x3A,0x39,0x34,0x38,0x34,0x27,0x27,0x27,0x27,0x29,0x29,0x29,0x29,0x29,0x29,0x29,0x29,0x29,0x2A,0x2A,0x2B,0x2B,0x2B,0x2B,0x2B,
  0x2C,0x2C,0x2C,0x2D,0x2D,0x2D,0x2D,0x2D,0x2A,0x26,0x26,0x26,0x26,0x26,0x26,0x26,0x26,0x26,0x26,0x26,0x26,0x26,0x26,0x26,0x26,0x26,0x26,0x26,0x26,0x26,0x26,0x26,
  0x26,0x26,0x26,0x26,0x26,0x26,0x26,0x26,0x26,0x26,0x26,0x26,0x26,0x26,0x26,0x26,0x26,0x26,0x26,0x26,0x26,0x26,0x26,0x26,0x26,0x26,0x26,0x26,0x60,0x27,0x27,0x26,
  0x18,0x18,0x18,0x18,0x18,0x18,0x19,0x1A,0x1A,0x1A,0x1A,0x1A,0x1A,0x1A,0x1B,0x1C,0x12,0x12,0x12,0x17,0x17,0x17,0x1C,0x1C,0x19,0x19,0x19,0x19,0x19,0x19,0x19,0x19,
  0x19,0x19,0x19,0x19,0x19,0x19,0x19,0x19,0x19,0x19,0x19,0x19,0x19,0x19,0x19,0x19,0x19,0x19,0x19,0x19,0x19,0x19,0x19,0x19,0x12,0x17,0x17,0x17,0x17,0x1C,0x1C,0x1C,
  0x18,0x19,0x1A,0x1A,0x1A,0x1A,0x1A,0x1A,0x1A,0x1B,0x1C,0x1C,0x1C,0x1C,0x1C,0x1C,0x2B,0x2A,0x29,0x29,0x29,0x2A,0x2B,0x2B,0x28,0x26,0x26,0x61,0x25,0x25,0x25,0x25,
  0x25,0x25,0x25,0x25,0x25,0x25,0x25,0x25,0x25,0x25,0x25,0x25,0x25,0x25,0x25,0x25,0x92,0x93,0x25,0x25,0x25,0x25,0x25,0x25,0x25,0x25,0x25,0x25,0x25,0x25,0x25,0x25,
  0x25,0x25,0x61,0x26,0x26,0x26,0x26,0x26,0x26,0x26,0x26,0x26,0x26,0x26,0x26,0x26,0x26,0x26,0x26,0x26,0x26,0x26,0x26,0x26,0x26,0x26,0x26,0x26,0x26,0x26,0x26,0x26,
  0x26,0x26,0x26,0x26,0x26,0x26,0x26,0x26,0x26,0x26,0x26,0x26,0x26,0x26,0x26,0x26,0x26,0x26,0x26,0x26,0x26,0x26,0x26,0x26,0x26,0x26,0x26,0x26,0x26,0x26,0x26,0x26,
  0x26,0x26,0x26,0x26,0x26,0x26,0x26,0x26,0x26,0x26,0x26,0x26,0x26,0x26,0x26,0x26,0x26,0x26,0x26,0x26,0x26,0x26,0x26,0x26,0x26,0x26,0x60,0x27,0x27,0x27,0x27,0x27,
  0x27,0x27,0x27,0x27,0x27,0x27,0x27,0x27,0x26,0x25,0x25,0x25,0x25,0x25,0x61,0x26,0x24,0x26,0x26,0x26,0x26,0x26,0x26,0x26,0x26,0x26,0x26,0x25,0x18,0x18,0x24,0x25,
  0x18,0x19,0x1A,0x1A,0x1A,0x1A,0x1A,0x1A,0x1A,0x1B,0x1C,0x1C,0x48,0x48,0x48,0x48,0x48,0x48,0x49,0x4A,0x4A,0x4A,0x4A,0x4A,0x14,0x14,0x14,0x14,0x14,0x48,0x48,0x49,
  0x4A,0x49,0x4E,0x4C,0x4D,0x3C,0x4F,0x4F,0x4D,0x3D,0x4F,0x4E,0x4F,0x4D,0x4F,0x4F,0x4D,0x4A,0x4A,0x4D,0x27,0x27,0x27,0x3A,0x3A,0x3A,0x36,0x36,0x27,0x27,0x27,0x28,
  0x29,0x29,0x29,0x29,0x29,0x29,0x29,0x29,0x29,0x2A,0x2A,0x2B,0x2B,0x2B,0x2B,0x2B,0x2C,0x2C,0x2C,0x2D,0x2D,0x2D,0x2D,0x2D,0x2D,0x2A,0x26,0x26,0x26,0x26,0x26,0x26,
  0x26,0x26,0x26,0x26,0x26,0x26,0x26,0x26,0x26,0x26,0x26,0x26,0x26,0x26,0x26,0x26,0x26,0x26,0x26,0x26,0x26,0x26,0x26,0x26,0x26,0x26,0x26,0x26,0x26,0x26,0x26,0x26,
  0x26,0x26,0x26,0x26,0x26,0x26,0x26,0x26,0x26,0x26,0x26,0x26,0x26,0x27,0x60,0x25,0x18,0x18,0x18,0x18,0x18,0x18,0x19,0x1A,0x1A,0x1A,0x1A,0x1A,0x1A,0x1A,0x1B,0x1C,
  0x12,0x12,0x12,0x17,0x17,0x17,0x1C,0x1C,0x19,0x19,0x19,0x19,0x19,0x19,0x19,0x19,0x19,0x19,0x19,0x19,0x19,0x19,0x19,0x19,0x19,0x19,0x19,0x19,0x19,0x19,0x19,0x19,
  0x19,0x19,0x19,0x19,0x19,0x19,0x19,0x19,0x12,0x17,0x17,0x17,0x17,0x1C,0x1C,0x1C,0x18,0x19,0x1A,0x1A,0x1A,0x1A,0x1A,0x1A,0x1A,0x1B,0x1C,0x1C,0x1C,0x1C,0x1C,0x1C,
  0x2C,0x2B,0x2A,0x2A,0x2A,0x2B,0x2B,0x28,0x26,0x26,0x26,0x25,0x25,0x25,0x25,0x25,0x25,0x25,0x25,0x25,0x25,0x25,0x25,0x25,0x25,0x25,0x25,0x25,0x25,0x25,0x25,0x25,
  0x92,0x93,0x25,0x25,0x25,0x25,0x25,0x25,0x25,0x25,0x25,0x25,0x25,0x25,0x25,0x25,0x25,0x25,0x26,0x26,0x26,0x26,0x26,0x26,0x26,0x26,0x26,0x26,0x26,0x26,0x26,0x26,
  0x26,0x26,0x26,0x26,0x26,0x26,0x26,0x26,0x26,0x26,0x26,0x26,0x26,0x26,0x26,0x26,0x26,0x26,0x26,0x26,0x26,0x26,0x26,0x26,0x26,0x26,0x26,0x26,0x26,0x26,0x26,0x26,
  0x26,0x26,0x26,0x26,0x26,0x26,0x26,0x26,0x26,0x26,0x26,0x26,0x26,0x26,0x26,0x26,0x26,0x26,0x26,0x26,0x26,0x26,0x26,0x26,0x26,0x26,0x26,0x26,0x26,0x26,0x26,0x26,
  0x26,0x26,0x26,0x26,0x26,0x26,0x26,0x26,0x26,0x26,0x26,0x27,0x27,0x27,0x27,0x27,0x27,0x27,0x27,0x27,0x27,0x27,0x27,0x27,0x25,0x25,0x25,0x25,0x25,0x25,0x26,0x26,
  0x24,0x25,0x26,0x26,0x26,0x26,0x26,0x26,0x26,0x26,0x26,0x18,0x26,0x18,0x24,0x24,0x18,0x19,0x1A,0x1A,0x1A,0x1A,0x1A,0x1A,0x1A,0x1B,0x1C,0x1C,0x48,0x48,0x48,0x48,
  0x48,0x48,0x49,0x4A,0x4A,0x4A,0x15,0x14,0x18,0x18,0x18,0x18,0x17,0x48,0x48,0x48,0x48,0x49,0x48,0x4B,0x4B,0x4B,0x4F,0x4D,0x4D,0x4B,0x4F,0x4E,0x4D,0x4D,0x4C,0x4F,
  0x4D,0x4C,0x4D,0x27,0x27,0x27,0x27,0x27,0x27,0x27,0x39,0x36,0x27,0x27,0x27,0x29,0x29,0x29,0x29,0x29,0x29,0x29,0x29,0x2A,0x2A,0x2A,0x2B,0x2B,0x2B,0x2B,0x2B,0x2B,
  0x2C,0x2C,0x2C,0x2D,0x2D,0x2D,0x2D,0x2D,0x2D,0x2D,0x28,0x26,0x26,0x26,0x26,0x26,0x26,0x26,0x26,0x26,0x26,0x26,0x26,0x26,0x26,0x26,0x26,0x26,0x26,0x26,0x26,0x26,
  0x26,0x26,0x26,0x26,0x26,0x26,0x26,0x26,0x26,0x26,0x26,0x26,0x26,0x26,0x26,0x26,0x26,0x26,0x26,0x26,0x26,0x26,0x26,0x26,0x26,0x26,0x26,0x26,0x26,0x60,0x26,0x25,
  0x18,0x18,0x18,0x18,0x18,0x18,0x19,0x1A,0x1A,0x1A,0x1A,0x1A,0x1A,0x1A,0x1B,0x1C,0x12,0x12,0x12,0x17,0x17,0x17,0x1C,0x1C,0x19,0x19,0x19,0x19,0x19,0x19,0x19,0x19,
  0x19,0x19,0x19,0x19,0x19,0x19,0x19,0x19,0x19,0x19,0x19,0x19,0x19,0x19,0x19,0x19,0x19,0x19,0x19,0x19,0x19,0x19,0x19,0x19,0x12,0x17,0x17,0x17,0x19,0x1F,0x1C,0x1C,
  0x18,0x19,0x1A,0x1A,0x1A,0x1A,0x1A,0x1A,0x1A,0x1B,0x1C,0x1C,0x1C,0x1C,0x1C,0x1C,0x2C,0x2C,0x2B,0x2B,0x2B,0x2B,0x28,0x26,0x26,0x26,0x61,0x25,0x25,0x25,0x25,0x25,
  0x25,0x25,0x25,0x25,0x25,0x25,0x25,0x25,0x25,0x25,0x25,0x25,0x25,0x25,0x25,0x25,0x91,0x93,0x25,0x25,0x25,0x25,0x25,0x25,0x25,0x25,0x25,0x25,0x25,0x25,0x25,0x25,
  0x25,0x25,0x26,0x26,0x26,0x26,0x26,0x26,0x26,0x26,0x26,0x26,0x26,0x26,0x26,0x26,0x26,0x26,0x26,0x26,0x26,0x26,0x26,0x26,0x26,0x26,0x26,0x26,0x26,0x26,0x26,0x26,
  0x26,0x26,0x26,0x26,0x26,0x26,0x26,0x26,0x26,0x26,0x26,0x26,0x26,0x26,0x26,0x26,0x26,0x26,0x26,0x26,0x26,0x26,0x26,0x26,0x26,0x26,0x26,0x26,0x26,0x26,0x26,0x26,
  0x26,0x26,0x26,0x26,0x26,0x26,0x26,0x26,0x26,0x26,0x26,0x26,0x26,0x26,0x26,0x26,0x26,0x26,0x26,0x26,0x26,0x26,0x26,0x26,0x26,0x26,0x26,0x60,0x27,0x27,0x27,0x27,
  0x27,0x27,0x27,0x27,0x27,0x27,0x27,0x26,0x25,0x25,0x25,0x25,0x25,0x25,0x26,0x26,0x24,0x25,0x26,0x26,0x26,0x26,0x26,0x26,0x26,0x26,0x26,0x18,0x18,0x18,0x24,0x24,
  0x18,0x19,0x1A,0x1A,0x1A,0x1A,0x1A,0x1A,0x1A,0x1B,0x1C,0x1C,0x48,0x48,0x48,0x48,0x48,0x48,0x49,0x4A,0x16,0x15,0x18,0x18,0x17,0x17,0x17,0x16,0x16,0x48,0x48,0x48,
  0x48,0x48,0x48,0x49,0x4B,0x4A,0x4A,0x4C,0x4B,0x4B,0x4A,0x4E,0x4D,0x4C,0x4C,0x4C,0x4D,0x4C,0x27,0x27,0x27,0x27,0x27,0x27,0x27,0x27,0x3A,0x27,0x27,0x27,0x28,0x29,
  0x29,0x29,0x29,0x29,0x29,0x29,0x2A,0x2A,0x2A,0x2B,0x2B,0x2B,0x2B,0x2B,0x2B,0x2B,0x2C,0x2C,0x2C,0x2D,0x2D,0x2D,0x2D,0x2D,0x2D,0x2D,0x2A,0x26,0x26,0x26,0x26,0x26,
  0x26,0x26,0x26,0x26,0x26,0x26,0x26,0x26,0x26,0x26,0x26,0x26,0x26,0x26,0x26,0x26,0x26,0x26,0x26,0x26,0x26,0x26,0x26,0x26,0x26,0x26,0x26,0x26,0x26,0x26,0x26,0x26,
  0x26,0x26,0x26,0x26,0x26,0x26,0x26,0x26,0x26,0x26,0x26,0x26,0x26,0x61,0x25,0x25,0x18,0x18,0x18,0x18,0x18,0x18,0x19,0x1A,0x1A,0x1A,0x1A,0x1A,0x1A,0x1A,0x1B,0x1C,
  0x12,0x12,0x12,0x17,0x17,0x17,0x1C,0x1C,0x19,0x19,0x19,0x19,0x19,0x19,0x19,0x19,0x19,0x19,0x19,0x19,0x19,0x19,0x19,0x19,0x19,0x19,0x19,0x19,0x19,0x19,0x19,0x19,
  0x19,0x19,0x19,0x19,0x19,0x19,0x19,0x19,0x12,0x17,0x17,0x17,0x1F,0x1F,0x1F,0x1C,0x18,0x19,0x1A,0x1A,0x1A,0x1A,0x1A,0x1A,0x1A,0x1B,0x1C,0x1C,0x1C,0x1C,0x1C,0x1C,
  0x2C,0x2C,0x2C,0x2B,0x28,0x26,0x26,0x26,0x26,0x61,0x25,0x25,0x25,0x25,0x25,0x25,0x25,0x25,0x25,0x25,0x25,0x25,0x25,0x25,0x25,0x25,0x25,0x25,0x25,0x25,0x25,0x25,
  0x91,0x93,0x25,0x25,0x25,0x25,0x25,0x25,0x25,0x25,0x25,0x25,0x25,0x25,0x25,0x25,0x25,0x61,0x26,0x26,0x26,0x26,0x26,0x26,0x26,0x26,0x26,0x26,0x26,0x26,0x26,0x26,
  0x26,0x26,0x26,0x26,0x26,0x26,0x26,0x26,0x26,0x26,0x26,0x26,0x26,0x26,0x26,0x26,0x26,0x26,0x26,0x26,0x26,0x26,0x26,0x26,0x26,0x26,0x26,0x26,0x26,0x26,0x26,0x26,
  0x26,0x26,0x26,0x26,0x26,0x26,0x26,0x26,0x26,0x26,0x26,0x26,0x26,0x26,0x26,0x26,0x26,0x26,0x26,0x26,0x26,0x26,0x26,0x26,0x26,0x26,0x26,0x26,0x26,0x26,0x26,0x26,
  0x26,0x26,0x26,0x26,0x26,0x26,0x26,0x26,0x26,0x26,0x26,0x26,0x60,0x27,0x27,0x27,0x27,0x27,0x27,0x27,0x27,0x27,0x26,0x25,0x25,0x25,0x25,0x25,0x25,0x25,0x26,0x26,
  0x24,0x25,0x26,0x26,0x26,0x26,0x26,0x26,0x26,0x26,0x26,0x18,0x18,0x18,0x24,0x24,0x18,0x19,0x1A,0x1A,0x1A,0x1A,0x1A,0x1A,0x1A,0x1B,0x1C,0x1C,0x48,0x48,0x48,0x48,
  0x48,0x48,0x17,0x17,0x17,0x17,0x17,0x16,0x16,0x16,0x16,0x16,0x16,0x16,0x16,0x48,0x48,0x48,0x48,0x49,0x4A,0x4A,0x4A,0x4A,0x4B,0x4A,0x4A,0x4B,0x4D,0x4C,0x4C,0x4C,
  0x4C,0x4C,0x27,0x27,0x27,0x27,0x27,0x27,0x27,0x27,0x27,0x27,0x27,0x28,0x29,0x29,0x29,0x29,0x29,0x29,0x29,0x2A,0x2A,0x2A,0x2B,0x2B,0x2B,0x2B,0x2B,0x2B,0x2B,0x2C,
  0x2C,0x2C,0x2C,0x2D,0x2D,0x2D,0x2D,0x2D,0x2D,0x36,0x2D,0x2A,0x26,0x26,0x26,0x26,0x26,0x26,0x26,0x26,0x26,0x26,0x26,0x26,0x26,0x26,0x26,0x26,0x26,0x26,0x26,0x26,
  0x26,0x26,0x26,0x26,0x26,0x26,0x26,0x26,0x26,0x26,0x26,0x26,0x26,0x26,0x26,0x26,0x26,0x26,0x26,0x26,0x26,0x26,0x26,0x26,0x26,0x26,0x26,0x26,0x26,0x25,0x25,0x25,
  0x18,0x18,0x18,0x18,0x18,0x18,0x19,0x1A,0x1A,0x1A,0x1A,0x1A,0x1A,0x1A,0x1B,0x1C,0x12,0x12,0x12,0x14,0x17,0x17,0x1C,0x1C,0x19,0x19,0x19,0x19,0x19,0x19,0x19,0x19,
  0x19,0x19,0x19,0x19,0x19,0x19,0x19,0x19,0x19,0x19,0x19,0x19,0x19,0x19,0x19,0x19,0x19,0x19,0x19,0x19,0x19,0x19,0x19,0x19,0x12,0x17,0x17,0x17,0x1F,0x1F,0x1F,0x1F,
  0x18,0x19,0x1A,0x1A,0x1A,0x1A,0x1A,0x1A,0x1A,0x1B,0x1C,0x1C,0x1C,0x1C,0x1C,0x1C,0x2C,0x2C,0x2C,0x28,0x26,0x26,0x26,0x26,0x61,0x25,0x25,0x25,0x25,0x25,0x25,0x25,
  0x25,0x25,0x25,0x25,0x25,0x25,0x25,0x25,0x25,0x25,0x25,0x25,0x25,0x25,0x25,0x25,0x91,0x93,0x25,0x25,0x25,0x25,0x25,0x25,0x25,0x25,0x25,0x25,0x25,0x25,0x25,0x25,
  0x25,0x26,0x26,0x26,0x26,0x26,0x26,0x26,0x26,0x26,0x26,0x26,0x26,0x26,0x26,0x26,0x26,0x26,0x26,0x26,0x26,0x26,0x26,0x26,0x26,0x26,0x26,0x26,0x26,0x26,0x26,0x26,
  0x26,0x26,0x26,0x26,0x26,0x26,0x26,0x26,0x26,0x26,0x26,0x26,0x26,0x26,0x26,0x26,0x26,0x26,0x26,0x26,0x26,0x26,0x26,0x26,0x26,0x26,0x26,0x26,0x26,0x26,0x26,0x26,
  0x26,0x26,0x26,0x26,0x26,0x26,0x26,0x26,0x26,0x26,0x26,0x26,0x26,0x26,0x26,0x26,0x26,0x26,0x26,0x26,0x26,0x26,0x26,0x26,0x26,0x26,0x26,0x26,0x26,0x60,0x27,0x27,
  0x27,0x27,0x27,0x27,0x27,0x27,0x25,0x25,0x25,0x25,0x25,0x25,0x25,0x61,0x26,0x26,0x24,0x25,0x26,0x24,0x26,0x26,0x26,0x26,0x26,0x25,0x26,0x18,0x18,0x18,0x25,0x24,
  0x18,0x19,0x1A,0x1A,0x1A,0x1A,0x1A,0x1A,0x1A,0x1B,0x1C,0x1C,0x48,0x48,0x48,0x48,0x48,0x48,0x18,0x18,0x17,0x17,0x16,0x16,0x16,0x16,0x16,0x16,0x16,0x16,0x16,0x15,
  0x15,0x48,0x48,0x49,0x4A,0x4A,0x4A,0x4A,0x4A,0x4A,0x4A,0x4B,0x4C,0x4C,0x4C,0x4C,0x4C,0x4C,0x27,0x27,0x27,0x27,0x27,0x27,0x27,0x27,0x27,0x27,0x28,0x29,0x29,0x29,
  0x29,0x29,0x29,0x29,0x2A,0x2A,0x2B,0x2B,0x2B,0x2B,0x2B,0x2B,0x2B,0x2C,0x2C,0x2C,0x2C,0x2C,0x2D,0x2D,0x36,0x2D,0x2D,0x2D,0x36,0x2D,0x2D,0x2D,0x2A,0x26,0x26,0x26,
  0x26,0x26,0x26,0x26,0x26,0x26,0x26,0x26,0x26,0x26,0x26,0x26,0x26,0x26,0x26,0x26,0x26,0x26,0x26,0x26,0x26,0x26,0x26,0x26,0x26,0x26,0x26,0x26,0x26,0x26,0x26,0x26,
  0x26,0x26,0x26,0x26,0x26,0x26,0x26,0x26,0x26,0x26,0x26,0x26,0x61,0x25,0x25,0x25,0x18,0x18,0x18,0x18,0x18,0x18,0x19,0x1A,0x1A,0x1A,0x1A,0x1A,0x1A,0x1A,0x1B,0x1C,
  0x12,0x12,0x12,0x12,0x17,0x17,0x1C,0x1C,0x19,0x19,0x19,0x19,0x19,0x19,0x19,0x19,0x19,0x19,0x19,0x19,0x19,0x19,0x19,0x19,0x19,0x19,0x19,0x19,0x19,0x19,0x19,0x19,
  0x19,0x19,0x19,0x19,0x19,0x19,0x19,0x19,0x12,0x15,0x17,0x17,0x1C,0x1C,0x1F,0x1F,0x18,0x19,0x1A,0x1A,0x1A,0x1A,0x1A,0x1A,0x1A,0x1B,0x1C,0x1C,0x1C,0x1C,0x1C,0x1C,
  0x2C,0x2C,0x29,0x26,0x26,0x26,0x26,0x61,0x25,0x25,0x25,0x25,0x25,0x25,0x25,0x25,0x25,0x25,0x25,0x25,0x25,0x25,0x25,0x25,0x25,0x25,0x25,0x36,0x36,0x38,0x39,0x3A,
  0x90,0x93,0x25,0x25,0x25,0x25,0x25,0x25,0x25,0x25,0x25,0x25,0x25,0x25,0x25,0x25,0x25,0x26,0x26,0x26,0x26,0x26,0x26,0x26,0x26,0x26,0x26,0x26,0x26,0x26,0x26,0x26,
  0x26,0x26,0x26,0x26,0x26,0x26,0x26,0x26,0x26,0x26,0x26,0x26,0x26,0x26,0x26,0x26,0x26,0x26,0x26,0x26,0x26,0x26,0x26,0x26,0x26,0x26,0x26,0x26,0x26,0x26,0x26,0x26,
  0x26,0x26,0x26,0x26,0x26,0x26,0x26,0x26,0x26,0x26,0x26,0x26,0x26,0x26,0x26,0x26,0x26,0x26,0x26,0x26,0x26,0x26,0x26,0x26,0x26,0x26,0x26,0x26,0x26,0x26,0x26,0x26,
  0x26,0x26,0x26,0x26,0x26,0x26,0x26,0x26,0x26,0x26,0x26,0x26,0x26,0x26,0x27,0x27,0x27,0x27,0x27,0x27,0x27,0x26,0x25,0x25,0x25,0x25,0x25,0x25,0x25,0x26,0x26,0x26,
  0x25,0x25,0x26,0x14,0x25,0x14,0x14,0x14,0x14,0x15,0x26,0x15,0x18,0x18,0x24,0x23,0x18,0x19,0x1A,0x1A,0x1A,0x1A,0x1A,0x1A,0x1A,0x1B,0x1C,0x1C,0x48,0x48,0x48,0x48,
  0x48,0x48,0x18,0x18,0x18,0x18,0x17,0x17,0x16,0x15,0x15,0x15,0x15,0x14,0x14,0x14,0x14,0x19,0x19,0x49,0x4A,0x4A,0x4A,0x4A,0x4A,0x4A,0x4A,0x4B,0x4C,0x4C,0x4C,0x4C,
  0x4C,0x4C,0x27,0x27,0x27,0x27,0x27,0x27,0x27,0x27,0x27,0x28,0x29,0x29,0x29,0x29,0x29,0x2A,0x2A,0x2A,0x2A,0x2B,0x2B,0x2B,0x2B,0x2B,0x2B,0x2B,0x2C,0x2C,0x2C,0x2C,
  0x2D,0x2D,0x2D,0x2D,0x2D,0x36,0x2D,0x2D,0x37,0x2D,0x2D,0x2D,0x2D,0x2A,0x26,0x26,0x26,0x26,0x26,0x26,0x26,0x26,0x26,0x26,0x26,0x26,0x26,0x26,0x26,0x26,0x26,0x26,
  0x26,0x26,0x26,0x26,0x26,0x26,0x26,0x26,0x26,0x26,0x26,0x26,0x26,0x26,0x26,0x26,0x26,0x26,0x26,0x26,0x26,0x26,0x26,0x26,0x26,0x26,0x26,0x26,0x25,0x25,0x25,0x25,
  0x18,0x18,0x18,0x18,0x18,0x18,0x19,0x1A,0x1A,0x1A,0x1A,0x1A,0x1A,0x1A,0x1B,0x1C,0x12,0x12,0x12,0x12,0x17,0x19,0x1C,0x1C,0x19,0x19,0x19,0x19,0x19,0x19,0x19,0x19,
  0x19,0x19,0x19,0x19,0x19,0x19,0x19,0x19,0x19,0x19,0x19,0x19,0x19,0x19,0x19,0x19,0x19,0x19,0x19,0x19,0x19,0x19,0x19,0x19,0x12,0x12,0x17,0x17,0x1C,0x1C,0x1C,0x1F,
  0x18,0x19,0x1A,0x1A,0x1A,0x1A,0x1A,0x1A,0x1A,0x1B,0x1C,0x1C,0x1C,0x1C,0x1C,0x1C,0x2C,0x29,0x26,0x26,0x26,0x26,0x61,0x25,0x25,0x25,0x25,0x25,0x25,0x25,0x25,0x25,
  0x25,0x25,0x25,0x25,0x25,0x25,0x25,0x25,0x25,0x36,0x36,0x37,0x38,0x39,0x39,0x39,0x90,0x93,0x25,0x25,0x25,0x25,0x25,0x25,0x25,0x25,0x25,0x25,0x25,0x25,0x25,0x25,
  0x61,0x26,0x26,0x26,0x14,0x14,0x14,0x14,0x14,0x14,0x15,0x15,0x15,0x26,0x26,0x26,0x26,0x26,0x26,0x26,0x26,0x26,0x26,0x26,0x26,0x26,0x26,0x26,0x26,0x26,0x26,0x26,
  0x26,0x26,0x26,0x26,0x26,0x26,0x26,0x26,0x26,0x26,0x26,0x26,0x26,0x26,0x26,0x26,0x26,0x26,0x26,0x26,0x26,0x26,0x26,0x26,0x26,0x26,0x26,0x26,0x26,0x26,0x26,0x26,
  0x26,0x26,0x26,0x26,0x26,0x26,0x26,0x26,0x26,0x26,0x26,0x26,0x26,0x26,0x26,0x26,0x26,0x26,0x26,0x26,0x26,0x26,0x26,0x26,0x26,0x26,0x26,0x26,0x26,0x26,0x60,0x27,
  0x27,0x27,0x27,0x27,0x27,0x25,0x25,0x25,0x25,0x25,0x25,0x25,0x25,0x26,0x26,0x26,0x25,0x25,0x14,0x18,0x18,0x25,0x18,0x17,0x17,0x17,0x16,0x25,0x15,0x15,0x24,0x23,
  0x18,0x19,0x1A,0x1A,0x1A,0x1A,0x1A,0x1A,0x1A,0x1B,0x1C,0x1C,0x48,0x14,0x14,0x14,0x14,0x14,0x14,0x15,0x15,0x15,0x18,0x18,0x19,0x19,0x19,0x19,0x19,0x19,0x19,0x19,
  0x1B,0x1C,0x1C,0x1C,0x1C,0x1C,0x1C,0x4A,0x4A,0x4A,0x4A,0x4B,0x4C,0x4C,0x4C,0x4C,0x4C,0x4C,0x27,0x27,0x27,0x27,0x27,0x27,0x27,0x36,0x35,0x36,0x36,0x36,0x37,0x37,
  0x2A,0x2A,0x2B,0x2B,0x2B,0x2B,0x2B,0x2C,0x2C,0x2C,0x2C,0x2C,0x2C,0x2C,0x2C,0x2D,0x2D,0x2D,0x2D,0x36,0x35,0x37,0x36,0x37,0x38,0x37,0x2D,0x2D,0x2D,0x2D,0x2A,0x26,
  0x26,0x26,0x26,0x26,0x36,0x26,0x26,0x26,0x26,0x26,0x26,0x26,0x26,0x26,0x26,0x26,0x26,0x26,0x26,0x26,0x26,0x26,0x26,0x26,0x26,0x26,0x26,0x26,0x26,0x26,0x26,0x26,
  0x26,0x26,0x26,0x26,0x26,0x26,0x26,0x26,0x26,0x26,0x26,0x61,0x25,0x25,0x25,0x25,0x18,0x18,0x18,0x18,0x18,0x18,0x19,0x1A,0x1A,0x1A,0x1A,0x1A,0x1A,0x1A,0x1B,0x1C,
  0x18,0x12,0x12,0x12,0x17,0x1C,0x1C,0x1C,0x19,0x19,0x19,0x19,0x19,0x19,0x19,0x19,0x19,0x19,0x19,0x19,0x19,0x19,0x19,0x19,0x19,0x19,0x19,0x19,0x19,0x19,0x19,0x19,
  0x19,0x19,0x19,0x19,0x19,0x19,0x19,0x19,0x12,0x12,0x17,0x17,0x1C,0x1C,0x1C,0x1F,0x18,0x19,0x1A,0x1A,0x1A,0x1A,0x1A,0x1A,0x1A,0x1B,0x1C,0x1C,0x1C,0x1C,0x1C,0x1C,
  0x29,0x26,0x26,0x26,0x26,0x61,0x25,0x25,0x25,0x25,0x25,0x25,0x25,0x25,0x25,0x25,0x25,0x25,0x25,0x25,0x36,0x36,0x38,0x39,0x36,0x38,0x59,0x36,0x39,0x5C,0x36,0x39,
  0x91,0x93,0x3A,0x39,0x3A,0x25,0x25,0x25,0x25,0x25,0x25,0x25,0x25,0x25,0x25,0x25,0x26,0x26,0x15,0x14,0x18,0x18,0x18,0x18,0x17,0x17,0x17,0x16,0x16,0x15,0x15,0x26,
  0x26,0x26,0x26,0x26,0x26,0x26,0x26,0x26,0x26,0x26,0x26,0x26,0x26,0x26,0x26,0x26,0x26,0x26,0x26,0x26,0x26,0x26,0x26,0x26,0x26,0x26,0x26,0x26,0x26,0x26,0x26,0x26,
  0x26,0x26,0x26,0x26,0x26,0x26,0x26,0x26,0x26,0x26,0x26,0x26,0x26,0x26,0x26,0x26,0x26,0x26,0x26,0x26,0x26,0x26,0x26,0x26,0x26,0x26,0x26,0x26,0x26,0x26,0x26,0x26,
  0x26,0x26,0x26,0x26,0x26,0x26,0x26,0x26,0x26,0x26,0x26,0x26,0x26,0x26,0x26,0x60,0x27,0x27,0x27,0x27,0x26,0x25,0x25,0x25,0x25,0x25,0x25,0x25,0x61,0x26,0x26,0x16,
  0x24,0x24,0x18,0x17,0x17,0x17,0x26,0x16,0x16,0x16,0x16,0x16,0x25,0x16,0x23,0x22,0x18,0x19,0x1A,0x1A,0x1A,0x1A,0x1A,0x1A,0x1A,0x1B,0x1C,0x15,0x14,0x18,0x18,0x18,
  0x18,0x17,0x17,0x17,0x16,0x16,0x15,0x15,0x19,0x1A,0x1A,0x1A,0x1A,0x1A,0x1A,0x1A,0x1B,0x1C,0x1C,0x1C,0x1C,0x1C,0x1C,0x4A,0x4A,0x4A,0x4A,0x4B,0x4C,0x4C,0x4C,0x4C,
  0x4C,0x4C,0x27,0x27,0x27,0x35,0x34,0x34,0x35,0x35,0x36,0x37,0x37,0x37,0x37,0x37,0x37,0x37,0x38,0x39,0x2C,0x2C,0x2C,0x2C,0x2C,0x2C,0x2C,0x2D,0x2D,0x2D,0x2D,0x35,
  0x34,0x34,0x35,0x35,0x36,0x38,0x37,0x38,0x37,0x37,0x37,0x37,0x38,0x39,0x2D,0x2A,0x26,0x26,0x26,0x36,0x26,0x26,0x26,0x26,0x26,0x26,0x26,0x26,0x26,0x26,0x26,0x26,
  0x26,0x26,0x26,0x26,0x26,0x26,0x26,0x26,0x26,0x26,0x26,0x26,0x26,0x26,0x26,0x26,0x26,0x26,0x26,0x26,0x26,0x26,0x26,0x26,0x26,0x26,0x26,0x25,0x25,0x25,0x25,0x25,
  0x18,0x18,0x18,0x18,0x18,0x18,0x19,0x1A,0x1A,0x1A,0x1A,0x1A,0x1A,0x1A,0x1B,0x1C,0x1F,0x12,0x12,0x12,0x17,0x1C,0x1C,0x1C,0x19,0x19,0x19,0x19,0x19,0x19,0x19,0x19,
  0x19,0x19,0x19,0x19,0x19,0x19,0x19,0x19,0x19,0x19,0x19,0x19,0x19,0x19,0x19,0x19,0x19,0x19,0x19,0x19,0x19,0x19,0x19,0x19,0x10,0x10,0x17,0x17,0x1C,0x1C,0x1C,0x1F,
  0x18,0x19,0x1A,0x1A,0x1A,0x1A,0x1A,0x1A,0x1A,0x1B,0x1C,0x1C,0x1C,0x1C,0x1C,0x1C,0x26,0x26,0x26,0x26,0x61,0x25,0x25,0x25,0x25,0x25,0x25,0x25,0x25,0x25,0x25,0x25,
  0x25,0x25,0x36,0x36,0x37,0x38,0x39,0x39,0x39,0x39,0x3A,0x39,0x5C,0x5C,0x36,0x39,0x91,0x93,0x93,0x39,0x39,0x39,0x3A,0x25,0x25,0x25,0x25,0x25,0x25,0x25,0x25,0x61,
  0x16,0x15,0x18,0x18,0x17,0x17,0x17,0x16,0x16,0x16,0x16,0x16,0x16,0x16,0x16,0x15,0x16,0x26,0x26,0x26,0x26,0x26,0x26,0x26,0x26,0x26,0x26,0x26,0x26,0x26,0x26,0x26,
  0x26,0x26,0x26,0x26,0x26,0x26,0x26,0x26,0x26,0x26,0x26,0x26,0x26,0x26,0x26,0x26,0x26,0x26,0x26,0x26,0x26,0x26,0x26,0x26,0x26,0x26,0x26,0x26,0x26,0x26,0x26,0x26,
  0x26,0x26,0x26,0x26,0x26,0x26,0x26,0x26,0x26,0x26,0x26,0x26,0x26,0x26,0x26,0x26,0x26,0x26,0x26,0x26,0x26,0x26,0x26,0x26,0x26,0x26,0x26,0x26,0x26,0x26,0x26,0x26,
  0x60,0x27,0x27,0x26,0x25,0x25,0x25,0x25,0x25,0x25,0x25,0x25,0x26,0x17,0x17,0x17,0x25,0x22,0x24,0x25,0x25,0x25,0x25,0x26,0x26,0x26,0x26,0x25,0x25,0x24,0x23,0x21,
  0x14,0x14,0x14,0x14,0x14,0x15,0x15,0x15,0x17,0x16,0x15,0x18,0x18,0x17,0x17,0x17,0x16,0x16,0x16,0x16,0x16,0x16,0x16,0x16,0x15,0x16,0x1A,0x1A,0x1A,0x1A,0x1A,0x1A,
  0x1B,0x1C,0x1C,0x1C,0x1C,0x1C,0x1C,0x4A,0x4A,0x36,0x35,0x36,0x36,0x36,0x37,0x37,0x4C,0x4C,0x27,0x36,0x33,0x34,0x35,0x36,0x37,0x37,0x38,0x38,0x38,0x38,0x38,0x38,
  0x38,0x39,0x3A,0x3A,0x3A,0x36,0x35,0x36,0x36,0x36,0x37,0x37,0x2D,0x36,0x33,0x34,0x35,0x36,0x37,0x37,0x38,0x38,0x38,0x38,0x38,0x38,0x38,0x39,0x3A,0x3A,0x3A,0x3B,
  0x2A,0x26,0x36,0x37,0x36,0x36,0x36,0x37,0x37,0x26,0x26,0x26,0x26,0x26,0x26,0x26,0x26,0x26,0x26,0x26,0x26,0x26,0x26,0x26,0x26,0x26,0x26,0x26,0x26,0x26,0x26,0x26,
  0x26,0x26,0x26,0x26,0x26,0x26,0x26,0x26,0x26,0x26,0x61,0x25,0x25,0x25,0x25,0x25,0x18,0x18,0x18,0x18,0x18,0x18,0x19,0x1A,0x1A,0x1A,0x1A,0x1A,0x1A,0x1A,0x1B,0x1C,
  0x1F,0x12,0x12,0x12,0x17,0x1C,0x1C,0x1C,0x19,0x19,0x19,0x19,0x19,0x19,0x19,0x19,0x19,0x19,0x19,0x19,0x19,0x19,0x19,0x19,0x19,0x19,0x19,0x19,0x19,0x19,0x19,0x19,
  0x19,0x19,0x19,0x19,0x19,0x19,0x19,0x19,0x12,0x10,0x15,0x17,0x1C,0x1C,0x1C,0x1F,0x18,0x19,0x1A,0x1A,0x1A,0x1A,0x1A,0x1A,0x1A,0x1B,0x1C,0x1C,0x1C,0x1C,0x1C,0x1C,
  0x26,0x26,0x26,0x61,0x25,0x25,0x25,0x25,0x25,0x25,0x25,0x25,0x25,0x25,0x25,0x25,0x25,0x36,0x38,0x5B,0x36,0x39,0x5C,0x36,0x39,0x5C,0x36,0x36,0x38,0x39,0x3A,0x5A,
  0x92,0x93,0x93,0x92,0x92,0x92,0x91,0x91,0x91,0x91,0x91,0x91,0x92,0x92,0x94,0x17,0x17,0x17,0x17,0x16,0x16,0x16,0x16,0x16,0x16,0x16,0x16,0x16,0x16,0x16,0x16,0x15,
  0x15,0x19,0x19,0x14,0x14,0x14,0x14,0x14,0x14,0x15,0x15,0x15,0x26,0x26,0x26,0x26,0x26,0x26,0x26,0x26,0x26,0x26,0x26,0x26,0x26,0x26,0x26,0x26,0x26,0x26,0x26,0x26,
  0x26,0x26,0x26,0x26,0x26,0x26,0x26,0x26,0x26,0x26,0x26,0x26,0x26,0x26,0x26,0x26,0x26,0x26,0x26,0x26,0x26,0x26,0x26,0x26,0x26,0x26,0x26,0x26,0x26,0x26,0x26,0x26,
  0x26,0x26,0x26,0x26,0x26,0x26,0x26,0x26,0x26,0x26,0x26,0x26,0x26,0x26,0x26,0x26,0x26,0x60,0x26,0x25,0x25,0x25,0x25,0x25,0x25,0x25,0x25,0x25,0x26,0x18,0x18,0x17,
  0x20,0x23,0x23,0x24,0x24,0x24,0x25,0x25,0x25,0x26,0x26,0x26,0x24,0x23,0x20,0x18,0x18,0x18,0x18,0x17,0x17,0x17,0x16,0x16,0x15,0x15,0x17,0x17,0x16,0x16,0x16,0x16,
  0x16,0x16,0x16,0x16,0x16,0x16,0x16,0x16,0x15,0x15,0x19,0x19,0x84,0x85,0x85,0x1A,0x1B,0x1C,0x1C,0x1C,0x1C,0x35,0x34,0x34,0x35,0x35,0x36,0x37,0x37,0x84,0x85,0x85,
  0x37,0x37,0x38,0x39,0x37,0x36,0x37,0x39,0x37,0x38,0x38,0x39,0x39,0x39,0x3A,0x3A,0x3A,0x35,0x34,0x34,0x35,0x35,0x36,0x37,0x37,0x37,0x37,0x37,0x37,0x37,0x38,0x39,
  0x37,0x39,0x37,0x38,0x38,0x39,0x39,0x39,0x3A,0x3A,0x3A,0x3A,0x3B,0x3B,0x35,0x34,0x34,0x35,0x37,0x38,0x37,0x37,0x37,0x37,0x37,0x37,0x37,0x38,0x39,0x26,0x26,0x26,
  0x26,0x26,0x26,0x26,0x26,0x26,0x26,0x26,0x26,0x26,0x26,0x26,0x26,0x26,0x26,0x26,0x26,0x26,0x26,0x26,0x26,0x26,0x26,0x26,0x26,0x61,0x25,0x25,0x25,0x25,0x25,0x25,
  0x18,0x18,0x18,0x18,0x18,0x18,0x19,0x1A,0x1A,0x1A,0x1A,0x1A,0x1A,0x1A,0x1B,0x1C,0x1F,0x12,0x12,0x12,0x17,0x1C,0x1C,0x1C,0x19,0x19,0x19,0x19,0x19,0x19,0x19,0x19,
  0x19,0x19,0x19,0x19,0x19,0x19,0x19,0x19,0x19,0x19,0x19,0x19,0x19,0x19,0x19,0x19,0x19,0x19,0x19,0x19,0x19,0x19,0x19,0x19,0x12,0x12,0x12,0x17,0x1C,0x1C,0x1C,0x1F,
  0x18,0x19,0x1A,0x1A,0x1A,0x1A,0x1A,0x1A,0x1A,0x1B,0x1C,0x1C,0x1C,0x1C,0x1C,0x1C,0x26,0x26,0x26,0x25,0x25,0x25,0x25,0x25,0x25,0x25,0x25,0x25,0x25,0x25,0x25,0x25,
  0x25,0x25,0x5B,0x5B,0x39,0x5E,0x5D,0x58,0x36,0x36,0x37,0x38,0x39,0x39,0x39,0x39,0x94,0x93,0x93,0x93,0x93,0x93,0x93,0x93,0x93,0x93,0x93,0x93,0x93,0x8C,0x8D,0x8D,
  0x1A,0x17,0x16,0x16,0x16,0x16,0x16,0x16,0x16,0x16,0x16,0x15,0x15,0x14,0x15,0x19,0x19,0x15,0x14,0x18,0x18,0x18,0x18,0x17,0x17,0x17,0x16,0x16,0x15,0x15,0x26,0x26,
  0x26,0x26,0x26,0x26,0x26,0x26,0x26,0x26,0x26,0x26,0x26,0x26,0x26,0x26,0x26,0x26,0x26,0x26,0x26,0x26,0x26,0x26,0x26,0x26,0x26,0x26,0x26,0x26,0x26,0x26,0x26,0x26,
  0x26,0x26,0x26,0x26,0x26,0x26,0x26,0x26,0x26,0x26,0x26,0x26,0x26,0x26,0x26,0x26,0x26,0x26,0x26,0x26,0x26,0x26,0x26,0x26,0x26,0x26,0x26,0x26,0x26,0x26,0x26,0x26,
  0x26,0x24,0x23,0x23,0x23,0x24,0x24,0x24,0x24,0x24,0x24,0x24,0x23,0x18,0x18,0x18,0x18,0x17,0x17,0x16,0x15,0x15,0x15,0x15,0x14,0x14,0x14,0x16,0x15,0x18,0x18,0x17,
  0x17,0x17,0x16,0x16,0x16,0x16,0x16,0x16,0x16,0x16,0x15,0x16,0x16,0x16,0x16,0x16,0x16,0x16,0x16,0x16,0x15,0x15,0x14,0x15,0x19,0x19,0x83,0x86,0x85,0x80,0x82,0x83,
  0x85,0x87,0x37,0x37,0x33,0x34,0x35,0x36,0x37,0x37,0x38,0x83,0x86,0x85,0x80,0x82,0x83,0x85,0x87,0x3A,0x3A,0x3B,0x39,0x35,0x39,0x3A,0x3B,0x37,0x39,0x3B,0x3B,0x36,
  0x33,0x34,0x35,0x36,0x37,0x37,0x38,0x38,0x84,0x85,0x85,0x38,0x38,0x39,0x3A,0x3A,0x3A,0x3B,0x39,0x3A,0x3B,0x37,0x39,0x3B,0x3B,0x38,0x39,0x3C,0x36,0x33,0x34,0x35,
  0x36,0x37,0x38,0x38,0x38,0x38,0x38,0x38,0x38,0x38,0x39,0x3A,0x3A,0x3A,0x3B,0x26,0x26,0x26,0x26,0x26,0x26,0x26,0x26,0x26,0x26,0x26,0x26,0x26,0x26,0x26,0x26,0x26,
  0x26,0x26,0x26,0x26,0x26,0x26,0x26,0x26,0x26,0x25,0x25,0x25,0x25,0x25,0x25,0x25,0x18,0x18,0x18,0x18,0x18,0x18,0x19,0x1A,0x1A,0x1A,0x1A,0x1A,0x1A,0x1A,0x1B,0x1C,
  0x1F,0x12,0x12,0x12,0x17,0x19,0x1C,0x1C,0x19,0x19,0x19,0x19,0x19,0x19,0x19,0x19,0x19,0x19,0x19,0x19,0x19,0x19,0x19,0x19,0x19,0x19,0x19,0x19,0x19,0x19,0x19,0x19,
  0x19,0x19,0x19,0x19,0x19,0x19,0x19,0x19,0x12,0x12,0x12,0x17,0x1C,0x1C,0x1C,0x1F,0x18,0x19,0x1A,0x1A,0x1A,0x1A,0x1A,0x1A,0x1A,0x1B,0x1C,0x1C,0x1C,0x1C,0x1C,0x1C,
  0x26,0x26,0x61,0x25,0x25,0x25,0x25,0x25,0x25,0x25,0x25,0x25,0x25,0x25,0x25,0x25,0x25,0x25,0x56,0x59,0x59,0x5C,0x5A,0x36,0x38,0x5F,0x36,0x39,0x5F,0x36,0x39,0x5F,
  0x39,0x94,0x94,0x94,0x94,0x94,0x94,0x94,0x94,0x94,0x94,0x8B,0x8E,0x8D,0x88,0x8A,0x8B,0x8D,0x8F,0x3A,0x16,0x15,0x15,0x15,0x15,0x14,0x14,0x14,0x14,0x19,0x19,0x16,
  0x15,0x18,0x18,0x17,0x17,0x17,0x16,0x16,0x16,0x16,0x16,0x16,0x16,0x16,0x15,0x16,0x26,0x26,0x26,0x26,0x26,0x26,0x26,0x26,0x26,0x26,0x26,0x26,0x26,0x26,0x26,0x26,
  0x26,0x26,0x26,0x26,0x26,0x26,0x26,0x26,0x26,0x26,0x26,0x26,0x26,0x26,0x26,0x26,0x26,0x26,0x26,0x26,0x26,0x26,0x26,0x26,0x26,0x26,0x26,0x26,0x26,0x26,0x26,0x26,
  0x26,0x26,0x26,0x26,0x26,0x26,0x26,0x26,0x26,0x26,0x26,0x26,0x26,0x26,0x26,0x26,0x20,0x21,0x21,0x22,0x24,0x25,0x25,0x25,0x25,0x24,0x24,0x23,0x22,0x18,0x18,0x18,
  0x18,0x18,0x18,0x19,0x19,0x19,0x19,0x19,0x19,0x17,0x17,0x17,0x17,0x17,0x16,0x16,0x16,0x16,0x16,0x16,0x16,0x16,0x16,0x16,0x16,0x16,0x15,0x15,0x19,0x19,0x15,0x15,
  0x15,0x15,0x14,0x14,0x14,0x14,0x19,0x19,0x1C,0x35,0x85,0x87,0x3F,0x83,0x86,0x3F,0x87,0x87,0x84,0x85,0x85,0x37,0x38,0x39,0x37,0x38,0x38,0x85,0x87,0x3F,0x83,0x86,
  0x3F,0x87,0x87,0x3F,0x3C,0x3D,0x3C,0x39,0x3A,0x3B,0x37,0x3A,0x3C,0x37,0x34,0x38,0x37,0x36,0x37,0x39,0x37,0x38,0x83,0x86,0x85,0x80,0x82,0x83,0x85,0x87,0x3B,0x3B,
  0x3C,0x3D,0x3C,0x36,0x35,0x36,0x36,0x36,0x37,0x37,0x37,0x34,0x38,0x37,0x36,0x37,0x39,0x37,0x38,0x38,0x39,0x39,0x39,0x3A,0x3A,0x3A,0x3A,0x3B,0x3B,0x3C,0x3D,0x3C,
  0x26,0x26,0x26,0x26,0x26,0x26,0x26,0x26,0x26,0x26,0x26,0x26,0x26,0x26,0x26,0x26,0x26,0x26,0x26,0x26,0x26,0x26,0x26,0x26,0x61,0x25,0x25,0x25,0x25,0x25,0x25,0x25,
  0x18,0x18,0x18,0x18,0x18,0x18,0x19,0x1A,0x1A,0x1A,0x1A,0x1A,0x1A,0x1A,0x1B,0x1C,0x1F,0x12,0x12,0x12,0x17,0x17,0x1C,0x1C,0x19,0x19,0x19,0x19,0x19,0x19,0x19,0x19,
  0x19,0x19,0x19,0x19,0x19,0x19,0x19,0x19,0x19,0x19,0x19,0x19,0x19,0x19,0x19,0x19,0x19,0x19,0x19,0x19,0x19,0x19,0x19,0x19,0x12,0x12,0x12,0x17,0x1C,0x1C,0x1C,0x1F,
  0x18,0x19,0x1A,0x1A,0x1A,0x1A,0x1A,0x1A,0x1A,0x1B,0x1C,0x1C,0x1C,0x1C,0x1C,0x1C,0x26,0x61,0x25,0x25,0x25,0x25,0x25,0x25,0x25,0x25,0x25,0x25,0x25,0x25,0x25,0x25,
  0x25,0x25,0x56,0x56,0x57,0x57,0x59,0x57,0x5D,0x5D,0x39,0x5F,0x5F,0x5C,0x39,0x5F,0x5D,0x36,0x36,0x37,0x38,0x39,0x39,0x39,0x39,0x3A,0x39,0x8D,0x8F,0x3F,0x8B,0x8E,
  0x3F,0x8F,0x8F,0x3F,0x39,0x3A,0x19,0x19,0x19,0x19,0x19,0x19,0x1B,0x17,0x17,0x17,0x17,0x17,0x16,0x16,0x16,0x16,0x16,0x16,0x16,0x16,0x16,0x16,0x16,0x16,0x15,0x15,
  0x19,0x19,0x26,0x26,0x26,0x26,0x26,0x26,0x26,0x26,0x26,0x26,0x26,0x26,0x26,0x26,0x26,0x26,0x26,0x26,0x26,0x26,0x26,0x26,0x26,0x26,0x26,0x26,0x26,0x26,0x26,0x26,
  0x26,0x26,0x26,0x26,0x26,0x26,0x26,0x26,0x26,0x26,0x26,0x26,0x26,0x26,0x26,0x26,0x26,0x26,0x26,0x26,0x26,0x26,0x26,0x26,0x26,0x26,0x26,0x26,0x26,0x26,0x26,0x26,
  0x21,0x22,0x25,0x25,0x25,0x25,0x25,0x25,0x25,0x25,0x25,0x61,0x26,0x18,0x18,0x18,0x18,0x18,0x18,0x19,0x1A,0x1A,0x1A,0x1A,0x1A,0x18,0x18,0x17,0x17,0x16,0x16,0x16,
  0x16,0x16,0x16,0x16,0x16,0x16,0x15,0x15,0x14,0x15,0x19,0x19,0x1C,0x1C,0x19,0x19,0x19,0x19,0x19,0x19,0x19,0x1B,0x1C,0x36,0x33,0x34,0x35,0x3F,0x3F,0x85,0x87,0x3F,
  0x83,0x86,0x85,0x80,0x82,0x83,0x85,0x87,0x3A,0x3B,0x3B,0x37,0x3F,0x3F,0x85,0x87,0x3F,0x3C,0x3F,0x3F,0x3E,0x3E,0x3E,0x3D,0x4F,0x3B,0x37,0x3D,0x3E,0x35,0x39,0x37,
  0x34,0x39,0x39,0x35,0x39,0x3A,0x85,0x87,0x3F,0x83,0x86,0x3F,0x87,0x87,0x3F,0x35,0x34,0x34,0x35,0x35,0x36,0x37,0x37,0x37,0x37,0x84,0x85,0x85,0x38,0x39,0x39,0x39,
  0x35,0x39,0x3A,0x3B,0x37,0x39,0x3B,0x3B,0x38,0x39,0x3C,0x3B,0x3D,0x3E,0x3E,0x3E,0x3D,0x26,0x26,0x26,0x26,0x26,0x26,0x26,0x26,0x26,0x26,0x26,0x26,0x26,0x26,0x26,
  0x26,0x26,0x26,0x26,0x26,0x26,0x26,0x26,0x25,0x25,0x25,0x25,0x25,0x25,0x25,0x25,0x18,0x18,0x18,0x18,0x18,0x18,0x19,0x1A,0x1A,0x1A,0x1A,0x1A,0x1A,0x1A,0x1B,0x1C,
  0x1F,0x12,0x12,0x12,0x17,0x17,0x1C,0x1C,0x19,0x19,0x19,0x19,0x19,0x19,0x19,0x19,0x19,0x19,0x19,0x19,0x19,0x19,0x19,0x19,0x19,0x19,0x19,0x19,0x19,0x19,0x19,0x19,
  0x19,0x19,0x19,0x19,0x19,0x19,0x19,0x19,0x10,0x10,0x12,0x17,0x1C,0x1C,0x1C,0x1F,0x18,0x19,0x1A,0x1A,0x1A,0x1A,0x1A,0x1A,0x1A,0x1B,0x1C,0x1C,0x1C,0x1C,0x1C,0x1C,
  0x61,0x25,0x25,0x25,0x25,0x25,0x25,0x25,0x25,0x25,0x25,0x25,0x25,0x25,0x25,0x25,0x25,0x25,0x56,0x56,0x56,0x56,0x56,0x57,0x57,0x5B,0x5B,0x5E,0x5C,0x5C,0x59,0x5F,
  0x36,0x38,0x5B,0x36,0x39,0x5C,0x36,0x39,0x5C,0x36,0x36,0x38,0x3F,0x3F,0x8D,0x8F,0x3F,0x5D,0x3F,0x3F,0x5F,0x39,0x3A,0x1A,0x1A,0x1A,0x1A,0x1A,0x1B,0x18,0x18,0x17,
  0x17,0x16,0x16,0x16,0x16,0x16,0x16,0x16,0x16,0x16,0x15,0x15,0x14,0x15,0x19,0x19,0x1C,0x1C,0x26,0x26,0x26,0x26,0x26,0x26,0x26,0x26,0x26,0x26,0x26,0x26,0x26,0x26,
  0x26,0x26,0x26,0x26,0x26,0x26,0x26,0x26,0x26,0x26,0x26,0x26,0x26,0x26,0x26,0x26,0x26,0x26,0x26,0x26,0x26,0x26,0x26,0x26,0x26,0x26,0x26,0x26,0x26,0x26,0x26,0x26,
  0x26,0x26,0x26,0x26,0x26,0x26,0x26,0x26,0x26,0x26,0x26,0x26,0x26,0x26,0x26,0x26,0x21,0x24,0x24,0x25,0x25,0x25,0x25,0x25,0x24,0x25,0x25,0x26,0x26,0x18,0x18,0x18,
  0x18,0x18,0x18,0x19,0x1A,0x1A,0x1A,0x1A,0x1A,0x18,0x18,0x18,0x18,0x17,0x17,0x16,0x15,0x15,0x15,0x15,0x14,0x14,0x14,0x14,0x19,0x19,0x1C,0x1C,0x1C,0x1C,0x1A,0x1A,
  0x1A,0x1A,0x1A,0x1A,0x1A,0x1B,0x34,0x38,0x37,0x36,0x37,0x39,0x37,0x38,0x3F,0x3F,0x85,0x87,0x3F,0x83,0x86,0x3F,0x87,0x87,0x3F,0x3D,0x3C,0x3A,0x3C,0x37,0x3C,0x3F,
  0x3F,0x3C,0x3D,0x39,0x3E,0x3E,0x4F,0x3E,0x4F,0x4D,0x3A,0x3E,0x4F,0x38,0x4D,0x35,0x39,0x3A,0x35,0x39,0x3A,0x3B,0x37,0x3F,0x3F,0x85,0x87,0x3F,0x37,0x3F,0x3F,0x34,
  0x35,0x36,0x37,0x37,0x38,0x38,0x38,0x83,0x86,0x85,0x80,0x82,0x83,0x85,0x87,0x3B,0x39,0x3A,0x3B,0x37,0x3A,0x3C,0x37,0x3C,0x3D,0x37,0x3C,0x3D,0x39,0x3E,0x3E,0x4F,
  0x3E,0x26,0x26,0x26,0x26,0x26,0x26,0x26,0x26,0x26,0x26,0x26,0x26,0x26,0x26,0x26,0x26,0x26,0x26,0x26,0x26,0x26,0x26,0x61,0x25,0x25,0x25,0x25,0x25,0x25,0x25,0x61,
  0x18,0x18,0x18,0x18,0x18,0x18,0x19,0x1A,0x1A,0x1A,0x1A,0x1A,0x1A,0x1A,0x1B,0x1C,0x1F,0x12,0x12,0x12,0x17,0x17,0x19,0x1C,0x19,0x19,0x19,0x19,0x19,0x19,0x19,0x19,
  0x19,0x19,0x19,0x19,0x19,0x19,0x19,0x19,0x19,0x19,0x19,0x19,0x19,0x19,0x19,0x19,0x19,0x19,0x19,0x19,0x19,0x19,0x19,0x19,0x12,0x10,0x15,0x17,0x1C,0x1C,0x1C,0x1F,
  0x18,0x19,0x1A,0x1A,0x1A,0x1A,0x1A,0x1A,0x1A,0x1B,0x1C,0x1C,0x1C,0x1C,0x1C,0x1C,0x25,0x25,0x25,0x25,0x25,0x25,0x25,0x25,0x25,0x25,0x25,0x25,0x25,0x25,0x25,0x25,
  0x25,0x25,0x56,0x56,0x56,0x56,0x36,0x36,0x38,0x39,0x3A,0x59,0x5B,0x59,0x59,0x58,0x5D,0x5B,0x5B,0x39,0x5E,0x5D,0x58,0x36,0x36,0x37,0x38,0x39,0x39,0x39,0x39,0x3F,
  0x3F,0x5F,0x5C,0x39,0x5F,0x5E,0x1A,0x1A,0x1A,0x1A,0x1A,0x1A,0x91,0x18,0x18,0x18,0x18,0x17,0x17,0x16,0x15,0x15,0x15,0x15,0x14,0x14,0x14,0x14,0x19,0x19,0x1C,0x1C,
  0x1C,0x1C,0x26,0x26,0x26,0x26,0x26,0x26,0x26,0x26,0x26,0x26,0x26,0x26,0x26,0x26,0x26,0x26,0x26,0x26,0x26,0x26,0x26,0x26,0x26,0x26,0x26,0x26,0x26,0x26,0x26,0x26,
  0x26,0x26,0x26,0x26,0x26,0x26,0x26,0x26,0x26,0x26,0x26,0x26,0x26,0x26,0x26,0x26,0x26,0x26,0x26,0x26,0x26,0x26,0x26,0x26,0x26,0x26,0x26,0x26,0x26,0x26,0x26,0x61,
  0x22,0x24,0x25,0x25,0x25,0x25,0x25,0x25,0x25,0x24,0x61,0x26,0x26,0x18,0x18,0x18,0x18,0x18,0x18,0x19,0x1A,0x1A,0x1A,0x1A,0x1A,0x18,0x18,0x18,0x18,0x18,0x18,0x19,
  0x19,0x19,0x19,0x19,0x19,0x19,0x19,0x1B,0x1C,0x1C,0x1C,0x1C,0x1C,0x1C,0x1A,0x1A,0x1A,0x1A,0x1A,0x1A,0x1A,0x35,0x39,0x37,0x34,0x39,0x39,0x35,0x39,0x3A,0x3B,0x37,
  0x39,0x3F,0x3F,0x85,0x87,0x3F,0x3B,0x3F,0x3F,0x3E,0x3E,0x3D,0x3E,0x39,0x3C,0x3E,0x4F,0x38,0x3D,0x4F,0x4F,0x3E,0x4F,0x4E,0x4C,0x4D,0x3C,0x4F,0x4F,0x4D,0x4D,0x3A,
  0x4F,0x4F,0x37,0x3A,0x4F,0x3B,0x37,0x3D,0x3E,0x39,0x3F,0x3F,0x34,0x38,0x37,0x36,0x37,0x39,0x37,0x38,0x38,0x39,0x39,0x85,0x87,0x3F,0x83,0x86,0x3F,0x87,0x87,0x3F,
  0x3C,0x4F,0x3B,0x37,0x3D,0x3E,0x39,0x3C,0x3E,0x4F,0x38,0x3D,0x4F,0x4F,0x3E,0x4F,0x26,0x26,0x26,0x26,0x26,0x26,0x26,0x26,0x26,0x26,0x26,0x26,0x26,0x26,0x26,0x26,
  0x26,0x26,0x26,0x26,0x26,0x26,0x61,0x25,0x25,0x25,0x25,0x25,0x25,0x25,0x25,0x26,0x18,0x18,0x18,0x18,0x18,0x18,0x19,0x1A,0x1A,0x1A,0x1A,0x1A,0x1A,0x1A,0x1B,0x1C,
  0x1F,0x12,0x12,0x12,0x17,0x17,0x17,0x1C,0x19,0x19,0x19,0x19,0x19,0x19,0x19,0x19,0x19,0x19,0x19,0x19,0x19,0x19,0x19,0x19,0x19,0x19,0x19,0x19,0x19,0x19,0x19,0x19,
  0x19,0x19,0x19,0x19,0x19,0x19,0x19,0x19,0x12,0x12,0x17,0x17,0x1C,0x1C,0x1C,0x1F,0x18,0x19,0x1A,0x1A,0x1A,0x1A,0x1A,0x1A,0x1A,0x1B,0x1C,0x1C,0x1C,0x1C,0x1C,0x1C,
  0x25,0x25,0x25,0x25,0x25,0x25,0x25,0x25,0x25,0x25,0x25,0x25,0x25,0x25,0x25,0x25,0x25,0x25,0x56,0x56,0x36,0x36,0x37,0x38,0x39,0x39,0x39,0x39,0x3A,0x59,0x58,0x58,
  0x59,0x56,0x59,0x59,0x5C,0x5A,0x36,0x38,0x5F,0x36,0x39,0x5F,0x36,0x39,0x5F,0x39,0x3A,0x5E,0x5E,0x5B,0x5F,0x5E,0x1A,0x1A,0x1A,0x1A,0x1A,0x91,0x93,0x18,0x18,0x18,
  0x18,0x18,0x18,0x19,0x19,0x19,0x19,0x19,0x19,0x19,0x19,0x1B,0x1C,0x1C,0x1C,0x1C,0x1C,0x1C,0x26,0x26,0x26,0x26,0x26,0x26,0x26,0x26,0x26,0x26,0x26,0x26,0x26,0x26,
  0x26,0x26,0x26,0x26,0x26,0x26,0x26,0x26,0x26,0x26,0x26,0x26,0x26,0x26,0x26,0x26,0x26,0x26,0x26,0x26,0x26,0x26,0x26,0x26,0x26,0x26,0x26,0x26,0x26,0x26,0x26,0x26,
  0x26,0x26,0x26,0x26,0x26,0x26,0x26,0x26,0x26,0x26,0x26,0x26,0x26,0x26,0x26,0x25,0x23,0x24,0x25,0x25,0x24,0x25,0x25,0x25,0x25,0x25,0x25,0x26,0x26,0x18,0x18,0x18,
  0x18,0x18,0x18,0x19,0x1A,0x1A,0x1A,0x1A,0x1A,0x18,0x18,0x18,0x18,0x18,0x18,0x19,0x1A,0x1A,0x1A,0x1A,0x1A,0x1A,0x1A,0x1B,0x1C,0x1C,0x1C,0x1C,0x1C,0x1C,0x1A,0x1A,
  0x1A,0x1A,0x1A,0x1A,0x1A,0x38,0x4D,0x35,0x39,0x3A,0x35,0x39,0x3A,0x3B,0x37,0x3A,0x3C,0x37,0x3C,0x3D,0x3F,0x3F,0x3D,0x39,0x3E,0x3E,0x4F,0x3E,0x4F,0x3A,0x3D,0x4F,
  0x4F,0x4F,0x3E,0x4F,0x4F,0x4F,0x4F,0x48,0x4B,0x4B,0x4B,0x4F,0x4D,0x4D,0x48,0x4A,0x4E,0x4B,0x3A,0x4F,0x4F,0x4D,0x3A,0x3E,0x4F,0x3A,0x3D,0x35,0x39,0x37,0x34,0x39,
  0x39,0x35,0x39,0x3A,0x3B,0x37,0x39,0x3B,0x3F,0x3F,0x85,0x87,0x3F,0x3D,0x3F,0x3F,0x3E,0x3D,0x4D,0x3A,0x3E,0x4F,0x3A,0x3D,0x4F,0x4F,0x4F,0x3E,0x4F,0x4F,0x4F,0x4F,
  0x26,0x26,0x26,0x26,0x26,0x26,0x26,0x26,0x26,0x26,0x26,0x26,0x26,0x26,0x26,0x26,0x26,0x26,0x26,0x26,0x26,0x26,0x25,0x25,0x25,0x25,0x25,0x25,0x25,0x25,0x25,0x26,
  0x18,0x18,0x18,0x18,0x18,0x18,0x19,0x1A,0x1A,0x1A,0x1A,0x1A,0x1A,0x1A,0x1B,0x1C,0x1F,0x12,0x12,0x12,0x17,0x17,0x17,0x1C,0x19,0x19,0x19,0x19,0x19,0x19,0x19,0x19,
  0x19,0x19,0x19,0x19,0x19,0x19,0x19,0x19,0x19,0x19,0x19,0x19,0x19,0x19,0x19,0x19,0x19,0x19,0x19,0x19,0x19,0x19,0x19,0x19,0x12,0x12,0x17,0x17,0x1C,0x1C,0x1C,0x1F,
  0x18,0x19,0x1A,0x1A,0x1A,0x1A,0x1A,0x1A,0x1A,0x1B,0x1C,0x1C,0x1C,0x1C,0x1C,0x1C,0x25,0x25,0x25,0x25,0x25,0x25,0x25,0x25,0x25,0x25,0x25,0x25,0x25,0x25,0x8C,0x8D,
  0x8D,0x38,0x39,0x36,0x38,0x59,0x36,0x39,0x5C,0x36,0x39,0x36,0x39,0x3A,0x39,0x3A,0x59,0x56,0x56,0x57,0x57,0x59,0x57,0x5D,0x5D,0x39,0x5F,0x5F,0x5C,0x39,0x5F,0x5D,
  0x5F,0x5F,0x5B,0x5B,0x5A,0x5E,0x1A,0x1A,0x1A,0x1A,0x1A,0x90,0x94,0x18,0x18,0x18,0x18,0x18,0x18,0x19,0x1A,0x1A,0x1A,0x1A,0x1A,0x1A,0x1A,0x1B,0x1C,0x1C,0x1C,0x1C,
  0x1C,0x1C,0x26,0x26,0x26,0x26,0x26,0x26,0x26,0x26,0x26,0x26,0x26,0x26,0x26,0x26,0x26,0x26,0x26,0x26,0x26,0x26,0x26,0x26,0x26,0x26,0x26,0x26,0x26,0x26,0x26,0x26,
  0x26,0x26,0x26,0x26,0x26,0x26,0x26,0x26,0x26,0x26,0x26,0x26,0x26,0x26,0x26,0x26,0x26,0x26,0x26,0x26,0x26,0x26,0x26,0x26,0x26,0x26,0x26,0x26,0x26,0x26,0x61,0x25,
  0x24,0x24,0x25,0x25,0x25,0x25,0x25,0x25,0x25,0x25,0x26,0x25,0x26,0x18,0x18,0x18,0x18,0x18,0x18,0x19,0x1A,0x1A,0x1A,0x1A,0x1A,0x18,0x18,0x18,0x18,0x18,0x18,0x19,
  0x1A,0x1A,0x1A,0x1A,0x1A,0x1A,0x1A,0x1B,0x1C,0x1C,0x1C,0x1C,0x1C,0x1C,0x1A,0x1A,0x1A,0x1A,0x1A,0x1A,0x1A,0x1B,0x4D,0x3A,0x4F,0x4F,0x37,0x3A,0x4F,0x3B,0x37,0x3D,
  0x3E,0x39,0x3C,0x3E,0x4F,0x38,0x3D,0x4F,0x4F,0x3E,0x4F,0x4F,0x4F,0x4D,0x3D,0x4F,0x4E,0x4F,0x4D,0x4F,0x4F,0x4D,0x4D,0x48,0x49,0x4B,0x4A,0x4A,0x4C,0x4B,0x48,0x48,
  0x49,0x4A,0x49,0x4E,0x4C,0x4D,0x3C,0x4F,0x4F,0x4D,0x3D,0x38,0x4D,0x35,0x39,0x3A,0x35,0x39,0x3A,0x3B,0x37,0x3A,0x3C,0x37,0x3C,0x3D,0x37,0x3F,0x3F,0x39,0x3E,0x3E,
  0x4F,0x3E,0x4D,0x3C,0x4F,0x4F,0x4D,0x3D,0x4F,0x4E,0x4F,0x4D,0x4F,0x4F,0x4D,0x4D,0x26,0x26,0x26,0x26,0x26,0x26,0x26,0x26,0x26,0x26,0x26,0x26,0x26,0x26,0x26,0x26,
  0x26,0x26,0x26,0x26,0x26,0x61,0x25,0x25,0x25,0x25,0x25,0x25,0x25,0x25,0x25,0x26,0x18,0x18,0x18,0x18,0x18,0x18,0x19,0x1A,0x1A,0x1A,0x1A,0x1A,0x1A,0x1A,0x1B,0x1C,
  0x1F,0x12,0x12,0x12,0x17,0x17,0x17,0x19,0x19,0x19,0x19,0x19,0x19,0x19,0x19,0x19,0x19,0x19,0x19,0x19,0x19,0x19,0x19,0x19,0x19,0x19,0x19,0x19,0x19,0x19,0x19,0x19,
  0x19,0x19,0x19,0x19,0x19,0x19,0x19,0x19,0x10,0x12,0x17,0x17,0x1C,0x1C,0x1C,0x1F,0x18,0x19,0x1A,0x1A,0x1A,0x1A,0x1A,0x1A,0x1A,0x1B,0x1C,0x1C,0x1C,0x1C,0x1C,0x1C,
  0x25,0x25,0x25,0x25,0x25,0x25,0x25,0x25,0x25,0x25,0x25,0x25,0x8B,0x8E,0x8D,0x88,0x8A,0x8B,0x8D,0x8F,0x39,0x3A,0x39,0x5C,0x5C,0x36,0x39,0x37,0x38,0x39,0x39,0x39,
  0x39,0x3A,0x56,0x56,0x56,0x56,0x57,0x57,0x5B,0x5B,0x5E,0x5C,0x5C,0x59,0x5F,0x5D,0x5B,0x5E,0x5E,0x5A,0x5A,0x5A,0x1A,0x1A,0x1A,0x1A,0x1A,0x91,0x94,0x18,0x18,0x18,
  0x18,0x18,0x18,0x19,0x1A,0x1A,0x1A,0x1A,0x1A,0x1A,0x1A,0x1B,0x1C,0x1C,0x1C,0x1C,0x1C,0x1C,0x26,0x26,0x26,0x26,0x26,0x26,0x26,0x26,0x26,0x26,0x26,0x26,0x26,0x26,
  0x26,0x26,0x26,0x26,0x26,0x26,0x26,0x26,0x26,0x26,0x26,0x26,0x26,0x26,0x26,0x26,0x26,0x26,0x26,0x26,0x26,0x26,0x26,0x26,0x26,0x26,0x26,0x26,0x26,0x26,0x26,0x26,
  0x26,0x26,0x26,0x26,0x26,0x26,0x26,0x26,0x26,0x26,0x26,0x26,0x26,0x61,0x25,0x25,0x24,0x25,0x25,0x25,0x25,0x25,0x25,0x25,0x25,0x25,0x26,0x26,0x26,0x18,0x18,0x18,
  0x18,0x18,0x18,0x19,0x1A,0x1A,0x1A,0x1A,0x1A,0x18,0x18,0x18,0x18,0x18,0x18,0x19,0x1A,0x1A,0x1A,0x1A,0x1A,0x1A,0x1A,0x1B,0x1C,0x1C,0x1C,0x1C,0x1C,0x1C,0x1A,0x1A,
  0x1A,0x1A,0x1A,0x1A,0x1A,0x1B,0x48,0x4A,0x4E,0x4B,0x3A,0x4F,0x4F,0x4D,0x3A,0x3E,0x4F,0x3A,0x3D,0x4F,0x4F,0x4F,0x3E,0x4F,0x4F,0x4F,0x4F,0x4F,0x4D,0x4D,0x4B,0x4F,
  0x4E,0x4D,0x4D,0x4C,0x4F,0x4D,0x4C,0x48,0x49,0x4A,0x4A,0x4A,0x4A,0x4B,0x48,0x48,0x48,0x48,0x49,0x48,0x4B,0x4B,0x4B,0x4F,0x4D,0x4D,0x4B,0x4F,0x4D,0x3A,0x4F,0x4F,
  0x37,0x3A,0x4F,0x3B,0x37,0x3D,0x3E,0x39,0x3C,0x3E,0x4F,0x38,0x3D,0x4F,0x4F,0x3E,0x4F,0x4B,0x4B,0x4B,0x4F,0x4D,0x4D,0x4B,0x4F,0x4E,0x4D,0x4D,0x4C,0x4F,0x4D,0x4C,
  0x26,0x26,0x26,0x26,0x26,0x26,0x26,0x26,0x26,0x26,0x26,0x26,0x26,0x26,0x26,0x26,0x26,0x26,0x26,0x26,0x61,0x25,0x25,0x25,0x25,0x25,0x25,0x25,0x25,0x25,0x61,0x26,
  0x18,0x18,0x18,0x18,0x18,0x18,0x19,0x1A,0x1A,0x1A,0x1A,0x1A,0x1A,0x1A,0x1B,0x1C,0x1F,0x12,0x12,0x12,0x17,0x17,0x17,0x17,0x19,0x19,0x19,0x19,0x19,0x19,0x19,0x19,
  0x19,0x19,0x19,0x19,0x19,0x19,0x19,0x19,0x19,0x19,0x19,0x19,0x19,0x19,0x19,0x19,0x19,0x19,0x19,0x19,0x19,0x19,0x19,0x19,0x10,0x12,0x17,0x17,0x1C,0x1C,0x1C,0x1F,
  0x18,0x19,0x1A,0x1A,0x1A,0x1A,0x1A,0x1A,0x1A,0x1B,0x1C,0x1C,0x1C,0x1C,0x1C,0x1C,0x25,0x25,0x25,0x25,0x25,0x25,0x25,0x25,0x25,0x25,0x25,0x25,0x8D,0x8F,0x3F,0x8B,
  0x8E,0x3F,0x8F,0x8F,0x3F,0x36,0x36,0x38,0x39,0x3A,0x5A,0x36,0x39,0x5D,0x36,0x39,0x5F,0x39,0x3A,0x56,0x56,0x56,0x56,0x57,0x58,0x59,0x59,0x5B,0x59,0x59,0x58,0x5D,
  0x5B,0x5A,0x5B,0x5B,0x5A,0x5A,0x1A,0x1A,0x1A,0x1A,0x1A,0x92,0x93,0x18,0x18,0x18,0x18,0x18,0x18,0x19,0x1A,0x1A,0x1A,0x1A,0x1A,0x1A,0x1A,0x1B,0x1C,0x1C,0x1C,0x1C,
  0x1C,0x1C,0x26,0x26,0x26,0x26,0x26,0x26,0x26,0x26,0x26,0x26,0x26,0x26,0x26,0x26,0x26,0x26,0x26,0x26,0x26,0x26,0x26,0x26,0x26,0x26,0x26,0x26,0x26,0x26,0x26,0x26,
  0x26,0x26,0x26,0x26,0x26,0x26,0x26,0x26,0x26,0x26,0x26,0x26,0x26,0x26,0x26,0x26,0x26,0x26,0x26,0x26,0x26,0x26,0x26,0x26,0x26,0x26,0x26,0x26,0x26,0x25,0x25,0x25,
  0x24,0x25,0x25,0x25,0x25,0x25,0x25,0x25,0x25,0x61,0x26,0x26,0x26,0x26,0x19,0x18,0x18,0x18,0x18,0x19,0x1A,0x1A,0x1A,0x1A,0x1A,0x18,0x18,0x18,0x18,0x18,0x18,0x19,
  0x1A,0x1A,0x1A,0x1A,0x1A,0x1A,0x1A,0x1B,0x1C,0x1C,0x1C,0x1C,0x1C,0x1C,0x1A,0x1A,0x1A,0x1A,0x1A,0x1A,0x1A,0x1B,0x48,0x48,0x49,0x4A,0x49,0x4E,0x4C,0x4D,0x3C,0x4F,
  0x4F,0x4D,0x3D,0x4F,0x4E,0x4F,0x4D,0x4F,0x4F,0x4D,0x4D,0x4A,0x4C,0x4B,0x4B,0x4A,0x4E,0x4D,0x4C,0x4C,0x4C,0x4D,0x4C,0x48,0x49,0x4A,0x4A,0x4A,0x4A,0x4A,0x48,0x48,
  0x48,0x48,0x48,0x48,0x49,0x4B,0x4A,0x4A,0x4C,0x4B,0x4B,0x4A,0x48,0x4A,0x4E,0x4B,0x3A,0x4F,0x4F,0x4D,0x3A,0x3E,0x4F,0x3A,0x3D,0x4F,0x4F,0x4F,0x3E,0x4F,0x4F,0x4F,
  0x4F,0x49,0x4B,0x4A,0x4A,0x4C,0x4B,0x4B,0x4A,0x4E,0x4D,0x4C,0x4C,0x4C,0x4D,0x4C,0x26,0x26,0x26,0x26,0x26,0x26,0x26,0x26,0x26,0x26,0x26,0x26,0x26,0x26,0x26,0x26,
  0x26,0x26,0x26,0x26,0x25,0x25,0x25,0x25,0x25,0x25,0x25,0x25,0x25,0x25,0x26,0x26,0x18,0x18,0x18,0x18,0x18,0x18,0x19,0x1A,0x1A,0x1A,0x1A,0x1A,0x1A,0x1A,0x1B,0x1C,
  0x1F,0x12,0x12,0x12,0x17,0x17,0x17,0x17,0x15,0x12,0x12,0x12,0x12,0x12,0x12,0x12,0x12,0x12,0x12,0x12,0x12,0x12,0x10,0x10,0x12,0x12,0x12,0x12,0x12,0x12,0x12,0x12,
  0x12,0x12,0x12,0x12,0x12,0x12,0x12,0x10,0x10,0x15,0x17,0x17,0x1C,0x1C,0x1C,0x1F,0x18,0x19,0x1A,0x1A,0x1A,0x1A,0x1A,0x1A,0x1A,0x1B,0x1C,0x1C,0x1C,0x1C,0x1C,0x1C,
  0x25,0x25,0x25,0x25,0x25,0x25,0x25,0x25,0x25,0x25,0x25,0x25,0x25,0x3F,0x3F,0x8D,0x8F,0x3F,0x58,0x3F,0x3F,0x37,0x38,0x39,0x39,0x39,0x8C,0x8D,0x8D,0x5F,0x5C,0x39,
  0x5F,0x5E,0x56,0x56,0x56,0x56,0x56,0x57,0x58,0x58,0x58,0x58,0x59,0x58,0x58,0x59,0x5B,0x5A,0x5A,0x5A,0x5A,0x5A,0x1A,0x1A,0x1A,0x1A,0x1A,0x92,0x93,0x18,0x18,0x18,
  0x18,0x18,0x18,0x19,0x1A,0x1A,0x1A,0x1A,0x1A,0x1A,0x1A,0x1B,0x1C,0x1C,0x1C,0x1C,0x1C,0x1C,0x26,0x26,0x26,0x26,0x26,0x26,0x26,0x26,0x26,0x26,0x26,0x26,0x26,0x26,
  0x26,0x26,0x26,0x26,0x26,0x26,0x26,0x26,0x26,0x26,0x26,0x26,0x26,0x26,0x26,0x26,0x26,0x26,0x26,0x26,0x26,0x26,0x26,0x26,0x26,0x26,0x26,0x26,0x26,0x26,0x26,0x26,
  0x26,0x26,0x26,0x26,0x26,0x26,0x26,0x26,0x26,0x26,0x26,0x26,0x61,0x25,0x25,0x25,0x24,0x25,0x24,0x25,0x25,0x25,0x25,0x25,0x24,0x26,0x26,0x26,0x26,0x26,0x1A,0x1A,
  0x18,0x18,0x18,0x19,0x1A,0x1A,0x1A,0x1A,0x1A,0x18,0x18,0x18,0x18,0x18,0x18,0x19,0x1A,0x1A,0x1A,0x1A,0x1A,0x1A,0x1A,0x1B,0x1C,0x1C,0x1C,0x1C,0x1C,0x1C,0x1A,0x1A,
  0x1A,0x1A,0x1A,0x1A,0x1A,0x1B,0x48,0x48,0x48,0x48,0x49,0x48,0x4B,0x4B,0x4B,0x4F,0x4D,0x4D,0x4B,0x4F,0x4E,0x4D,0x4D,0x4C,0x4F,0x4D,0x4C,0x4A,0x4A,0x4B,0x4A,0x4A,
  0x4B,0x4D,0x4C,0x4C,0x4C,0x4D,0x4C,0x4B,0x49,0x4A,0x4A,0x4A,0x4A,0x4A,0x4A,0x4A,0x48,0x48,0x48,0x48,0x49,0x4A,0x4A,0x4A,0x4A,0x4B,0x4A,0x4A,0x48,0x48,0x49,0x4A,
  0x49,0x4E,0x4C,0x4D,0x3C,0x4F,0x4F,0x4D,0x3D,0x4F,0x4E,0x4F,0x4D,0x4F,0x4F,0x4D,0x4D,0x49,0x4A,0x4A,0x4A,0x4A,0x4B,0x4A,0x4A,0x4B,0x4D,0x4C,0x4C,0x4C,0x4C,0x2B,
  0x26,0x26,0x26,0x26,0x26,0x26,0x26,0x26,0x26,0x26,0x26,0x26,0x26,0x26,0x26,0x26,0x26,0x26,0x26,0x61,0x25,0x25,0x25,0x25,0x25,0x25,0x25,0x25,0x25,0x25,0x26,0x26,
  0x18,0x18,0x18,0x18,0x18,0x18,0x19,0x1A,0x1A,0x1A,0x1A,0x1A,0x1A,0x1A,0x1B,0x1C,0x1F,0x12,0x12,0x12,0x17,0x17,0x17,0x17,0x17,0x17,0x17,0x15,0x12,0x12,0x12,0x12,
  0x12,0x12,0x12,0x12,0x12,0x10,0x10,0x12,0x15,0x17,0x17,0x17,0x17,0x17,0x15,0x12,0x12,0x12,0x12,0x12,0x12,0x12,0x10,0x10,0x15,0x17,0x17,0x19,0x1F,0x1F,0x1F,0x1F,
  0x18,0x19,0x1A,0x1A,0x1A,0x1A,0x1A,0x1A,0x1A,0x1B,0x1C,0x1C,0x1C,0x1C,0x1C,0x1C,0x25,0x25,0x25,0x25,0x25,0x25,0x25,0x25,0x25,0x25,0x25,0x25,0x25,0x56,0x59,0x59,
  0x3F,0x3F,0x36,0x38,0x5F,0x36,0x39,0x5F,0x8B,0x8E,0x8D,0x88,0x8A,0x8B,0x8D,0x8F,0x5F,0x5E,0x56,0x56,0x56,0x56,0x56,0x57,0x58,0x58,0x58,0x58,0x58,0x58,0x58,0x59,
  0x5A,0x5A,0x5A,0x5A,0x5D,0x5D,0x5D,0x1A,0x1A,0x1A,0x1A,0x93,0x93,0x18,0x18,0x18,0x18,0x18,0x18,0x19,0x1A,0x1A,0x1A,0x1A,0x1A,0x1A,0x1A,0x1B,0x1C,0x1C,0x1C,0x1C,
  0x1C,0x1C,0x26,0x26,0x26,0x26,0x26,0x26,0x26,0x26,0x26,0x26,0x26,0x26,0x26,0x26,0x26,0x26,0x26,0x26,0x26,0x26,0x26,0x26,0x26,0x26,0x26,0x26,0x26,0x26,0x26,0x26,
  0x26,0x26,0x26,0x26,0x26,0x26,0x26,0x26,0x26,0x26,0x26,0x26,0x26,0x26,0x26,0x26,0x26,0x26,0x26,0x26,0x26,0x26,0x26,0x26,0x26,0x26,0x26,0x61,0x25,0x25,0x25,0x25,
  0x24,0x25,0x25,0x24,0x25,0x25,0x25,0x25,0x25,0x25,0x26,0x26,0x26,0x26,0x25,0x1A,0x19,0x19,0x18,0x19,0x1A,0x1A,0x1A,0x1A,0x1A,0x18,0x18,0x18,0x18,0x18,0x18,0x19,
  0x1A,0x1A,0x1A,0x1A,0x1A,0x1A,0x1A,0x1B,0x1C,0x1C,0x1C,0x1C,0x1C,0x1B,0x1A,0x1A,0x1A,0x1A,0x1A,0x1A,0x1A,0x1B,0x48,0x48,0x48,0x48,0x48,0x48,0x49,0x4B,0x4A,0x4A,
  0x4C,0x4B,0x4B,0x4A,0x4E,0x4D,0x4C,0x4C,0x4C,0x4D,0x4C,0x4A,0x4A,0x4A,0x4A,0x4A,0x4B,0x4C,0x4C,0x4D,0x4D,0x4D,0x4F,0x4D,0x4D,0x4D,0x4B,0x4B,0x4A,0x4A,0x4B,0x49,
  0x4A,0x49,0x48,0x48,0x49,0x4A,0x4A,0x4A,0x4A,0x4A,0x4A,0x4A,0x48,0x48,0x48,0x48,0x49,0x48,0x4B,0x4B,0x4B,0x4F,0x4D,0x4D,0x4B,0x4F,0x4E,0x4D,0x4D,0x4C,0x4F,0x4D,
  0x4C,0x49,0x4A,0x4A,0x4A,0x4A,0x4A,0x4A,0x4A,0x4B,0x4C,0x4C,0x4C,0x4D,0x2B,0x26,0x26,0x26,0x26,0x26,0x26,0x26,0x26,0x26,0x26,0x26,0x26,0x26,0x26,0x26,0x26,0x26,
  0x26,0x26,0x61,0x25,0x25,0x25,0x25,0x25,0x25,0x25,0x25,0x25,0x25,0x61,0x26,0x26,0x18,0x18,0x18,0x18,0x18,0x18,0x19,0x1A,0x1A,0x1A,0x1A,0x1A,0x1A,0x1A,0x1B,0x1C,
  0x1F,0x12,0x12,0x12,0x17,0x17,0x17,0x17,0x17,0x17,0x17,0x17,0x17,0x17,0x17,0x17,0x17,0x17,0x17,0x17,0x17,0x17,0x17,0x17,0x17,0x17,0x17,0x17,0x17,0x17,0x17,0x17,
  0x17,0x17,0x17,0x17,0x17,0x17,0x17,0x17,0x17,0x17,0x19,0x1F,0x1F,0x1F,0x1F,0x1F,0x18,0x19,0x1A,0x1A,0x1A,0x1A,0x1A,0x1A,0x1A,0x1B,0x1C,0x1C,0x1C,0x1C,0x1C,0x1C,
  0x25,0x25,0x25,0x25,0x25,0x25,0x25,0x25,0x25,0x25,0x25,0x25,0x25,0x56,0x56,0x57,0x57,0x59,0x57,0x5D,0x5D,0x39,0x5F,0x5F,0x8D,0x8F,0x3F,0x8B,0x8E,0x3F,0x8F,0x8F,
  0x3F,0x5E,0x56,0x56,0x56,0x56,0x56,0x57,0x58,0x58,0x58,0x58,0x58,0x58,0x58,0x59,0x5A,0x5A,0x5A,0x5B,0x5D,0x5E,0x5E,0x1A,0x1A,0x1A,0x1A,0x93,0x93,0x18,0x18,0x18,
  0x18,0x18,0x18,0x19,0x1A,0x1A,0x1A,0x1A,0x1A,0x1A,0x1A,0x1B,0x1C,0x1C,0x1C,0x1C,0x1C,0x1D,0x26,0x26,0x26,0x26,0x26,0x26,0x26,0x26,0x26,0x26,0x26,0x26,0x26,0x26,
  0x26,0x26,0x26,0x26,0x26,0x26,0x26,0x26,0x26,0x26,0x26,0x26,0x26,0x26,0x26,0x26,0x26,0x26,0x26,0x26,0x26,0x26,0x26,0x26,0x26,0x26,0x26,0x26,0x26,0x26,0x26,0x26,
  0x26,0x26,0x26,0x26,0x26,0x26,0x26,0x26,0x26,0x26,0x26,0x25,0x25,0x25,0x25,0x25,0x24,0x25,0x25,0x25,0x25,0x25,0x25,0x25,0x61,0x26,0x26,0x26,0x26,0x26,0x24,0x1A,
  0x1A,0x19,0x19,0x1A,0x1A,0x1A,0x1A,0x1B,0x1B,0x1B,0x19,0x18,0x18,0x18,0x18,0x19,0x1A,0x1A,0x1A,0x1A,0x1A,0x1A,0x1A,0x1B,0x1C,0x1C,0x1C,0x1C,0x1D,0x1A,0x1A,0x1A,
  0x1A,0x1A,0x1A,0x1A,0x1A,0x1B,0x49,0x48,0x48,0x48,0x48,0x48,0x49,0x4A,0x4A,0x4A,0x4A,0x4B,0x4A,0x4A,0x4B,0x4D,0x4C,0x4C,0x4C,0x4A,0x4A,0x4A,0x4A,0x4A,0x4A,0x4A,
  0x4B,0x4E,0x4E,0x4E,0x4E,0x4F,0x4F,0x4F,0x4D,0x4D,0x4D,0x4C,0x4C,0x4C,0x4D,0x4D,0x4B,0x4B,0x49,0x49,0x49,0x4A,0x4A,0x4A,0x4A,0x4A,0x4A,0x4A,0x48,0x48,0x48,0x48,
  0x48,0x48,0x49,0x4B,0x4A,0x4A,0x4C,0x4B,0x4B,0x4A,0x4E,0x4D,0x4C,0x4C,0x4C,0x4D,0x4C,0x49,0x4A,0x4A,0x4A,0x4A,0x4A,0x4A,0x4A,0x4B,0x4C,0x4D,0x4D,0x4D,0x29,0x26,
  0x26,0x26,0x26,0x26,0x26,0x26,0x26,0x26,0x26,0x26,0x26,0x26,0x26,0x26,0x26,0x26,0x26,0x26,0x25,0x25,0x25,0x25,0x25,0x25,0x25,0x25,0x25,0x25,0x25,0x26,0x26,0x26,
  0x18,0x18,0x18,0x18,0x18,0x18,0x19,0x1A,0x1A,0x1A,0x1A,0x1A,0x1A,0x1A,0x1B,0x1C,0x1F,0x12,0x12,0x14,0x17,0x17,0x17,0x17,0x17,0x17,0x17,0x17,0x17,0x17,0x17,0x17,
  0x17,0x17,0x17,0x17,0x17,0x17,0x17,0x17,0x17,0x17,0x17,0x17,0x17,0x17,0x17,0x17,0x17,0x17,0x17,0x17,0x19,0x1F,0x1F,0x1F,0x1F,0x1F,0x1F,0x1F,0x1F,0x1F,0x1F,0x1F,
  0x18,0x19,0x1A,0x1A,0x1A,0x1A,0x1A,0x1A,0x1A,0x1B,0x1C,0x1C,0x1C,0x1C,0x1C,0x1C,0x25,0x25,0x25,0x25,0x25,0x25,0x25,0x25,0x25,0x25,0x25,0x25,0x25,0x58,0x56,0x56,
  0x56,0x56,0x57,0x57,0x5B,0x5B,0x5E,0x5C,0x5C,0x3F,0x3F,0x8D,0x8F,0x3F,0x5E,0x3F,0x3F,0x5A,0x57,0x56,0x56,0x56,0x56,0x57,0x58,0x58,0x58,0x58,0x58,0x58,0x58,0x59,
  0x5A,0x5A,0x5A,0x5C,0x5E,0x5F,0x5F,0x1A,0x1A,0x1A,0x1B,0x93,0x93,0x1B,0x19,0x18,0x18,0x18,0x18,0x19,0x1A,0x1A,0x1A,0x1A,0x1A,0x1A,0x1A,0x1B,0x1C,0x1C,0x1C,0x1C,
  0x1D,0x2A,0x26,0x26,0x26,0x26,0x26,0x26,0x26,0x26,0x26,0x26,0x26,0x26,0x26,0x26,0x26,0x26,0x26,0x26,0x26,0x26,0x26,0x26,0x26,0x26,0x26,0x26,0x26,0x26,0x26,0x26,
  0x26,0x26,0x26,0x26,0x26,0x26,0x26,0x26,0x26,0x26,0x26,0x26,0x26,0x26,0x26,0x26,0x26,0x26,0x26,0x26,0x26,0x26,0x26,0x26,0x26,0x26,0x61,0x25,0x25,0x25,0x25,0x25,
  0x24,0x25,0x25,0x25,0x25,0x25,0x25,0x25,0x26,0x26,0x26,0x25,0x26,0x26,0x24,0x23,0x1A,0x1A,0x1A,0x1B,0x1B,0x1B,0x1B,0x1B,0x1C,0x1C,0x1A,0x1A,0x18,0x18,0x18,0x19,
  0x1A,0x1A,0x1A,0x1A,0x1A,0x1A,0x1A,0x1B,0x1C,0x1C,0x1C,0x1D,0x1B,0x1A,0x1A,0x1A,0x1A,0x1B,0x1B,0x1B,0x1B,0x1C,0x49,0x4A,0x49,0x49,0x48,0x48,0x49,0x4A,0x4A,0x4A,
  0x4A,0x4A,0x4A,0x4A,0x4B,0x4C,0x4C,0x4C,0x4D,0x4D,0x4B,0x4B,0x4A,0x4A,0x4B,0x4C,0x4E,0x4F,0x4F,0x4F,0x4D,0x4F,0x4F,0x4F,0x4D,0x4F,0x4F,0x4F,0x4D,0x4D,0x4D,0x4D,
  0x4F,0x4D,0x4C,0x4B,0x4B,0x4B,0x4B,0x4B,0x4A,0x4A,0x4A,0x4A,0x4C,0x49,0x48,0x48,0x48,0x48,0x49,0x4A,0x4A,0x4A,0x4A,0x4B,0x4A,0x4A,0x4B,0x4D,0x4C,0x4C,0x4C,0x4C,
  0x4B,0x4B,0x4B,0x4B,0x4B,0x4A,0x4A,0x4A,0x4A,0x4C,0x4E,0x4E,0x4E,0x2B,0x26,0x26,0x26,0x26,0x26,0x26,0x26,0x26,0x26,0x26,0x26,0x26,0x26,0x26,0x26,0x26,0x26,0x26,
  0x26,0x61,0x25,0x25,0x25,0x25,0x25,0x25,0x25,0x25,0x25,0x25,0x25,0x26,0x26,0x26,0x18,0x18,0x18,0x18,0x18,0x18,0x19,0x1A,0x1A,0x1A,0x1A,0x1A,0x1A,0x1A,0x1B,0x1C,
  0x1F,0x12,0x14,0x17,0x17,0x17,0x17,0x17,0x17,0x17,0x17,0x17,0x17,0x17,0x17,0x17,0x17,0x17,0x17,0x17,0x17,0x17,0x17,0x17,0x17,0x17,0x17,0x17,0x17,0x17,0x17,0x17,
  0x17,0x17,0x19,0x1F,0x1F,0x1F,0x1F,0x1F,0x1F,0x1F,0x1F,0x1F,0x1F,0x1F,0x1F,0x1F,0x18,0x19,0x1A,0x1A,0x1A,0x1A,0x1A,0x1A,0x1A,0x1B,0x1C,0x1C,0x1C,0x1C,0x1C,0x1C,
  0x25,0x25,0x25,0x25,0x25,0x25,0x25,0x25,0x25,0x25,0x25,0x25,0x25,0x25,0x58,0x57,0x56,0x56,0x56,0x57,0x58,0x59,0x59,0x5B,0x59,0x59,0x58,0x5D,0x3F,0x3F,0x5B,0x5B,
  0x5A,0x5C,0x58,0x57,0x56,0x56,0x57,0x57,0x58,0x58,0x58,0x58,0x58,0x58,0x59,0x59,0x5A,0x5A,0x5B,0x5C,0x5D,0x5D,0x1B,0x1B,0x1B,0x1B,0x1B,0x92,0x93,0x1C,0x1E,0x1A,
  0x18,0x18,0x18,0x19,0x1A,0x1A,0x1A,0x1A,0x1A,0x1A,0x1A,0x1B,0x1C,0x1C,0x1C,0x1D,0x2A,0x28,0x26,0x26,0x26,0x26,0x26,0x26,0x26,0x26,0x26,0x26,0x26,0x26,0x26,0x26,
  0x26,0x26,0x26,0x26,0x26,0x26,0x26,0x26,0x26,0x26,0x26,0x26,0x26,0x26,0x26,0x26,0x26,0x26,0x26,0x26,0x26,0x26,0x26,0x26,0x26,0x26,0x26,0x26,0x26,0x26,0x26,0x26,
  0x26,0x26,0x26,0x26,0x26,0x26,0x26,0x26,0x26,0x61,0x25,0x25,0x25,0x25,0x25,0x25,0x24,0x24,0x25,0x25,0x25,0x25,0x26,0x25,0x26,0x26,0x26,0x26,0x25,0x26,0x23,0x22,
  0x26,0x29,0x1A,0x1A,0x1B,0x1C,0x1C,0x1C,0x1C,0x1D,0x1E,0x1A,0x19,0x19,0x18,0x19,0x1A,0x1A,0x1A,0x1A,0x1A,0x1A,0x1A,0x1B,0x1C,0x1C,0x1D,0x1D,0x1C,0x1B,0x1B,0x1B,
  0x1B,0x1B,0x1C,0x1C,0x1C,0x1C,0x1D,0x4B,0x4B,0x49,0x49,0x4A,0x49,0x4A,0x4A,0x4A,0x4A,0x4A,0x4A,0x4A,0x4B,0x4D,0x4D,0x4D,0x4F,0x4F,0x4F,0x4C,0x4C,0x4C,0x4D,0x4D,
  0x4E,0x4F,0x4F,0x4F,0x4D,0x4D,0x4F,0x4F,0x4F,0x4D,0x4F,0x4F,0x4F,0x4F,0x4F,0x4F,0x4F,0x4F,0x4F,0x4D,0x4D,0x4D,0x4B,0x4B,0x4A,0x4A,0x4B,0x4C,0x4E,0x49,0x4A,0x49,
  0x48,0x48,0x49,0x4A,0x4A,0x4A,0x4A,0x4A,0x4A,0x4A,0x4B,0x4C,0x4C,0x4C,0x4C,0x4D,0x4D,0x4D,0x4D,0x4B,0x4B,0x4A,0x4A,0x4B,0x4C,0x4E,0x4F,0x4F,0x2B,0x26,0x26,0x26,
  0x26,0x26,0x26,0x26,0x26,0x26,0x26,0x26,0x26,0x26,0x26,0x26,0x26,0x26,0x26,0x26,0x61,0x25,0x25,0x25,0x25,0x25,0x25,0x25,0x25,0x25,0x25,0x25,0x25,0x26,0x26,0x26,
  0x18,0x18,0x18,0x18,0x18,0x18,0x19,0x1A,0x1A,0x1A,0x1A,0x1A,0x1A,0x1A,0x1B,0x1C,0x1F,0x18,0x17,0x19,0x1C,0x1C,0x1C,0x1C,0x1C,0x1C,0x1C,0x1C,0x1C,0x1C,0x1C,0x1C,
  0x1C,0x1C,0x1C,0x1C,0x1C,0x1C,0x1C,0x1C,0x1C,0x1C,0x1C,0x1C,0x1C,0x1C,0x1C,0x1C,0x1C,0x1C,0x1C,0x1F,0x1F,0x1F,0x1F,0x1F,0x1F,0x1F,0x1F,0x1F,0x1F,0x1F,0x1F,0x1F,
  0x18,0x19,0x1A,0x1A,0x1A,0x1A,0x1A,0x1A,0x1A,0x1B,0x1C,0x1C,0x1C,0x1C,0x1C,0x1C,0x25,0x25,0x25,0x25,0x25,0x25,0x25,0x25,0x25,0x25,0x25,0x25,0x25,0x25,0x58,0x58,
  0x57,0x57,0x57,0x58,0x58,0x58,0x58,0x58,0x59,0x59,0x59,0x59,0x5B,0x5A,0x5C,0x5D,0x5E,0x5C,0x58,0x58,0x57,0x57,0x57,0x58,0x58,0x58,0x58,0x58,0x58,0x59,0x59,0x59,
  0x5A,0x5A,0x5C,0x5D,0x5E,0x5E,0x1A,0x1B,0x1C,0x1C,0x1C,0x92,0x93,0x1E,0x94,0x1A,0x19,0x19,0x18,0x19,0x1A,0x1A,0x1A,0x1A,0x1A,0x1A,0x1A,0x1B,0x1C,0x1C,0x1D,0x1D,
  0x29,0x26,0x26,0x26,0x26,0x26,0x26,0x26,0x26,0x26,0x26,0x26,0x26,0x26,0x26,0x26,0x26,0x26,0x26,0x26,0x26,0x26,0x26,0x26,0x26,0x26,0x26,0x26,0x26,0x26,0x26,0x26,
  0x26,0x26,0x26,0x26,0x26,0x26,0x26,0x26,0x26,0x26,0x26,0x26,0x26,0x26,0x26,0x26,0x26,0x26,0x26,0x26,0x26,0x26,0x26,0x26,0x26,0x25,0x25,0x25,0x25,0x25,0x25,0x25,
  0x24,0x22,0x24,0x25,0x25,0x25,0x25,0x61,0x26,0x26,0x26,0x25,0x25,0x24,0x23,0x21,0x26,0x26,0x26,0x29,0x1D,0x1C,0x1D,0x1D,0x1C,0x1C,0x4F,0x1A,0x1A,0x19,0x19,0x1A,
  0x1A,0x1A,0x1A,0x1B,0x1B,0x1B,0x1B,0x1C,0x1E,0x1E,0x1D,0x4F,0x1C,0x1C,0x1B,0x1C,0x1C,0x1C,0x1C,0x1D,0x1E,0x1D,0x1D,0x4F,0x4D,0x4C,0x4B,0x4B,0x4B,0x4B,0x4B,0x4A,
  0x4A,0x4A,0x4A,0x4C,0x4E,0x4E,0x4E,0x4F,0x4F,0x4F,0x4D,0x4D,0x4D,0x4D,0x4D,0x4D,0x4D,0x4F,0x4F,0x4F,0x4F,0x4D,0x4F,0x4F,0x4F,0x4F,0x4F,0x4F,0x4F,0x4F,0x4F,0x4F,
  0x4F,0x4F,0x4D,0x4E,0x4D,0x4D,0x4F,0x4C,0x4C,0x4C,0x4D,0x4D,0x4E,0x4F,0x4B,0x4B,0x49,0x49,0x49,0x4A,0x4A,0x4A,0x4A,0x4A,0x4A,0x4A,0x4B,0x4C,0x4D,0x4D,0x4D,0x4D,
  0x4F,0x4F,0x4D,0x4F,0x4C,0x4C,0x4C,0x4D,0x4D,0x4E,0x4F,0x2B,0x26,0x26,0x26,0x26,0x26,0x26,0x26,0x26,0x26,0x26,0x26,0x26,0x26,0x26,0x26,0x26,0x26,0x26,0x26,0x26,
  0x25,0x25,0x25,0x25,0x25,0x25,0x25,0x25,0x25,0x25,0x25,0x25,0x61,0x26,0x26,0x26,0x18,0x18,0x18,0x18,0x18,0x18,0x19,0x1A,0x1A,0x1A,0x1A,0x1A,0x1A,0x1A,0x1B,0x1C,
  0x1F,0x1F,0x19,0x1C,0x1C,0x1C,0x1C,0x1C,0x1C,0x1C,0x1C,0x1C,0x1C,0x1C,0x1C,0x1C,0x1C,0x1C,0x1C,0x1C,0x1C,0x1C,0x1C,0x1C,0x1C,0x1C,0x1C,0x1C,0x1C,0x1C,0x1C,0x1C,
  0x1C,0x1C,0x1C,0x1C,0x1F,0x1F,0x1F,0x1F,0x1F,0x1F,0x1F,0x1F,0x1F,0x1F,0x1F,0x1F,0x18,0x19,0x1A,0x1A,0x1A,0x1A,0x1A,0x1A,0x1A,0x1B,0x1C,0x1C,0x1C,0x1C,0x1C,0x1C,
  0x25,0x25,0x25,0x25,0x25,0x25,0x25,0x25,0x25,0x25,0x25,0x25,0x25,0x25,0x25,0x58,0x58,0x58,0x58,0x58,0x58,0x58,0x58,0x59,0x59,0x59,0x59,0x5A,0x5B,0x5C,0x5E,0x5E,
  0x1F,0x1F,0x1F,0x58,0x58,0x58,0x58,0x58,0x58,0x58,0x58,0x59,0x59,0x59,0x59,0x5A,0x5B,0x5C,0x5E,0x5E,0x1F,0x1F,0x1F,0x1D,0x1C,0x1D,0x1D,0x92,0x93,0x1F,0x93,0x94,
  0x1A,0x19,0x19,0x1A,0x1A,0x1A,0x1A,0x1B,0x1B,0x1B,0x1B,0x1C,0x1E,0x1E,0x1D,0x29,0x26,0x26,0x26,0x26,0x26,0x26,0x26,0x26,0x26,0x26,0x26,0x26,0x26,0x26,0x26,0x26,
  0x26,0x26,0x26,0x26,0x26,0x26,0x26,0x26,0x26,0x26,0x26,0x26,0x26,0x26,0x26,0x26,0x26,0x26,0x26,0x26,0x26,0x26,0x26,0x26,0x26,0x26,0x26,0x26,0x26,0x26,0x26,0x26,
  0x26,0x26,0x26,0x26,0x26,0x26,0x26,0x26,0x61,0x25,0x25,0x25,0x25,0x25,0x25,0x25,0x20,0x23,0x23,0x24,0x24,0x24,0x25,0x25,0x25,0x25,0x25,0x25,0x24,0x23,0x20,0x26,
  0x26,0x26,0x26,0x26,0x26,0x26,0x29,0x2B,0x4F,0x4F,0x4F,0x4F,0x4F,0x1A,0x1A,0x1B,0x1B,0x1B,0x1B,0x1B,0x1C,0x1C,0x1C,0x1C,0x1D,0x1D,0x4F,0x4F,0x4F,0x4F,0x1D,0x1C,
  0x1D,0x1D,0x1C,0x1C,0x4F,0x4F,0x4F,0x4F,0x4D,0x4D,0x4D,0x4D,0x4D,0x4B,0x4B,0x4A,0x4A,0x4B,0x4C,0x4E,0x4F,0x4F,0x4F,0x4F,0x4F,0x4F,0x4D,0x4F,0x4F,0x4D,0x4F,0x4F,
  0x4F,0x4F,0x4F,0x4F,0x4F,0x4F,0x4F,0x4F,0x4F,0x4F,0x4F,0x4F,0x4F,0x4F,0x4F,0x4F,0x4D,0x4D,0x4D,0x2D,0x4D,0x4D,0x4D,0x4D,0x4D,0x4D,0x4D,0x4D,0x4F,0x4F,0x4F,0x4D,
  0x4C,0x4B,0x4B,0x4B,0x4B,0x4B,0x4A,0x4A,0x4A,0x4A,0x4C,0x4E,0x4E,0x4E,0x4F,0x4F,0x4D,0x4F,0x4D,0x2B,0x2B,0x4D,0x4D,0x4D,0x4D,0x2B,0x29,0x26,0x26,0x26,0x26,0x26,
  0x26,0x26,0x26,0x26,0x26,0x26,0x26,0x26,0x26,0x26,0x26,0x26,0x26,0x26,0x26,0x61,0x25,0x25,0x25,0x25,0x25,0x25,0x25,0x25,0x25,0x25,0x25,0x25,0x26,0x26,0x26,0x26,
  0x18,0x18,0x18,0x18,0x18,0x18,0x19,0x1A,0x1A,0x1A,0x1A,0x1A,0x1A,0x1A,0x1B,0x1C,0x1F,0x1F,0x1F,0x1C,0x1C,0x1C,0x1C,0x1C,0x1C,0x1C,0x1C,0x1C,0x1C,0x1C,0x1C,0x1C,
  0x1C,0x1C,0x1C,0x1C,0x1C,0x1C,0x1C,0x1C,0x1C,0x1C,0x1C,0x1C,0x1C,0x1C,0x1C,0x1C,0x1C,0x1C,0x1C,0x1C,0x1F,0x1F,0x1F,0x1F,0x1F,0x1F,0x1F,0x1F,0x1F,0x1F,0x1F,0x1F,
  0x18,0x19,0x1A,0x1A,0x1A,0x1A,0x1A,0x1A,0x1A,0x1B,0x1C,0x1C,0x1C,0x1C,0x1C,0x1C,0x25,0x25,0x25,0x25,0x25,0x25,0x25,0x25,0x25,0x25,0x25,0x25,0x25,0x25,0x25,0x25,
  0x25,0x58,0x58,0x58,0x58,0x58,0x59,0x5A,0x5A,0x5A,0x5C,0x5D,0x5C,0x5E,0x5E,0x1F,0x1F,0x1F,0x1F,0x1F,0x1F,0x58,0x58,0x58,0x58,0x58,0x59,0x5A,0x5A,0x5A,0x5C,0x5D,
  0x5C,0x5E,0x5E,0x5E,0x1F,0x1F,0x1F,0x1F,0x1F,0x1F,0x1F,0x92,0x93,0x1F,0x92,0x93,0x94,0x1A,0x1A,0x1B,0x1B,0x1B,0x1B,0x1B,0x1C,0x1C,0x1C,0x1C,0x1D,0x1D,0x29,0x26,
  0x26,0x26,0x26,0x26,0x26,0x26,0x26,0x26,0x26,0x26,0x26,0x26,0x26,0x26,0x26,0x26,0x26,0x26,0x26,0x26,0x26,0x26,0x26,0x26,0x26,0x26,0x26,0x26,0x26,0x26,0x26,0x26,
  0x26,0x26,0x26,0x26,0x26,0x26,0x26,0x26,0x26,0x26,0x26,0x26,0x26,0x26,0x26,0x26,0x26,0x26,0x26,0x26,0x26,0x26,0x26,0x61,0x25,0x25,0x25,0x25,0x25,0x25,0x25,0x25,
  0x25,0x25,0x25,0x25,0x25,0x25,0x25,0x26,0x26,0x26,0x26,0x26,0x26,0x26,0x26,0x26,0x26,0x26,0x26,0x26,0x26,0x26,0x26,0x26,0x26,0x26,0x29,0x2B,0x4F,0x4F,0x1A,0x1A,
  0x1B,0x1C,0x1C,0x1C,0x1C,0x1D,0x1E,0x1D,0x1D,0x4F,0x4D,0x4D,0x4F,0x4F,0x4F,0x4F,0x4F,0x4F,0x4F,0x4F,0x4F,0x4F,0x4F,0x4F,0x4F,0x4D,0x4F,0x4F,0x4F,0x4F,0x4C,0x4C,
  0x4C,0x4D,0x4D,0x4E,0x4F,0x4D,0x4F,0x4F,0x4F,0x4F,0x4F,0x4D,0x4F,0x4D,0x4F,0x4F,0x4F,0x4F,0x4F,0x4F,0x4F,0x4F,0x4F,0x4F,0x4F,0x4F,0x4F,0x4F,0x4D,0x4E,0x4F,0x2D,
  0x2D,0x2D,0x2D,0x2D,0x2D,0x4D,0x4F,0x4D,0x4F,0x4D,0x4F,0x4F,0x4F,0x4F,0x4F,0x4F,0x4F,0x4D,0x4D,0x4D,0x4B,0x4B,0x4A,0x4A,0x4B,0x4C,0x4E,0x4D,0x4D,0x4D,0x4F,0x4D,
  0x4E,0x4F,0x2B,0x29,0x26,0x26,0x26,0x26,0x26,0x26,0x26,0x26,0x26,0x26,0x26,0x26,0x26,0x26,0x26,0x26,0x26,0x26,0x26,0x26,0x26,0x26,0x26,0x26,0x26,0x26,0x61,0x25,
  0x25,0x25,0x25,0x25,0x25,0x25,0x25,0x25,0x25,0x25,0x25,0x25,0x26,0x26,0x26,0x26,0x18,0x18,0x18,0x18,0x18,0x18,0x19,0x1A,0x1A,0x1A,0x1A,0x1A,0x1A,0x1A,0x1B,0x1C,
  0x1F,0x18,0x10,0x12,0x12,0x12,0x12,0x12,0x12,0x12,0x12,0x12,0x12,0x12,0x12,0x12,0x12,0x12,0x12,0x12,0x12,0x12,0x12,0x12,0x12,0x12,0x12,0x12,0x12,0x12,0x12,0x12,
  0x12,0x12,0x12,0x12,0x12,0x18,0x1F,0x1F,0x1F,0x1F,0x1F,0x1F,0x1F,0x1F,0x1F,0x1F,0x18,0x19,0x1A,0x1A,0x1A,0x1A,0x1A,0x1A,0x1A,0x1B,0x1C,0x1C,0x1C,0x1C,0x1C,0x1C,
  0x25,0x25,0x25,0x25,0x25,0x25,0x25,0x25,0x25,0x25,0x25,0x25,0x25,0x25,0x25,0x25,0x25,0x25,0x28,0x5A,0x5B,0x5A,0x5B,0x5C,0x5C,0x5C,0x5C,0x5E,0x1F,0x1F,0x1F,0x1F,
  0x1F,0x1F,0x1F,0x1F,0x1F,0x1F,0x1F,0x5A,0x5B,0x5A,0x5B,0x5C,0x5C,0x5C,0x5C,0x5E,0x5E,0x2A,0x29,0x28,0x28,0x29,0x2A,0x1F,0x1F,0x1F,0x1F,0x92,0x93,0x1F,0x91,0x93,
  0x93,0x1F,0x1A,0x1A,0x1B,0x1C,0x1C,0x1C,0x1C,0x1D,0x1E,0x1D,0x1D,0x29,0x26,0x26,0x26,0x26,0x26,0x26,0x26,0x26,0x26,0x26,0x26,0x26,0x26,0x26,0x26,0x26,0x26,0x26,
  0x26,0x26,0x26,0x26,0x26,0x26,0x26,0x26,0x26,0x26,0x26,0x26,0x26,0x26,0x26,0x26,0x26,0x26,0x26,0x26,0x26,0x26,0x26,0x26,0x26,0x26,0x26,0x26,0x26,0x26,0x26,0x26,
  0x26,0x26,0x26,0x26,0x26,0x26,0x61,0x25,0x25,0x25,0x25,0x25,0x25,0x25,0x25,0x25,0x25,0x25,0x25,0x25,0x25,0x25,0x61,0x26,0x26,0x26,0x26,0x26,0x26,0x26,0x26,0x26,
  0x26,0x26,0x26,0x26,0x26,0x26,0x26,0x26,0x26,0x26,0x26,0x26,0x29,0x2B,0x4F,0x4F,0x1D,0x1C,0x1D,0x1D,0x1C,0x1C,0x2B,0x29,0x2B,0x4F,0x4D,0x4F,0x4F,0x4F,0x4D,0x4F,
  0x4F,0x4F,0x4F,0x4F,0x4F,0x4F,0x4F,0x4F,0x4F,0x4D,0x4D,0x4D,0x4D,0x2D,0x2D,0x4D,0x4D,0x4D,0x4D,0x4F,0x4F,0x4D,0x4D,0x4F,0x4F,0x4F,0x4D,0x4D,0x4F,0x4D,0x4F,0x4F,
  0x4F,0x4F,0x4F,0x4F,0x4F,0x4F,0x4F,0x4F,0x4F,0x4F,0x4D,0x4D,0x4D,0x2D,0x2D,0x2D,0x2D,0x2D,0x2D,0x2D,0x2D,0x2D,0x4D,0x4D,0x2D,0x2D,0x4F,0x4F,0x4F,0x4F,0x4F,0x4F,
  0x4D,0x4E,0x4F,0x4F,0x4F,0x4C,0x4C,0x4C,0x4D,0x4D,0x4E,0x4D,0x4D,0x4D,0x4D,0x4F,0x2B,0x29,0x26,0x26,0x26,0x26,0x26,0x26,0x26,0x26,0x26,0x26,0x26,0x26,0x26,0x26,
  0x26,0x26,0x26,0x26,0x26,0x26,0x26,0x26,0x26,0x26,0x26,0x26,0x26,0x26,0x25,0x25,0x25,0x25,0x25,0x25,0x25,0x25,0x25,0x25,0x25,0x25,0x25,0x61,0x26,0x26,0x26,0x26,
  0x18,0x18,0x18,0x18,0x18,0x18,0x19,0x1A,0x1A,0x1A,0x1A,0x1A,0x1A,0x1A,0x1B,0x1C,0x10,0x10,0x10,0x10,0x12,0x12,0x12,0x12,0x12,0x12,0x12,0x12,0x12,0x12,0x12,0x12,
  0x12,0x12,0x12,0x12,0x12,0x12,0x12,0x12,0x12,0x12,0x12,0x12,0x12,0x12,0x12,0x12,0x12,0x12,0x12,0x12,0x12,0x12,0x12,0x12,0x12,0x12,0x12,0x12,0x12,0x14,0x1F,0x1F,
  0x18,0x19,0x1A,0x1A,0x1A,0x1A,0x1A,0x1A,0x1A,0x1B,0x1C,0x1C,0x1C,0x1C,0x1C,0x1C,0x25,0x25,0x25,0x25,0x25,0x25,0x25,0x25,0x25,0x25,0x25,0x25,0x25,0x25,0x25,0x25,
  0x25,0x25,0x25,0x25,0x25,0x25,0x25,0x25,0x25,0x25,0x25,0x28,0x29,0x2A,0x1F,0x1F,0x1F,0x1F,0x1F,0x1F,0x1F,0x1F,0x1F,0x1F,0x1F,0x1F,0x1F,0x1F,0x2A,0x29,0x28,0x26,
  0x26,0x26,0x26,0x26,0x26,0x26,0x26,0x26,0x26,0x26,0x26,0x91,0x93,0x28,0x90,0x93,0x93,0x29,0x2A,0x1F,0x1D,0x1C,0x1D,0x1D,0x1C,0x1C,0x2A,0x29,0x28,0x26,0x26,0x26,
  0x26,0x26,0x26,0x26,0x26,0x26,0x26,0x26,0x26,0x26,0x26,0x26,0x26,0x26,0x26,0x26,0x26,0x26,0x26,0x26,0x26,0x26,0x26,0x26,0x26,0x26,0x26,0x26,0x26,0x26,0x26,0x26,
  0x26,0x26,0x26,0x26,0x26,0x26,0x26,0x26,0x26,0x26,0x26,0x26,0x26,0x26,0x26,0x26,0x26,0x26,0x26,0x26,0x26,0x26,0x25,0x25,0x25,0x25,0x25,0x25,0x25,0x25,0x25,0x25,
  0x25,0x25,0x25,0x25,0x25,0x25,0x26,0x26,0x26,0x26,0x26,0x26,0x26,0x26,0x26,0x26,0x26,0x26,0x26,0x26,0x26,0x26,0x26,0x26,0x26,0x26,0x26,0x26,0x26,0x26,0x26,0x26,
  0x26,0x26,0x26,0x26,0x26,0x26,0x26,0x26,0x26,0x29,0x2B,0x4D,0x4D,0x4D,0x4D,0x4F,0x4F,0x4F,0x4F,0x4F,0x4F,0x4D,0x4E,0x4F,0x2D,0x2D,0x2D,0x2D,0x2D,0x2D,0x2D,0x2D,
  0x2D,0x2D,0x4D,0x4F,0x2D,0x2D,0x4F,0x4F,0x4F,0x4F,0x4D,0x4F,0x4D,0x4F,0x4D,0x4F,0x4F,0x4F,0x4F,0x4F,0x4F,0x4F,0x4F,0x4F,0x4F,0x2C,0x2C,0x2B,0x2C,0x2C,0x2D,0x2D,
  0x2D,0x2D,0x2D,0x2D,0x2D,0x2D,0x2D,0x2D,0x2D,0x2D,0x2D,0x2D,0x4D,0x4D,0x4D,0x4D,0x4D,0x2B,0x29,0x26,0x29,0x2B,0x4D,0x4D,0x4D,0x4D,0x2B,0x29,0x26,0x26,0x26,0x26,
  0x26,0x26,0x26,0x26,0x26,0x26,0x26,0x26,0x26,0x26,0x26,0x26,0x26,0x26,0x26,0x26,0x26,0x26,0x26,0x26,0x26,0x26,0x26,0x26,0x26,0x26,0x26,0x26,0x26,0x61,0x25,0x25,
  0x25,0x25,0x25,0x25,0x25,0x25,0x25,0x25,0x25,0x25,0x25,0x26,0x26,0x26,0x26,0x26,0x18,0x18,0x18,0x18,0x18,0x18,0x19,0x1A,0x1A,0x1A,0x1A,0x1A,0x1A,0x1A,0x1B,0x1C,
  0x12,0x10,0x10,0x10,0x10,0x10,0x12,0x12,0x12,0x12,0x12,0x12,0x12,0x12,0x12,0x12,0x12,0x12,0x12,0x12,0x12,0x12,0x12,0x12,0x12,0x12,0x12,0x12,0x12,0x12,0x12,0x12,
  0x12,0x12,0x12,0x12,0x12,0x12,0x12,0x12,0x12,0x12,0x12,0x12,0x14,0x17,0x19,0x1F,0x18,0x19,0x1A,0x1A,0x1A,0x1A,0x1A,0x1A,0x1A,0x1B,0x1C,0x1C,0x1C,0x1C,0x1C,0x1C,
  0x25,0x25,0x25,0x25,0x25,0x25,0x25,0x25,0x25,0x25,0x25,0x25,0x25,0x25,0x25,0x25,0x25,0x25,0x25,0x25,0x25,0x25,0x25,0x25,0x25,0x25,0x25,0x25,0x25,0x25,0x25,0x25,
  0x25,0x25,0x25,0x25,0x25,0x25,0x25,0x26,0x26,0x26,0x26,0x26,0x26,0x26,0x26,0x26,0x26,0x26,0x26,0x26,0x26,0x26,0x26,0x26,0x26,0x26,0x26,0x91,0x93,0x26,0x90,0x93,
  0x93,0x26,0x26,0x26,0x26,0x26,0x26,0x26,0x26,0x26,0x26,0x26,0x26,0x26,0x26,0x26,0x26,0x26,0x26,0x26,0x26,0x26,0x26,0x26,0x26,0x26,0x26,0x26,0x26,0x26,0x26,0x26,
  0x26,0x26,0x26,0x26,0x26,0x26,0x26,0x26,0x26,0x26,0x26,0x26,0x26,0x26,0x26,0x26,0x26,0x26,0x26,0x26,0x26,0x26,0x26,0x26,0x26,0x26,0x26,0x26,0x26,0x26,0x26,0x26,
  0x26,0x26,0x26,0x26,0x26,0x61,0x25,0x25,0x25,0x25,0x25,0x25,0x25,0x25,0x25,0x25,0x25,0x25,0x25,0x25,0x25,0x25,0x26,0x26,0x26,0x26,0x26,0x26,0x26,0x26,0x26,0x26,
  0x26,0x26,0x26,0x26,0x26,0x26,0x26,0x26,0x26,0x26,0x26,0x26,0x26,0x26,0x26,0x26,0x26,0x26,0x26,0x26,0x26,0x26,0x26,0x26,0x26,0x26,0x26,0x28,0x29,0x2B,0x2B,0x2B,
  0x4D,0x4D,0x4D,0x4D,0x4D,0x4D,0x2D,0x2D,0x2D,0x2D,0x2D,0x2D,0x2D,0x2D,0x2D,0x2D,0x2D,0x2D,0x2D,0x2D,0x2D,0x2D,0x2D,0x2D,0x4D,0x4D,0x4D,0x4D,0x4D,0x2D,0x2D,0x4F,
  0x4F,0x4F,0x4F,0x4F,0x4F,0x4D,0x4E,0x4F,0x2C,0x2B,0x2B,0x2B,0x2C,0x2D,0x2D,0x2D,0x2D,0x2D,0x2D,0x2D,0x2D,0x2D,0x2D,0x2D,0x2D,0x2D,0x2A,0x27,0x25,0x26,0x26,0x26,
  0x26,0x26,0x26,0x26,0x26,0x26,0x26,0x26,0x26,0x26,0x26,0x26,0x26,0x26,0x26,0x26,0x26,0x26,0x26,0x26,0x26,0x26,0x26,0x26,0x26,0x26,0x26,0x26,0x26,0x26,0x26,0x26,
  0x26,0x26,0x26,0x26,0x26,0x26,0x26,0x26,0x26,0x26,0x26,0x26,0x61,0x25,0x25,0x25,0x25,0x25,0x25,0x25,0x25,0x25,0x25,0x25,0x25,0x25,0x25,0x26,0x26,0x26,0x26,0x26,
  0x18,0x18,0x18,0x18,0x18,0x18,0x19,0x1A,0x1A,0x1A,0x1A,0x1A,0x1A,0x1A,0x1B,0x1C,0x12,0x12,0x12,0x10,0x10,0x14,0x17,0x17,0x17,0x17,0x17,0x17,0x17,0x17,0x17,0x17,
  0x17,0x17,0x17,0x17,0x17,0x17,0x17,0x17,0x17,0x17,0x17,0x17,0x17,0x17,0x17,0x17,0x17,0x14,0x12,0x12,0x12,0x12,0x12,0x12,0x12,0x12,0x14,0x14,0x17,0x19,0x1C,0x1F,
  0x18,0x19,0x1A,0x1A,0x1A,0x1A,0x1A,0x1A,0x1A,0x1B,0x1C,0x1C,0x1C,0x1C,0x1C,0x1C,0x25,0x25,0x25,0x25,0x25,0x25,0x25,0x25,0x25,0x25,0x25,0x25,0x25,0x25,0x25,0x25,
  0x25,0x25,0x25,0x25,0x25,0x25,0x25,0x25,0x25,0x25,0x25,0x25,0x25,0x25,0x25,0x25,0x25,0x25,0x25,0x25,0x25,0x25,0x61,0x26,0x26,0x26,0x26,0x26,0x26,0x26,0x26,0x26,
  0x26,0x26,0x26,0x26,0x26,0x26,0x26,0x26,0x26,0x26,0x26,0x91,0x93,0x26,0x90,0x93,0x93,0x26,0x26,0x26,0x26,0x26,0x26,0x26,0x26,0x26,0x26,0x26,0x26,0x26,0x26,0x26,
  0x26,0x26,0x26,0x26,0x26,0x26,0x26,0x26,0x26,0x26,0x26,0x26,0x26,0x26,0x26,0x26,0x26,0x26,0x26,0x26,0x26,0x26,0x26,0x26,0x26,0x26,0x26,0x26,0x26,0x26,0x26,0x26,
  0x26,0x26,0x26,0x26,0x26,0x26,0x26,0x26,0x26,0x26,0x26,0x26,0x26,0x26,0x26,0x26,0x26,0x26,0x26,0x26,0x61,0x25,0x25,0x25,0x25,0x25,0x25,0x25,0x25,0x25,0x25,0x25,
  0x25,0x25,0x25,0x25,0x25,0x25,0x26,0x26,0x26,0x26,0x26,0x26,0x26,0x26,0x26,0x26,0x26,0x26,0x26,0x26,0x26,0x26,0x26,0x26,0x26,0x26,0x26,0x26,0x26,0x26,0x26,0x26,
  0x26,0x26,0x26,0x26,0x26,0x26,0x26,0x26,0x26,0x26,0x26,0x60,0x27,0x28,0x29,0x29,0x29,0x29,0x2C,0x2C,0x2C,0x2C,0x2C,0x2C,0x2C,0x2D,0x2D,0x2D,0x2D,0x2D,0x2D,0x2D,
  0x2D,0x2D,0x2D,0x2D,0x2D,0x2D,0x2D,0x2D,0x2D,0x2D,0x2D,0x2D,0x2D,0x2D,0x2D,0x2D,0x2D,0x4D,0x4D,0x4D,0x4D,0x4D,0x2C,0x2C,0x2B,0x2B,0x2B,0x2B,0x2C,0x2D,0x2D,0x2D,
  0x2D,0x2D,0x2D,0x2D,0x2D,0x2D,0x2D,0x2A,0x27,0x25,0x25,0x25,0x61,0x26,0x26,0x26,0x26,0x26,0x26,0x26,0x26,0x26,0x26,0x26,0x26,0x26,0x26,0x26,0x26,0x26,0x26,0x26,
  0x26,0x26,0x26,0x26,0x26,0x26,0x26,0x26,0x26,0x26,0x26,0x26,0x26,0x26,0x26,0x26,0x26,0x26,0x26,0x26,0x26,0x26,0x26,0x26,0x26,0x26,0x26,0x26,0x25,0x25,0x25,0x25,
  0x25,0x25,0x25,0x25,0x25,0x25,0x25,0x25,0x25,0x25,0x61,0x26,0x26,0x26,0x26,0x26,0x18,0x18,0x18,0x18,0x18,0x18,0x19,0x1A,0x1A,0x1A,0x1A,0x1A,0x1A,0x1A,0x1B,0x1C,
  0x12,0x12,0x12,0x14,0x17,0x17,0x17,0x17,0x17,0x17,0x17,0x17,0x17,0x17,0x17,0x17,0x17,0x17,0x17,0x17,0x17,0x17,0x17,0x17,0x17,0x17,0x17,0x17,0x17,0x17,0x17,0x17,
  0x17,0x17,0x17,0x17,0x17,0x17,0x17,0x17,0x17,0x17,0x17,0x17,0x19,0x1C,0x1C,0x1F,0x18,0x19,0x1A,0x1A,0x1A,0x1A,0x1A,0x1A,0x1A,0x1B,0x1C,0x1C,0x1C,0x1C,0x1C,0x1C,
  0x25,0x25,0x25,0x25,0x25,0x25,0x25,0x25,0x25,0x25,0x25,0x25,0x25,0x25,0x25,0x25,0x25,0x25,0x25,0x25,0x25,0x25,0x25,0x25,0x25,0x25,0x25,0x25,0x25,0x25,0x25,0x25,
  0x25,0x25,0x25,0x25,0x25,0x25,0x26,0x26,0x26,0x26,0x26,0x26,0x26,0x26,0x26,0x26,0x26,0x26,0x26,0x26,0x26,0x26,0x26,0x26,0x26,0x26,0x26,0x90,0x93,0x26,0x91,0x93,
  0x93,0x26,0x26,0x26,0x26,0x26,0x26,0x26,0x26,0x26,0x26,0x26,0x26,0x26,0x26,0x26,0x26,0x26,0x26,0x26,0x26,0x26,0x26,0x26,0x26,0x26,0x26,0x26,0x26,0x26,0x26,0x26,
  0x26,0x26,0x26,0x26,0x26,0x26,0x26,0x26,0x26,0x26,0x26,0x26,0x26,0x26,0x26,0x26,0x26,0x26,0x26,0x26,0x26,0x26,0x26,0x26,0x26,0x26,0x26,0x26,0x26,0x26,0x26,0x26,
  0x26,0x26,0x26,0x26,0x25,0x25,0x25,0x25,0x25,0x25,0x25,0x25,0x25,0x25,0x25,0x25,0x25,0x25,0x25,0x25,0x25,0x61,0x26,0x26,0x26,0x26,0x26,0x26,0x26,0x26,0x26,0x26,
  0x26,0x26,0x26,0x26,0x26,0x26,0x26,0x26,0x26,0x26,0x26,0x26,0x26,0x26,0x26,0x26,0x26,0x26,0x26,0x26,0x26,0x26,0x26,0x26,0x26,0x26,0x26,0x26,0x27,0x27,0x28,0x29,
  0x29,0x29,0x29,0x2A,0x2A,0x2A,0x2A,0x2B,0x2C,0x2C,0x2C,0x2C,0x2D,0x2D,0x2D,0x2D,0x2D,0x2D,0x2D,0x2D,0x2D,0x2D,0x2D,0x2D,0x2D,0x2D,0x2D,0x2D,0x2D,0x2D,0x2D,0x2C,
  0x2C,0x2C,0x2C,0x2C,0x2C,0x2B,0x2B,0x2B,0x2B,0x2B,0x2B,0x2C,0x2C,0x2D,0x2D,0x2D,0x2D,0x2D,0x2D,0x2A,0x27,0x25,0x25,0x25,0x25,0x25,0x25,0x25,0x26,0x26,0x26,0x26,
  0x26,0x26,0x26,0x26,0x26,0x26,0x26,0x26,0x26,0x26,0x26,0x26,0x26,0x26,0x26,0x26,0x26,0x26,0x26,0x26,0x26,0x26,0x26,0x26,0x26,0x26,0x26,0x26,0x26,0x26,0x26,0x26,
  0x26,0x26,0x26,0x26,0x26,0x26,0x26,0x26,0x26,0x26,0x26,0x61,0x25,0x25,0x25,0x25,0x25,0x25,0x25,0x25,0x25,0x25,0x25,0x25,0x25,0x25,0x26,0x26,0x26,0x26,0x26,0x26,
  0x18,0x18,0x18,0x18,0x18,0x18,0x19,0x1A,0x1A,0x1A,0x1A,0x1A,0x1A,0x1A,0x1B,0x1C,0x12,0x12,0x12,0x17,0x17,0x17,0x17,0x17,0x17,0x17,0x17,0x17,0x17,0x17,0x17,0x17,
  0x17,0x17,0x17,0x17,0x17,0x17,0x17,0x17,0x17,0x17,0x17,0x17,0x17,0x17,0x17,0x17,0x17,0x17,0x17,0x17,0x17,0x17,0x17,0x17,0x17,0x17,0x17,0x17,0x1C,0x1C,0x1C,0x1F,
  0x18,0x19,0x1A,0x1A,0x1A,0x1A,0x1A,0x1A,0x1A,0x1B,0x1C,0x1C,0x1C,0x1C,0x1C,0x1C,0x25,0x25,0x25,0x25,0x25,0x25,0x25,0x25,0x25,0x25,0x25,0x25,0x25,0x25,0x25,0x25,
  0x25,0x25,0x25,0x25,0x25,0x25,0x25,0x25,0x25,0x25,0x25,0x25,0x25,0x25,0x25,0x25,0x25,0x25,0x25,0x25,0x25,0x25,0x26,0x26,0x26,0x26,0x26,0x26,0x26,0x26,0x26,0x26,
  0x26,0x26,0x26,0x26,0x26,0x26,0x26,0x26,0x26,0x26,0x26,0x90,0x93,0x26,0x91,0x93,0x93,0x26,0x26,0x26,0x26,0x26,0x26,0x26,0x26,0x26,0x26,0x26,0x26,0x26,0x26,0x26,
  0x26,0x26,0x26,0x26,0x26,0x26,0x26,0x26,0x26,0x26,0x26,0x26,0x26,0x26,0x26,0x26,0x26,0x26,0x26,0x26,0x26,0x26,0x26,0x26,0x26,0x26,0x26,0x26,0x26,0x26,0x26,0x26,
  0x26,0x26,0x26,0x26,0x26,0x26,0x26,0x26,0x26,0x26,0x26,0x26,0x26,0x26,0x26,0x26,0x26,0x26,0x26,0x61,0x25,0x25,0x25,0x25,0x25,0x25,0x25,0x25,0x25,0x25,0x25,0x25,
  0x25,0x25,0x25,0x25,0x25,0x26,0x26,0x26,0x26,0x26,0x26,0x26,0x26,0x26,0x26,0x26,0x26,0x26,0x26,0x26,0x26,0x26,0x26,0x26,0x26,0x26,0x26,0x26,0x26,0x26,0x26,0x26,
  0x26,0x26,0x26,0x26,0x26,0x26,0x26,0x26,0x26,0x26,0x26,0x26,0x60,0x27,0x27,0x27,0x28,0x29,0x29,0x29,0x29,0x29,0x2A,0x2B,0x2B,0x2B,0x2B,0x2C,0x2C,0x2D,0x2D,0x2D,
  0x2D,0x2D,0x2D,0x2D,0x2D,0x2D,0x2D,0x2D,0x2D,0x2D,0x2D,0x2D,0x2D,0x2C,0x2C,0x2C,0x2B,0x2B,0x2B,0x2B,0x2B,0x2A,0x2A,0x2A,0x2B,0x2B,0x2B,0x2C,0x2D,0x2D,0x2D,0x2D,
  0x2D,0x2A,0x27,0x25,0x25,0x25,0x25,0x25,0x25,0x25,0x25,0x61,0x26,0x26,0x26,0x26,0x26,0x26,0x26,0x26,0x26,0x26,0x26,0x26,0x26,0x26,0x26,0x26,0x26,0x26,0x26,0x26,
  0x26,0x26,0x26,0x26,0x26,0x26,0x26,0x26,0x26,0x26,0x26,0x26,0x26,0x26,0x26,0x26,0x26,0x26,0x26,0x26,0x26,0x26,0x26,0x26,0x26,0x26,0x61,0x25,0x25,0x25,0x25,0x25,
  0x25,0x25,0x25,0x25,0x25,0x25,0x25,0x25,0x25,0x25,0x26,0x26,0x26,0x26,0x26,0x26,0x18,0x18,0x18,0x18,0x18,0x18,0x19,0x1A,0x1A,0x1A,0x1A,0x1A,0x1A,0x1A,0x1B,0x1C,
  0x12,0x12,0x12,0x17,0x17,0x17,0x17,0x17,0x17,0x17,0x17,0x17,0x17,0x17,0x17,0x17,0x17,0x17,0x17,0x17,0x19,0x1F,0x1F,0x19,0x17,0x17,0x17,0x19,0x1F,0x1F,0x1F,0x1F,
  0x19,0x17,0x17,0x17,0x17,0x17,0x17,0x17,0x17,0x17,0x17,0x17,0x1C,0x1C,0x1C,0x1F,0x18,0x19,0x1A,0x1A,0x1A,0x1A,0x1A,0x1A,0x1A,0x1B,0x1C,0x1C,0x1C,0x1C,0x1C,0x1C,
  0x25,0x25,0x25,0x25,0x25,0x25,0x25,0x25,0x25,0x25,0x25,0x25,0x25,0x25,0x25,0x25,0x25,0x25,0x25,0x25,0x25,0x25,0x25,0x25,0x25,0x25,0x25,0x25,0x25,0x25,0x25,0x25,
  0x25,0x25,0x25,0x25,0x25,0x61,0x26,0x26,0x26,0x26,0x26,0x26,0x26,0x26,0x26,0x26,0x26,0x26,0x26,0x26,0x26,0x26,0x26,0x26,0x26,0x26,0x26,0x90,0x93,0x26,0x91,0x93,
  0x93,0x26,0x26,0x26,0x26,0x26,0x26,0x26,0x26,0x26,0x26,0x26,0x26,0x26,0x26,0x26,0x26,0x26,0x26,0x26,0x26,0x26,0x26,0x26,0x26,0x26,0x26,0x26,0x26,0x26,0x26,0x26,
  0x26,0x26,0x26,0x26,0x26,0x26,0x26,0x26,0x26,0x26,0x26,0x26,0x26,0x26,0x26,0x26,0x26,0x26,0x26,0x26,0x26,0x26,0x26,0x26,0x26,0x26,0x26,0x26,0x26,0x26,0x26,0x26,
  0x26,0x26,0x61,0x25,0x25,0x25,0x25,0x25,0x25,0x25,0x25,0x25,0x25,0x25,0x25,0x25,0x25,0x25,0x25,0x25,0x25,0x26,0x26,0x26,0x26,0x26,0x26,0x26,0x26,0x26,0x26,0x26,
  0x26,0x26,0x26,0x26,0x26,0x26,0x26,0x26,0x26,0x26,0x26,0x26,0x26,0x26,0x26,0x26,0x26,0x26,0x26,0x26,0x26,0x26,0x26,0x26,0x26,0x26,0x26,0x26,0x26,0x60,0x27,0x27,
  0x27,0x29,0x29,0x29,0x29,0x29,0x2A,0x2A,0x2A,0x2B,0x2B,0x2B,0x2C,0x2C,0x2C,0x2D,0x2D,0x2D,0x2D,0x2D,0x2D,0x2D,0x2D,0x2D,0x2D,0x2D,0x2D,0x2D,0x2C,0x2C,0x2B,0x2B,
  0x2B,0x2B,0x2B,0x2A,0x2A,0x2A,0x29,0x2A,0x2B,0x2C,0x2C,0x2C,0x2D,0x2D,0x2D,0x2A,0x27,0x25,0x25,0x25,0x25,0x25,0x25,0x25,0x25,0x25,0x25,0x26,0x26,0x26,0x26,0x26,
  0x26,0x26,0x26,0x26,0x26,0x26,0x26,0x26,0x26,0x26,0x26,0x26,0x26,0x26,0x26,0x26,0x26,0x26,0x26,0x26,0x26,0x26,0x26,0x26,0x26,0x26,0x26,0x26,0x26,0x26,0x26,0x26,
  0x26,0x26,0x26,0x26,0x26,0x26,0x26,0x26,0x26,0x61,0x25,0x25,0x25,0x25,0x25,0x25,0x25,0x25,0x25,0x25,0x25,0x25,0x25,0x25,0x25,0x61,0x26,0x26,0x26,0x26,0x26,0x26,
  0x18,0x18,0x18,0x18,0x18,0x18,0x19,0x1A,0x1A,0x1A,0x1A,0x1A,0x1A,0x1A,0x1B,0x1C,0x12,0x12,0x12,0x17,0x17,0x17,0x17,0x17,0x17,0x17,0x17,0x17,0x17,0x17,0x17,0x17,
  0x17,0x17,0x17,0x19,0x1F,0x1F,0xD9,0xDA,0x19,0x17,0x19,0x1F,0x1F,0xD9,0xD9,0xD9,0xDC,0x19,0x17,0x17,0x17,0x17,0x17,0x17,0x17,0x17,0x17,0x17,0x1C,0x1C,0x1C,0x1F,
  0x18,0x19,0x1A,0x1A,0x1A,0x1A,0x1A,0x1A,0x1A,0x1B,0x1C,0x1C,0x1C,0x1C,0x1C,0x1C,0x25,0x25,0x25,0x25,0x25,0x25,0x25,0x25,0x25,0x25,0x25,0x25,0x25,0x25,0x25,0x25,
  0x25,0x25,0x25,0x25,0x25,0x25,0x25,0x25,0x25,0x25,0x25,0x25,0x25,0x25,0x25,0x25,0x25,0x25,0x25,0x25,0x25,0x26,0x26,0x26,0x26,0x26,0x26,0x26,0x26,0x26,0x26,0x26,
  0x26,0x26,0x26,0x26,0x26,0x26,0x26,0x26,0x26,0x26,0x26,0x90,0x93,0x26,0x91,0x93,0x93,0x26,0x26,0x26,0x26,0x26,0x26,0x26,0x26,0x26,0x26,0x26,0x26,0x26,0x26,0x26,
  0x26,0x26,0x26,0x26,0x26,0x26,0x26,0x26,0x26,0x26,0x26,0x26,0x26,0x26,0x26,0x26,0x26,0x26,0x26,0x26,0x26,0x26,0x26,0x26,0x26,0x26,0x26,0x26,0x26,0x26,0x26,0x26,
  0x26,0x26,0x26,0x26,0x26,0x26,0x26,0x26,0x26,0x26,0x26,0x26,0x26,0x26,0x26,0x26,0x26,0x61,0x25,0x25,0x25,0x25,0x25,0x25,0x25,0x25,0x25,0x25,0x25,0x25,0x25,0x25,
  0x25,0x25,0x25,0x25,0x61,0x26,0x26,0x26,0x26,0x26,0x26,0x26,0x26,0x26,0x26,0x26,0x26,0x26,0x26,0x26,0x26,0x26,0x26,0x26,0x26,0x26,0x26,0x26,0x26,0x26,0x26,0x26,
  0x26,0x26,0x26,0x26,0x26,0x26,0x26,0x26,0x26,0x26,0x26,0x26,0x26,0x26,0x27,0x27,0x27,0x28,0x29,0x29,0x29,0x29,0x29,0x29,0x2A,0x2A,0x2A,0x2B,0x2B,0x2B,0x2C,0x2C,
  0x2D,0x2D,0x2D,0x2D,0x2D,0x2D,0x2D,0x2D,0x2D,0x2D,0x2D,0x2C,0x2C,0x2B,0x2B,0x2B,0x2B,0x2B,0x2A,0x2A,0x29,0x29,0x2A,0x2A,0x2B,0x2C,0x2D,0x2D,0x2D,0x2A,0x27,0x25,
  0x25,0x25,0x25,0x25,0x25,0x25,0x25,0x25,0x25,0x25,0x25,0x26,0x26,0x26,0x26,0x26,0x26,0x26,0x26,0x26,0x26,0x26,0x26,0x26,0x26,0x26,0x26,0x26,0x26,0x26,0x26,0x26,
  0x26,0x26,0x26,0x26,0x26,0x26,0x26,0x26,0x26,0x26,0x26,0x26,0x26,0x26,0x26,0x26,0x26,0x26,0x26,0x26,0x26,0x26,0x26,0x26,0x26,0x25,0x25,0x25,0x25,0x25,0x25,0x25,
  0x25,0x25,0x25,0x25,0x25,0x25,0x25,0x25,0x25,0x26,0x26,0x26,0x26,0x26,0x26,0x26,0x18,0x18,0x18,0x18,0x18,0x18,0x19,0x1A,0x1A,0x1A,0x1A,0x1A,0x1A,0x1A,0x1B,0x1C,
  0x12,0x12,0x12,0x17,0x17,0x17,0x17,0x17,0x17,0x17,0x17,0x17,0x17,0x17,0x17,0x17,0x17,0x17,0x17,0x1F,0x1F,0xD9,0xDA,0xDA,0xDA,0x1F,0x1F,0x1F,0xD9,0xD9,0xD9,0xD9,
  0xD9,0xDC,0x19,0x17,0x17,0x17,0x17,0x17,0x17,0x17,0x17,0x17,0x1C,0x1C,0x1C,0x1F,0x18,0x19,0x1A,0x1A,0x1A,0x1A,0x1A,0x1A,0x1A,0x1B,0x1C,0x1C,0x1C,0x1C,0x1C,0x1C,
  0x25,0x25,0x25,0x25,0x25,0x25,0x25,0x25,0x25,0x25,0x25,0x25,0x25,0x25,0x25,0x25,0x25,0x25,0x25,0x25,0x25,0x25,0x25,0x25,0x25,0x25,0x25,0x25,0x25,0x25,0x25,0x25,
  0x25,0x25,0x25,0x25,0x61,0x26,0x26,0x26,0x26,0x26,0x26,0x26,0x26,0x26,0x26,0x26,0x26,0x26,0x26,0x26,0x26,0x26,0x26,0x26,0x26,0x26,0x26,0x91,0x93,0x26,0x92,0x93,
  0x93,0x26,0x26,0x26,0x26,0x26,0x26,0x26,0x26,0x26,0x26,0x26,0x26,0x26,0x26,0x26,0x26,0x26,0x26,0x26,0x26,0x26,0x26,0x26,0x26,0x26,0x26,0x26,0x26,0x26,0x26,0x26,
  0x26,0x26,0x26,0x26,0x26,0x26,0x26,0x26,0x26,0x26,0x26,0x26,0x26,0x26,0x26,0x26,0x26,0x26,0x26,0x26,0x26,0x26,0x26,0x26,0x26,0x26,0x26,0x26,0x26,0x26,0x26,0x26,
  0x26,0x25,0x25,0x25,0x25,0x25,0x25,0x25,0x25,0x25,0x25,0x25,0x25,0x25,0x25,0x25,0x25,0x25,0x25,0x25,0x26,0x26,0x26,0x26,0x26,0x26,0x26,0x26,0x26,0x26,0x26,0x26,
  0x26,0x26,0x26,0x26,0x26,0x26,0x26,0x26,0x26,0x26,0x26,0x26,0x26,0x26,0x26,0x26,0x26,0x26,0x26,0x26,0x26,0x26,0x26,0x26,0x26,0x26,0x26,0x26,0x26,0x26,0x60,0x27,
  0x27,0x27,0x28,0x29,0x29,0x29,0x29,0x29,0x29,0x29,0x2A,0x2A,0x2A,0x2B,0x2B,0x2C,0x2C,0x2D,0x2D,0x2D,0x2D,0x2D,0x2D,0x2D,0x2D,0x2D,0x2D,0x2C,0x2B,0x2B,0x2B,0x2A,
  0x2A,0x2A,0x2A,0x29,0x29,0x29,0x2A,0x2B,0x2C,0x2C,0x2D,0x2D,0x2A,0x25,0x25,0x25,0x25,0x25,0x25,0x25,0x25,0x25,0x25,0x25,0x25,0x25,0x61,0x26,0x26,0x26,0x26,0x26,
  0x26,0x26,0x26,0x26,0x26,0x26,0x26,0x26,0x26,0x26,0x26,0x26,0x26,0x26,0x26,0x26,0x26,0x26,0x26,0x26,0x26,0x26,0x26,0x26,0x26,0x26,0x26,0x26,0x26,0x26,0x26,0x26,
  0x26,0x26,0x26,0x26,0x26,0x26,0x26,0x26,0x61,0x25,0x25,0x25,0x25,0x25,0x25,0x25,0x25,0x25,0x25,0x25,0x25,0x25,0x25,0x25,0x25,0x26,0x26,0x26,0x37,0x26,0x26,0x26,
  0x18,0x18,0x18,0x18,0x18,0x18,0x19,0x1A,0x1A,0x1A,0x1A,0x1A,0x1A,0x1A,0x1B,0x1C,0x12,0x12,0x12,0x17,0x17,0x17,0x17,0x17,0x17,0x17,0x17,0x17,0x17,0x17,0x17,0x17,
  0x17,0x17,0x19,0x1F,0xD9,0xD9,0x27,0x27,0xD9,0xD9,0xDA,0xDA,0xDA,0x27,0x27,0xD9,0xD9,0x27,0x27,0x19,0x17,0x17,0x17,0x17,0x17,0x17,0x17,0x17,0x1C,0x1C,0x1C,0x1F,
  0x18,0x19,0x1A,0x1A,0x1A,0x1A,0x1A,0x1A,0x1A,0x1B,0x1C,0x1C,0x1C,0x1C,0x1C,0x1C,0x25,0x25,0x25,0x25,0x25,0x25,0x25,0x25,0x25,0x25,0x25,0x25,0x25,0x25,0x25,0x25,
  0x25,0x25,0x25,0x25,0x25,0x25,0x25,0x25,0x25,0x25,0x25,0x25,0x25,0x25,0x25,0x25,0x25,0x25,0x25,0x25,0x26,0x26,0x26,0x26,0x26,0x26,0x26,0x26,0x26,0x26,0x26,0x26,
  0x26,0x26,0x26,0x26,0x26,0x26,0x26,0x26,0x26,0x26,0x26,0x91,0x93,0x26,0x92,0x93,0x93,0x26,0x26,0x26,0x26,0x26,0x26,0x26,0x26,0x26,0x26,0x26,0x26,0x26,0x26,0x26,
  0x26,0x26,0x26,0x26,0x26,0x26,0x26,0x26,0x26,0x26,0x26,0x26,0x26,0x26,0x26,0x26,0x26,0x26,0x26,0x26,0x26,0x26,0x26,0x26,0x26,0x26,0x26,0x26,0x26,0x26,0x26,0x26,
  0x26,0x26,0x26,0x26,0x26,0x26,0x26,0x26,0x26,0x26,0x26,0x26,0x26,0x26,0x26,0x26,0x61,0x25,0x25,0x25,0x25,0x25,0x25,0x25,0x25,0x25,0x25,0x25,0x25,0x25,0x25,0x25,
  0x25,0x25,0x25,0x25,0x26,0x26,0x26,0x26,0x26,0x26,0x26,0x26,0x26,0x26,0x26,0x26,0x26,0x26,0x26,0x26,0x26,0x26,0x26,0x26,0x26,0x26,0x26,0x26,0x26,0x26,0x26,0x26,
  0x26,0x26,0x26,0x26,0x26,0x26,0x26,0x26,0x26,0x26,0x26,0x26,0x26,0x26,0x26,0x27,0x27,0x27,0x27,0x28,0x29,0x29,0x29,0x29,0x29,0x29,0x29,0x29,0x2A,0x2A,0x2B,0x2B,
  0x2C,0x2C,0x2D,0x2D,0x2D,0x2D,0x2D,0x2D,0x2D,0x2D,0x2D,0x2C,0x2B,0x2A,0x2A,0x2A,0x29,0x29,0x29,0x29,0x29,0x2A,0x2A,0x2B,0x2C,0x2D,0x2A,0x27,0x25,0x25,0x25,0x25,
  0x25,0x25,0x25,0x25,0x25,0x25,0x25,0x25,0x25,0x25,0x26,0x26,0x26,0x26,0x26,0x26,0x26,0x26,0x26,0x26,0x26,0x26,0x26,0x26,0x26,0x26,0x26,0x26,0x26,0x26,0x26,0x26,
  0x26,0x26,0x26,0x26,0x26,0x26,0x26,0x26,0x26,0x26,0x26,0x26,0x26,0x26,0x26,0x26,0x26,0x26,0x26,0x26,0x26,0x26,0x26,0x61,0x25,0x25,0x25,0x25,0x25,0x25,0x25,0x25,
  0x25,0x25,0x25,0x25,0x25,0x25,0x25,0x25,0x25,0x26,0x26,0x26,0x26,0x37,0x26,0x26,0x18,0x18,0x18,0x18,0x18,0x18,0x19,0x1A,0x1A,0x1A,0x1A,0x1A,0x1A,0x1A,0x1B,0x1C,
  0x12,0x12,0x12,0x17,0x17,0x17,0x17,0x17,0x17,0x17,0x17,0x17,0x17,0x17,0x17,0x17,0x19,0x1F,0x1F,0x1F,0x27,0x27,0x27,0xDB,0xDE,0xD9,0xDE,0xDA,0xDA,0xDC,0x27,0x27,
  0x27,0x27,0x27,0x27,0x19,0x17,0x17,0x17,0x17,0x17,0x17,0x17,0x1C,0x1C,0x1C,0x1F,0x18,0x19,0x1A,0x1A,0x1A,0x1A,0x1A,0x1A,0x1A,0x1B,0x1C,0x1C,0x1C,0x1C,0x1C,0x1C,
  0x25,0x25,0x25,0x25,0x25,0x25,0x25,0x25,0x25,0x25,0x25,0x25,0x25,0x25,0x25,0x25,0x25,0x25,0x25,0x25,0x25,0x25,0x25,0x25,0x25,0x25,0x25,0x25,0x25,0x25,0x25,0x25,
  0x25,0x25,0x25,0x61,0x26,0x26,0x26,0x26,0x26,0x26,0x26,0x26,0x26,0x26,0x26,0x26,0x26,0x26,0x26,0x26,0x26,0x26,0x26,0x26,0x26,0x26,0x26,0x91,0x93,0x26,0x92,0x93,
  0x93,0x26,0x26,0x26,0x26,0x26,0x26,0x26,0x26,0x26,0x26,0x26,0x26,0x26,0x26,0x26,0x26,0x26,0x26,0x26,0x26,0x26,0x26,0x26,0x26,0x26,0x26,0x26,0x26,0x26,0x26,0x26,
  0x26,0x26,0x26,0x26,0x26,0x26,0x26,0x26,0x26,0x26,0x26,0x26,0x26,0x26,0x26,0x26,0x26,0x26,0x26,0x26,0x26,0x26,0x26,0x26,0x26,0x26,0x26,0x26,0x26,0x26,0x26,0x61,
  0x25,0x25,0x25,0x25,0x25,0x25,0x25,0x25,0x25,0x25,0x25,0x25,0x25,0x25,0x25,0x25,0x25,0x25,0x25,0x61,0x26,0x26,0x26,0x26,0x26,0x26,0x26,0x26,0x26,0x26,0x26,0x26,
  0x26,0x26,0x26,0x26,0x26,0x26,0x26,0x26,0x26,0x26,0x26,0x26,0x26,0x26,0x26,0x26,0x26,0x26,0x26,0x26,0x26,0x26,0x26,0x26,0x26,0x26,0x26,0x26,0x26,0x26,0x26,0x60,
  0x27,0x27,0x27,0x27,0x28,0x29,0x29,0x29,0x29,0x29,0x29,0x29,0x29,0x2A,0x2A,0x2A,0x2B,0x2C,0x2C,0x2D,0x2D,0x2D,0x2D,0x2D,0x2D,0x2D,0x2A,0x2B,0x2A,0x2A,0x29,0x29,
  0x29,0x29,0x29,0x29,0x29,0x2A,0x2B,0x2B,0x2C,0x2D,0x27,0x25,0x25,0x25,0x25,0x25,0x25,0x25,0x25,0x25,0x25,0x25,0x25,0x25,0x25,0x25,0x26,0x26,0x26,0x26,0x26,0x26,
  0x26,0x26,0x26,0x26,0x26,0x26,0x26,0x26,0x26,0x26,0x26,0x26,0x26,0x26,0x26,0x26,0x26,0x26,0x26,0x26,0x26,0x26,0x26,0x26,0x26,0x26,0x26,0x26,0x26,0x26,0x26,0x26,
  0x26,0x26,0x26,0x26,0x26,0x26,0x26,0x25,0x25,0x25,0x25,0x25,0x25,0x25,0x25,0x25,0x25,0x25,0x25,0x25,0x25,0x25,0x25,0x25,0x61,0x26,0x26,0x26,0x26,0x38,0x26,0x26,
  0x18,0x18,0x18,0x18,0x18,0x18,0x19,0x1A,0x1A,0x1A,0x1A,0x1A,0x1A,0x1A,0x1B,0x1C,0x12,0x12,0x12,0x17,0x17,0x17,0x17,0x17,0x17,0x17,0x17,0x17,0x17,0x17,0x17,0x19,
  0x1F,0x1F,0x27,0x27,0x27,0x27,0xD9,0xD9,0xDE,0xD8,0xDE,0xD8,0xDA,0xDC,0xDC,0x27,0x27,0x27,0x27,0x27,0x27,0x19,0x17,0x17,0x17,0x17,0x17,0x17,0x1C,0x1C,0x1C,0x1F,
  0x18,0x19,0x1A,0x1A,0x1A,0x1A,0x1A,0x1A,0x1A,0x1B,0x1C,0x1C,0x1C,0x1C,0x1C,0x1C,0x25,0x25,0x25,0x25,0x25,0x25,0x25,0x25,0x25,0x25,0x25,0x25,0x25,0x25,0x25,0x25,
  0x25,0x25,0x25,0x25,0x25,0x25,0x25,0x25,0x25,0x25,0x25,0x25,0x25,0x25,0x25,0x25,0x25,0x25,0x25,0x26,0x26,0x26,0x26,0x26,0x26,0x26,0x26,0x26,0x26,0x26,0x26,0x26,
  0x26,0x26,0x26,0x26,0x26,0x26,0x26,0x26,0x26,0x26,0x26,0x91,0x93,0x26,0x92,0x93,0x93,0x26,0x26,0x26,0x26,0x26,0x26,0x26,0x26,0x26,0x26,0x26,0x26,0x26,0x26,0x26,
  0x26,0x26,0x26,0x26,0x26,0x26,0x26,0x26,0x26,0x26,0x26,0x26,0x26,0x26,0x26,0x26,0x26,0x26,0x26,0x26,0x26,0x26,0x26,0x26,0x26,0x26,0x26,0x26,0x26,0x26,0x26,0x26,
  0x26,0x26,0x26,0x26,0x26,0x26,0x26,0x26,0x26,0x26,0x26,0x26,0x26,0x26,0x61,0x25,0x25,0x25,0x25,0x25,0x25,0x25,0x25,0x25,0x25,0x25,0x25,0x25,0x25,0x25,0x25,0x25,
  0x25,0x25,0x25,0x26,0x26,0x26,0x26,0x26,0x26,0x26,0x26,0x26,0x26,0x26,0x26,0x26,0x26,0x26,0x26,0x26,0x26,0x26,0x26,0x26,0x26,0x26,0x26,0x26,0x26,0x26,0x26,0x26,
  0x26,0x26,0x26,0x26,0x26,0x26,0x26,0x26,0x26,0x26,0x26,0x26,0x26,0x26,0x26,0x26,0x60,0x27,0x27,0x27,0x27,0x28,0x29,0x29,0x29,0x29,0x29,0x29,0x29,0x29,0x29,0x2A,
  0x2B,0x2B,0x2C,0x2C,0x2D,0x2D,0x2D,0x2D,0x2A,0x27,0x25,0x27,0x2A,0x29,0x29,0x29,0x29,0x29,0x29,0x29,0x2A,0x2A,0x2B,0x2C,0x2C,0x2A,0x25,0x25,0x25,0x25,0x25,0x25,
  0x25,0x25,0x25,0x25,0x25,0x25,0x25,0x25,0x25,0x61,0x26,0x26,0x26,0x26,0x26,0x26,0x26,0x26,0x26,0x26,0x26,0x26,0x26,0x26,0x26,0x26,0x26,0x26,0x26,0x26,0x26,0x26,
  0x26,0x26,0x26,0x26,0x26,0x26,0x26,0x26,0x26,0x26,0x26,0x26,0x26,0x26,0x26,0x26,0x26,0x26,0x26,0x26,0x26,0x26,0x61,0x25,0x25,0x25,0x25,0x25,0x25,0x25,0x25,0x25,
  0x25,0x25,0x25,0x25,0x25,0x25,0x25,0x25,0x26,0x26,0x26,0x26,0x26,0x38,0x38,0x26,0x18,0x18,0x18,0x18,0x18,0x18,0x19,0x1A,0x1A,0x1A,0x1A,0x1A,0x1A,0x1A,0x1B,0x1C,
  0x12,0x12,0x12,0x17,0x17,0x17,0x17,0x17,0x17,0x17,0x17,0x17,0x17,0x17,0x17,0x1F,0x1F,0x27,0x27,0x27,0x27,0xD9,0xD8,0xDA,0xD8,0xD8,0xDA,0xDA,0xD9,0xDA,0xDC,0x27,
  0x27,0x27,0x27,0x27,0x27,0x27,0x19,0x17,0x17,0x17,0x17,0x17,0x1C,0x1C,0x1C,0x1F,0x18,0x19,0x1A,0x1A,0x1A,0x1A,0x1A,0x1A,0x1A,0x1B,0x1C,0x1C,0x1C,0x1C,0x1C,0x1C,
  0x25,0x25,0x25,0x36,0x36,0x38,0x39,0x3A,0x25,0x25,0x25,0x25,0x25,0x25,0x25,0x25,0x25,0x25,0x25,0x25,0x25,0x25,0x25,0x25,0x25,0x25,0x25,0x25,0x25,0x25,0x25,0x25,
  0x25,0x25,0x61,0x26,0x26,0x26,0x26,0x26,0x26,0x26,0x26,0x26,0x26,0x26,0x26,0x26,0x26,0x26,0x26,0x26,0x26,0x26,0x26,0x26,0x26,0x26,0x26,0x91,0x93,0x26,0x92,0x93,
  0x93,0x26,0x26,0x26,0x26,0x26,0x26,0x26,0x26,0x26,0x26,0x26,0x26,0x26,0x26,0x26,0x26,0x26,0x26,0x26,0x26,0x26,0x26,0x26,0x26,0x26,0x26,0x26,0x26,0x26,0x26,0x26,
  0x26,0x26,0x26,0x26,0x26,0x26,0x26,0x26,0x26,0x26,0x26,0x26,0x26,0x26,0x26,0x26,0x26,0x26,0x26,0x26,0x26,0x26,0x26,0x26,0x26,0x26,0x26,0x26,0x26,0x26,0x25,0x25,
  0x25,0x25,0x25,0x25,0x25,0x25,0x25,0x25,0x25,0x25,0x25,0x25,0x25,0x25,0x25,0x25,0x25,0x25,0x25,0x26,0x26,0x26,0x26,0x26,0x26,0x26,0x26,0x26,0x26,0x26,0x26,0x26,
  0x26,0x26,0x26,0x26,0x26,0x26,0x26,0x26,0x26,0x26,0x26,0x26,0x26,0x26,0x26,0x26,0x26,0x26,0x26,0x26,0x26,0x26,0x26,0x26,0x26,0x26,0x26,0x26,0x26,0x26,0x26,0x26,
  0x26,0x27,0x27,0x27,0x27,0x27,0x28,0x29,0x29,0x29,0x29,0x29,0x29,0x29,0x29,0x2A,0x2A,0x2B,0x2B,0x2C,0x2D,0x2D,0x2D,0x2A,0x25,0x25,0x25,0x25,0x25,0x27,0x29,0x29,
  0x29,0x29,0x29,0x29,0x2A,0x2B,0x2B,0x2C,0x29,0x25,0x25,0x25,0x25,0x25,0x25,0x25,0x25,0x25,0x25,0x25,0x25,0x25,0x25,0x25,0x25,0x26,0x26,0x26,0x26,0x26,0x26,0x26,
  0x26,0x26,0x26,0x26,0x26,0x26,0x26,0x26,0x26,0x26,0x26,0x26,0x26,0x26,0x26,0x26,0x26,0x26,0x26,0x26,0x26,0x26,0x26,0x26,0x26,0x26,0x26,0x26,0x26,0x26,0x26,0x26,
  0x26,0x26,0x26,0x26,0x26,0x61,0x25,0x25,0x25,0x25,0x25,0x25,0x25,0x25,0x25,0x25,0x25,0x25,0x25,0x25,0x25,0x25,0x36,0x35,0x36,0x36,0x39,0x38,0x37,0x26,0x38,0x26,
  0x18,0x18,0x18,0x18,0x18,0x18,0x19,0x1A,0x1A,0x1A,0x1A,0x1A,0x1A,0x1A,0x1B,0x1C,0x12,0x12,0x12,0x17,0x17,0x17,0x17,0x17,0x17,0x17,0x17,0x17,0x17,0x17,0x19,0x1F,
  0x27,0x27,0x27,0x27,0x27,0xD9,0xD9,0xD8,0xE0,0xD8,0xD8,0xD8,0xD9,0xDB,0xDD,0x27,0x27,0x27,0x27,0x27,0x27,0x27,0x27,0x19,0x17,0x17,0x17,0x17,0x1C,0x1C,0x1C,0x1F,
  0x18,0x19,0x1A,0x1A,0x1A,0x1A,0x1A,0x1A,0x1A,0x1B,0x1C,0x1C,0x1C,0x1C,0x1C,0x1C,0x25,0x36,0x36,0x37,0x38,0x39,0x39,0x39,0x39,0x3A,0x25,0x25,0x25,0x25,0x25,0x25,
  0x25,0x25,0x25,0x25,0x25,0x25,0x25,0x25,0x25,0x25,0x25,0x25,0x25,0x25,0x25,0x25,0x25,0x25,0x26,0x26,0x26,0x26,0x26,0x26,0x26,0x26,0x26,0x26,0x26,0x26,0x26,0x26,
  0x26,0x26,0x26,0x26,0x26,0x26,0x26,0x26,0x26,0x26,0x26,0x92,0x93,0x26,0x92,0x93,0x93,0x26,0x26,0x26,0x26,0x26,0x26,0x26,0x26,0x26,0x26,0x26,0x26,0x26,0x26,0x26,
  0x26,0x26,0x26,0x26,0x26,0x26,0x26,0x26,0x26,0x26,0x26,0x26,0x26,0x26,0x26,0x26,0x26,0x26,0x26,0x26,0x26,0x26,0x26,0x26,0x26,0x26,0x26,0x26,0x26,0x26,0x26,0x26,
  0x26,0x26,0x26,0x26,0x26,0x26,0x26,0x26,0x26,0x26,0x26,0x26,0x26,0x61,0x25,0x25,0x25,0x25,0x25,0x25,0x25,0x25,0x25,0x25,0x25,0x25,0x25,0x25,0x25,0x25,0x25,0x25,
  0x25,0x25,0x61,0x26,0x26,0x26,0x26,0x26,0x26,0x26,0x26,0x26,0x26,0x26,0x26,0x26,0x26,0x26,0x26,0x26,0x26,0x26,0x26,0x26,0x26,0x26,0x26,0x26,0x26,0x26,0x26,0x26,
  0x26,0x26,0x26,0x26,0x26,0x26,0x26,0x26,0x26,0x26,0x26,0x26,0x26,0x26,0x26,0x26,0x26,0x60,0x27,0x27,0x27,0x27,0x27,0x29,0x29,0x29,0x29,0x29,0x29,0x29,0x29,0x29,
  0x2A,0x2B,0x2B,0x2C,0x2C,0x2D,0x2A,0x25,0x25,0x25,0x25,0x25,0x25,0x25,0x29,0x29,0x29,0x29,0x29,0x2A,0x2A,0x2B,0x2B,0x29,0x25,0x25,0x25,0x25,0x25,0x25,0x25,0x25,
  0x25,0x25,0x25,0x25,0x25,0x25,0x25,0x25,0x61,0x26,0x26,0x26,0x26,0x26,0x26,0x26,0x26,0x26,0x26,0x26,0x26,0x26,0x26,0x26,0x26,0x26,0x26,0x26,0x26,0x26,0x26,0x26,
  0x26,0x26,0x26,0x26,0x26,0x26,0x26,0x26,0x26,0x26,0x26,0x26,0x26,0x26,0x26,0x26,0x26,0x26,0x26,0x26,0x61,0x25,0x25,0x25,0x25,0x25,0x25,0x25,0x25,0x25,0x25,0x25,
  0x25,0x25,0x35,0x34,0x34,0x35,0x35,0x36,0x37,0x37,0x37,0x37,0x39,0x37,0x39,0x38,0x39,0x18,0x18,0x18,0x18,0x18,0x19,0x1A,0x1A,0x1A,0x1A,0x1A,0x1A,0x1A,0x1B,0x1C,
  0x12,0x12,0x12,0x17,0x17,0x17,0x17,0x17,0x17,0x17,0x17,0x17,0x17,0x17,0x1F,0x1F,0x27,0x27,0x27,0x27,0x27,0x27,0xDA,0xDA,0xDA,0xDA,0xDA,0xDA,0xDA,0xDC,0xDD,0x27,
  0x27,0x27,0x27,0x27,0x27,0x27,0x27,0x27,0x19,0x17,0x17,0x17,0x1C,0x1C,0x1C,0x1F,0x18,0x19,0x1A,0x1A,0x1A,0x1A,0x1A,0x1A,0x1A,0x1B,0x1C,0x1C,0x36,0x36,0x38,0x39,
  0x36,0x38,0x59,0x36,0x39,0x5C,0x36,0x39,0x36,0x39,0x3A,0x39,0x3A,0x25,0x25,0x25,0x25,0x25,0x25,0x25,0x25,0x25,0x25,0x25,0x25,0x25,0x25,0x25,0x25,0x25,0x25,0x25,
  0x25,0x25,0x26,0x26,0x26,0x26,0x26,0x26,0x26,0x26,0x26,0x26,0x26,0x26,0x26,0x26,0x26,0x26,0x26,0x26,0x26,0x26,0x26,0x26,0x26,0x26,0x26,0x92,0x93,0x26,0x92,0x93,
  0x93,0x26,0x26,0x26,0x26,0x26,0x26,0x26,0x26,0x26,0x26,0x26,0x26,0x26,0x26,0x26,0x26,0x26,0x26,0x26,0x26,0x26,0x26,0x26,0x26,0x26,0x26,0x26,0x26,0x26,0x26,0x26,
  0x26,0x26,0x26,0x26,0x26,0x26,0x26,0x26,0x26,0x26,0x26,0x26,0x26,0x26,0x26,0x26,0x26,0x26,0x26,0x26,0x26,0x26,0x26,0x26,0x26,0x26,0x26,0x26,0x61,0x25,0x25,0x25,
  0x25,0x25,0x25,0x25,0x25,0x25,0x25,0x25,0x25,0x25,0x25,0x25,0x25,0x25,0x25,0x25,0x25,0x25,0x26,0x26,0x26,0x26,0x26,0x26,0x26,0x26,0x26,0x26,0x26,0x26,0x26,0x26,
  0x26,0x26,0x26,0x26,0x36,0x34,0x26,0x26,0x26,0x26,0x26,0x26,0x26,0x26,0x26,0x26,0x26,0x26,0x26,0x26,0x26,0x26,0x26,0x26,0x26,0x26,0x26,0x26,0x26,0x26,0x26,0x26,
  0x26,0x26,0x27,0x27,0x27,0x27,0x27,0x28,0x29,0x29,0x29,0x29,0x29,0x29,0x29,0x29,0x2A,0x2A,0x2B,0x2B,0x2C,0x2D,0x27,0x25,0x25,0x25,0x25,0x25,0x25,0x25,0x27,0x29,
  0x29,0x29,0x29,0x2A,0x2B,0x2B,0x2B,0x27,0x25,0x25,0x25,0x25,0x25,0x25,0x25,0x25,0x25,0x25,0x25,0x25,0x25,0x25,0x25,0x25,0x26,0x26,0x26,0x26,0x26,0x26,0x26,0x26,
  0x26,0x26,0x26,0x26,0x26,0x26,0x26,0x26,0x26,0x26,0x26,0x26,0x26,0x26,0x26,0x26,0x26,0x26,0x26,0x26,0x26,0x26,0x26,0x26,0x26,0x26,0x26,0x26,0x26,0x26,0x26,0x26,
  0x26,0x26,0x26,0x26,0x25,0x25,0x25,0x25,0x25,0x25,0x25,0x25,0x25,0x25,0x25,0x25,0x36,0x33,0x34,0x35,0x36,0x37,0x37,0x38,0x38,0x38,0x38,0x38,0x38,0x39,0x39,0x3A,
  0x3A,0x3A,0x3B,0x18,0x18,0x18,0x19,0x1A,0x1A,0x1A,0x1A,0x1A,0x1A,0x1A,0x1B,0x1C,0x12,0x12,0x12,0x14,0x17,0x17,0x17,0x17,0x17,0x17,0x17,0x17,0x17,0x17,0x1F,0x27,
  0x27,0x27,0x27,0x27,0x27,0x27,0x27,0xC0,0xC0,0xDC,0xDC,0xDA,0xDC,0xDC,0xDC,0x27,0x27,0x27,0x27,0x27,0x27,0x27,0x27,0x27,0x19,0x17,0x17,0x17,0x1C,0x1C,0x1A,0x1F,
  0x18,0x19,0x1A,0x1A,0x1A,0x1A,0x1A,0x1A,0x1A,0x1B,0x36,0x36,0x37,0x38,0x39,0x39,0x39,0x39,0x3A,0x39,0x5C,0x5C,0x36,0x39,0x37,0x38,0x39,0x39,0x39,0x39,0x3A,0x26,
  0x25,0x25,0x25,0x25,0x25,0x25,0x25,0x25,0x25,0x25,0x25,0x25,0x25,0x25,0x25,0x25,0x25,0x61,0x26,0x26,0x26,0x26,0x26,0x26,0x26,0x26,0x26,0x26,0x26,0x26,0x26,0x26,
  0x26,0x26,0x26,0x26,0x26,0x26,0x26,0x26,0x26,0x26,0x26,0x92,0x93,0x26,0x92,0x93,0x93,0x26,0x26,0x26,0x26,0x26,0x26,0x26,0x26,0x26,0x26,0x26,0x26,0x26,0x26,0x26,
  0x26,0x26,0x26,0x26,0x26,0x26,0x26,0x26,0x26,0x26,0x26,0x26,0x26,0x26,0x26,0x26,0x26,0x26,0x26,0x26,0x26,0x26,0x26,0x26,0x26,0x26,0x26,0x26,0x26,0x26,0x26,0x26,
  0x26,0x26,0x26,0x26,0x26,0x26,0x26,0x26,0x26,0x26,0x26,0x61,0x25,0x25,0x25,0x25,0x25,0x25,0x25,0x25,0x25,0x25,0x25,0x25,0x25,0x25,0x25,0x25,0x25,0x25,0x25,0x25,
  0x25,0x25,0x26,0x26,0x26,0x26,0x26,0x26,0x26,0x26,0x26,0x26,0x26,0x26,0x26,0x26,0x26,0x48,0x4A,0x4D,0x3A,0x3A,0x34,0x26,0x26,0x26,0x26,0x26,0x26,0x26,0x26,0x26,
  0x26,0x26,0x26,0x26,0x26,0x26,0x26,0x26,0x26,0x26,0x26,0x26,0x26,0x26,0x26,0x26,0x26,0x26,0x60,0x27,0x27,0x27,0x27,0x27,0x29,0x29,0x29,0x29,0x29,0x29,0x29,0x29,
  0x2A,0x2A,0x2B,0x2B,0x2C,0x2D,0x25,0x25,0x25,0x25,0x25,0x25,0x25,0x25,0x25,0x29,0x29,0x2A,0x2A,0x2A,0x2B,0x2B,0x29,0x25,0x25,0x25,0x25,0x25,0x25,0x25,0x25,0x25,
  0x25,0x25,0x25,0x25,0x25,0x25,0x25,0x25,0x26,0x26,0x26,0x26,0x26,0x26,0x26,0x26,0x26,0x26,0x26,0x26,0x26,0x26,0x26,0x26,0x26,0x26,0x26,0x26,0x26,0x26,0x26,0x26,
  0x26,0x26,0x26,0x26,0x26,0x26,0x26,0x26,0x26,0x26,0x26,0x26,0x26,0x26,0x26,0x26,0x26,0x26,0x26,0x61,0x25,0x25,0x25,0x25,0x25,0x25,0x25,0x25,0x25,0x25,0x25,0x34,
  0x38,0x37,0x36,0x37,0x39,0x37,0x38,0x38,0x39,0x39,0x39,0x3A,0x3A,0x3A,0x3A,0x3B,0x3B,0x3C,0x3D,0x3C,0x18,0x18,0x19,0x1A,0x1A,0x1A,0x1A,0x1A,0x1A,0x1A,0x1B,0x1C,
  0x12,0x12,0x12,0x12,0x17,0x17,0x17,0x17,0x17,0x17,0x17,0x17,0x17,0x17,0x1F,0x27,0x27,0x27,0x27,0x27,0x27,0x27,0x27,0xC0,0xC0,0xDC,0xDA,0xD8,0xDA,0xDB,0xDC,0xD9,
  0xDB,0x37,0x27,0x27,0x17,0x17,0x27,0x27,0x27,0x17,0x17,0x17,0x1A,0x1A,0x1A,0x1A,0x18,0x19,0x1A,0x1A,0x1A,0x1A,0x1A,0x1A,0x1A,0x36,0x38,0x5B,0x36,0x39,0x5C,0x36,
  0x39,0x5C,0x36,0x36,0x38,0x39,0x3A,0x5A,0x36,0x39,0x5D,0x36,0x39,0x5F,0x39,0x3A,0x25,0x25,0x25,0x25,0x25,0x25,0x25,0x25,0x25,0x25,0x25,0x25,0x25,0x25,0x25,0x25,
  0x25,0x26,0x26,0x26,0x26,0x26,0x26,0x26,0x26,0x26,0x26,0x26,0x26,0x26,0x26,0x26,0x26,0x26,0x26,0x26,0x26,0x26,0x26,0x26,0x26,0x26,0x26,0x92,0x93,0x26,0x92,0x93,
  0x93,0x26,0x26,0x26,0x26,0x26,0x26,0x26,0x26,0x26,0x26,0x26,0x26,0x26,0x26,0x26,0x26,0x26,0x26,0x26,0x26,0x26,0x26,0x26,0x26,0x26,0x26,0x26,0x26,0x26,0x26,0x26,
  0x26,0x26,0x26,0x26,0x26,0x26,0x26,0x26,0x26,0x26,0x26,0x26,0x26,0x26,0x26,0x26,0x26,0x26,0x26,0x26,0x26,0x26,0x26,0x26,0x26,0x26,0x26,0x25,0x25,0x25,0x25,0x25,
  0x25,0x25,0x25,0x25,0x25,0x25,0x25,0x25,0x25,0x25,0x25,0x25,0x25,0x25,0x25,0x25,0x25,0x61,0x26,0x26,0x26,0x26,0x26,0x26,0x26,0x26,0x26,0x26,0x26,0x26,0x26,0x26,
  0x48,0x4A,0x28,0x3A,0x39,0x34,0x38,0x34,0x26,0x26,0x26,0x26,0x26,0x26,0x26,0x26,0x26,0x26,0x26,0x26,0x26,0x26,0x26,0x26,0x26,0x26,0x26,0x26,0x26,0x26,0x26,0x26,
  0x26,0x26,0x26,0x60,0x27,0x27,0x27,0x27,0x28,0x29,0x29,0x29,0x29,0x29,0x29,0x29,0x29,0x2A,0x2B,0x2B,0x2C,0x2A,0x25,0x25,0x25,0x25,0x25,0x25,0x25,0x25,0x25,0x29,
  0x29,0x2A,0x2B,0x2B,0x2B,0x29,0x25,0x25,0x25,0x25,0x25,0x25,0x25,0x25,0x25,0x25,0x25,0x25,0x25,0x25,0x25,0x25,0x25,0x61,0x26,0x26,0x26,0x26,0x26,0x26,0x26,0x26,
  0x26,0x26,0x26,0x26,0x26,0x26,0x26,0x26,0x26,0x26,0x26,0x26,0x26,0x26,0x26,0x26,0x26,0x26,0x26,0x26,0x26,0x26,0x26,0x26,0x26,0x26,0x26,0x26,0x26,0x26,0x26,0x26,
  0x26,0x26,0x61,0x25,0x25,0x25,0x25,0x25,0x25,0x25,0x25,0x25,0x25,0x25,0x35,0x39,0x37,0x34,0x39,0x39,0x35,0x39,0x3A,0x3B,0x37,0x39,0x3B,0x3B,0x38,0x39,0x3C,0x3B,
  0x3D,0x3E,0x3E,0x3E,0x3D,0x18,0x19,0x1A,0x1A,0x1A,0x1A,0x1A,0x1A,0x1A,0x1B,0x1C,0x18,0x12,0x12,0x12,0x17,0x17,0x17,0x17,0x17,0x17,0x17,0x17,0x17,0x17,0x19,0x27,
  0x17,0x17,0x17,0x17,0x27,0x27,0x27,0xD9,0xDA,0xD9,0xD9,0xD8,0xD8,0xD9,0xDC,0xDB,0x38,0x38,0x38,0x38,0x17,0x17,0x17,0x17,0x27,0x17,0x17,0x17,0x19,0x1A,0x1C,0x1C,
  0x18,0x19,0x1A,0x1A,0x1A,0x1A,0x1A,0x1A,0x1A,0x1B,0x5B,0x5B,0x39,0x5E,0x5D,0x58,0x36,0x36,0x37,0x38,0x39,0x39,0x39,0x39,0x3A,0x5E,0x5F,0x5C,0x39,0x5F,0x5E,0x25,
  0x25,0x25,0x25,0x25,0x25,0x25,0x25,0x25,0x25,0x25,0x25,0x25,0x25,0x25,0x25,0x25,0x61,0x26,0x26,0x26,0x26,0x26,0x26,0x26,0x26,0x26,0x26,0x26,0x26,0x26,0x26,0x26,
  0x26,0x26,0x26,0x26,0x26,0x26,0x26,0x26,0x26,0x26,0x26,0x92,0x93,0x26,0x92,0x93,0x93,0x26,0x26,0x26,0x26,0x26,0x26,0x26,0x26,0x26,0x26,0x26,0x26,0x26,0x26,0x26,
  0x26,0x26,0x26,0x26,0x26,0x26,0x26,0x26,0x26,0x26,0x26,0x26,0x26,0x26,0x26,0x26,0x26,0x26,0x26,0x26,0x26,0x26,0x26,0x26,0x26,0x26,0x26,0x26,0x26,0x26,0x26,0x26,
  0x26,0x26,0x26,0x26,0x26,0x26,0x26,0x26,0x26,0x26,0x61,0x25,0x25,0x25,0x25,0x25,0x25,0x25,0x25,0x25,0x25,0x25,0x25,0x25,0x25,0x25,0x25,0x25,0x25,0x25,0x25,0x25,
  0x25,0x26,0x26,0x26,0x26,0x26,0x26,0x26,0x26,0x26,0x26,0x26,0x26,0x26,0x26,0x48,0x4A,0x2A,0x26,0x3A,0x3A,0x3A,0x36,0x36,0x26,0x26,0x26,0x26,0x26,0x26,0x26,0x26,
  0x26,0x26,0x26,0x26,0x26,0x26,0x26,0x26,0x26,0x26,0x26,0x26,0x26,0x26,0x26,0x26,0x26,0x26,0x26,0x26,0x27,0x27,0x27,0x27,0x27,0x28,0x29,0x29,0x29,0x29,0x29,0x29,
  0x29,0x2A,0x2B,0x2B,0x2C,0x27,0x25,0x25,0x25,0x25,0x25,0x25,0x25,0x25,0x25,0x29,0x2A,0x2A,0x2B,0x2B,0x29,0x25,0x25,0x25,0x25,0x25,0x25,0x25,0x25,0x25,0x25,0x25,
  0x25,0x25,0x25,0x25,0x25,0x25,0x25,0x26,0x26,0x26,0x26,0x26,0x26,0x26,0x26,0x26,0x26,0x26,0x26,0x26,0x26,0x26,0x26,0x26,0x26,0x26,0x26,0x26,0x26,0x26,0x26,0x26,
  0x26,0x26,0x26,0x26,0x26,0x26,0x26,0x26,0x26,0x26,0x26,0x26,0x26,0x26,0x26,0x26,0x26,0x61,0x25,0x25,0x25,0x25,0x25,0x25,0x25,0x25,0x25,0x25,0x25,0x25,0x38,0x4D,
  0x35,0x39,0x3A,0x35,0x39,0x3A,0x3B,0x37,0x3A,0x3C,0x37,0x3C,0x3D,0x37,0x3C,0x3D,0x39,0x3E,0x3E,0x4F,0x3E,0x18,0x19,0x1A,0x1A,0x1A,0x1A,0x1A,0x1A,0x1A,0x1B,0x1C,
  0x1F,0x12,0x12,0x12,0x17,0x17,0x17,0x17,0x17,0x17,0x17,0x17,0x17,0x17,0x17,0x17,0x17,0x17,0x17,0x17,0x19,0x1F,0x27,0x37,0x38,0x38,0xDB,0xDB,0xDB,0xDA,0xD9,0x38,
  0x38,0x38,0x38,0x38,0x39,0x17,0x17,0x17,0x17,0x17,0x17,0x17,0x17,0x1C,0x1C,0x1C,0x18,0x19,0x1A,0x1A,0x1A,0x1A,0x1A,0x1A,0x1A,0x1B,0x56,0x59,0x59,0x5C,0x5A,0x36,
  0x38,0x5F,0x36,0x39,0x5F,0x36,0x39,0x5F,0x39,0x3A,0x5E,0x5E,0x5B,0x5F,0x5E,0x25,0x25,0x25,0x25,0x25,0x25,0x25,0x25,0x25,0x25,0x25,0x25,0x25,0x25,0x25,0x25,0x25,
  0x26,0x26,0x26,0x26,0x26,0x26,0x26,0x26,0x26,0x26,0x26,0x26,0x26,0x26,0x26,0x26,0x26,0x26,0x26,0x26,0x26,0x26,0x26,0x26,0x26,0x26,0x26,0x92,0x93,0x26,0x92,0x93,
  0x93,0x26,0x26,0x26,0x26,0x26,0x26,0x26,0x26,0x26,0x26,0x26,0x26,0x26,0x26,0x26,0x26,0x26,0x26,0x26,0x26,0x26,0x26,0x26,0x26,0x26,0x26,0x26,0x26,0x26,0x26,0x26,
  0x26,0x26,0x26,0x26,0x26,0x26,0x26,0x26,0x26,0x26,0x26,0x26,0x26,0x26,0x26,0x26,0x26,0x26,0x26,0x26,0x26,0x26,0x26,0x26,0x26,0x61,0x25,0x25,0x25,0x25,0x25,0x25,
  0x25,0x25,0x25,0x25,0x25,0x25,0x25,0x25,0x25,0x25,0x25,0x25,0x25,0x25,0x25,0x25,0x25,0x26,0x26,0x26,0x26,0x26,0x26,0x26,0x26,0x26,0x26,0x26,0x26,0x26,0x26,0x48,
  0x4C,0x28,0x26,0x26,0x26,0x26,0x39,0x36,0x26,0x26,0x26,0x26,0x26,0x26,0x26,0x26,0x26,0x26,0x26,0x26,0x26,0x26,0x26,0x26,0x26,0x26,0x26,0x26,0x26,0x26,0x26,0x26,
  0x26,0x26,0x26,0x26,0x60,0x27,0x27,0x27,0x27,0x26,0x29,0x29,0x29,0x29,0x29,0x29,0x29,0x2A,0x2B,0x2B,0x29,0x25,0x25,0x25,0x25,0x25,0x25,0x25,0x25,0x25,0x25,0x29,
  0x2A,0x2B,0x2B,0x29,0x25,0x25,0x25,0x25,0x25,0x25,0x25,0x25,0x25,0x25,0x25,0x25,0x25,0x25,0x25,0x25,0x25,0x25,0x61,0x26,0x26,0x26,0x26,0x26,0x26,0x26,0x26,0x26,
  0x26,0x26,0x26,0x26,0x26,0x26,0x26,0x26,0x26,0x26,0x26,0x26,0x26,0x26,0x26,0x26,0x26,0x26,0x26,0x26,0x26,0x26,0x26,0x26,0x26,0x26,0x26,0x26,0x26,0x26,0x26,0x26,
  0x26,0x25,0x25,0x25,0x25,0x25,0x25,0x25,0x25,0x25,0x25,0x25,0x25,0x25,0x25,0x4D,0x3A,0x4F,0x4F,0x37,0x3A,0x4F,0x3B,0x37,0x3D,0x3E,0x39,0x3C,0x3E,0x4F,0x38,0x3D,
  0x4F,0x4F,0x3E,0x4F,0x18,0x18,0x19,0x1A,0x1A,0x1A,0x1A,0x1A,0x1A,0x1A,0x1B,0x1C,0x1F,0x12,0x12,0x12,0x17,0x17,0x17,0x17,0x17,0x17,0x17,0x17,0x17,0x17,0x17,0x17,
  0x17,0x17,0x17,0x17,0x17,0x1F,0x37,0x38,0x38,0x38,0x38,0xDB,0xD9,0xDB,0xDB,0xD9,0xD8,0x38,0x38,0x38,0x39,0x17,0x17,0x17,0x17,0x17,0x17,0x17,0x17,0x1C,0x1C,0x1C,
  0x18,0x19,0x1A,0x1A,0x1A,0x1A,0x1A,0x1A,0x1A,0x1B,0x56,0x56,0x57,0x57,0x59,0x57,0x5D,0x5D,0x39,0x5F,0x5F,0x5C,0x39,0x5F,0x5D,0x5F,0x5F,0x5B,0x5B,0x5A,0x5E,0x25,
  0x25,0x25,0x25,0x25,0x25,0x25,0x25,0x25,0x25,0x25,0x25,0x25,0x25,0x25,0x25,0x61,0x26,0x26,0x26,0x26,0x26,0x26,0x26,0x26,0x26,0x26,0x26,0x26,0x26,0x26,0x26,0x26,
  0x26,0x26,0x26,0x26,0x26,0x26,0x26,0x26,0x26,0x26,0x26,0x92,0x93,0x26,0x92,0x93,0x93,0x26,0x26,0x26,0x26,0x26,0x26,0x26,0x26,0x26,0x26,0x26,0x26,0x26,0x26,0x26,
  0x26,0x26,0x26,0x26,0x26,0x26,0x26,0x26,0x26,0x26,0x26,0x26,0x26,0x26,0x26,0x26,0x26,0x26,0x26,0x26,0x26,0x26,0x26,0x26,0x26,0x26,0x26,0x26,0x26,0x26,0x26,0x26,
  0x26,0x26,0x26,0x26,0x26,0x26,0x26,0x26,0x61,0x25,0x25,0x25,0x25,0x25,0x25,0x25,0x25,0x25,0x25,0x25,0x25,0x25,0x25,0x25,0x25,0x25,0x25,0x25,0x25,0x25,0x25,0x25,
  0x61,0x26,0x26,0x26,0x26,0x26,0x26,0x26,0x26,0x26,0x26,0x26,0x26,0x26,0x48,0x4A,0x4C,0x26,0x26,0x26,0x26,0x26,0x3A,0x26,0x26,0x26,0x26,0x26,0x26,0x26,0x26,0x26,
  0x26,0x26,0x26,0x26,0x26,0x26,0x26,0x26,0x26,0x26,0x26,0x26,0x26,0x26,0x26,0x26,0x26,0x26,0x26,0x26,0x26,0x60,0x27,0x27,0x26,0x25,0x29,0x29,0x29,0x29,0x29,0x29,
  0x29,0x2A,0x2B,0x2B,0x27,0x25,0x25,0x25,0x25,0x25,0x25,0x25,0x25,0x25,0x25,0x29,0x2A,0x2B,0x29,0x25,0x25,0x25,0x25,0x25,0x25,0x25,0x25,0x25,0x25,0x25,0x25,0x25,
  0x25,0x25,0x25,0x25,0x25,0x25,0x26,0x26,0x26,0x26,0x26,0x26,0x26,0x26,0x26,0x26,0x26,0x26,0x26,0x26,0x26,0x26,0x26,0x26,0x26,0x26,0x26,0x26,0x26,0x26,0x26,0x26,
  0x26,0x26,0x26,0x26,0x26,0x26,0x26,0x26,0x26,0x26,0x26,0x26,0x26,0x26,0x26,0x26,0x61,0x25,0x25,0x25,0x25,0x25,0x25,0x25,0x25,0x25,0x25,0x25,0x25,0x25,0x25,0x48,
  0x4A,0x4E,0x4B,0x3A,0x4F,0x4F,0x4D,0x3A,0x3E,0x4F,0x3A,0x3D,0x4F,0x4F,0x4F,0x3E,0x4F,0x4F,0x4F,0x4F,0x18,0x18,0x19,0x1A,0x1A,0x1A,0x1A,0x1A,0x1A,0x1A,0x1B,0x1C,
  0x1F,0x12,0x12,0x12,0x17,0x17,0x17,0x17,0x17,0x17,0x17,0x17,0x17,0x17,0x17,0x17,0x17,0x17,0x17,0x17,0x17,0x19,0x37,0x38,0x38,0x38,0x38,0x38,0xDB,0xD9,0xDB,0xDB,
  0xD9,0xD8,0x38,0x38,0x39,0x17,0x17,0x17,0x17,0x17,0x17,0x17,0x17,0x1C,0x1C,0x1C,0x18,0x19,0x1A,0x1A,0x1A,0x1A,0x1A,0x36,0x8C,0x8D,0x8D,0x3A,0x56,0x56,0x56,0x57,
  0x57,0x5B,0x5B,0x5E,0x5C,0x5C,0x59,0x5F,0x5D,0x5B,0x5E,0x5E,0x5A,0x5A,0x5A,0x25,0x25,0x25,0x25,0x25,0x25,0x25,0x25,0x25,0x25,0x25,0x25,0x25,0x25,0x25,0x25,0x26,
  0x26,0x26,0x26,0x26,0x26,0x26,0x26,0x26,0x26,0x26,0x26,0x26,0x26,0x26,0x26,0x26,0x26,0x26,0x26,0x26,0x26,0x26,0x26,0x26,0x26,0x26,0x26,0x92,0x93,0x26,0x92,0x93,
  0x93,0x26,0x26,0x26,0x26,0x26,0x26,0x26,0x26,0x26,0x26,0x26,0x26,0x26,0x26,0x26,0x26,0x26,0x26,0x26,0x26,0x26,0x26,0x26,0x26,0x26,0x26,0x26,0x26,0x26,0x26,0x26,
  0x26,0x26,0x26,0x26,0x26,0x26,0x26,0x26,0x26,0x26,0x26,0x26,0x26,0x26,0x26,0x26,0x26,0x26,0x26,0x26,0x26,0x26,0x26,0x26,0x25,0x25,0x25,0x25,0x25,0x25,0x25,0x25,
  0x25,0x25,0x25,0x25,0x25,0x25,0x25,0x25,0x25,0x25,0x25,0x25,0x25,0x25,0x25,0x25,0x26,0x26,0x26,0x26,0x26,0x26,0x26,0x26,0x26,0x26,0x26,0x34,0x36,0x26,0x48,0x4C,
  0x2A,0x26,0x26,0x26,0x26,0x26,0x26,0x26,0x26,0x26,0x26,0x26,0x26,0x26,0x26,0x26,0x26,0x26,0x26,0x26,0x26,0x26,0x26,0x26,0x26,0x26,0x26,0x26,0x26,0x26,0x26,0x26,
  0x26,0x26,0x26,0x26,0x26,0x26,0x60,0x26,0x25,0x25,0x29,0x29,0x29,0x29,0x29,0x29,0x29,0x2A,0x2B,0x2B,0x25,0x25,0x25,0x25,0x25,0x25,0x25,0x25,0x25,0x25,0x27,0x29,
  0x2A,0x2B,0x25,0x25,0x25,0x25,0x25,0x25,0x25,0x25,0x25,0x25,0x25,0x25,0x25,0x25,0x25,0x25,0x25,0x25,0x25,0x25,0x26,0x26,0x26,0x26,0x26,0x26,0x26,0x26,0x26,0x26,
  0x26,0x26,0x26,0x26,0x26,0x26,0x26,0x26,0x26,0x26,0x26,0x26,0x26,0x26,0x26,0x26,0x26,0x26,0x26,0x26,0x26,0x26,0x26,0x26,0x26,0x26,0x26,0x26,0x26,0x26,0x26,0x61,
  0x25,0x25,0x25,0x25,0x25,0x25,0x25,0x25,0x25,0x25,0x25,0x25,0x25,0x25,0x25,0x48,0x48,0x49,0x4A,0x49,0x4E,0x4C,0x4D,0x3C,0x4F,0x4F,0x4D,0x3D,0x4F,0x4E,0x4F,0x4D,
  0x4F,0x4F,0x4D,0x4D,0x18,0x18,0x19,0x1A,0x1A,0x1A,0x1A,0x1A,0x1A,0x1A,0x1B,0x1C,0x1F,0x12,0x12,0x12,0x17,0x17,0x17,0x17,0x17,0x17,0x17,0x17,0x17,0x17,0x17,0x17,
  0x17,0x17,0x17,0x17,0x17,0x17,0x17,0x38,0x38,0x38,0x38,0x38,0x38,0x38,0x38,0x38,0x38,0x38,0x39,0x39,0x17,0x17,0x17,0x17,0x17,0x17,0x17,0x17,0x17,0x1C,0x1C,0x1C,
  0x18,0x19,0x1A,0x1A,0x1A,0x36,0x8B,0x8E,0x8D,0x88,0x8A,0x8B,0x8D,0x8F,0x56,0x56,0x57,0x58,0x59,0x59,0x5B,0x59,0x59,0x58,0x5D,0x5B,0x5A,0x5B,0x5B,0x5A,0x5A,0x25,
  0x25,0x25,0x25,0x25,0x25,0x25,0x25,0x25,0x25,0x25,0x25,0x25,0x25,0x25,0x61,0x26,0x26,0x26,0x26,0x26,0x26,0x26,0x26,0x26,0x26,0x26,0x26,0x26,0x26,0x26,0x26,0x26,
  0x26,0x26,0x26,0x26,0x26,0x26,0x26,0x26,0x26,0x26,0x26,0x92,0x93,0x26,0x92,0x93,0x93,0x26,0x26,0x26,0x26,0x26,0x26,0x26,0x26,0x26,0x26,0x26,0x26,0x26,0x26,0x26,
  0x26,0x26,0x26,0x26,0x26,0x26,0x26,0x26,0x26,0x26,0x26,0x26,0x26,0x26,0x26,0x26,0x26,0x26,0x26,0x26,0x26,0x26,0x26,0x26,0x26,0x26,0x26,0x26,0x26,0x26,0x26,0x26,
  0x26,0x26,0x26,0x26,0x26,0x26,0x26,0x61,0x25,0x25,0x25,0x25,0x25,0x25,0x25,0x25,0x25,0x25,0x25,0x25,0x25,0x25,0x25,0x25,0x25,0x25,0x25,0x25,0x25,0x25,0x25,0x25,
  0x26,0x26,0x26,0x26,0x26,0x26,0x26,0x26,0x26,0x26,0x34,0x3A,0x3A,0x4D,0x48,0x4C,0x28,0x26,0x26,0x26,0x26,0x26,0x26,0x26,0x26,0x26,0x26,0x26,0x26,0x26,0x26,0x26,
  0x26,0x26,0x26,0x26,0x26,0x26,0x26,0x26,0x26,0x26,0x26,0x26,0x26,0x26,0x26,0x26,0x26,0x26,0x26,0x26,0x26,0x26,0x61,0x25,0x25,0x25,0x29,0x29,0x29,0x29,0x29,0x29,
  0x29,0x2A,0x2A,0x2B,0x25,0x25,0x25,0x25,0x25,0x25,0x25,0x25,0x25,0x25,0x29,0x29,0x2A,0x29,0x25,0x25,0x25,0x25,0x25,0x25,0x25,0x25,0x25,0x25,0x25,0x25,0x25,0x25,
  0x25,0x25,0x25,0x25,0x25,0x61,0x26,0x26,0x26,0x26,0x26,0x26,0x26,0x26,0x26,0x26,0x26,0x26,0x26,0x26,0x26,0x26,0x26,0x26,0x26,0x26,0x26,0x26,0x26,0x26,0x26,0x26,
  0x26,0x26,0x26,0x26,0x26,0x26,0x26,0x26,0x26,0x26,0x26,0x26,0x26,0x26,0x61,0x25,0x25,0x25,0x25,0x25,0x25,0x25,0x25,0x25,0x25,0x25,0x25,0x25,0x25,0x25,0x25,0x48,
  0x48,0x48,0x48,0x49,0x48,0x4B,0x4B,0x4B,0x4F,0x4D,0x4D,0x4B,0x4F,0x4E,0x4D,0x4D,0x4C,0x4F,0x4D,0x4C,0x18,0x18,0x19,0x1A,0x1A,0x1A,0x1A,0x1A,0x1A,0x1A,0x1B,0x1C,
  0x1F,0x12,0x12,0x12,0x17,0x17,0x17,0x17,0x17,0x17,0x17,0x17,0x17,0x17,0x17,0x17,0x17,0x17,0x17,0x17,0x17,0x17,0x17,0x17,0x17,0x39,0x39,0x39,0x39,0x39,0x39,0x39,
  0x39,0x39,0x17,0x17,0x17,0x17,0x17,0x17,0x17,0x17,0x17,0x17,0x17,0x1C,0x1C,0x1C,0x36,0x36,0x38,0x39,0x36,0x38,0x8D,0x8F,0x3F,0x8B,0x8E,0x3F,0x8F,0x8F,0x3F,0x39,
  0x3A,0x58,0x58,0x58,0x58,0x59,0x58,0x58,0x59,0x5B,0x5A,0x5A,0x5A,0x5A,0x5A,0x25,0x25,0x25,0x25,0x25,0x25,0x25,0x25,0x25,0x25,0x25,0x25,0x25,0x25,0x25,0x26,0x26,
  0x26,0x26,0x26,0x26,0x26,0x26,0x26,0x26,0x26,0x26,0x26,0x26,0x26,0x26,0x26,0x26,0x26,0x26,0x26,0x26,0x26,0x26,0x26,0x26,0x26,0x26,0x26,0x92,0x93,0x26,0x92,0x93,
  0x93,0x26,0x26,0x26,0x26,0x26,0x26,0x26,0x26,0x26,0x26,0x26,0x26,0x26,0x26,0x26,0x26,0x26,0x26,0x26,0x26,0x26,0x26,0x26,0x26,0x26,0x26,0x26,0x26,0x26,0x26,0x26,
  0x26,0x26,0x26,0x26,0x26,0x26,0x26,0x26,0x26,0x26,0x26,0x26,0x26,0x26,0x26,0x26,0x26,0x26,0x26,0x26,0x26,0x26,0x61,0x25,0x25,0x25,0x25,0x25,0x25,0x25,0x25,0x25,
  0x25,0x25,0x25,0x25,0x25,0x25,0x25,0x25,0x25,0x25,0x25,0x25,0x25,0x25,0x25,0x61,0x26,0x26,0x26,0x26,0x26,0x26,0x26,0x26,0x26,0x34,0x38,0x34,0x39,0x3A,0x48,0x4C,
  0x28,0x26,0x26,0x26,0x26,0x26,0x26,0x26,0x26,0x26,0x26,0x26,0x26,0x26,0x26,0x26,0x26,0x26,0x26,0x26,0x26,0x26,0x26,0x26,0x26,0x26,0x26,0x26,0x26,0x26,0x26,0x26,
  0x26,0x26,0x26,0x26,0x26,0x26,0x26,0x25,0x25,0x25,0x29,0x29,0x29,0x29,0x29,0x29,0x29,0x29,0x2A,0x2B,0x25,0x25,0x25,0x25,0x25,0x25,0x25,0x25,0x25,0x25,0x29,0x29,
  0x2A,0x28,0x25,0x25,0x25,0x25,0x25,0x25,0x25,0x25,0x25,0x25,0x25,0x25,0x25,0x25,0x25,0x25,0x25,0x25,0x25,0x26,0x26,0x26,0x26,0x26,0x26,0x26,0x26,0x26,0x26,0x26,
  0x26,0x26,0x26,0x26,0x26,0x26,0x26,0x26,0x26,0x26,0x26,0x26,0x26,0x26,0x26,0x26,0x26,0x26,0x26,0x26,0x26,0x26,0x26,0x26,0x26,0x26,0x26,0x26,0x26,0x26,0x25,0x25,
  0x25,0x25,0x25,0x25,0x25,0x25,0x25,0x25,0x25,0x25,0x25,0x25,0x25,0x25,0x25,0x48,0x48,0x48,0x48,0x48,0x48,0x49,0x4B,0x4A,0x4A,0x4C,0x4B,0x4B,0x4A,0x4E,0x4D,0x4C,
  0x4C,0x4C,0x4D,0x4C,0x18,0x18,0x19,0x1A,0x1A,0x1A,0x1A,0x1A,0x1A,0x1A,0x1B,0x1C,0x1F,0x12,0x12,0x12,0x17,0x17,0x17,0x17,0x10,0x17,0x17,0x17,0xD8,0x17,0x17,0x17,
  0x17,0x17,0x17,0x17,0x17,0x17,0x17,0x17,0x17,0x17,0x17,0x17,0x17,0x17,0x17,0x17,0x17,0x17,0x17,0x17,0x17,0x17,0x17,0x17,0x17,0x17,0x17,0x17,0x17,0x1C,0x1C,0x1C,
  0x37,0x38,0x39,0x39,0x39,0x39,0x3A,0x3F,0x3F,0x8D,0x8F,0x3F,0x37,0x3F,0x3F,0x39,0x39,0x39,0x3A,0x58,0x58,0x58,0x58,0x58,0x59,0x5A,0x5A,0x5A,0x5A,0x5A,0x5A,0x25,
  0x25,0x25,0x25,0x25,0x25,0x25,0x25,0x25,0x25,0x25,0x25,0x25,0x25,0x61,0x26,0x26,0x26,0x26,0x26,0x26,0x26,0x26,0x26,0x26,0x26,0x26,0x26,0x26,0x26,0x26,0x26,0x26,
  0x26,0x26,0x26,0x26,0x26,0x26,0x26,0x26,0x26,0x26,0x26,0x92,0x93,0x26,0x92,0x93,0x93,0x26,0x26,0x26,0x26,0x26,0x26,0x26,0x26,0x26,0x26,0x26,0x26,0x26,0x26,0x26,
  0x26,0x26,0x26,0x26,0x26,0x26,0x26,0x26,0x26,0x26,0x26,0x26,0x26,0x26,0x26,0x26,0x26,0x26,0x26,0x26,0x26,0x26,0x26,0x26,0x26,0x26,0x26,0x26,0x26,0x26,0x26,0x26,
  0x26,0x26,0x26,0x26,0x26,0x61,0x25,0x25,0x25,0x25,0x25,0x25,0x25,0x25,0x25,0x25,0x25,0x25,0x25,0x25,0x25,0x25,0x25,0x25,0x25,0x25,0x25,0x25,0x25,0x25,0x25,0x26,
  0x26,0x26,0x26,0x26,0x26,0x26,0x26,0x26,0x26,0x36,0x36,0x3A,0x3A,0x3A,0x48,0x4C,0x2A,0x26,0x26,0x26,0x26,0x26,0x26,0x26,0x26,0x26,0x26,0x26,0x26,0x26,0x26,0x26,
  0x26,0x26,0x26,0x26,0x26,0x26,0x26,0x26,0x26,0x26,0x26,0x26,0x26,0x26,0x26,0x26,0x26,0x26,0x26,0x26,0x26,0x26,0x26,0x61,0x25,0x25,0x29,0x29,0x29,0x29,0x29,0x29,
  0x29,0x29,0x2A,0x2B,0x25,0x25,0x25,0x25,0x25,0x25,0x25,0x25,0x25,0x25,0x29,0x29,0x2A,0x28,0x25,0x25,0x25,0x25,0x25,0x25,0x25,0x25,0x25,0x25,0x25,0x25,0x25,0x37,
  0x25,0x25,0x25,0x25,0x61,0x26,0x26,0x26,0x26,0x26,0x26,0x26,0x26,0x26,0x26,0x26,0x26,0x26,0x26,0x26,0x26,0x26,0x26,0x26,0x26,0x26,0x26,0x26,0x26,0x26,0x26,0x26,
  0x26,0x26,0x26,0x26,0x26,0x26,0x26,0x26,0x26,0x26,0x26,0x26,0x26,0x61,0x25,0x25,0x25,0x25,0x25,0x25,0x25,0x25,0x25,0x25,0x25,0x25,0x25,0x25,0x25,0x25,0x25,0x48,
  0x48,0x48,0x48,0x48,0x48,0x49,0x4A,0x4A,0x4A,0x4A,0x4B,0x4A,0x4A,0x4B,0x4D,0x4C,0x4C,0x4C,0x4C,0x4C,0x18,0x18,0x19,0x1A,0x1A,0x1A,0x1A,0x1A,0x1A,0x1A,0x1B,0x1C,
  0x18,0x10,0x12,0x12,0x17,0x17,0x17,0x17,0x13,0xD8,0x17,0xD8,0xD9,0xDF,0x13,0xD8,0xD9,0x17,0x17,0x17,0xD8,0x17,0x17,0x17,0xD8,0x17,0x13,0xD8,0xD9,0x17,0x17,0x17,
  0x17,0x17,0x17,0x17,0x17,0x17,0x17,0x17,0x17,0x17,0x17,0x17,0x17,0x1C,0x1C,0x1C,0x8C,0x8D,0x8D,0x36,0x39,0x5C,0x36,0x36,0x38,0x39,0x3F,0x3F,0x36,0x39,0x5D,0x36,
  0x39,0x5F,0x39,0x3A,0x58,0x58,0x58,0x58,0x59,0x5A,0x5A,0x5A,0x5A,0x5D,0x5E,0x25,0x25,0x25,0x25,0x25,0x25,0x25,0x25,0x25,0x25,0x25,0x25,0x25,0x25,0x26,0x26,0x26,
  0x26,0x26,0x26,0x26,0x26,0x26,0x26,0x26,0x26,0x26,0x26,0x26,0x26,0x26,0x26,0x26,0x26,0x26,0x26,0x26,0x26,0x26,0x26,0x26,0x26,0x26,0x26,0x92,0x93,0x26,0x92,0x93,
  0x93,0x26,0x26,0x26,0x26,0x26,0x26,0x26,0x26,0x26,0x26,0x26,0x26,0x26,0x26,0x26,0x26,0x26,0x26,0x26,0x26,0x26,0x26,0x26,0x26,0x26,0x26,0x26,0x26,0x26,0x26,0x26,
  0x26,0x26,0x26,0x26,0x26,0x26,0x26,0x26,0x26,0x26,0x26,0x26,0x26,0x26,0x26,0x26,0x26,0x26,0x26,0x26,0x61,0x25,0x25,0x25,0x25,0x25,0x25,0x25,0x25,0x25,0x25,0x25,
  0x25,0x25,0x25,0x25,0x25,0x25,0x25,0x25,0x25,0x25,0x25,0x25,0x25,0x25,0x25,0x26,0x26,0x26,0x26,0x26,0x26,0x26,0x26,0x26,0x26,0x36,0x39,0x26,0x26,0x26,0x48,0x4A,
  0x4C,0x26,0x26,0x26,0x26,0x26,0x26,0x26,0x26,0x26,0x26,0x26,0x26,0x26,0x26,0x26,0x26,0x26,0x26,0x26,0x26,0x26,0x26,0x26,0x26,0x26,0x26,0x26,0x26,0x26,0x26,0x26,
  0x26,0x26,0x26,0x26,0x26,0x26,0x26,0x26,0x25,0x25,0x29,0x29,0x29,0x29,0x29,0x29,0x29,0x29,0x2A,0x2B,0x27,0x25,0x25,0x25,0x25,0x25,0x25,0x25,0x25,0x25,0x29,0x29,
  0x2A,0x29,0x25,0x25,0x25,0x25,0x25,0x25,0x25,0x25,0x25,0x25,0x25,0x25,0x37,0x25,0x25,0x25,0x25,0x25,0x26,0x26,0x26,0x26,0x26,0x26,0x26,0x26,0x26,0x26,0x26,0x26,
  0x26,0x26,0x26,0x26,0x26,0x26,0x26,0x26,0x26,0x26,0x26,0x26,0x26,0x26,0x26,0x26,0x26,0x26,0x26,0x26,0x26,0x26,0x26,0x26,0x26,0x26,0x26,0x26,0x61,0x25,0x25,0x25,
  0x25,0x25,0x25,0x25,0x25,0x25,0x25,0x25,0x25,0x25,0x25,0x25,0x25,0x25,0x25,0x48,0x48,0x48,0x48,0x48,0x48,0x49,0x4A,0x4A,0x4A,0x4A,0x4A,0x4A,0x4A,0x4B,0x4C,0x4C,
  0x4C,0x4C,0x4C,0x4C,0x18,0x18,0x19,0x1A,0x1A,0x1A,0x1A,0x1A,0x1A,0x1A,0x1B,0x1C,0x10,0x10,0x10,0x12,0x17,0x17,0x17,0x17,0xD8,0xD9,0xD8,0xD9,0xD9,0xDF,0x17,0xD8,
  0xDF,0xDF,0x17,0x17,0xD8,0xDF,0x17,0x17,0xD8,0xDF,0x17,0xD8,0xDF,0xDF,0x17,0x17,0x17,0x17,0x17,0x17,0x17,0x17,0x17,0x17,0x17,0x17,0x17,0x17,0x17,0x1C,0x1C,0x1C,
  0x8D,0x88,0x8A,0x8B,0x8D,0x8F,0x37,0x38,0x39,0x39,0x39,0x39,0x3A,0x5E,0x5F,0x5C,0x39,0x5F,0x5E,0x58,0x58,0x58,0x58,0x58,0x59,0x5A,0x5A,0x5A,0x5C,0x5E,0x5F,0x25,
  0x25,0x25,0x25,0x25,0x25,0x25,0x25,0x25,0x25,0x25,0x25,0x25,0x61,0x26,0x26,0x26,0x26,0x26,0x26,0x26,0x26,0x26,0x26,0x26,0x26,0x26,0x26,0x26,0x26,0x26,0x26,0x26,
  0x26,0x26,0x26,0x26,0x26,0x26,0x26,0x26,0x26,0x26,0x26,0x92,0x93,0x26,0x92,0x93,0x93,0x26,0x26,0x26,0x26,0x26,0x26,0x26,0x26,0x26,0x26,0x26,0x26,0x26,0x26,0x26,
  0x26,0x26,0x26,0x26,0x26,0x26,0x26,0x26,0x26,0x26,0x26,0x26,0x26,0x26,0x26,0x26,0x26,0x26,0x26,0x26,0x26,0x26,0x26,0x26,0x26,0x26,0x26,0x26,0x26,0x26,0x26,0x26,
  0x26,0x26,0x26,0x26,0x25,0x25,0x25,0x25,0x36,0x25,0x25,0x25,0x25,0x25,0x25,0x25,0x25,0x25,0x25,0x25,0x25,0x25,0x25,0x25,0x25,0x25,0x25,0x25,0x25,0x25,0x61,0x26,
  0x26,0x26,0x26,0x26,0x26,0x26,0x26,0x26,0x26,0x26,0x3A,0x26,0x26,0x26,0x48,0x49,0x4C,0x28,0x26,0x26,0x26,0x26,0x26,0x26,0x26,0x26,0x26,0x26,0x26,0x26,0x26,0x26,
  0x26,0x26,0x26,0x26,0x26,0x26,0x26,0x26,0x26,0x26,0x26,0x26,0x26,0x26,0x26,0x26,0x26,0x26,0x26,0x26,0x26,0x26,0x26,0x26,0x61,0x25,0x29,0x29,0x29,0x29,0x29,0x29,
  0x29,0x29,0x2A,0x2B,0x29,0x25,0x25,0x25,0x25,0x25,0x25,0x25,0x25,0x25,0x29,0x29,0x2A,0x2B,0x27,0x25,0x25,0x25,0x25,0x25,0x25,0x25,0x25,0x25,0x25,0x25,0x38,0x25,
  0x25,0x25,0x25,0x25,0x26,0x26,0x26,0x26,0x26,0x26,0x26,0x26,0x26,0x26,0x26,0x26,0x26,0x26,0x26,0x26,0x26,0x26,0x26,0x26,0x26,0x26,0x26,0x26,0x26,0x26,0x26,0x26,
  0x26,0x26,0x26,0x26,0x26,0x26,0x26,0x26,0x26,0x26,0x26,0x61,0x25,0x25,0x25,0x25,0x25,0x25,0x25,0x25,0x25,0x25,0x25,0x25,0x25,0x25,0x25,0x25,0x25,0x25,0x25,0x48,
  0x48,0x48,0x48,0x48,0x48,0x49,0x4A,0x4A,0x4A,0x4A,0x4A,0x4A,0x4A,0x4B,0x4C,0x4C,0x4C,0x4C,0x4C,0x4C,0x18,0x18,0x19,0x1A,0x1A,0x1A,0x1A,0x1A,0x1A,0x1A,0x1B,0x1C,
  0x12,0x10,0x10,0x10,0x17,0x17,0x17,0x17,0xD8,0xDF,0xD9,0xDF,0xD9,0xDF,0x17,0xD8,0xDF,0x17,0x17,0x17,0xD8,0xDF,0x17,0x17,0xD8,0xDF,0x17,0xD8,0xDF,0x17,0x17,0x17,
  0x17,0x17,0x17,0x17,0x17,0x17,0x17,0x17,0x17,0x17,0x17,0x17,0x17,0x1C,0x1C,0x1C,0x3F,0x8B,0x8E,0x3F,0x8F,0x8F,0x3F,0x39,0x5F,0x36,0x39,0x5F,0x39,0x3A,0x5E,0x5E,
  0x5B,0x5F,0x5E,0x58,0x58,0x58,0x58,0x59,0x59,0x5A,0x5A,0x5B,0x5C,0x5D,0x2A,0x25,0x25,0x25,0x25,0x25,0x25,0x25,0x25,0x25,0x25,0x25,0x25,0x25,0x26,0x26,0x26,0x26,
  0x26,0x26,0x26,0x26,0x26,0x26,0x26,0x26,0x26,0x26,0x26,0x26,0x26,0x26,0x26,0x26,0x26,0x26,0x26,0x26,0x26,0x26,0x26,0x26,0x26,0x26,0x26,0x91,0x93,0x26,0x91,0x93,
  0x93,0x26,0x26,0x26,0x26,0x26,0x26,0x26,0x26,0x26,0x26,0x26,0x26,0x26,0x26,0x26,0x26,0x26,0x26,0x26,0x26,0x26,0x26,0x26,0x26,0x26,0x26,0x26,0x26,0x26,0x26,0x26,
  0x26,0x26,0x26,0x26,0x26,0x26,0x26,0x26,0x26,0x26,0x26,0x26,0x26,0x26,0x26,0x26,0x26,0x26,0x26,0x61,0x25,0x25,0x25,0x25,0x25,0x36,0x25,0x25,0x25,0x25,0x36,0x25,
  0x25,0x25,0x25,0x25,0x25,0x25,0x25,0x25,0x25,0x25,0x25,0x25,0x25,0x25,0x26,0x26,0x26,0x26,0x26,0x26,0x26,0x26,0x26,0x26,0x26,0x26,0x26,0x26,0x26,0x26,0x48,0x48,
  0x4C,0x2A,0x26,0x26,0x26,0x26,0x26,0x26,0x26,0x26,0x26,0x26,0x26,0x26,0x26,0x26,0x26,0x26,0x26,0x26,0x26,0x26,0x26,0x26,0x26,0x26,0x26,0x26,0x26,0x26,0x26,0x26,
  0x26,0x26,0x26,0x26,0x26,0x26,0x26,0x26,0x26,0x28,0x29,0x29,0x29,0x29,0x29,0x29,0x29,0x29,0x2A,0x2B,0x2B,0x27,0x25,0x25,0x25,0x25,0x25,0x25,0x25,0x27,0x29,0x29,
  0x2A,0x2B,0x29,0x25,0x25,0x25,0x25,0x25,0x25,0x25,0x25,0x25,0x25,0x38,0x38,0x25,0x25,0x25,0x25,0x61,0x26,0x26,0x26,0x26,0x26,0x26,0x26,0x26,0x26,0x26,0x26,0x26,
  0x26,0x26,0x26,0x26,0x26,0x26,0x26,0x26,0x26,0x26,0x26,0x26,0x26,0x26,0x26,0x26,0x26,0x26,0x26,0x26,0x26,0x26,0x26,0x26,0x26,0x26,0x26,0x25,0x25,0x25,0x25,0x25,
  0x25,0x25,0x25,0x25,0x25,0x25,0x25,0x25,0x25,0x25,0x25,0x25,0x25,0x25,0x25,0x48,0x48,0x48,0x48,0x48,0x48,0x49,0x4A,0x4A,0x4A,0x4A,0x4A,0x4A,0x4A,0x4B,0x4C,0x4C,
  0x4C,0x4C,0x4C,0x4C,0x18,0x18,0x19,0x1A,0x1A,0x1A,0x1A,0x1A,0x1A,0x1A,0x1B,0x1C,0x12,0x12,0x10,0x14,0x17,0x17,0x17,0x17,0xD8,0xDF,0x17,0xDF,0xD9,0xDF,0x17,0xD8,
  0xDF,0x17,0x17,0x17,0xD8,0xDF,0x17,0x17,0xD8,0xDF,0x17,0xD8,0xDF,0x17,0x17,0x17,0x17,0x17,0x17,0x17,0x17,0x17,0x17,0x17,0x17,0x17,0x17,0x17,0x19,0x1C,0x1C,0x1C,
  0x3F,0x8D,0x8F,0x3F,0x5D,0x3F,0x3F,0x5F,0x5F,0x5C,0x39,0x5F,0x5D,0x5F,0x5F,0x5B,0x5B,0x5A,0x5E,0x58,0x58,0x58,0x59,0x59,0x59,0x5A,0x5A,0x5C,0x5D,0x5E,0x28,0x25,
  0x25,0x25,0x25,0x25,0x25,0x25,0x25,0x25,0x25,0x25,0x25,0x61,0x26,0x26,0x26,0x26,0x26,0x26,0x26,0x26,0x26,0x26,0x26,0x26,0x26,0x26,0x26,0x26,0x26,0x26,0x26,0x26,
  0x26,0x26,0x26,0x26,0x26,0x26,0x26,0x26,0x26,0x26,0x26,0x91,0x93,0x26,0x91,0x93,0x93,0x26,0x26,0x26,0x26,0x26,0x26,0x26,0x26,0x26,0x26,0x26,0x26,0x26,0x26,0x26,
  0x26,0x26,0x26,0x26,0x26,0x26,0x26,0x26,0x26,0x26,0x26,0x26,0x26,0x26,0x26,0x26,0x26,0x26,0x26,0x26,0x26,0x26,0x26,0x26,0x26,0x26,0x26,0x26,0x26,0x26,0x26,0x26,
  0x26,0x26,0x61,0x25,0x25,0x25,0x25,0x36,0x35,0x37,0x36,0x36,0x37,0x36,0x25,0x25,0x25,0x25,0x25,0x25,0x25,0x25,0x25,0x25,0x25,0x25,0x25,0x25,0x25,0x25,0x26,0x26,
  0x26,0x26,0x26,0x26,0x26,0x26,0x26,0x26,0x26,0x26,0x26,0x26,0x26,0x26,0x48,0x48,0x4A,0x4C,0x26,0x26,0x26,0x26,0x26,0x26,0x26,0x26,0x26,0x26,0x26,0x26,0x26,0x26,
  0x26,0x26,0x26,0x26,0x26,0x26,0x26,0x26,0x26,0x26,0x26,0x26,0x26,0x26,0x26,0x26,0x26,0x26,0x26,0x26,0x26,0x26,0x26,0x26,0x26,0x29,0x29,0x29,0x29,0x29,0x29,0x29,
  0x29,0x29,0x2A,0x2A,0x2B,0x29,0x25,0x25,0x25,0x25,0x25,0x25,0x25,0x29,0x29,0x29,0x2A,0x2A,0x2B,0x29,0x27,0x25,0x25,0x25,0x25,0x25,0x25,0x25,0x25,0x38,0x25,0x25,
  0x38,0x39,0x25,0x26,0x26,0x26,0x26,0x26,0x26,0x26,0x26,0x26,0x26,0x26,0x26,0x26,0x26,0x26,0x26,0x26,0x26,0x26,0x26,0x26,0x26,0x26,0x26,0x26,0x26,0x26,0x26,0x26,
  0x26,0x26,0x26,0x26,0x26,0x26,0x26,0x26,0x26,0x26,0x61,0x25,0x25,0x25,0x25,0x25,0x25,0x25,0x25,0x25,0x25,0x36,0x35,0x36,0x36,0x36,0x37,0x37,0x25,0x25,0x25,0x48,
  0x48,0x48,0x48,0x48,0x48,0x49,0x4A,0x4A,0x4A,0x4A,0x4A,0x4A,0x4A,0x4B,0x4C,0x4C,0x4C,0x4C,0x4C,0x4C,0x18,0x18,0x19,0x1A,0x1A,0x1A,0x1A,0x1A,0x1A,0x1A,0x1B,0x1C,
  0x12,0x12,0x12,0x17,0x17,0x17,0x17,0x17,0xD8,0xDF,0x17,0x17,0xD9,0xDF,0x17,0xD8,0xDF,0x17,0xD8,0x17,0xD8,0xDF,0xD8,0x17,0xD8,0xDF,0x17,0xD8,0xDF,0x17,0x17,0x17,
  0x17,0x17,0x17,0x17,0x17,0x17,0x17,0x17,0x17,0x17,0x17,0x17,0x1F,0x1F,0x1F,0x1C,0x56,0x56,0x3F,0x3F,0x57,0x5B,0x5B,0x5E,0x5C,0x5C,0x59,0x5F,0x5D,0x5B,0x5E,0x5E,
  0x5A,0x5A,0x5A,0x58,0x59,0x59,0x59,0x59,0x5A,0x5B,0x5C,0x5E,0x5E,0x2A,0x25,0x25,0x25,0x25,0x25,0x25,0x25,0x25,0x25,0x25,0x25,0x25,0x25,0x26,0x26,0x26,0x26,0x26,
  0x26,0x26,0x26,0x26,0x26,0x26,0x26,0x26,0x26,0x26,0x26,0x26,0x26,0x26,0x26,0x26,0x26,0x26,0x26,0x26,0x26,0x26,0x26,0x26,0x26,0x26,0x26,0x91,0x93,0x26,0x91,0x93,
  0x93,0x26,0x26,0x26,0x26,0x26,0x26,0x26,0x26,0x26,0x26,0x26,0x26,0x26,0x26,0x26,0x26,0x26,0x26,0x26,0x26,0x26,0x26,0x26,0x26,0x26,0x26,0x26,0x26,0x26,0x26,0x26,
  0x26,0x26,0x26,0x26,0x26,0x26,0x26,0x26,0x26,0x26,0x26,0x26,0x26,0x26,0x26,0x26,0x26,0x61,0x25,0x35,0x34,0x34,0x35,0x35,0x36,0x38,0x37,0x37,0x37,0x37,0x37,0x37,
  0x38,0x39,0x25,0x25,0x25,0x25,0x25,0x25,0x25,0x25,0x25,0x25,0x25,0x61,0x26,0x26,0x26,0x26,0x26,0x26,0x26,0x26,0x26,0x26,0x26,0x26,0x26,0x26,0x26,0x26,0x26,0x48,
  0x49,0x4C,0x28,0x26,0x26,0x26,0x26,0x26,0x26,0x26,0x48,0x26,0x26,0x26,0x26,0x26,0x26,0x26,0x26,0x26,0x26,0x26,0x26,0x26,0x26,0x26,0x26,0x26,0x26,0x26,0x26,0x26,
  0x26,0x26,0x26,0x26,0x26,0x26,0x26,0x26,0x26,0x29,0x29,0x29,0x29,0x29,0x29,0x29,0x29,0x29,0x29,0x2A,0x2B,0x2B,0x27,0x25,0x25,0x25,0x25,0x25,0x25,0x29,0x29,0x29,
  0x29,0x2A,0x2B,0x2B,0x2B,0x36,0x35,0x36,0x36,0x36,0x37,0x37,0x25,0x39,0x25,0x39,0x25,0x25,0x61,0x26,0x26,0x26,0x26,0x26,0x26,0x26,0x26,0x26,0x26,0x26,0x26,0x26,
  0x26,0x26,0x26,0x26,0x26,0x26,0x26,0x26,0x26,0x26,0x26,0x26,0x26,0x26,0x26,0x26,0x26,0x26,0x26,0x26,0x26,0x26,0x26,0x26,0x26,0x61,0x25,0x25,0x25,0x25,0x25,0x25,
  0x25,0x35,0x34,0x34,0x35,0x35,0x36,0x37,0x37,0x37,0x37,0x84,0x85,0x85,0x38,0x39,0x48,0x48,0x48,0x48,0x48,0x49,0x4A,0x4A,0x4A,0x4A,0x4A,0x4A,0x4A,0x4B,0x4C,0x4C,
  0x4C,0x4C,0x4C,0x4C,0x18,0x18,0x19,0x1A,0x1A,0x1A,0x1A,0x1A,0x1A,0x1A,0x1B,0x1C,0x12,0x12,0x12,0x17,0x17,0x17,0x17,0x17,0xD8,0xDF,0x17,0x17,0xD9,0xDF,0xD8,0xD8,
  0xD9,0x17,0xD8,0xD8,0xD9,0xDF,0xD8,0xD8,0xD9,0xDF,0xD8,0xD8,0xD9,0x17,0x17,0x17,0x17,0x17,0x17,0x17,0x17,0x17,0x17,0x17,0x17,0x17,0x17,0x17,0x1C,0x1F,0x1F,0x1F,
  0x57,0x56,0x56,0x56,0x57,0x58,0x59,0x59,0x5B,0x59,0x59,0x58,0x5D,0x5B,0x5A,0x5B,0x5B,0x5A,0x58,0x59,0x5A,0x5A,0x5A,0x5C,0x5D,0x5C,0x5E,0x5E,0x2A,0x25,0x25,0x25,
  0x25,0x25,0x25,0x25,0x25,0x25,0x25,0x25,0x25,0x25,0x61,0x26,0x26,0x26,0x26,0x26,0x26,0x26,0x26,0x26,0x26,0x26,0x26,0x26,0x26,0x26,0x26,0x26,0x26,0x26,0x26,0x26,
  0x26,0x26,0x26,0x26,0x26,0x26,0x26,0x26,0x26,0x26,0x26,0x91,0x93,0x26,0x91,0x93,0x93,0x26,0x26,0x26,0x26,0x26,0x26,0x26,0x26,0x26,0x26,0x26,0x26,0x26,0x26,0x26,
  0x26,0x26,0x26,0x26,0x26,0x26,0x26,0x26,0x26,0x26,0x26,0x26,0x26,0x26,0x26,0x26,0x26,0x26,0x26,0x26,0x26,0x26,0x26,0x26,0x26,0x26,0x26,0x26,0x26,0x26,0x26,0x26,
  0x26,0x36,0x33,0x34,0x35,0x36,0x37,0x37,0x38,0x38,0x38,0x38,0x37,0x38,0x38,0x39,0x3A,0x3A,0x3A,0x3B,0x25,0x25,0x25,0x25,0x25,0x25,0x25,0x25,0x25,0x26,0x26,0x26,
  0x26,0x26,0x26,0x26,0x26,0x26,0x26,0x26,0x26,0x26,0x26,0x26,0x26,0x26,0x26,0x48,0x48,0x4C,0x2A,0x26,0x26,0x26,0x26,0x26,0x26,0x26,0x48,0x49,0x26,0x26,0x26,0x26,
  0x26,0x26,0x26,0x26,0x26,0x26,0x26,0x26,0x26,0x26,0x26,0x26,0x26,0x26,0x26,0x26,0x26,0x26,0x26,0x26,0x26,0x26,0x26,0x26,0x26,0x29,0x29,0x29,0x29,0x29,0x29,0x29,
  0x29,0x29,0x2A,0x2A,0x2B,0x2B,0x2B,0x25,0x25,0x25,0x25,0x25,0x27,0x29,0x29,0x29,0x29,0x35,0x34,0x34,0x35,0x35,0x36,0x37,0x37,0x37,0x37,0x37,0x37,0x39,0x39,0x39,
  0x25,0x25,0x26,0x26,0x26,0x26,0x26,0x26,0x26,0x26,0x26,0x26,0x26,0x26,0x26,0x26,0x26,0x26,0x26,0x26,0x26,0x26,0x26,0x26,0x26,0x26,0x26,0x26,0x26,0x26,0x26,0x26,
  0x26,0x26,0x26,0x26,0x26,0x26,0x26,0x26,0x61,0x25,0x25,0x25,0x25,0x25,0x25,0x36,0x33,0x34,0x35,0x36,0x37,0x37,0x38,0x38,0x38,0x83,0x86,0x85,0x80,0x82,0x83,0x85,
  0x87,0x3B,0x48,0x48,0x48,0x49,0x4A,0x4A,0x4A,0x4A,0x4A,0x4A,0x4A,0x4B,0x4C,0x4C,0x4C,0x4C,0x4C,0x4C,0x16,0x18,0x19,0x1A,0x1A,0x1A,0x1A,0x1A,0x1A,0x1A,0x1B,0x1C,
  0x12,0x12,0x12,0x17,0x17,0x17,0x17,0x17,0x17,0xDF,0x17,0x17,0x17,0xDF,0x17,0xDF,0xDF,0xDF,0x17,0xDF,0xDF,0xDF,0x17,0xDF,0xDF,0xDF,0x17,0xDF,0xDF,0xDF,0x17,0x17,
  0x17,0x17,0x17,0x17,0x17,0x17,0x17,0x17,0x17,0x17,0x17,0x17,0x1C,0x1C,0x1C,0x1F,0x58,0x57,0x57,0x57,0x58,0x58,0x58,0x58,0x58,0x59,0x59,0x59,0x59,0x5B,0x5A,0x5C,
  0x5D,0x5E,0x5A,0x5B,0x5C,0x5C,0x5C,0x5C,0x5E,0x96,0x95,0x2A,0x25,0x25,0x25,0x25,0x25,0x25,0x25,0x25,0x25,0x25,0x25,0x25,0x25,0x25,0x26,0x26,0x26,0x26,0x26,0x26,
  0x26,0x26,0x26,0x26,0x26,0x26,0x26,0x26,0x26,0x26,0x26,0x26,0x26,0x26,0x26,0x26,0x26,0x26,0x26,0x26,0x26,0x26,0x26,0x26,0x26,0x26,0x90,0x91,0x93,0x90,0x92,0x93,
  0x93,0x93,0x26,0x26,0x26,0x26,0x26,0x26,0x26,0x26,0x26,0x26,0x26,0x26,0x26,0x26,0x26,0x26,0x26,0x26,0x26,0x26,0x26,0x26,0x26,0x26,0x26,0x26,0x26,0x26,0x26,0x26,
  0x26,0x26,0x26,0x26,0x26,0x26,0x26,0x26,0x26,0x26,0x26,0x26,0x26,0x26,0x26,0x26,0x34,0x38,0x37,0x36,0x37,0x39,0x37,0x38,0x38,0x39,0x39,0x39,0x38,0x3A,0x3A,0x3A,
  0x3B,0x3B,0x3C,0x3D,0x25,0x25,0x25,0x25,0x25,0x25,0x25,0x25,0x25,0x26,0x26,0x26,0x26,0x26,0x26,0x26,0x26,0x26,0x26,0x26,0x26,0x26,0x26,0x26,0x26,0x26,0x26,0x48,
  0x48,0x4A,0x4C,0x28,0x26,0x26,0x26,0x26,0x26,0x26,0x26,0x48,0x26,0x26,0x26,0x26,0x26,0x26,0x26,0x26,0x26,0x26,0x26,0x26,0x26,0x26,0x26,0x26,0x26,0x26,0x26,0x26,
  0x26,0x26,0x26,0x26,0x26,0x26,0x26,0x26,0x26,0x29,0x29,0x29,0x29,0x29,0x29,0x29,0x29,0x29,0x2A,0x2B,0x2B,0x2B,0x2B,0x25,0x25,0x25,0x25,0x27,0x29,0x29,0x29,0x36,
  0x33,0x34,0x35,0x36,0x37,0x37,0x38,0x38,0x38,0x38,0x38,0x38,0x38,0x39,0x3A,0x3A,0x3A,0x3B,0x26,0x26,0x26,0x26,0x26,0x26,0x26,0x26,0x26,0x26,0x26,0x26,0x26,0x26,
  0x26,0x26,0x26,0x26,0x26,0x26,0x26,0x26,0x26,0x26,0x26,0x26,0x26,0x26,0x26,0x26,0x26,0x26,0x26,0x26,0x26,0x26,0x26,0x61,0x25,0x25,0x25,0x25,0x25,0x25,0x34,0x38,
  0x37,0x36,0x37,0x39,0x37,0x38,0x38,0x39,0x39,0x85,0x87,0x3F,0x83,0x86,0x3F,0x87,0x87,0x3F,0x3C,0x48,0x48,0x49,0x4A,0x4A,0x4A,0x4A,0x4A,0x4A,0x4A,0x4B,0x4C,0x4C,
  0x4C,0x4C,0x4C,0x4C,0x15,0x19,0x19,0x1A,0x1A,0x1A,0x1A,0x1A,0x1A,0x1A,0x1B,0x1C,0x12,0x12,0x12,0x17,0x17,0x19,0x1C,0x19,0x17,0x17,0x17,0x17,0x17,0x17,0x17,0x17,
  0x17,0x17,0x17,0x17,0x17,0x17,0x17,0x17,0x17,0x17,0x17,0x17,0x17,0x17,0x17,0x17,0x17,0x17,0x17,0x17,0x17,0x17,0x17,0x17,0x17,0x17,0x17,0x17,0x1C,0x1C,0x1C,0x1F,
  0x58,0x58,0x58,0x58,0x58,0x58,0x58,0x58,0x59,0x59,0x59,0x59,0x5A,0x5B,0x5C,0x5E,0x5E,0x1F,0x1F,0x1F,0x1F,0x1F,0x1F,0x1F,0x96,0x95,0x94,0x92,0x92,0x92,0x91,0x91,
  0x91,0x91,0x91,0x91,0x91,0x90,0x90,0x90,0x90,0x90,0x90,0x90,0x91,0x91,0x91,0x91,0x91,0x91,0x92,0x92,0x92,0x92,0x92,0x91,0x91,0x91,0x91,0x91,0x91,0x91,0x91,0x91,
  0x91,0x91,0x90,0x90,0x90,0x91,0x91,0x91,0x91,0x90,0x91,0x91,0x90,0x91,0x91,0x91,0x91,0x91,0x91,0x91,0x91,0x91,0x91,0x91,0x91,0x91,0x91,0x91,0x90,0x90,0x90,0x91,
  0x91,0x91,0x91,0x91,0x91,0x91,0x92,0x92,0x92,0x91,0x91,0x91,0x91,0x91,0x91,0x91,0x91,0x91,0x91,0x91,0x90,0x90,0x90,0x90,0x91,0x91,0x91,0x92,0x92,0x92,0x92,0x35,
  0x39,0x37,0x34,0x39,0x39,0x35,0x39,0x3A,0x3B,0x37,0x39,0x3B,0x3B,0x38,0x39,0x3C,0x3B,0x3D,0x3E,0x3E,0x25,0x25,0x25,0x25,0x25,0x25,0x25,0x25,0x61,0x26,0x26,0x26,
  0x26,0x26,0x26,0x26,0x26,0x26,0x26,0x26,0x26,0x26,0x26,0x26,0x26,0x26,0x26,0x26,0x48,0x48,0x4A,0x4C,0x28,0x26,0x26,0x26,0x26,0x26,0x26,0x48,0x26,0x26,0x26,0x26,
  0x26,0x26,0x26,0x26,0x26,0x26,0x26,0x26,0x26,0x26,0x26,0x26,0x26,0x26,0x26,0x26,0x26,0x26,0x26,0x26,0x26,0x26,0x26,0x26,0x28,0x29,0x29,0x29,0x29,0x29,0x29,0x29,
  0x29,0x29,0x2A,0x2B,0x2B,0x2B,0x2C,0x25,0x25,0x25,0x25,0x29,0x29,0x29,0x34,0x38,0x37,0x36,0x37,0x39,0x37,0x38,0x38,0x39,0x39,0x39,0x3A,0x84,0x85,0x85,0x3B,0x3B,
  0x3C,0x3D,0x3C,0x23,0x23,0x24,0x24,0x25,0x25,0x25,0x24,0x24,0x23,0x23,0x23,0x21,0x26,0x20,0x23,0x23,0x23,0x24,0x24,0x25,0x25,0x25,0x24,0x24,0x23,0x23,0x23,0x21,
  0x26,0x20,0x23,0x23,0x23,0x24,0x24,0x25,0x25,0x25,0x24,0x24,0x23,0x35,0x39,0x37,0x34,0x39,0x39,0x35,0x39,0x3A,0x3B,0x37,0x39,0x3B,0x3F,0x3F,0x85,0x87,0x3F,0x3D,
  0x3F,0x3F,0x36,0x35,0x36,0x36,0x36,0x37,0x37,0x4A,0x4A,0x4A,0x4A,0x4B,0x4C,0x4C,0x4C,0x4C,0x4C,0x19,0x19,0x1C,0x1C,0x1A,0x1A,0x1A,0x1A,0x1A,0x1A,0x1A,0x1B,0x1C,
  0x12,0x12,0x12,0x17,0x17,0x1C,0x1C,0x1C,0x1C,0x1C,0x1C,0x1C,0x1C,0x1C,0x1C,0x1C,0x1C,0x1C,0x1C,0x1C,0x1C,0x1C,0x1C,0x1C,0x1C,0x1C,0x1C,0x1C,0x1C,0x1C,0x1C,0x1C,
  0x1C,0x19,0x17,0x17,0x17,0x17,0x17,0x17,0x17,0x17,0x17,0x17,0x1C,0x1C,0x1C,0x1F,0x18,0x19,0x58,0x58,0x58,0x58,0x58,0x59,0x5A,0x5A,0x5A,0x5C,0x5D,0x5C,0x5E,0x5E,
  0x1F,0x1F,0x1F,0x1F,0x1F,0x97,0x97,0x96,0x95,0x94,0x93,0x93,0x93,0x93,0x93,0x93,0x93,0x93,0x93,0x93,0x93,0x93,0x93,0x93,0x93,0x93,0x93,0x93,0x93,0x93,0x93,0x93,
  0x93,0x93,0x93,0x93,0x93,0x93,0x93,0x93,0x93,0x93,0x93,0x93,0x93,0x93,0x93,0x93,0x93,0x93,0x93,0x93,0x93,0x93,0x93,0x93,0x92,0x93,0x93,0x92,0x93,0x93,0x93,0x93,
  0x93,0x93,0x93,0x92,0x93,0x93,0x93,0x93,0x93,0x93,0x93,0x93,0x93,0x93,0x93,0x93,0x93,0x93,0x93,0x93,0x93,0x93,0x93,0x93,0x93,0x93,0x93,0x93,0x93,0x93,0x93,0x93,
  0x93,0x93,0x93,0x93,0x93,0x93,0x93,0x93,0x93,0x93,0x93,0x93,0x93,0x93,0x93,0x38,0x4D,0x35,0x39,0x3A,0x35,0x39,0x3A,0x3B,0x37,0x3A,0x3C,0x37,0x3C,0x3D,0x37,0x3C,
  0x3D,0x39,0x3E,0x3E,0x25,0x25,0x25,0x25,0x25,0x25,0x25,0x25,0x26,0x26,0x26,0x26,0x26,0x26,0x26,0x26,0x26,0x26,0x26,0x26,0x26,0x26,0x26,0x26,0x26,0x26,0x26,0x26,
  0x48,0x48,0x48,0x4A,0x4C,0x28,0x26,0x26,0x26,0x26,0x26,0x48,0x4A,0x26,0x36,0x34,0x26,0x26,0x26,0x26,0x26,0x26,0x26,0x26,0x26,0x26,0x26,0x26,0x26,0x26,0x26,0x26,
  0x26,0x26,0x26,0x26,0x26,0x26,0x26,0x28,0x29,0x29,0x29,0x29,0x29,0x29,0x29,0x29,0x29,0x2A,0x2A,0x2B,0x2B,0x2B,0x2C,0x25,0x25,0x25,0x27,0x29,0x29,0x35,0x39,0x37,
  0x34,0x39,0x39,0x35,0x39,0x3A,0x3B,0x37,0x39,0x83,0x86,0x85,0x80,0x82,0x83,0x85,0x87,0x3E,0x3E,0x3D,0x24,0x25,0x25,0x25,0x25,0x24,0x24,0x23,0x22,0x22,0x20,0x22,
  0x20,0x21,0x21,0x22,0x24,0x25,0x25,0x25,0x25,0x24,0x24,0x23,0x22,0x22,0x20,0x22,0x20,0x21,0x21,0x22,0x24,0x25,0x25,0x25,0x25,0x24,0x24,0x23,0x22,0x38,0x4D,0x35,
  0x39,0x3A,0x35,0x39,0x3A,0x3B,0x37,0x3A,0x3C,0x37,0x3C,0x3D,0x37,0x3F,0x3F,0x34,0x34,0x35,0x35,0x36,0x37,0x37,0x37,0x37,0x37,0x37,0x37,0x38,0x39,0x4B,0x4C,0x4C,
  0x4C,0x4C,0x19,0x1C,0x1C,0x1C,0x1C,0x1A,0x1A,0x1A,0x1A,0x1A,0x1A,0x1A,0x1B,0x1C,0x12,0x12,0x12,0x17,0x17,0x1C,0x1C,0x1F,0x1F,0x1F,0x1C,0x1C,0x1C,0x1C,0x1C,0x1C,
  0x1C,0x1C,0x1C,0x1C,0x1C,0x1C,0x1C,0x1C,0x1C,0x1C,0x1C,0x1C,0x1C,0x1C,0x1C,0x1C,0x1C,0x1C,0x1C,0x1C,0x1C,0x1C,0x19,0x17,0x17,0x17,0x17,0x17,0x1C,0x1A,0x1A,0x1A,
  0x18,0x19,0x1A,0x1A,0x5A,0x5B,0x5A,0x5B,0x5C,0x5C,0x5C,0x5C,0x5E,0x1D,0x1F,0x1F,0x1F,0x1F,0x1F,0x96,0x96,0x97,0x96,0x95,0x95,0x93,0x93,0x93,0x93,0x93,0x93,0x93,
  0x93,0x93,0x93,0x93,0x93,0x93,0x93,0x93,0x93,0x93,0x93,0x93,0x93,0x93,0x93,0x93,0x93,0x93,0x93,0x93,0x93,0x93,0x93,0x93,0x93,0x93,0x93,0x93,0x93,0x93,0x93,0x93,
  0x93,0x93,0x93,0x93,0x93,0x93,0x93,0x92,0x93,0x93,0x92,0x93,0x93,0x93,0x93,0x93,0x93,0x93,0x93,0x93,0x92,0x93,0x93,0x93,0x93,0x93,0x93,0x93,0x93,0x93,0x93,0x93,
  0x93,0x93,0x93,0x93,0x93,0x93,0x93,0x93,0x93,0x93,0x93,0x93,0x93,0x93,0x93,0x93,0x93,0x93,0x93,0x93,0x93,0x93,0x93,0x93,0x93,0x93,0x93,0x93,0x93,0x93,0x93,0x93,
  0x4D,0x3A,0x4F,0x4F,0x37,0x3A,0x4F,0x3B,0x37,0x3D,0x3E,0x39,0x3C,0x3E,0x4F,0x38,0x3D,0x4F,0x4F,0x3E,0x25,0x25,0x25,0x25,0x25,0x25,0x25,0x25,0x26,0x26,0x26,0x26,
  0x26,0x26,0x26,0x26,0x26,0x26,0x26,0x26,0x26,0x26,0x26,0x26,0x26,0x26,0x26,0x26,0x26,0x48,0x48,0x49,0x4A,0x2A,0x26,0x26,0x26,0x26,0x26,0x48,0x4A,0x4D,0x3A,0x3A,
  0x34,0x26,0x26,0x26,0x26,0x26,0x26,0x26,0x26,0x26,0x26,0x26,0x26,0x26,0x26,0x26,0x26,0x26,0x26,0x26,0x26,0x26,0x28,0x29,0x29,0x29,0x29,0x29,0x29,0x29,0x29,0x29,
  0x29,0x2A,0x2B,0x2B,0x2B,0x2B,0x2C,0x27,0x25,0x27,0x29,0x29,0x29,0x38,0x4D,0x35,0x39,0x3A,0x35,0x39,0x3A,0x3B,0x37,0x3A,0x3C,0x85,0x87,0x3F,0x83,0x86,0x3F,0x87,
  0x87,0x3F,0x4F,0x3E,0x26,0x26,0x26,0x26,0x26,0x26,0x26,0x26,0x26,0x26,0x22,0x23,0x21,0x22,0x25,0x26,0x26,0x26,0x26,0x26,0x26,0x26,0x26,0x26,0x26,0x26,0x22,0x23,
  0x21,0x22,0x25,0x26,0x26,0x61,0x25,0x25,0x25,0x25,0x25,0x25,0x25,0x25,0x4D,0x3A,0x4F,0x4F,0x37,0x3A,0x4F,0x3B,0x37,0x3D,0x3E,0x39,0x3C,0x3E,0x36,0x33,0x34,0x35,
  0x36,0x37,0x37,0x38,0x38,0x38,0x38,0x38,0x38,0x38,0x39,0x3A,0x3A,0x3A,0x3B,0x4D,0x4D,0x4D,0x1C,0x1C,0x1C,0x1C,0x1C,0x1A,0x1A,0x1A,0x1A,0x1A,0x1A,0x1A,0x1B,0x1C,
  0x12,0x12,0x12,0x17,0x17,0x19,0x1C,0x1F,0x19,0x19,0x19,0x19,0x19,0x19,0x19,0x19,0x19,0x19,0x19,0x19,0x19,0x19,0x19,0x19,0x19,0x19,0x19,0x19,0x19,0x19,0x19,0x19,
  0x19,0x19,0x19,0x19,0x19,0x19,0x19,0x19,0x17,0x17,0x17,0x17,0x1A,0x1A,0x1C,0x1C,0x19,0x1A,0x1A,0x1A,0x1A,0x1B,0x1B,0x1B,0x1B,0x1C,0x1E,0x1E,0x1D,0x1F,0x1F,0x1F,
  0x1F,0x94,0x95,0x95,0x96,0x96,0x96,0x95,0x94,0x93,0x93,0x93,0x93,0x93,0x93,0x93,0x93,0x93,0x93,0x93,0x93,0x93,0x93,0x93,0x93,0x93,0x93,0x93,0x93,0x93,0x93,0x93,
  0x93,0x93,0x93,0x93,0x93,0x93,0x93,0x93,0x93,0x93,0x93,0x93,0x93,0x93,0x93,0x93,0x93,0x93,0x93,0x93,0x93,0x93,0x93,0x93,0x93,0x93,0x93,0x93,0x93,0x93,0x93,0x93,
  0x93,0x93,0x93,0x93,0x93,0x93,0x93,0x93,0x93,0x93,0x93,0x93,0x93,0x93,0x93,0x93,0x93,0x93,0x93,0x93,0x93,0x93,0x93,0x93,0x93,0x93,0x93,0x93,0x93,0x93,0x93,0x93,
  0x93,0x93,0x93,0x93,0x93,0x93,0x93,0x93,0x93,0x93,0x93,0x93,0x93,0x93,0x93,0x93,0x48,0x4A,0x4E,0x4B,0x3A,0x4F,0x4F,0x4D,0x3A,0x3E,0x4F,0x3A,0x3D,0x4F,0x4F,0x4F,
  0x3E,0x4F,0x4B,0x4D,0x44,0x44,0x44,0x44,0x44,0x44,0x44,0x44,0x44,0x44,0x44,0x44,0x4E,0x26,0x26,0x26,0x26,0x26,0x26,0x26,0x26,0x26,0x26,0x26,0x26,0x26,0x26,0x26,
  0x26,0x48,0x48,0x48,0x4A,0x4C,0x28,0x26,0x26,0x26,0x26,0x48,0x4C,0x3A,0x39,0x34,0x38,0x34,0x26,0x26,0x26,0x26,0x26,0x26,0x26,0x26,0x26,0x26,0x26,0x26,0x26,0x26,
  0x26,0x26,0x26,0x26,0x26,0x28,0x29,0x29,0x29,0x29,0x29,0x29,0x29,0x29,0x29,0x29,0x2A,0x2A,0x2B,0x2B,0x2C,0x2C,0x2C,0x2A,0x28,0x29,0x29,0x29,0x29,0x29,0x4D,0x3A,
  0x4F,0x4F,0x37,0x3A,0x4F,0x3B,0x37,0x3D,0x3E,0x39,0x3F,0x3F,0x85,0x87,0x3F,0x4F,0x3F,0x3F,0x4F,0x26,0x26,0x26,0x26,0x26,0x26,0x26,0x26,0x26,0x26,0x26,0x22,0x23,
  0x21,0x25,0x24,0x26,0x26,0x26,0x26,0x26,0x26,0x26,0x26,0x26,0x26,0x26,0x22,0x23,0x21,0x25,0x24,0x26,0x61,0x25,0x25,0x25,0x25,0x25,0x25,0x25,0x25,0x25,0x48,0x4A,
  0x4E,0x4B,0x3A,0x4F,0x4F,0x4D,0x3A,0x3E,0x4F,0x3A,0x3D,0x34,0x38,0x37,0x36,0x37,0x39,0x37,0x38,0x38,0x39,0x39,0x39,0x3A,0x3A,0x3A,0x3A,0x3B,0x3B,0x3C,0x3D,0x3C,
  0x4E,0x1C,0x1C,0x1C,0x1C,0x1C,0x1C,0x1A,0x1A,0x1A,0x1A,0x1A,0x1A,0x1A,0x1B,0x1C,0x12,0x12,0x12,0x17,0x17,0x17,0x1C,0x1F,0x19,0x19,0x19,0x19,0x19,0x19,0x19,0x19,
  0x19,0x19,0x19,0x19,0x19,0x19,0x19,0x19,0x19,0x19,0x19,0x19,0x19,0x19,0x19,0x19,0x19,0x19,0x19,0x19,0x19,0x19,0x19,0x19,0x15,0x17,0x17,0x17,0x19,0x1C,0x1C,0x1C,
  0x1A,0x1B,0x1B,0x1B,0x1B,0x1B,0x1C,0x1C,0x1C,0x1C,0x1D,0x1D,0x1F,0x1F,0x1F,0x94,0x93,0x93,0x94,0x94,0x95,0x96,0x96,0x95,0x93,0x93,0x93,0x93,0x93,0x93,0x93,0x93,
  0x93,0x93,0x93,0x93,0x93,0x93,0x93,0x93,0x93,0x93,0x93,0x93,0x93,0x93,0x93,0x93,0x93,0x93,0x93,0x93,0x93,0x93,0x93,0x93,0x93,0x93,0x93,0x93,0x93,0x93,0x93,0x93,
  0x93,0x93,0x93,0x93,0x93,0x93,0x93,0x93,0x93,0x93,0x93,0x93,0x93,0x93,0x93,0x93,0x93,0x93,0x93,0x93,0x93,0x93,0x93,0x93,0x93,0x93,0x93,0x93,0x93,0x93,0x93,0x93,
  0x93,0x93,0x93,0x93,0x93,0x93,0x93,0x93,0x93,0x93,0x93,0x93,0x93,0x93,0x93,0x93,0x93,0x93,0x93,0x93,0x93,0x93,0x93,0x93,0x93,0x93,0x93,0x93,0x93,0x93,0x93,0x93,
  0x48,0x48,0x49,0x4A,0x49,0x4E,0x4C,0x4D,0x3C,0x4F,0x4F,0x4D,0x3D,0x4F,0x4F,0x4F,0x4E,0x4D,0x47,0x49,0x46,0x45,0x45,0x45,0x45,0x45,0x44,0x46,0x44,0x45,0x47,0x4A,
  0x4E,0x26,0x26,0x26,0x26,0x26,0x26,0x26,0x26,0x26,0x26,0x26,0x26,0x26,0x26,0x26,0x26,0x26,0x48,0x48,0x48,0x4A,0x2A,0x26,0x26,0x26,0x48,0x4A,0x4C,0x3A,0x3A,0x3A,
  0x36,0x36,0x26,0x26,0x26,0x26,0x26,0x26,0x26,0x26,0x26,0x26,0x26,0x26,0x26,0x26,0x26,0x26,0x26,0x26,0x28,0x29,0x29,0x29,0x29,0x29,0x29,0x29,0x29,0x29,0x29,0x29,
  0x2A,0x2B,0x2B,0x2B,0x2C,0x2D,0x2D,0x2D,0x2B,0x29,0x29,0x29,0x29,0x29,0x48,0x4A,0x4E,0x4B,0x3A,0x4F,0x4F,0x4D,0x3A,0x3E,0x4F,0x3A,0x3D,0x4F,0x4F,0x3F,0x3F,0x4F,
  0x4F,0x4F,0x4F,0x25,0x26,0x26,0x26,0x26,0x26,0x26,0x26,0x26,0x26,0x26,0x23,0x24,0x22,0x26,0x26,0x25,0x26,0x26,0x26,0x26,0x26,0x26,0x26,0x26,0x26,0x26,0x23,0x24,
  0x22,0x26,0x26,0x24,0x25,0x25,0x25,0x25,0x25,0x25,0x24,0x25,0x25,0x25,0x48,0x48,0x49,0x4A,0x49,0x4E,0x4C,0x4D,0x3C,0x4F,0x4F,0x4D,0x35,0x39,0x37,0x34,0x39,0x39,
  0x35,0x39,0x3A,0x3B,0x37,0x39,0x3B,0x3B,0x38,0x39,0x3C,0x3B,0x3D,0x3E,0x3E,0x3E,0x3D,0x1C,0x1C,0x1C,0x1C,0x1C,0x1C,0x1A,0x1A,0x1A,0x1A,0x1A,0x1A,0x1A,0x1B,0x1C,
  0x12,0x12,0x12,0x17,0x17,0x17,0x1C,0x1C,0x19,0x19,0x19,0x19,0x19,0x19,0x19,0x19,0x19,0x19,0x19,0x19,0x19,0x19,0x19,0x19,0x19,0x19,0x19,0x19,0x19,0x19,0x19,0x19,
  0x19,0x19,0x19,0x19,0x19,0x19,0x19,0x19,0x12,0x17,0x17,0x17,0x17,0x1C,0x1C,0x1C,0x1A,0x1A,0x1B,0x1C,0x1C,0x1C,0x1C,0x1D,0x1E,0x1D,0x1D,0x97,0x96,0x95,0x94,0x93,
  0x93,0x93,0x93,0x94,0x94,0x95,0x95,0x95,0x93,0x93,0x93,0x93,0x93,0x93,0x93,0x93,0x93,0x93,0x93,0x93,0x93,0x93,0x93,0x93,0x93,0x93,0x93,0x93,0x93,0x93,0x93,0x93,
  0x93,0x93,0x93,0x93,0x93,0x93,0x93,0x93,0x93,0x93,0x93,0x93,0x93,0x93,0x93,0x93,0x93,0x93,0x93,0x93,0x93,0x93,0x93,0x93,0x93,0x93,0x93,0x93,0x93,0x93,0x93,0x93,
  0x93,0x93,0x93,0x93,0x93,0x93,0x93,0x93,0x93,0x93,0x93,0x93,0x93,0x93,0x93,0x93,0x93,0x93,0x93,0x93,0x93,0x93,0x93,0x93,0x93,0x93,0x93,0x93,0x93,0x93,0x93,0x93,
  0x93,0x93,0x93,0x93,0x93,0x93,0x93,0x93,0x93,0x93,0x93,0x93,0x93,0x93,0x93,0x93,0x48,0x48,0x48,0x48,0x49,0x48,0x4B,0x4B,0x4B,0x4F,0x4D,0x4D,0x4B,0x4F,0x4E,0x4E,
  0x47,0x10,0x18,0x48,0x49,0x47,0x48,0x48,0x47,0x48,0x48,0x48,0x48,0x10,0x18,0x4D,0x4E,0x26,0x26,0x26,0x26,0x26,0x26,0x26,0x26,0x26,0x26,0x26,0x26,0x26,0x26,0x26,
  0x26,0x26,0x48,0x48,0x48,0x4A,0x4C,0x26,0x26,0x26,0x48,0x4A,0x2A,0x26,0x26,0x26,0x39,0x36,0x26,0x26,0x26,0x26,0x26,0x26,0x26,0x26,0x26,0x26,0x26,0x26,0x26,0x26,
  0x26,0x26,0x26,0x26,0x29,0x29,0x29,0x29,0x29,0x29,0x29,0x29,0x29,0x29,0x29,0x2A,0x2A,0x2B,0x2B,0x2C,0x2C,0x2D,0x2D,0x2B,0x29,0x29,0x29,0x29,0x29,0x29,0x48,0x48,
  0x49,0x4A,0x49,0x4E,0x4C,0x4D,0x3C,0x4F,0x4F,0x4D,0x3D,0x4F,0x4E,0x4F,0x4D,0x4F,0x4F,0x4D,0x4D,0x26,0x26,0x26,0x26,0x26,0x26,0x26,0x25,0x26,0x26,0x26,0x23,0x25,
  0x23,0x26,0x26,0x26,0x26,0x26,0x26,0x26,0x26,0x26,0x25,0x26,0x26,0x26,0x23,0x25,0x23,0x26,0x26,0x25,0x25,0x25,0x25,0x25,0x25,0x25,0x25,0x24,0x25,0x25,0x48,0x48,
  0x48,0x48,0x49,0x48,0x4B,0x4B,0x4B,0x4F,0x4D,0x4D,0x38,0x4D,0x35,0x39,0x3A,0x35,0x39,0x3A,0x3B,0x37,0x3A,0x3C,0x37,0x3C,0x3D,0x37,0x3C,0x3D,0x39,0x3E,0x3E,0x4F,
  0x3E,0x1C,0x1C,0x1C,0x1C,0x1C,0x1C,0x1A,0x1A,0x1A,0x1A,0x1A,0x1A,0x1A,0x1B,0x1C,0x12,0x12,0x12,0x17,0x17,0x17,0x1C,0x1C,0x19,0x19,0x19,0x19,0x19,0x19,0x19,0x19,
  0x19,0x19,0x19,0x19,0x19,0x19,0x19,0x19,0x19,0x19,0x19,0x19,0x19,0x19,0x19,0x19,0x19,0x19,0x19,0x19,0x19,0x19,0x19,0x19,0x12,0x17,0x17,0x17,0x19,0x1C,0x1C,0x1C,
  0x97,0x97,0x1D,0x1C,0x1D,0x1D,0x1C,0x1C,0x97,0x97,0x97,0x96,0x96,0x95,0x93,0x93,0x93,0x93,0x93,0x94,0x94,0x95,0x95,0x94,0x93,0x93,0x93,0x93,0x93,0x93,0x93,0x93,
  0x93,0x93,0x93,0x93,0x93,0x93,0x93,0x93,0x93,0x93,0x93,0x93,0x93,0x93,0x93,0x93,0x93,0x93,0x93,0x93,0x93,0x93,0x93,0x93,0x93,0x93,0x93,0x93,0x93,0x93,0x93,0x93,
  0x93,0x93,0x93,0x93,0x93,0x93,0x93,0x93,0x93,0x93,0x93,0x93,0x93,0x93,0x93,0x93,0x93,0x93,0x93,0x93,0x93,0x93,0x93,0x93,0x93,0x93,0x93,0x93,0x93,0x93,0x93,0x93,
  0x93,0x93,0x93,0x93,0x93,0x93,0x93,0x93,0x93,0x93,0x93,0x93,0x93,0x93,0x93,0x93,0x93,0x93,0x93,0x93,0x93,0x93,0x93,0x93,0x93,0x93,0x93,0x93,0x93,0x93,0x93,0x93,
  0x48,0x48,0x48,0x48,0x48,0x48,0x49,0x4B,0x4A,0x4A,0x4C,0x4B,0x4B,0x4A,0x4E,0x4D,0x45,0x18,0x1F,0x48,0x48,0x48,0x48,0x49,0x49,0x49,0x49,0x49,0x49,0x18,0x1F,0x4D,
  0x4E,0x26,0x26,0x26,0x26,0x26,0x26,0x26,0x26,0x26,0x26,0x26,0x26,0x26,0x26,0x26,0x26,0x26,0x48,0x48,0x48,0x4A,0x4C,0x28,0x26,0x28,0x4A,0x4A,0x28,0x26,0x26,0x26,
  0x3A,0x26,0x26,0x26,0x26,0x26,0x26,0x26,0x26,0x26,0x26,0x26,0x26,0x26,0x26,0x26,0x26,0x26,0x26,0x28,0x29,0x29,0x29,0x29,0x29,0x29,0x29,0x29,0x29,0x29,0x29,0x2A,
  0x2B,0x2B,0x2B,0x2C,0x2D,0x2D,0x2B,0x29,0x29,0x29,0x29,0x29,0x29,0x29,0x48,0x48,0x48,0x48,0x49,0x48,0x4B,0x4B,0x4B,0x4F,0x4D,0x4D,0x4B,0x4F,0x4E,0x4D,0x4D,0x4C,
  0x4F,0x4D,0x4C,0x26,0x26,0x26,0x26,0x26,0x26,0x26,0x26,0x25,0x26,0x26,0x24,0x25,0x24,0x26,0x26,0x26,0x26,0x26,0x26,0x26,0x26,0x26,0x26,0x25,0x26,0x26,0x24,0x25,
  0x24,0x26,0x61,0x25,0x25,0x25,0x25,0x25,0x25,0x25,0x25,0x25,0x25,0x25,0x48,0x48,0x48,0x48,0x48,0x48,0x49,0x4B,0x4A,0x4A,0x4C,0x4B,0x4B,0x4D,0x3A,0x4F,0x4F,0x37,
  0x3A,0x4F,0x3B,0x37,0x3D,0x3E,0x39,0x3C,0x3E,0x4F,0x38,0x3D,0x4F,0x4F,0x3E,0x4F,0x1B,0x1C,0x1C,0x1C,0x1C,0x1C,0x1C,0x1A,0x1A,0x1A,0x1A,0x1A,0x1A,0x1A,0x1B,0x1C,
  0x12,0x12,0x12,0x14,0x17,0x17,0x1C,0x1C,0x19,0x19,0x19,0x19,0x19,0x19,0x19,0x19,0x19,0x19,0x19,0x19,0x19,0x19,0x19,0x19,0x19,0x19,0x19,0x19,0x19,0x19,0x19,0x19,
  0x19,0x19,0x19,0x19,0x19,0x19,0x19,0x19,0x12,0x17,0x17,0x17,0x1F,0x1C,0x1C,0x1C,0x96,0x96,0x97,0x97,0x97,0x97,0x97,0x97,0x97,0x97,0x96,0x96,0x95,0x94,0x93,0x93,
  0x93,0x93,0x93,0x94,0x94,0x95,0x95,0x93,0x93,0x93,0x93,0x93,0x93,0x93,0x93,0x93,0x93,0x93,0x93,0x93,0x93,0x93,0x93,0x93,0x93,0x93,0x93,0x93,0x93,0x93,0x93,0x93,
  0x93,0x93,0x93,0x93,0x93,0x93,0x93,0x93,0x93,0x93,0x93,0x93,0x93,0x93,0x93,0x93,0x93,0x93,0x93,0x93,0x93,0x93,0x93,0x93,0x93,0x93,0x93,0x93,0x93,0x93,0x93,0x93,
  0x93,0x93,0x93,0x93,0x93,0x93,0x93,0x93,0x93,0x93,0x93,0x93,0x93,0x93,0x93,0x93,0x93,0x93,0x93,0x93,0x93,0x93,0x93,0x93,0x93,0x93,0x93,0x93,0x93,0x93,0x93,0x93,
  0x93,0x93,0x93,0x93,0x93,0x93,0x93,0x93,0x93,0x93,0x93,0x93,0x93,0x93,0x93,0x93,0x48,0x48,0x48,0x48,0x48,0x48,0x49,0x4A,0x4A,0x4A,0x4A,0x4B,0x4A,0x4A,0x4B,0x4D,
  0x48,0x4A,0x4A,0x4A,0x4A,0x4A,0x4A,0x4A,0x4A,0x4A,0x4A,0x4A,0x4A,0x4D,0x4D,0x4D,0x4E,0x26,0x26,0x26,0x26,0x26,0x26,0x26,0x26,0x26,0x26,0x26,0x26,0x26,0x26,0x26,
  0x26,0x26,0x48,0x48,0x48,0x4A,0x4C,0x29,0x28,0x4A,0x4C,0x4C,0x26,0x26,0x26,0x26,0x26,0x26,0x26,0x26,0x26,0x26,0x26,0x26,0x26,0x26,0x26,0x26,0x26,0x26,0x26,0x26,
  0x26,0x26,0x28,0x29,0x29,0x29,0x29,0x29,0x29,0x29,0x29,0x29,0x29,0x29,0x2A,0x2A,0x2B,0x2B,0x2C,0x2C,0x2D,0x2D,0x2B,0x29,0x29,0x29,0x29,0x29,0x2A,0x2A,0x48,0x48,
  0x48,0x48,0x48,0x48,0x49,0x4B,0x4A,0x4A,0x4C,0x4B,0x4B,0x4A,0x4E,0x4D,0x4C,0x4C,0x4C,0x4D,0x4C,0x26,0x26,0x26,0x26,0x26,0x26,0x26,0x26,0x26,0x26,0x26,0x24,0x24,
  0x24,0x25,0x26,0x26,0x26,0x26,0x26,0x26,0x26,0x26,0x26,0x26,0x26,0x26,0x24,0x24,0x24,0x61,0x25,0x25,0x25,0x25,0x25,0x25,0x25,0x25,0x25,0x25,0x25,0x25,0x48,0x48,
  0x48,0x48,0x48,0x48,0x49,0x4A,0x4A,0x4A,0x4A,0x4B,0x4A,0x48,0x4A,0x4E,0x4B,0x3A,0x4F,0x4F,0x4D,0x3A,0x3E,0x4F,0x3A,0x3D,0x4F,0x4F,0x4F,0x3E,0x4F,0x4F,0x4F,0x4F,
  0x1B,0x1C,0x1C,0x1C,0x1C,0x1C,0x1C,0x1A,0x1A,0x1A,0x1A,0x1A,0x1A,0x1A,0x1B,0x1C,0x12,0x12,0x12,0x12,0x17,0x17,0x1C,0x1C,0x19,0x19,0x19,0x19,0x19,0x19,0x19,0x19,
  0x19,0x19,0x19,0x19,0x19,0x19,0x19,0x19,0x19,0x19,0x19,0x19,0x19,0x19,0x19,0x19,0x19,0x19,0x19,0x19,0x19,0x19,0x19,0x19,0x12,0x17,0x17,0x17,0x1F,0x1F,0x1C,0x1C,
  0x94,0x95,0x96,0x96,0x97,0x97,0x97,0x97,0x97,0x96,0x96,0x95,0x94,0x93,0x93,0x93,0x93,0x93,0x93,0x93,0x94,0x94,0x95,0x93,0x93,0x93,0x93,0x93,0x93,0x93,0x93,0x93,
  0x93,0x93,0x93,0x93,0x93,0x93,0x93,0x93,0x93,0x93,0x93,0x93,0x93,0x93,0x93,0x93,0x93,0x93,0x93,0x93,0x93,0x93,0x93,0x93,0x93,0x93,0x93,0x93,0x93,0x93,0x93,0x93,
  0x93,0x93,0x93,0x93,0x93,0x93,0x93,0x93,0x93,0x93,0x93,0x93,0x93,0x93,0x93,0x93,0x93,0x93,0x93,0x93,0x93,0x93,0x93,0x93,0x93,0x93,0x93,0x93,0x93,0x93,0x93,0x93,
  0x93,0x93,0x93,0x93,0x93,0x93,0x93,0x93,0x93,0x93,0x93,0x93,0x93,0x93,0x93,0x93,0x93,0x93,0x93,0x93,0x93,0x93,0x93,0x93,0x93,0x34,0x36,0x93,0x93,0x93,0x93,0x93,
  0x48,0x48,0x48,0x48,0x48,0x48,0x49,0x4A,0x4A,0x4A,0x4A,0x4A,0x4A,0x4A,0x4B,0x4C,0x45,0x4C,0x4C,0x4E,0x4E,0x4E,0x4D,0x4B,0x4D,0x4C,0x4C,0x4E,0x4D,0x4F,0x4F,0x4F,
  0x4E,0x26,0x26,0x26,0x26,0x26,0x26,0x26,0x26,0x26,0x26,0x26,0x26,0x26,0x26,0x26,0x26,0x26,0x48,0x48,0x48,0x49,0x4A,0x4A,0x4A,0x4C,0x4C,0x26,0x26,0x26,0x26,0x26,
  0x26,0x26,0x26,0x26,0x26,0x26,0x26,0x26,0x26,0x26,0x26,0x26,0x26,0x26,0x36,0x26,0x28,0x29,0x29,0x29,0x29,0x29,0x29,0x29,0x29,0x29,0x29,0x29,0x2A,0x2A,0x2A,0x2B,
  0x2C,0x2C,0x2C,0x2D,0x2D,0x2B,0x29,0x29,0x29,0x29,0x29,0x29,0x2A,0x2B,0x48,0x48,0x48,0x48,0x48,0x48,0x49,0x4A,0x4A,0x4A,0x4A,0x4B,0x4A,0x4A,0x4B,0x4D,0x4C,0x4C,
  0x4C,0x4C,0x4C,0x26,0x26,0x26,0x26,0x26,0x26,0x26,0x26,0x26,0x26,0x26,0x24,0x24,0x24,0x25,0x26,0x26,0x26,0x26,0x26,0x26,0x26,0x26,0x26,0x26,0x26,0x26,0x24,0x24,
  0x24,0x25,0x25,0x25,0x25,0x25,0x25,0x25,0x25,0x25,0x25,0x25,0x25,0x25,0x48,0x48,0x48,0x48,0x48,0x48,0x49,0x4A,0x4A,0x4A,0x4A,0x4A,0x4A,0x48,0x48,0x49,0x4A,0x49,
  0x4E,0x4C,0x4D,0x3C,0x4F,0x4F,0x4D,0x3D,0x4F,0x4E,0x4F,0x4D,0x4F,0x4F,0x4D,0x4D,0x1B,0x1C,0x1C,0x1C,0x1C,0x1C,0x1C,0x1A,0x1A,0x1A,0x1A,0x1A,0x1A,0x1A,0x1B,0x1C,
  0x12,0x12,0x12,0x12,0x17,0x17,0x1C,0x1C,0x19,0x19,0x19,0x19,0x19,0x19,0x19,0x19,0x19,0x19,0x19,0x19,0x19,0x19,0x19,0x19,0x19,0x19,0x19,0x19,0x19,0x19,0x19,0x19,
  0x19,0x19,0x19,0x19,0x19,0x19,0x19,0x19,0x12,0x17,0x17,0x17,0x1C,0x1F,0x1F,0x1C,0x94,0x95,0x95,0x96,0x96,0x96,0x97,0x97,0x96,0x96,0x95,0x95,0x93,0x93,0x93,0x93,
  0x93,0x93,0x93,0x93,0x94,0x94,0x95,0x93,0x93,0x93,0x93,0x93,0x93,0x93,0x93,0x93,0x93,0x93,0x93,0x93,0x93,0x93,0x93,0x93,0x93,0x93,0x93,0x93,0x93,0x93,0x93,0x93,
  0x93,0x93,0x93,0x93,0x93,0x93,0x93,0x93,0x93,0x93,0x93,0x93,0x93,0x93,0x93,0x93,0x93,0x93,0x93,0x93,0x93,0x93,0x93,0x93,0x93,0x93,0x93,0x93,0x93,0x93,0x93,0x93,
  0x93,0x93,0x93,0x93,0x93,0x93,0x93,0x93,0x93,0x93,0x93,0x93,0x93,0x93,0x93,0x93,0x93,0x93,0x93,0x93,0x93,0x93,0x93,0x93,0x93,0x93,0x93,0x93,0x93,0x93,0x93,0x93,
  0x93,0x93,0x93,0x93,0x93,0x93,0x93,0x93,0x34,0x3A,0x3A,0x4D,0x4D,0x4A,0x4A,0x2C,0x48,0x48,0x48,0x48,0x48,0x48,0x49,0x4A,0x4A,0x4A,0x4A,0x4A,0x4A,0x4A,0x4B,0x4C,
  0x44,0x48,0x48,0x4A,0x4E,0x4C,0x45,0x48,0x48,0x48,0x4A,0x4E,0x47,0x4B,0x4C,0x4F,0x4E,0x26,0x26,0x26,0x26,0x26,0x26,0x26,0x26,0x26,0x26,0x26,0x26,0x26,0x26,0x26,
  0x26,0x26,0x48,0x48,0x48,0x48,0x4A,0x4C,0x4C,0x4C,0x4E,0x26,0x26,0x26,0x26,0x26,0x26,0x26,0x26,0x26,0x26,0x26,0x26,0x26,0x26,0x26,0x26,0x26,0x26,0x26,0x26,0x36,
  0x29,0x29,0x36,0x29,0x29,0x29,0x29,0x29,0x29,0x29,0x2A,0x2A,0x2A,0x2B,0x2B,0x2B,0x2C,0x2D,0x2D,0x2D,0x2B,0x29,0x29,0x29,0x29,0x29,0x29,0x2A,0x2A,0x2B,0x48,0x48,
  0x48,0x48,0x48,0x48,0x49,0x4A,0x4A,0x4A,0x4A,0x4A,0x4A,0x4A,0x4B,0x4C,0x4C,0x4C,0x4C,0x4C,0x4C,0x26,0x26,0x26,0x26,0x26,0x26,0x26,0x26,0x26,0x26,0x26,0x24,0x24,
  0x24,0x25,0x26,0x26,0x26,0x26,0x26,0x26,0x26,0x26,0x26,0x26,0x26,0x26,0x24,0x24,0x24,0x25,0x25,0x25,0x25,0x25,0x25,0x25,0x25,0x25,0x25,0x25,0x25,0x25,0x48,0x48,
  0x48,0x48,0x48,0x48,0x49,0x4A,0x4A,0x4A,0x4A,0x4A,0x4A,0x48,0x48,0x48,0x48,0x49,0x48,0x4B,0x4B,0x4B,0x4F,0x4D,0x4D,0x4B,0x4F,0x4E,0x4D,0x4D,0x4C,0x4F,0x4D,0x4C,
  0x1B,0x1C,0x1C,0x1C,0x1C,0x1C,0x1C,0x1A,0x1A,0x1A,0x1A,0x1A,0x1A,0x1A,0x1B,0x1C,0x12,0x12,0x12,0x12,0x17,0x17,0x1C,0x1C,0x19,0x19,0x19,0x19,0x19,0x19,0x19,0x19,
  0x19,0x19,0x19,0x19,0x19,0x19,0x19,0x19,0x19,0x19,0x19,0x19,0x19,0x19,0x19,0x19,0x19,0x19,0x19,0x19,0x19,0x19,0x19,0x19,0x12,0x17,0x17,0x17,0x1C,0x1C,0x1F,0x1F,
  0x94,0x94,0x95,0x95,0x95,0x96,0x96,0x97,0x96,0x96,0x95,0x94,0x93,0x93,0x93,0x93,0x93,0x93,0x93,0x93,0x94,0x94,0x95,0x93,0x93,0x93,0x93,0x93,0x93,0x93,0x93,0x93,
  0x93,0x93,0x93,0x93,0x93,0x93,0x93,0x93,0x93,0x93,0x93,0x93,0x93,0x93,0x93,0x93,0x93,0x93,0x93,0x93,0x93,0x93,0x93,0x93,0x93,0x93,0x93,0x93,0x93,0x93,0x93,0x93,
  0x93,0x93,0x93,0x93,0x93,0x93,0x93,0x93,0x93,0x93,0x93,0x93,0x93,0x93,0x93,0x93,0x93,0x93,0x93,0x93,0x93,0x93,0x93,0x93,0x93,0x93,0x93,0x93,0x93,0x93,0x93,0x93,
  0x93,0x93,0x93,0x93,0x93,0x93,0x93,0x93,0x93,0x93,0x93,0x93,0x93,0x93,0x93,0x93,0x93,0x93,0x93,0x93,0x93,0x93,0x93,0x34,0x38,0x34,0x39,0x3A,0x93,0x4D,0x4D,0x4A,
  0x4A,0x48,0x48,0x48,0x48,0x48,0x49,0x4A,0x4A,0x4A,0x4A,0x4A,0x4A,0x4A,0x4B,0x4C,0x44,0x48,0x48,0x4A,0x4E,0x46,0x48,0x48,0x48,0x4A,0x4D,0x4C,0x48,0x4C,0x4C,0x4F,
  0x4E,0x26,0x26,0x26,0x26,0x26,0x26,0x26,0x26,0x26,0x26,0x26,0x26,0x26,0x26,0x26,0x26,0x26,0x48,0x48,0x48,0x48,0x4A,0x4C,0x4C,0x4C,0x4E,0x26,0x26,0x26,0x26,0x26,
  0x26,0x26,0x26,0x26,0x26,0x26,0x26,0x26,0x26,0x26,0x26,0x26,0x26,0x28,0x29,0x37,0x29,0x36,0x29,0x29,0x29,0x29,0x29,0x29,0x29,0x2A,0x2A,0x2B,0x2B,0x2C,0x2C,0x2C,
  0x2C,0x2D,0x2D,0x2B,0x2B,0x29,0x29,0x29,0x29,0x2A,0x2A,0x2A,0x2B,0x2B,0x48,0x48,0x48,0x48,0x48,0x48,0x49,0x4A,0x4A,0x4A,0x4A,0x4A,0x4A,0x4A,0x4B,0x4C,0x4C,0x4C,
  0x4C,0x4C,0x4C,0x24,0x26,0x26,0x26,0x26,0x26,0x25,0x26,0x26,0x26,0x26,0x25,0x24,0x24,0x25,0x26,0x24,0x26,0x26,0x26,0x26,0x26,0x25,0x26,0x26,0x26,0x26,0x25,0x24,
  0x24,0x25,0x25,0x25,0x25,0x25,0x25,0x25,0x25,0x24,0x25,0x25,0x25,0x25,0x48,0x48,0x48,0x48,0x48,0x48,0x49,0x4A,0x4A,0x4A,0x4A,0x4A,0x4A,0x48,0x48,0x48,0x48,0x48,
  0x48,0x49,0x4B,0x4A,0x4A,0x4C,0x4B,0x4B,0x4A,0x4E,0x4D,0x4C,0x4C,0x4C,0x4D,0x4C,0x1B,0x1C,0x1C,0x1C,0x1C,0x1C,0x1C,0x1A,0x1A,0x1A,0x1A,0x1A,0x1A,0x1A,0x1B,0x1C,
  0x18,0x12,0x12,0x12,0x17,0x17,0x1C,0x1C,0x19,0x19,0x19,0x19,0x19,0x19,0x19,0x19,0x19,0x19,0x19,0x19,0x19,0x19,0x19,0x19,0x19,0x19,0x19,0x19,0x19,0x19,0x19,0x19,
  0x19,0x19,0x19,0x19,0x19,0x19,0x19,0x19,0x12,0x15,0x17,0x17,0x1C,0x1C,0x1C,0x1F,0x94,0x94,0x94,0x95,0x95,0x95,0x96,0x96,0x96,0x95,0x95,0x93,0x93,0x93,0x93,0x93,
  0x93,0x93,0x93,0x93,0x94,0x94,0x95,0x94,0x93,0x93,0x93,0x93,0x93,0x93,0x93,0x93,0x93,0x93,0x93,0x93,0x93,0x93,0x93,0x93,0x93,0x93,0x93,0x93,0x93,0x93,0x93,0x93,
  0x93,0x93,0x93,0x93,0x93,0x93,0x93,0x93,0x93,0x93,0x93,0x93,0x93,0x93,0x93,0x93,0x93,0x93,0x93,0x93,0x93,0x93,0x93,0x93,0x93,0x93,0x93,0x93,0x93,0x93,0x93,0x93,
  0x93,0x93,0x93,0x93,0x93,0x93,0x93,0x93,0x93,0x93,0x93,0x93,0x93,0x93,0x93,0x93,0x93,0x93,0x93,0x93,0x93,0x93,0x93,0x93,0x93,0x93,0x93,0x93,0x93,0x93,0x93,0x93,
  0x93,0x93,0x93,0x93,0x93,0x93,0x93,0x36,0x36,0x3A,0x3A,0x3A,0x93,0x93,0x93,0x4D,0x4A,0x4A,0x48,0x48,0x48,0x48,0x49,0x4A,0x4A,0x4A,0x4A,0x4A,0x4A,0x4A,0x4B,0x4C,
  0x44,0x48,0x48,0x4C,0x45,0x48,0x48,0x48,0x4A,0x4E,0x4B,0x49,0x49,0x4D,0x4D,0x4F,0x4E,0x26,0x26,0x26,0x26,0x26,0x26,0x26,0x26,0x26,0x26,0x26,0x26,0x26,0x26,0x35,
  0x34,0x34,0x48,0x48,0x48,0x48,0x49,0x4A,0x4C,0x4E,0x4E,0x37,0x38,0x39,0x26,0x26,0x26,0x26,0x26,0x26,0x26,0x26,0x26,0x26,0x26,0x26,0x36,0x35,0x36,0x36,0x36,0x38,
  0x37,0x37,0x29,0x29,0x29,0x29,0x2A,0x2A,0x2A,0x2A,0x2B,0x2B,0x2C,0x2C,0x2D,0x2D,0x2D,0x2D,0x2D,0x2B,0x29,0x29,0x2A,0x2A,0x2A,0x2A,0x2B,0x2C,0x2C,0x2C,0x48,0x48,
  0x48,0x48,0x48,0x48,0x49,0x4A,0x4A,0x4A,0x4A,0x4A,0x4A,0x4A,0x4B,0x4C,0x4C,0x4C,0x4C,0x4C,0x4C,0x26,0x25,0x26,0x26,0x26,0x26,0x26,0x26,0x26,0x26,0x26,0x24,0x23,
  0x25,0x25,0x26,0x14,0x25,0x14,0x14,0x14,0x14,0x15,0x26,0x15,0x26,0x26,0x24,0x23,0x25,0x25,0x25,0x25,0x25,0x25,0x25,0x25,0x25,0x25,0x24,0x25,0x25,0x25,0x48,0x48,
  0x48,0x48,0x48,0x48,0x49,0x4A,0x4A,0x4A,0x4A,0x4A,0x4A,0x48,0x48,0x48,0x48,0x48,0x48,0x49,0x4A,0x4A,0x4A,0x4A,0x4B,0x4A,0x4A,0x4B,0x4D,0x4C,0x4C,0x4C,0x4C,0x4C,
  0x1B,0x1C,0x1C,0x1C,0x1C,0x1C,0x1C,0x1A,0x1A,0x1A,0x1A,0x1A,0x1A,0x1A,0x1B,0x1C,0x1F,0x12,0x12,0x12,0x17,0x19,0x1C,0x1C,0x19,0x19,0x19,0x19,0x19,0x19,0x19,0x19,
  0x19,0x19,0x19,0x19,0x19,0x19,0x19,0x19,0x19,0x19,0x19,0x19,0x19,0x19,0x19,0x19,0x19,0x19,0x19,0x19,0x19,0x19,0x19,0x19,0x12,0x12,0x17,0x17,0x1C,0x1C,0x1C,0x1F,
  0x94,0x94,0x94,0x94,0x95,0x95,0x95,0x96,0x96,0x95,0x95,0x93,0x93,0x93,0x93,0x93,0x93,0x93,0x93,0x93,0x94,0x94,0x95,0x95,0x93,0x93,0x93,0x93,0x93,0x93,0x93,0x93,
  0x93,0x93,0x93,0x93,0x93,0x93,0x93,0x93,0x93,0x93,0x93,0x93,0x93,0x93,0x93,0x93,0x93,0x93,0x93,0x93,0x93,0x93,0x93,0x93,0x93,0x93,0x93,0x93,0x93,0x93,0x93,0x93,
  0x93,0x93,0x93,0x93,0x93,0x93,0x93,0x93,0x93,0x93,0x93,0x93,0x93,0x93,0x93,0x93,0x93,0x93,0x93,0x93,0x93,0x93,0x93,0x93,0x93,0x93,0x93,0x93,0x93,0x93,0x93,0x93,
  0x93,0x93,0x93,0x93,0x93,0x93,0x93,0x93,0x93,0x93,0x93,0x93,0x93,0x93,0x93,0x93,0x93,0x93,0x93,0x93,0x93,0x93,0x93,0x36,0x39,0x93,0x93,0x93,0x93,0x93,0x93,0x94,
  0x4D,0x48,0x48,0x48,0x48,0x48,0x49,0x4A,0x4A,0x4A,0x4A,0x4A,0x4A,0x4A,0x4B,0x4C,0x44,0x48,0x48,0x46,0x48,0x48,0x48,0x4A,0x4D,0x4C,0x4D,0x4C,0x48,0x4C,0x4C,0x4F,
  0x4E,0x26,0x26,0x26,0x36,0x35,0x36,0x36,0x36,0x37,0x37,0x26,0x26,0x36,0x33,0x34,0x35,0x36,0x48,0x48,0x48,0x48,0x48,0x4A,0x4C,0x4E,0x38,0x39,0x3A,0x3A,0x3A,0x3B,
  0x26,0x26,0x26,0x26,0x26,0x26,0x35,0x34,0x34,0x35,0x35,0x36,0x37,0x37,0x37,0x37,0x38,0x38,0x37,0x38,0x39,0x2A,0x2A,0x2B,0x2B,0x2B,0x2B,0x2C,0x2C,0x2D,0x2D,0x2D,
  0x2D,0x2D,0x2B,0x29,0x2A,0x2A,0x2A,0x2B,0x2B,0x2C,0x2C,0x2C,0x2D,0x2D,0x48,0x48,0x48,0x48,0x48,0x48,0x49,0x4A,0x4A,0x4A,0x4A,0x4A,0x4A,0x4A,0x4B,0x4C,0x4C,0x4C,
  0x4C,0x4C,0x4C,0x26,0x26,0x25,0x26,0x26,0x26,0x26,0x26,0x25,0x26,0x26,0x24,0x23,0x25,0x25,0x14,0x18,0x18,0x25,0x18,0x17,0x17,0x17,0x16,0x25,0x15,0x15,0x24,0x23,
  0x25,0x25,0x25,0x26,0x24,0x25,0x26,0x26,0x26,0x26,0x26,0x23,0x26,0x25,0x48,0x48,0x48,0x48,0x48,0x48,0x49,0x4A,0x4A,0x4A,0x4A,0x4A,0x4A,0x48,0x48,0x48,0x48,0x48,
  0x48,0x49,0x4A,0x4A,0x4A,0x4A,0x4A,0x4A,0x4A,0x4B,0x4C,0x4C,0x4C,0x4C,0x4C,0x4C,0x1B,0x1C,0x1C,0x1C,0x1C,0x1C,0x1C,0x1A,0x1A,0x1A,0x1A,0x1A,0x1A,0x1A,0x1B,0x1C,
  0x1F,0x12,0x12,0x12,0x17,0x1C,0x1C,0x1C,0x19,0x19,0x19,0x19,0x19,0x19,0x19,0x19,0x19,0x19,0x19,0x19,0x19,0x19,0x19,0x19,0x19,0x19,0x19,0x19,0x19,0x19,0x19,0x19,
  0x19,0x19,0x19,0x19,0x19,0x19,0x19,0x19,0x12,0x12,0x17,0x17,0x1C,0x1C,0x1C,0x1F,0x94,0x94,0x94,0x94,0x94,0x95,0x95,0x95,0x96,0x95,0x95,0x93,0x93,0x93,0x93,0x93,
  0x93,0x93,0x93,0x93,0x95,0x95,0x94,0x95,0x94,0x93,0x93,0x93,0x93,0x93,0x93,0x93,0x93,0x93,0x93,0x93,0x93,0x93,0x93,0x93,0x93,0x93,0x93,0x93,0x93,0x93,0x93,0x93,
  0x93,0x93,0x93,0x93,0x93,0x93,0x93,0x93,0x93,0x93,0x93,0x93,0x93,0x93,0x93,0x93,0x93,0x93,0x93,0x93,0x93,0x93,0x93,0x93,0x93,0x93,0x93,0x93,0x93,0x93,0x93,0x93,
  0x93,0x93,0x93,0x93,0x93,0x93,0x93,0x93,0x93,0x93,0x93,0x93,0x93,0x93,0x93,0x93,0x93,0x93,0x93,0x93,0x93,0x93,0x93,0x93,0x93,0x93,0x93,0x93,0x93,0x93,0x93,0x93,
  0x93,0x93,0x93,0x93,0x93,0x93,0x93,0x93,0x3A,0x93,0x93,0x93,0x93,0x93,0x94,0x94,0x48,0x48,0x48,0x48,0x48,0x48,0x49,0x4A,0x4A,0x4A,0x4A,0x4A,0x4A,0x4A,0x4B,0x4C,
  0x44,0x48,0x48,0x48,0x48,0x48,0x4A,0x4D,0x4B,0x49,0x4A,0x4E,0x47,0x4B,0x4C,0x4F,0x4E,0x34,0x34,0x35,0x35,0x36,0x37,0x37,0x37,0x37,0x37,0x37,0x37,0x38,0x39,0x36,
  0x37,0x48,0x48,0x48,0x48,0x48,0x49,0x4A,0x4C,0x4E,0x3A,0x3A,0x3B,0x3B,0x3C,0x3D,0x3C,0x26,0x26,0x26,0x36,0x33,0x34,0x35,0x36,0x37,0x37,0x38,0x38,0x38,0x38,0x38,
  0x38,0x38,0x39,0x3A,0x3A,0x3A,0x3B,0x2C,0x2C,0x2C,0x2C,0x2C,0x2D,0x2D,0x2D,0x2D,0x2D,0x2B,0x29,0x2A,0x2A,0x2B,0x2B,0x36,0x35,0x36,0x36,0x36,0x37,0x37,0x48,0x48,
  0x48,0x48,0x48,0x48,0x49,0x4A,0x4A,0x4A,0x4A,0x4A,0x4A,0x4A,0x4B,0x4C,0x4C,0x4C,0x4C,0x4C,0x4C,0x26,0x26,0x26,0x26,0x26,0x26,0x26,0x26,0x26,0x25,0x26,0x23,0x22,
  0x24,0x24,0x18,0x17,0x17,0x17,0x26,0x16,0x16,0x16,0x16,0x16,0x25,0x16,0x23,0x22,0x24,0x24,0x26,0x26,0x26,0x24,0x26,0x18,0x18,0x17,0x17,0x15,0x25,0x26,0x48,0x48,
  0x48,0x48,0x48,0x48,0x49,0x4A,0x4A,0x4A,0x4A,0x4A,0x4A,0x48,0x48,0x48,0x48,0x48,0x48,0x49,0x4A,0x4A,0x4A,0x4A,0x4A,0x4A,0x4A,0x4B,0x4C,0x4C,0x4C,0x4C,0x4C,0x4C,
  0x1B,0x1C,0x1C,0x1C,0x1C,0x1C,0x1C,0x1A,0x1A,0x1A,0x1A,0x1A,0x1A,0x1A,0x1B,0x1C,0x1F,0x12,0x12,0x12,0x17,0x1C,0x1C,0x1C,0x19,0x19,0x19,0x19,0x19,0x19,0x19,0x19,
  0x19,0x19,0x19,0x19,0x19,0x19,0x19,0x19,0x19,0x19,0x19,0x19,0x19,0x19,0x19,0x19,0x19,0x19,0x19,0x19,0x19,0x19,0x19,0x19,0x10,0x10,0x17,0x17,0x1C,0x1C,0x1C,0x1F,
  0x94,0x94,0x94,0x94,0x94,0x94,0x95,0x95,0x95,0x95,0x95,0x94,0x93,0x93,0x93,0x93,0x93,0x93,0x93,0x94,0x95,0x93,0x94,0x95,0x95,0x93,0x93,0x93,0x93,0x93,0x93,0x93,
  0x93,0x93,0x93,0x93,0x93,0x93,0x93,0x93,0x93,0x93,0x93,0x93,0x93,0x93,0x93,0x93,0x93,0x93,0x93,0x93,0x93,0x93,0x93,0x93,0x93,0x93,0x93,0x93,0x93,0x93,0x93,0x93,
  0x93,0x93,0x93,0x93,0x93,0x93,0x93,0x93,0x93,0x93,0x93,0x93,0x93,0x93,0x93,0x93,0x93,0x93,0x93,0x93,0x93,0x93,0x93,0x93,0x93,0x93,0x93,0x93,0x93,0x93,0x93,0x93,
  0x93,0x93,0x93,0x93,0x93,0x93,0x93,0x93,0x93,0x93,0x93,0x93,0x93,0x93,0x93,0x93,0x93,0x93,0x93,0x93,0x93,0x93,0x93,0x93,0x93,0x93,0x93,0x93,0x93,0x93,0x94,0x94,
  0x48,0x48,0x48,0x48,0x48,0x48,0x49,0x4A,0x4A,0x4A,0x4A,0x4A,0x4A,0x4A,0x4B,0x4C,0x41,0x42,0x43,0x43,0x44,0x44,0x45,0x44,0x45,0x46,0x47,0x48,0x4A,0x49,0x36,0x4C,
  0x4E,0x35,0x36,0x37,0x37,0x38,0x38,0x38,0x38,0x38,0x38,0x38,0x39,0x3A,0x3A,0x3A,0x3B,0x48,0x48,0x48,0x48,0x48,0x4A,0x4C,0x4C,0x4E,0x39,0x3C,0x3B,0x3D,0x3E,0x3E,
  0x3E,0x3D,0x26,0x34,0x38,0x37,0x36,0x37,0x39,0x37,0x38,0x38,0x39,0x39,0x39,0x3A,0x3A,0x3A,0x3A,0x3B,0x3B,0x3C,0x3D,0x3C,0x2D,0x2D,0x2D,0x2D,0x2D,0x2D,0x2D,0x2D,
  0x2B,0x29,0x2A,0x35,0x34,0x34,0x35,0x35,0x36,0x37,0x37,0x37,0x37,0x37,0x37,0x37,0x38,0x39,0x48,0x48,0x49,0x4A,0x4A,0x4A,0x4A,0x4A,0x4A,0x4A,0x4B,0x4C,0x4C,0x4C,
  0x4C,0x4C,0x4C,0x25,0x25,0x25,0x25,0x26,0x26,0x26,0x26,0x25,0x25,0x24,0x23,0x21,0x25,0x22,0x24,0x25,0x25,0x25,0x25,0x26,0x26,0x26,0x26,0x25,0x25,0x24,0x23,0x21,
  0x25,0x22,0x24,0x25,0x25,0x25,0x25,0x26,0x26,0x26,0x26,0x25,0x25,0x24,0x48,0x48,0x48,0x48,0x48,0x48,0x49,0x4A,0x4A,0x4A,0x4A,0x4A,0x4A,0x48,0x48,0x48,0x48,0x48,
  0x48,0x49,0x4A,0x4A,0x4A,0x4A,0x4A,0x4A,0x4A,0x4B,0x4C,0x4C,0x4C,0x4C,0x4C,0x4C,0x1B,0x1C,0x1C,0x1C,0x1C,0x1C,0x1C,0x1A,0x1A,0x1A,0x1A,0x1A,0x1A,0x1A,0x1B,0x1C,
  0x1F,0x12,0x12,0x12,0x17,0x1C,0x1C,0x1C,0x19,0x19,0x19,0x19,0x19,0x19,0x19,0x19,0x19,0x19,0x19,0x19,0x19,0x19,0x19,0x19,0x19,0x19,0x19,0x19,0x19,0x19,0x19,0x19,
  0x19,0x19,0x19,0x19,0x19,0x19,0x19,0x19,0x12,0x10,0x15,0x17,0x1C,0x1C,0x1C,0x1F,0x94,0x94,0x94,0x94,0x94,0x94,0x94,0x95,0x95,0x95,0x95,0x95,0x93,0x93,0x93,0x93,
  0x93,0x93,0x93,0x94,0x95,0x93,0x93,0x94,0x95,0x94,0x93,0x93,0x93,0x93,0x93,0x93,0x93,0x93,0x93,0x93,0x93,0x93,0x93,0x93,0x93,0x93,0x93,0x93,0x93,0x93,0x93,0x93,
  0x93,0x93,0x93,0x93,0x93,0x93,0x93,0x93,0x93,0x93,0x93,0x93,0x93,0x93,0x93,0x93,0x93,0x93,0x93,0x93,0x93,0x93,0x93,0x93,0x93,0x93,0x93,0x93,0x93,0x93,0x93,0x93,
  0x93,0x93,0x93,0x93,0x93,0x93,0x93,0x93,0x93,0x93,0x93,0x93,0x93,0x93,0x93,0x93,0x93,0x93,0x93,0x93,0x93,0x93,0x93,0x93,0x93,0x93,0x93,0x93,0x93,0x93,0x93,0x93,
  0x93,0x93,0x93,0x93,0x93,0x93,0x93,0x93,0x93,0x93,0x93,0x93,0x93,0x93,0x94,0x94,0x48,0x48,0x48,0x48,0x48,0x48,0x49,0x4A,0x4A,0x4A,0x4A,0x4A,0x4A,0x4A,0x4B,0x4C,
  0x45,0x10,0x18,0x48,0x48,0x49,0x36,0x35,0x36,0x36,0x36,0x4C,0x37,0x34,0x18,0x4D,0x4E,0x37,0x39,0x37,0x38,0x38,0x39,0x39,0x39,0x3A,0x3A,0x3A,0x3A,0x3B,0x3B,0x3C,
  0x3D,0x48,0x48,0x48,0x48,0x49,0x4A,0x4C,0x4C,0x4E,0x4E,0x3C,0x3D,0x39,0x3E,0x36,0x35,0x36,0x36,0x36,0x37,0x37,0x39,0x39,0x35,0x39,0x3A,0x3B,0x37,0x39,0x3B,0x3B,
  0x38,0x39,0x3C,0x3B,0x3D,0x3E,0x3E,0x3E,0x3D,0x36,0x35,0x36,0x36,0x36,0x37,0x37,0x2A,0x36,0x33,0x34,0x35,0x36,0x37,0x37,0x38,0x38,0x38,0x38,0x38,0x38,0x38,0x39,
  0x3A,0x3A,0x3A,0x3B,0x49,0x4A,0x4A,0x4A,0x4A,0x4A,0x4A,0x4A,0x4B,0x4C,0x4C,0x4C,0x4C,0x4C,0x4C,0x24,0x24,0x24,0x25,0x25,0x25,0x26,0x26,0x26,0x24,0x23,0x20,0x17,
  0x20,0x23,0x23,0x24,0x24,0x24,0x25,0x25,0x25,0x26,0x26,0x26,0x24,0x23,0x20,0x19,0x20,0x23,0x23,0x24,0x24,0x24,0x25,0x25,0x25,0x26,0x26,0x26,0x24,0x23,0x20,0x49,
  0x48,0x49,0x49,0x49,0x49,0x4A,0x4A,0x4A,0x4A,0x4A,0x4A,0x48,0x48,0x48,0x48,0x48,0x48,0x49,0x4A,0x4A,0x4A,0x4A,0x4A,0x4A,0x4A,0x4B,0x4C,0x4C,0x4C,0x4C,0x4C,0x4C,
  0x1B,0x1C,0x1C,0x1C,0x1C,0x1C,0x1C,0x1A,0x1A,0x1A,0x1A,0x1A,0x1A,0x1A,0x1B,0x1C,0x1F,0x12,0x12,0x12,0x17,0x1C,0x1C,0x1C,0x19,0x19,0x19,0x19,0x19,0x19,0x19,0x19,
  0x19,0x19,0x19,0x19,0x19,0x19,0x19,0x19,0x19,0x19,0x19,0x19,0x19,0x19,0x19,0x19,0x19,0x19,0x19,0x19,0x19,0x19,0x19,0x19,0x12,0x12,0x12,0x17,0x1C,0x1C,0x1C,0x1F,
  0x94,0x94,0x94,0x94,0x94,0x94,0x94,0x95,0x95,0x95,0x95,0x95,0x94,0x93,0x93,0x93,0x93,0x93,0x93,0x95,0x94,0x93,0x93,0x94,0x95,0x95,0x94,0x93,0x93,0x93,0x93,0x93,
  0x93,0x93,0x93,0x93,0x93,0x93,0x93,0x93,0x93,0x93,0x93,0x93,0x93,0x93,0x93,0x93,0x93,0x93,0x93,0x93,0x93,0x93,0x93,0x93,0x93,0x93,0x93,0x93,0x93,0x93,0x93,0x93,
  0x93,0x93,0x93,0x93,0x93,0x93,0x93,0x93,0x93,0x93,0x93,0x93,0x93,0x93,0x93,0x93,0x93,0x93,0x93,0x93,0x93,0x93,0x93,0x93,0x93,0x93,0x93,0x93,0x93,0x93,0x93,0x93,
  0x93,0x93,0x93,0x93,0x93,0x93,0x93,0x93,0x93,0x93,0x93,0x93,0x93,0x93,0x93,0x93,0x93,0x93,0x93,0x93,0x93,0x93,0x93,0x93,0x93,0x93,0x93,0x93,0x93,0x94,0x94,0x95,
  0x48,0x48,0x48,0x48,0x48,0x48,0x49,0x4A,0x4A,0x4A,0x4A,0x4A,0x4A,0x4A,0x4B,0x4C,0x45,0x18,0x35,0x34,0x34,0x35,0x35,0x36,0x37,0x37,0x37,0x37,0x37,0x18,0x1F,0x4D,
  0x39,0x39,0x35,0x39,0x3A,0x3B,0x84,0x85,0x85,0x3B,0x38,0x39,0x3C,0x3B,0x3D,0x3E,0x48,0x48,0x48,0x48,0x49,0x4A,0x4C,0x4C,0x4C,0x4C,0x4E,0x35,0x34,0x34,0x35,0x35,
  0x36,0x37,0x37,0x37,0x37,0x37,0x37,0x37,0x38,0x39,0x3B,0x37,0x3A,0x3C,0x37,0x3C,0x3D,0x37,0x3C,0x3D,0x39,0x35,0x34,0x34,0x35,0x35,0x36,0x37,0x37,0x37,0x37,0x37,
  0x37,0x37,0x38,0x39,0x37,0x39,0x37,0x84,0x85,0x85,0x39,0x39,0x3A,0x3A,0x3A,0x3A,0x3B,0x3B,0x3C,0x36,0x35,0x36,0x36,0x36,0x37,0x37,0x4A,0x4A,0x4B,0x4C,0x4C,0x4C,
  0x4C,0x4C,0x4C,0x18,0x17,0x17,0x17,0x16,0x16,0x16,0x16,0x16,0x16,0x16,0x16,0x15,0x16,0x17,0x17,0x16,0x15,0x15,0x15,0x15,0x14,0x14,0x14,0x14,0x19,0x19,0x1C,0x1C,
  0x17,0x17,0x17,0x16,0x16,0x16,0x16,0x16,0x16,0x16,0x16,0x15,0x15,0x14,0x15,0x19,0x4A,0x49,0x49,0x49,0x4A,0x4B,0x4B,0x4A,0x4A,0x4A,0x4A,0x48,0x48,0x48,0x48,0x48,
  0x48,0x49,0x4A,0x4A,0x4A,0x4A,0x4A,0x4A,0x4A,0x4B,0x4C,0x4C,0x4C,0x4C,0x4C,0x4C,0x1B,0x1C,0x1C,0x1C,0x1C,0x1C,0x1C,0x1A,0x1A,0x1A,0x1A,0x1A,0x1A,0x1A,0x1B,0x1C,
  0x1F,0x12,0x12,0x12,0x17,0x19,0x1C,0x1C,0x19,0x19,0x19,0x19,0x19,0x19,0x19,0x19,0x19,0x19,0x19,0x19,0x19,0x19,0x19,0x19,0x19,0x19,0x19,0x19,0x19,0x19,0x19,0x19,
  0x19,0x19,0x19,0x19,0x19,0x19,0x19,0x19,0x12,0x12,0x12,0x17,0x1C,0x1C,0x1C,0x1F,0x94,0x94,0x94,0x94,0x94,0x94,0x94,0x94,0x95,0x95,0x95,0x95,0x95,0x94,0x93,0x93,
  0x93,0x93,0x93,0x95,0x93,0x93,0x93,0x94,0x94,0x95,0x95,0x93,0x93,0x93,0x93,0x93,0x93,0x93,0x93,0x93,0x93,0x93,0x93,0x93,0x93,0x93,0x93,0x93,0x93,0x93,0x93,0x93,
  0x93,0x93,0x93,0x93,0x93,0x93,0x93,0x93,0x93,0x93,0x93,0x93,0x93,0x93,0x93,0x93,0x93,0x93,0x93,0x93,0x93,0x93,0x93,0x93,0x93,0x93,0x93,0x93,0x93,0x93,0x93,0x93,
  0x93,0x93,0x93,0x93,0x93,0x93,0x93,0x93,0x93,0x93,0x93,0x93,0x93,0x93,0x93,0x93,0x93,0x93,0x93,0x93,0x93,0x93,0x93,0x93,0x93,0x93,0x93,0x93,0x93,0x93,0x93,0x93,
  0x93,0x93,0x93,0x93,0x93,0x93,0x93,0x93,0x93,0x93,0x93,0x93,0x93,0x94,0x94,0x95,0x48,0x48,0x48,0x48,0x48,0x48,0x49,0x4A,0x4A,0x4A,0x4A,0x4A,0x4A,0x4A,0x4B,0x4C,
  0x36,0x33,0x34,0x35,0x36,0x37,0x37,0x38,0x38,0x38,0x38,0x38,0x38,0x38,0x39,0x3A,0x3A,0x3A,0x3B,0x3A,0x83,0x86,0x85,0x80,0x82,0x83,0x85,0x87,0x3C,0x3D,0x39,0x48,
  0x48,0x48,0x49,0x4A,0x4A,0x4C,0x4C,0x4C,0x4C,0x4C,0x4E,0x34,0x35,0x36,0x37,0x37,0x38,0x38,0x38,0x38,0x38,0x38,0x38,0x39,0x3A,0x3A,0x3A,0x3B,0x3D,0x3E,0x39,0x3C,
  0x3E,0x4F,0x38,0x36,0x33,0x34,0x35,0x36,0x37,0x37,0x38,0x38,0x38,0x38,0x38,0x38,0x38,0x39,0x3A,0x3A,0x3A,0x3B,0x86,0x85,0x80,0x82,0x83,0x85,0x87,0x38,0x39,0x35,
  0x34,0x34,0x35,0x35,0x36,0x37,0x37,0x37,0x37,0x37,0x37,0x37,0x38,0x39,0x4C,0x4C,0x4C,0x4C,0x4C,0x16,0x16,0x16,0x16,0x16,0x16,0x16,0x16,0x16,0x16,0x16,0x16,0x15,
  0x15,0x19,0x19,0x19,0x19,0x19,0x19,0x19,0x19,0x19,0x19,0x1B,0x1C,0x1C,0x1C,0x16,0x17,0x18,0x17,0x17,0x17,0x16,0x15,0x15,0x15,0x14,0x14,0x14,0x14,0x19,0x19,0x1C,
  0x1C,0x4B,0x49,0x49,0x4A,0x4B,0x4B,0x4B,0x4A,0x4A,0x4A,0x48,0x48,0x48,0x48,0x48,0x48,0x49,0x4A,0x4A,0x4A,0x4A,0x4A,0x4A,0x4A,0x4B,0x4C,0x4C,0x4C,0x4C,0x4C,0x4C,
  0x1B,0x1C,0x1C,0x1C,0x1C,0x1C,0x1C,0x1A,0x1A,0x1A,0x1A,0x1A,0x1A,0x1A,0x1B,0x1C,0x1F,0x12,0x12,0x12,0x17,0x17,0x1C,0x1C,0x19,0x19,0x19,0x19,0x19,0x19,0x19,0x19,
  0x19,0x19,0x19,0x19,0x19,0x19,0x19,0x19,0x19,0x19,0x19,0x19,0x19,0x19,0x19,0x19,0x19,0x19,0x19,0x19,0x19,0x19,0x19,0x19,0x12,0x12,0x12,0x17,0x1C,0x1C,0x1C,0x1F,
  0x94,0x94,0x94,0x94,0x94,0x94,0x94,0x94,0x95,0x95,0x95,0x95,0x95,0x95,0x93,0x93,0x93,0x93,0x94,0x95,0x93,0x93,0x93,0x94,0x94,0x94,0x95,0x93,0x93,0x93,0x93,0x93,
  0x93,0x93,0x93,0x93,0x93,0x93,0x93,0x93,0x93,0x93,0x93,0x93,0x93,0x93,0x93,0x93,0x93,0x93,0x93,0x93,0x93,0x93,0x93,0x93,0x93,0x93,0x93,0x93,0x93,0x93,0x93,0x93,
  0x93,0x93,0x93,0x93,0x93,0x93,0x93,0x93,0x93,0x93,0x93,0x93,0x93,0x93,0x93,0x93,0x93,0x93,0x93,0x93,0x93,0x93,0x93,0x93,0x93,0x93,0x93,0x93,0x93,0x93,0x93,0x93,
  0x93,0x93,0x93,0x93,0x93,0x93,0x93,0x93,0x93,0x93,0x93,0x93,0x93,0x93,0x93,0x94,0x93,0x93,0x93,0x93,0x93,0x93,0x93,0x93,0x93,0x93,0x93,0x93,0x94,0x94,0x94,0x95,
  0x48,0x48,0x48,0x48,0x48,0x48,0x49,0x4A,0x4A,0x4A,0x4A,0x4A,0x4A,0x4A,0x4B,0x34,0x38,0x37,0x36,0x37,0x39,0x37,0x38,0x38,0x39,0x39,0x39,0x3A,0x3A,0x3A,0x3A,0x3B,
  0x3B,0x84,0x85,0x85,0x85,0x87,0x3F,0x83,0x86,0x3F,0x87,0x87,0x3F,0x35,0x48,0x48,0x49,0x4A,0x4A,0x4A,0x4C,0x4C,0x4C,0x4C,0x4E,0x4C,0x4C,0x4C,0x37,0x39,0x37,0x38,
  0x38,0x39,0x39,0x39,0x3A,0x3A,0x3A,0x3A,0x3B,0x3B,0x3C,0x3D,0x3C,0x4F,0x3A,0x3D,0x4F,0x4F,0x34,0x38,0x37,0x36,0x37,0x39,0x37,0x38,0x38,0x39,0x39,0x39,0x3A,0x3A,
  0x3A,0x3A,0x3B,0x3B,0x3C,0x3D,0x3C,0x3F,0x83,0x86,0x3F,0x87,0x87,0x3F,0x33,0x34,0x35,0x36,0x37,0x37,0x38,0x38,0x38,0x38,0x38,0x38,0x38,0x39,0x3A,0x3A,0x3A,0x3B,
  0x4C,0x4C,0x16,0x16,0x16,0x16,0x16,0x16,0x16,0x16,0x16,0x15,0x15,0x14,0x15,0x19,0x19,0x1C,0x1C,0x19,0x1A,0x1A,0x1A,0x1A,0x1A,0x1A,0x1A,0x1B,0x1C,0x1C,0x17,0x16,
  0x17,0x18,0x18,0x18,0x18,0x17,0x17,0x19,0x19,0x19,0x19,0x19,0x1B,0x1A,0x1C,0x1C,0x1C,0x1C,0x4C,0x4B,0x4B,0x4B,0x4B,0x4B,0x4A,0x4A,0x4A,0x48,0x48,0x48,0x48,0x48,
  0x48,0x49,0x4A,0x4A,0x4A,0x4A,0x4A,0x4A,0x4A,0x4B,0x4C,0x4C,0x4C,0x4C,0x4C,0x4C,0x1B,0x1C,0x1C,0x1C,0x1C,0x1C,0x1C,0x1A,0x1A,0x1A,0x1A,0x1A,0x1A,0x1A,0x1B,0x1C,
  0x1F,0x12,0x12,0x12,0x17,0x17,0x1C,0x1C,0x19,0x19,0x19,0x19,0x19,0x19,0x19,0x19,0x19,0x19,0x19,0x19,0x19,0x19,0x19,0x19,0x19,0x19,0x19,0x19,0x19,0x19,0x19,0x19,
  0x19,0x19,0x19,0x19,0x19,0x19,0x19,0x19,0x10,0x10,0x12,0x17,0x1C,0x1C,0x1C,0x1F,0x94,0x94,0x94,0x94,0x94,0x94,0x94,0x94,0x94,0x95,0x95,0x95,0x95,0x95,0x94,0x93,
  0x93,0x93,0x94,0x95,0x93,0x93,0x93,0x93,0x94,0x94,0x95,0x93,0x93,0x93,0x93,0x93,0x93,0x93,0x93,0x93,0x93,0x93,0x93,0x93,0x93,0x93,0x93,0x93,0x93,0x93,0x93,0x93,
  0x93,0x93,0x93,0x93,0x93,0x93,0x93,0x93,0x93,0x93,0x93,0x93,0x93,0x93,0x93,0x93,0x93,0x93,0x93,0x93,0x93,0x93,0x93,0x93,0x93,0x93,0x93,0x93,0x93,0x93,0x93,0x93,
  0x93,0x93,0x93,0x93,0x93,0x93,0x93,0x93,0x93,0x93,0x93,0x93,0x93,0x93,0x93,0x93,0x93,0x93,0x93,0x93,0x93,0x93,0x93,0x93,0x93,0x93,0x93,0x93,0x93,0x93,0x93,0x94,
  0x93,0x93,0x93,0x93,0x93,0x93,0x93,0x93,0x93,0x93,0x93,0x94,0x94,0x94,0x94,0x95,0x48,0x48,0x48,0x48,0x48,0x48,0x49,0x4A,0x4A,0x4A,0x4A,0x4A,0x4A,0x4A,0x35,0x39,
  0x37,0x34,0x39,0x39,0x35,0x39,0x3A,0x84,0x85,0x85,0x3B,0x3B,0x38,0x39,0x3C,0x83,0x86,0x85,0x80,0x82,0x83,0x85,0x87,0x85,0x87,0x3F,0x4F,0x36,0x33,0x48,0x49,0x4A,
  0x4A,0x4C,0x4A,0x4A,0x4C,0x4C,0x4E,0x4E,0x4E,0x4E,0x4C,0x4C,0x3A,0x3B,0x39,0x3A,0x3B,0x37,0x39,0x3B,0x3B,0x38,0x39,0x3C,0x3B,0x3D,0x3E,0x3E,0x3E,0x3D,0x4D,0x3D,
  0x4F,0x35,0x39,0x37,0x34,0x39,0x39,0x35,0x39,0x3A,0x3B,0x37,0x39,0x3B,0x3B,0x38,0x39,0x3C,0x3B,0x3D,0x3E,0x3E,0x3E,0x3D,0x85,0x87,0x3F,0x39,0x3F,0x3F,0x37,0x36,
  0x37,0x39,0x37,0x38,0x38,0x39,0x39,0x39,0x3A,0x3A,0x3A,0x3A,0x3B,0x3B,0x3C,0x3D,0x3C,0x18,0x17,0x17,0x16,0x15,0x15,0x15,0x15,0x14,0x14,0x14,0x14,0x19,0x19,0x1C,
  0x1C,0x1C,0x1C,0x19,0x1A,0x1A,0x1A,0x1A,0x1A,0x1A,0x1A,0x1B,0x1C,0x1C,0x16,0x17,0x18,0x18,0x18,0x18,0x18,0x18,0x19,0x1A,0x1A,0x1A,0x1A,0x1A,0x1A,0x1B,0x1C,0x1C,
  0x1C,0x1C,0x1C,0x4D,0x4D,0x4D,0x4B,0x4B,0x4A,0x4A,0x4B,0x48,0x48,0x48,0x48,0x48,0x48,0x49,0x4A,0x4A,0x4A,0x4A,0x4A,0x4A,0x4A,0x4B,0x4C,0x4C,0x4C,0x4C,0x4C,0x4C,
  0x1B,0x1C,0x1C,0x1C,0x1C,0x1C,0x1C,0x1A,0x1A,0x1A,0x1A,0x1A,0x1A,0x1A,0x1B,0x1C,0x18,0x12,0x12,0x12,0x17,0x17,0x19,0x1C,0x19,0x19,0x19,0x19,0x19,0x19,0x19,0x19,
  0x19,0x19,0x19,0x19,0x19,0x19,0x19,0x19,0x19,0x19,0x19,0x19,0x19,0x19,0x19,0x19,0x19,0x19,0x19,0x19,0x19,0x19,0x19,0x19,0x12,0x10,0x15,0x17,0x1C,0x1C,0x1C,0x1F,
  0x94,0x94,0x94,0x94,0x94,0x94,0x94,0x94,0x94,0x94,0x94,0x95,0x95,0x95,0x95,0x94,0x93,0x93,0x94,0x95,0x93,0x93,0x93,0x93,0x94,0x94,0x95,0x94,0x93,0x93,0x93,0x93,
  0x93,0x93,0x93,0x93,0x93,0x93,0x93,0x93,0x93,0x93,0x93,0x93,0x93,0x93,0x93,0x93,0x93,0x93,0x93,0x93,0x93,0x93,0x93,0x93,0x93,0x93,0x93,0x93,0x93,0x93,0x93,0x93,
  0x93,0x93,0x93,0x93,0x93,0x93,0x93,0x93,0x93,0x93,0x93,0x93,0x93,0x93,0x93,0x93,0x93,0x93,0x93,0x93,0x93,0x93,0x93,0x93,0x93,0x93,0x93,0x93,0x93,0x93,0x93,0x93,
  0x93,0x93,0x93,0x93,0x93,0x93,0x93,0x93,0x93,0x93,0x93,0x93,0x93,0x93,0x93,0x94,0x95,0x93,0x93,0x93,0x93,0x93,0x93,0x93,0x93,0x94,0x94,0x94,0x94,0x94,0x94,0x95,
  0x48,0x48,0x48,0x48,0x48,0x48,0x49,0x4A,0x4A,0x4A,0x4A,0x4A,0x4A,0x4A,0x38,0x4D,0x35,0x39,0x3A,0x35,0x39,0x83,0x86,0x85,0x80,0x82,0x83,0x85,0x87,0x37,0x3C,0x85,
  0x87,0x3F,0x83,0x86,0x3F,0x87,0x87,0x3F,0x3F,0x3F,0x34,0x38,0x48,0x4A,0x4A,0x4C,0x4C,0x4C,0x4A,0x4C,0x4C,0x4E,0x4E,0x4E,0x4E,0x4E,0x4C,0x4C,0x3C,0x3D,0x3C,0x3B,
  0x37,0x3A,0x3C,0x37,0x3C,0x3D,0x37,0x3C,0x3D,0x39,0x3E,0x3E,0x4F,0x3E,0x4D,0x4B,0x4F,0x38,0x4D,0x35,0x39,0x3A,0x35,0x39,0x3A,0x3B,0x37,0x3A,0x3C,0x37,0x3C,0x84,
  0x85,0x85,0x3D,0x39,0x3E,0x3E,0x4F,0x3E,0x3A,0x3F,0x3F,0x35,0x39,0x37,0x34,0x39,0x39,0x35,0x39,0x3A,0x3B,0x37,0x39,0x3B,0x3B,0x38,0x39,0x3C,0x3B,0x3D,0x3E,0x3E,
  0x3E,0x3D,0x18,0x18,0x19,0x19,0x19,0x19,0x19,0x19,0x19,0x19,0x1B,0x1C,0x1C,0x1C,0x1C,0x1C,0x1C,0x19,0x1A,0x1A,0x1A,0x1A,0x1A,0x1A,0x1A,0x1B,0x1C,0x1C,0x16,0x17,
  0x18,0x18,0x18,0x18,0x18,0x18,0x1A,0x1A,0x1A,0x1A,0x1A,0x1A,0x1A,0x1B,0x1C,0x1C,0x1C,0x1C,0x1C,0x19,0x1A,0x4F,0x4F,0x4C,0x4C,0x4C,0x4D,0x48,0x48,0x48,0x48,0x48,
  0x48,0x49,0x4A,0x4A,0x4A,0x4A,0x4A,0x4A,0x4A,0x4B,0x4C,0x4C,0x4C,0x4C,0x4C,0x4C,0x1B,0x1C,0x1C,0x1C,0x1C,0x1C,0x1C,0x1A,0x1A,0x1A,0x1A,0x1A,0x1A,0x1A,0x1B,0x1C,
  0x10,0x10,0x12,0x12,0x17,0x17,0x17,0x1C,0x19,0x19,0x19,0x19,0x19,0x19,0x19,0x19,0x19,0x19,0x19,0x19,0x19,0x19,0x19,0x19,0x19,0x19,0x19,0x19,0x19,0x19,0x19,0x19,
  0x19,0x19,0x19,0x19,0x19,0x19,0x19,0x19,0x12,0x12,0x17,0x17,0x1C,0x1A,0x1A,0x1A,0x94,0x94,0x94,0x94,0x94,0x94,0x94,0x94,0x94,0x94,0x94,0x94,0x94,0x95,0x95,0x95,
  0x94,0x94,0x94,0x95,0x94,0x93,0x93,0x93,0x94,0x94,0x95,0x95,0x93,0x93,0x93,0x93,0x93,0x93,0x93,0x93,0x93,0x93,0x93,0x93,0x93,0x93,0x93,0x93,0x93,0x93,0x93,0x93,
  0x93,0x93,0x93,0x93,0x93,0x93,0x93,0x93,0x93,0x93,0x93,0x93,0x93,0x93,0x93,0x93,0x93,0x93,0x93,0x93,0x93,0x93,0x93,0x93,0x93,0x93,0x93,0x93,0x93,0x93,0x93,0x93,
  0x93,0x93,0x93,0x93,0x93,0x93,0x93,0x93,0x93,0x93,0x93,0x93,0x93,0x93,0x93,0x93,0x93,0x93,0x93,0x93,0x93,0x93,0x93,0x93,0x93,0x93,0x93,0x93,0x93,0x93,0x93,0x94,
  0x95,0x93,0x93,0x93,0x93,0x93,0x93,0x93,0x94,0x94,0x94,0x94,0x94,0x94,0x94,0x95,0x48,0x48,0x48,0x48,0x48,0x48,0x49,0x4A,0x4A,0x4A,0x4A,0x4A,0x4A,0x4A,0x4B,0x4D,
  0x3A,0x4F,0x4F,0x37,0x3A,0x85,0x87,0x3F,0x83,0x86,0x3F,0x87,0x87,0x3F,0x38,0x3D,0x3F,0x3F,0x85,0x87,0x3F,0x4B,0x3F,0x3F,0x4D,0x35,0x39,0x48,0x4A,0x4C,0x4C,0x4C,
  0x4C,0x3A,0x4A,0x4C,0x4E,0x3B,0x3B,0x38,0x39,0x3C,0x4E,0x4C,0x3E,0x3E,0x3E,0x3D,0x37,0x3D,0x3E,0x39,0x3C,0x3E,0x4F,0x38,0x3D,0x4F,0x4F,0x3E,0x4F,0x4C,0x4B,0x4B,
  0x4A,0x4E,0x4D,0x3A,0x4F,0x4F,0x37,0x3A,0x4F,0x3B,0x37,0x3D,0x3E,0x83,0x86,0x85,0x80,0x82,0x83,0x85,0x87,0x3E,0x4F,0x4D,0x3C,0x4F,0x4F,0x38,0x4D,0x35,0x39,0x3A,
  0x35,0x39,0x3A,0x3B,0x37,0x3A,0x3C,0x37,0x3C,0x3D,0x37,0x3C,0x3D,0x39,0x3E,0x3E,0x4F,0x3E,0x18,0x18,0x19,0x1A,0x1A,0x1A,0x1A,0x1A,0x1A,0x1A,0x1B,0x1C,0x1C,0x1C,
  0x1C,0x1C,0x1C,0x19,0x1A,0x1A,0x1A,0x1A,0x1A,0x1A,0x1A,0x1B,0x1C,0x1C,0x17,0x18,0x18,0x18,0x18,0x18,0x18,0x19,0x1A,0x1A,0x1A,0x1A,0x1A,0x1A,0x1A,0x1B,0x1C,0x1C,
  0x1C,0x1C,0x1C,0x19,0x1A,0x1A,0x1A,0x1A,0x4D,0x4D,0x4D,0x48,0x48,0x48,0x48,0x48,0x48,0x49,0x4A,0x4A,0x4A,0x4A,0x4A,0x4A,0x4A,0x4B,0x4C,0x4C,0x4C,0x4C,0x4C,0x4C,
  0x1B,0x1C,0x1C,0x1C,0x1C,0x1C,0x1C,0x1A,0x1A,0x1A,0x1A,0x1A,0x1A,0x1A,0x1B,0x1C,0x10,0x10,0x10,0x12,0x17,0x17,0x17,0x1C,0x19,0x19,0x19,0x19,0x19,0x19,0x19,0x19,
  0x19,0x19,0x19,0x19,0x19,0x19,0x19,0x19,0x19,0x19,0x19,0x19,0x19,0x19,0x19,0x19,0x19,0x19,0x19,0x19,0x19,0x19,0x19,0x19,0x12,0x12,0x17,0x17,0x1A,0x1A,0x1C,0x1C,
  0x94,0x94,0x94,0x94,0x94,0x94,0x94,0x94,0x94,0x94,0x94,0x94,0x94,0x94,0x94,0x94,0x94,0x94,0x94,0x95,0x95,0x93,0x93,0x93,0x94,0x94,0x95,0x95,0x93,0x93,0x93,0x93,
  0x93,0x93,0x93,0x93,0x93,0x93,0x93,0x93,0x93,0x93,0x93,0x93,0x93,0x93,0x93,0x93,0x93,0x93,0x93,0x93,0x93,0x93,0x93,0x93,0x93,0x93,0x93,0x93,0x93,0x93,0x93,0x93,
  0x93,0x93,0x93,0x93,0x93,0x93,0x93,0x93,0x93,0x93,0x93,0x93,0x93,0x93,0x93,0x93,0x93,0x93,0x93,0x93,0x93,0x93,0x93,0x93,0x93,0x93,0x93,0x93,0x93,0x93,0x93,0x93,
  0x93,0x93,0x93,0x93,0x93,0x93,0x93,0x93,0x93,0x93,0x93,0x93,0x93,0x93,0x94,0x94,0x95,0x95,0x93,0x93,0x93,0x94,0x94,0x94,0x94,0x94,0x94,0x94,0x94,0x94,0x95,0x95,
  0x48,0x48,0x48,0x48,0x48,0x48,0x49,0x4A,0x4A,0x4A,0x4A,0x4A,0x4A,0x4A,0x4B,0x48,0x4A,0x4E,0x4B,0x3A,0x4F,0x4F,0x3F,0x3F,0x85,0x87,0x3F,0x3D,0x3F,0x3F,0x4F,0x3E,
  0x4F,0x4F,0x4F,0x3F,0x3F,0x4A,0x4A,0x4C,0x4B,0x38,0x48,0x4A,0x4C,0x4C,0x35,0x39,0x3A,0x4A,0x4A,0x4C,0x3C,0x37,0x3C,0x3D,0x37,0x3C,0x3D,0x4C,0x4C,0x3E,0x4F,0x3E,
  0x3A,0x3E,0x4F,0x3A,0x3D,0x4F,0x4F,0x4F,0x3E,0x4F,0x4F,0x4F,0x4F,0x4A,0x4B,0x4A,0x4A,0x4B,0x48,0x4A,0x4E,0x4B,0x3A,0x4F,0x4F,0x4D,0x3A,0x3E,0x4F,0x85,0x87,0x3F,
  0x83,0x86,0x3F,0x87,0x87,0x3F,0x4F,0x4B,0x4B,0x4F,0x4D,0x4D,0x4D,0x3A,0x4F,0x4F,0x37,0x3A,0x4F,0x3B,0x37,0x3D,0x3E,0x39,0x3C,0x3E,0x4F,0x38,0x3D,0x4F,0x4F,0x3E,
  0x4F,0x18,0x18,0x18,0x19,0x1A,0x1A,0x1A,0x1A,0x1A,0x1A,0x1A,0x1B,0x1C,0x1C,0x1C,0x1C,0x1C,0x1C,0x19,0x1A,0x1A,0x1A,0x1A,0x1A,0x1A,0x1A,0x1B,0x1C,0x1C,0x18,0x18,
  0x18,0x18,0x18,0x18,0x18,0x19,0x1A,0x1A,0x1A,0x1A,0x1A,0x1A,0x1B,0x1C,0x1C,0x1C,0x1C,0x1C,0x1C,0x19,0x1A,0x1A,0x1A,0x1A,0x1A,0x1A,0x1A,0x48,0x48,0x48,0x48,0x48,
  0x48,0x49,0x4A,0x4A,0x4A,0x4A,0x4A,0x4A,0x4A,0x4B,0x4C,0x4C,0x4C,0x4C,0x4C,0x4C,0x1B,0x1C,0x1C,0x1C,0x1C,0x1C,0x1C,0x1A,0x1A,0x1A,0x1A,0x1A,0x1A,0x1A,0x1B,0x1C,
  0x12,0x10,0x10,0x10,0x17,0x17,0x17,0x19,0x19,0x19,0x19,0x19,0x19,0x19,0x19,0x19,0x19,0x19,0x19,0x19,0x19,0x19,0x19,0x19,0x19,0x19,0x19,0x19,0x19,0x19,0x19,0x19,
  0x19,0x19,0x19,0x19,0x19,0x19,0x19,0x19,0x10,0x12,0x17,0x17,0x19,0x1C,0x1C,0x1C,0x94,0x94,0x94,0x94,0x94,0x94,0x94,0x94,0x94,0x94,0x94,0x94,0x94,0x94,0x94,0x94,
  0x94,0x94,0x94,0x95,0x95,0x94,0x93,0x93,0x94,0x94,0x95,0x95,0x93,0x93,0x93,0x93,0x93,0x93,0x93,0x93,0x93,0x93,0x93,0x93,0x93,0x93,0x93,0x93,0x93,0x93,0x93,0x93,
  0x93,0x93,0x93,0x93,0x93,0x93,0x93,0x93,0x93,0x93,0x93,0x93,0x93,0x93,0x93,0x93,0x93,0x93,0x93,0x93,0x93,0x93,0x93,0x93,0x93,0x93,0x93,0x93,0x93,0x93,0x93,0x93,
  0x93,0x93,0x93,0x93,0x93,0x93,0x93,0x93,0x93,0x93,0x93,0x93,0x93,0x93,0x93,0x93,0x93,0x93,0x93,0x93,0x93,0x93,0x93,0x93,0x93,0x93,0x93,0x93,0x93,0x93,0x94,0x94,
  0x95,0x95,0x95,0x93,0x94,0x94,0x94,0x94,0x94,0x94,0x94,0x94,0x94,0x94,0x95,0x95,0x48,0x48,0x48,0x48,0x48,0x48,0x49,0x4A,0x4A,0x4A,0x4A,0x4A,0x4A,0x4A,0x4B,0x48,
  0x48,0x49,0x4A,0x49,0x4E,0x4C,0x4D,0x3C,0x4F,0x3F,0x3F,0x3D,0x4F,0x4E,0x4F,0x4D,0x4F,0x4F,0x4D,0x4D,0x4A,0x4A,0x4A,0x4A,0x4B,0x4A,0x48,0x4A,0x4C,0x4F,0x37,0x3A,
  0x4F,0x4A,0x4C,0x4E,0x3E,0x39,0x3C,0x3E,0x4F,0x38,0x3D,0x4F,0x4C,0x3E,0x4F,0x4D,0x3C,0x4F,0x4F,0x4D,0x3D,0x4F,0x4E,0x4F,0x4D,0x4F,0x4F,0x4D,0x4D,0x4A,0x18,0x18,
  0x17,0x17,0x15,0x15,0x49,0x4A,0x49,0x4E,0x4C,0x4D,0x3C,0x4F,0x4F,0x4D,0x3F,0x3F,0x85,0x87,0x3F,0x4F,0x3F,0x3F,0x4D,0x4B,0x4A,0x4A,0x4C,0x4B,0x48,0x4A,0x4E,0x4B,
  0x3A,0x4F,0x4F,0x4D,0x3A,0x3E,0x4F,0x3A,0x3D,0x4F,0x4F,0x4F,0x3E,0x4F,0x4F,0x4F,0x4F,0x18,0x18,0x18,0x19,0x1A,0x1A,0x1A,0x1A,0x1A,0x1A,0x1A,0x1B,0x1C,0x1C,0x1C,
  0x1C,0x1C,0x1C,0x19,0x1A,0x1A,0x1A,0x1A,0x1A,0x1A,0x1A,0x1B,0x1C,0x1C,0x18,0x18,0x18,0x18,0x18,0x18,0x18,0x1A,0x1A,0x1A,0x1A,0x1A,0x1A,0x1A,0x1B,0x1C,0x1C,0x1C,
  0x1C,0x1C,0x1C,0x19,0x1A,0x1A,0x1A,0x1A,0x1A,0x1A,0x1A,0x48,0x48,0x48,0x48,0x48,0x48,0x49,0x4A,0x4A,0x4A,0x4A,0x4A,0x4A,0x4A,0x4B,0x4C,0x4C,0x4C,0x4C,0x4C,0x4C,
  0x1B,0x1C,0x1C,0x1C,0x1C,0x1C,0x1C,0x1A,0x1A,0x1A,0x1A,0x1A,0x1A,0x1A,0x1B,0x1C,0x12,0x12,0x10,0x14,0x17,0x17,0x17,0x17,0x19,0x19,0x19,0x19,0x19,0x19,0x19,0x19,
  0x19,0x19,0x19,0x19,0x19,0x19,0x19,0x19,0x19,0x19,0x19,0x19,0x19,0x19,0x19,0x19,0x19,0x19,0x19,0x19,0x19,0x19,0x19,0x19,0x10,0x12,0x17,0x17,0x17,0x1C,0x1C,0x1C,
  0x94,0x94,0x94,0x94,0x94,0x94,0x94,0x94,0x94,0x94,0x94,0x94,0x94,0x94,0x94,0x94,0x94,0x94,0x94,0x94,0x95,0x95,0x93,0x94,0x94,0x94,0x94,0x95,0x94,0x93,0x93,0x93,
  0x93,0x93,0x93,0x93,0x93,0x93,0x93,0x93,0x93,0x93,0x93,0x93,0x93,0x93,0x93,0x93,0x93,0x93,0x93,0x93,0x93,0x93,0x93,0x93,0x93,0x93,0x93,0x93,0x93,0x93,0x93,0x93,
  0x93,0x93,0x93,0x93,0x93,0x93,0x93,0x93,0x93,0x93,0x93,0x93,0x93,0x93,0x93,0x93,0x93,0x93,0x93,0x93,0x93,0x93,0x93,0x93,0x93,0x93,0x93,0x93,0x93,0x93,0x93,0x93,
  0x93,0x93,0x93,0x93,0x93,0x93,0x93,0x93,0x93,0x93,0x93,0x93,0x93,0x93,0x94,0x94,0x94,0x95,0x95,0x95,0x94,0x94,0x94,0x94,0x94,0x94,0x94,0x94,0x94,0x94,0x95,0x95,
  0x48,0x48,0x48,0x48,0x48,0x48,0x49,0x4A,0x4A,0x4A,0x4A,0x4A,0x4A,0x4A,0x4B,0x48,0x48,0x48,0x48,0x49,0x48,0x4B,0x4B,0x4B,0x4F,0x4D,0x4D,0x4B,0x4F,0x4E,0x4D,0x4D,
  0x4C,0x4F,0x4D,0x4C,0x4A,0x4A,0x4A,0x4A,0x4A,0x4A,0x48,0x49,0x4E,0x4B,0x3A,0x4F,0x4F,0x4A,0x4C,0x3E,0x4F,0x3A,0x3D,0x4F,0x4F,0x4F,0x3E,0x4F,0x4C,0x4F,0x4F,0x4B,
  0x4B,0x4F,0x4D,0x4D,0x4B,0x4F,0x4E,0x4D,0x4D,0x19,0x19,0x19,0x18,0x18,0x17,0x17,0x17,0x16,0x15,0x14,0x15,0x48,0x49,0x48,0x4B,0x4B,0x4B,0x4F,0x4D,0x4D,0x4B,0x4F,
  0x4E,0x3F,0x3F,0x4C,0x4F,0x4D,0x4C,0x4A,0x4A,0x4A,0x4A,0x4B,0x48,0x48,0x49,0x4A,0x49,0x4E,0x4C,0x4D,0x3C,0x4F,0x4F,0x4D,0x3D,0x4F,0x4E,0x4F,0x4D,0x4F,0x4F,0x4D,
  0x4D,0x18,0x18,0x18,0x19,0x1A,0x1A,0x1A,0x1A,0x1A,0x1A,0x1A,0x1B,0x1C,0x1C,0x1C,0x1C,0x1C,0x1C,0x19,0x1A,0x1A,0x1A,0x1A,0x1A,0x1A,0x1A,0x1B,0x1C,0x1C,0x18,0x18,
  0x18,0x18,0x18,0x18,0x19,0x1A,0x1A,0x1A,0x1A,0x1A,0x1A,0x1A,0x1B,0x1C,0x1C,0x1C,0x1C,0x1C,0x1C,0x19,0x1A,0x1A,0x1A,0x34,0x36,0x1A,0x1A,0x48,0x48,0x48,0x48,0x48,
  0x48,0x49,0x4A,0x4A,0x4A,0x4A,0x4A,0x4A,0x4A,0x4B,0x4C,0x4C,0x4C,0x4C,0x4C,0x4C,0x1B,0x1C,0x1C,0x1C,0x1C,0x1C,0x1C,0x1A,0x1A,0x1A,0x1A,0x1A,0x1A,0x1A,0x1B,0x1C,
  0x12,0x12,0x12,0x17,0x17,0x17,0x17,0x17,0x15,0x12,0x12,0x12,0x12,0x12,0x12,0x12,0x12,0x12,0x12,0x12,0x12,0x12,0x10,0x10,0x12,0x12,0x12,0x12,0x12,0x12,0x12,0x12,
  0x12,0x12,0x12,0x12,0x12,0x12,0x12,0x10,0x10,0x15,0x17,0x17,0x17,0x1C,0x1C,0x1C,0x94,0x94,0x94,0x94,0x94,0x94,0x94,0x94,0x94,0x94,0x94,0x94,0x94,0x94,0x94,0x94,
  0x94,0x94,0x94,0x94,0x94,0x94,0x94,0x94,0x94,0x94,0x94,0x95,0x95,0x93,0x93,0x93,0x93,0x93,0x93,0x93,0x93,0x93,0x93,0x93,0x93,0x93,0x93,0x93,0x93,0x93,0x93,0x93,
  0x93,0x93,0x93,0x93,0x93,0x93,0x93,0x93,0x93,0x93,0x93,0x93,0x93,0x93,0x93,0x93,0x93,0x93,0x93,0x93,0x93,0x93,0x93,0x93,0x93,0x93,0x93,0x93,0x93,0x93,0x93,0x93,
  0x93,0x93,0x93,0x93,0x93,0x93,0x93,0x93,0x93,0x93,0x93,0x93,0x93,0x93,0x93,0x93,0x93,0x93,0x93,0x93,0x93,0x93,0x93,0x93,0x93,0x93,0x93,0x93,0x93,0x94,0x94,0x94,
  0x94,0x95,0x95,0x95,0x95,0x95,0x94,0x94,0x94,0x94,0x94,0x94,0x94,0x95,0x95,0x95,0x48,0x48,0x48,0x48,0x48,0x48,0x49,0x4A,0x4A,0x4A,0x4A,0x4A,0x4A,0x4A,0x4B,0x48,
  0x48,0x48,0x48,0x48,0x48,0x49,0x4B,0x4A,0x4A,0x4C,0x4B,0x4B,0x4A,0x4E,0x4D,0x4C,0x4C,0x4C,0x4D,0x4C,0x4A,0x4A,0x4A,0x4A,0x4A,0x4A,0x48,0x48,0x49,0x4A,0x49,0x4E,
  0x4C,0x4A,0x4C,0x4F,0x4F,0x4D,0x3D,0x4F,0x4E,0x4F,0x4D,0x4F,0x4C,0x4D,0x4D,0x4B,0x4A,0x4A,0x4C,0x4B,0x4B,0x4A,0x4E,0x4D,0x19,0x18,0x17,0x17,0x16,0x16,0x16,0x16,
  0x16,0x16,0x16,0x15,0x14,0x15,0x48,0x48,0x49,0x4B,0x4A,0x4A,0x4C,0x4B,0x4B,0x4A,0x4E,0x4D,0x4C,0x4C,0x4C,0x4D,0x4C,0x4A,0x4A,0x4A,0x4A,0x4A,0x48,0x48,0x48,0x48,
  0x49,0x48,0x4B,0x4B,0x4B,0x4F,0x4D,0x4D,0x4B,0x4F,0x4E,0x4D,0x4D,0x4C,0x4F,0x4D,0x4C,0x18,0x18,0x18,0x19,0x1A,0x1A,0x1A,0x1A,0x1A,0x1A,0x1A,0x1B,0x1C,0x1C,0x1C,
  0x1C,0x1C,0x1C,0x19,0x1A,0x1A,0x1A,0x1A,0x1A,0x1A,0x1A,0x1B,0x1C,0x1C,0x18,0x18,0x18,0x18,0x18,0x18,0x19,0x1A,0x1A,0x1A,0x1A,0x1A,0x1A,0x1A,0x1B,0x1C,0x1C,0x1C,
  0x1C,0x1C,0x1C,0x19,0x1A,0x1A,0x34,0x3A,0x3A,0x4D,0x4D,0x4A,0x4A,0x48,0x48,0x48,0x48,0x49,0x4A,0x4A,0x4A,0x4A,0x4A,0x4A,0x4A,0x4B,0x4C,0x4C,0x4C,0x4C,0x4C,0x4C,
  0x1B,0x1C,0x1C,0x1C,0x1C,0x1C,0x1C,0x1A,0x1A,0x1A,0x1A,0x1A,0x1A,0x1A,0x1B,0x1C,0x12,0x12,0x12,0x17,0x17,0x17,0x17,0x17,0x17,0x17,0x17,0x15,0x12,0x12,0x12,0x12,
  0x12,0x12,0x12,0x12,0x12,0x10,0x10,0x12,0x15,0x17,0x17,0x17,0x17,0x17,0x15,0x12,0x12,0x12,0x12,0x12,0x12,0x12,0x10,0x10,0x15,0x17,0x17,0x17,0x17,0x1C,0x1C,0x1C,
  0x94,0x94,0x94,0x94,0x94,0x94,0x94,0x94,0x94,0x94,0x94,0x94,0x94,0x94,0x94,0x94,0x94,0x94,0x94,0x94,0x94,0x94,0x94,0x94,0x94,0x94,0x94,0x95,0x95,0x94,0x93,0x93,
  0x93,0x93,0x93,0x93,0x93,0x93,0x93,0x93,0x93,0x93,0x93,0x93,0x93,0x93,0x93,0x93,0x93,0x93,0x93,0x93,0x93,0x93,0x93,0x93,0x93,0x93,0x93,0x93,0x93,0x93,0x93,0x93,
  0x93,0x93,0x93,0x93,0x93,0x93,0x93,0x93,0x93,0x93,0x93,0x93,0x93,0x93,0x93,0x93,0x93,0x93,0x93,0x93,0x93,0x93,0x93,0x93,0x93,0x93,0x93,0x93,0x93,0x93,0x93,0x93,
  0x93,0x93,0x93,0x93,0x93,0x93,0x93,0x93,0x93,0x93,0x93,0x93,0x94,0x94,0x94,0x94,0x94,0x94,0x95,0x95,0x95,0x95,0x95,0x94,0x94,0x94,0x94,0x95,0x95,0x95,0x95,0x96,
  0x48,0x48,0x48,0x48,0x48,0x48,0x49,0x4A,0x4A,0x4A,0x4A,0x4A,0x4A,0x4A,0x4B,0x33,0x34,0x35,0x36,0x38,0x48,0x49,0x4A,0x4A,0x4A,0x4A,0x4B,0x4A,0x4A,0x4B,0x4D,0x4C,
  0x4C,0x4C,0x4C,0x4C,0x4A,0x4A,0x4A,0x4A,0x4A,0x4A,0x48,0x48,0x48,0x48,0x49,0x48,0x4B,0x4A,0x4C,0x4F,0x4D,0x4D,0x4B,0x4F,0x4E,0x4D,0x4D,0x4C,0x4C,0x4D,0x4C,0x4A,
  0x4A,0x4A,0x4A,0x4B,0x4A,0x4A,0x4B,0x17,0x17,0x17,0x16,0x16,0x16,0x16,0x16,0x16,0x16,0x16,0x15,0x15,0x14,0x15,0x19,0x48,0x49,0x4A,0x4A,0x4A,0x4A,0x4B,0x4A,0x4A,
  0x4B,0x4D,0x4C,0x4C,0x4C,0x4C,0x4C,0x4A,0x4A,0x4A,0x4A,0x4A,0x48,0x48,0x48,0x48,0x48,0x48,0x49,0x4B,0x4A,0x4A,0x4C,0x4B,0x4B,0x4A,0x4E,0x4D,0x4C,0x4C,0x4C,0x4D,
  0x4C,0x18,0x18,0x18,0x19,0x1A,0x1A,0x1A,0x1A,0x1A,0x1A,0x1A,0x1B,0x1C,0x1C,0x1C,0x1C,0x1C,0x1C,0x19,0x1A,0x1A,0x1A,0x1A,0x1A,0x1A,0x1A,0x1B,0x1C,0x1C,0x18,0x18,
  0x18,0x18,0x18,0x18,0x19,0x1A,0x1A,0x1A,0x1A,0x1A,0x1A,0x1A,0x1B,0x1C,0x1C,0x1C,0x1C,0x1C,0x1C,0x19,0x1A,0x34,0x38,0x34,0x39,0x3A,0x1A,0x4D,0x4D,0x4A,0x4A,0x48,
  0x48,0x49,0x4A,0x4A,0x4A,0x4A,0x4A,0x4A,0x4A,0x4B,0x4C,0x4C,0x4C,0x4C,0x4C,0x4C,0x1B,0x1C,0x1C,0x1C,0x1C,0x1C,0x1C,0x1A,0x1A,0x1A,0x1A,0x1A,0x1A,0x1A,0x1B,0x1C,
  0x12,0x12,0x12,0x17,0x17,0x17,0x17,0x17,0x17,0x17,0x17,0x17,0x17,0x17,0x17,0x17,0x17,0x17,0x17,0x17,0x17,0x17,0x17,0x17,0x17,0x17,0x17,0x17,0x17,0x17,0x17,0x17,
  0x17,0x17,0x17,0x17,0x17,0x17,0x17,0x17,0x17,0x17,0x17,0x17,0x19,0x1C,0x1C,0x1C,0x94,0x94,0x94,0x94,0x94,0x94,0x94,0x94,0x94,0x94,0x94,0x94,0x94,0x94,0x94,0x94,
  0x94,0x94,0x94,0x94,0x94,0x94,0x94,0x94,0x94,0x94,0x95,0x95,0x95,0x95,0x94,0x93,0x93,0x93,0x93,0x93,0x93,0x93,0x93,0x93,0x93,0x93,0x93,0x93,0x93,0x93,0x93,0x93,
  0x93,0x93,0x93,0x93,0x93,0x93,0x93,0x93,0x93,0x93,0x93,0x93,0x93,0x93,0x93,0x93,0x93,0x93,0x93,0x93,0x93,0x93,0x93,0x93,0x93,0x93,0x93,0x93,0x93,0x93,0x93,0x93,
  0x93,0x93,0x93,0x93,0x93,0x93,0x93,0x93,0x93,0x93,0x93,0x93,0x93,0x93,0x93,0x93,0x93,0x93,0x93,0x93,0x93,0x93,0x93,0x93,0x93,0x93,0x93,0x94,0x94,0x94,0x94,0x94,
  0x94,0x94,0x94,0x95,0x95,0x95,0x95,0x95,0x95,0x95,0x95,0x95,0x95,0x95,0x95,0x96,0x48,0x48,0x48,0x48,0x48,0x48,0x49,0x4A,0x4A,0x4A,0x4A,0x4A,0x4A,0x34,0x34,0x36,
  0x37,0x39,0x3A,0x3A,0x3B,0x3B,0x4A,0x4A,0x4A,0x4A,0x4A,0x4A,0x4A,0x4B,0x4C,0x4C,0x4C,0x4C,0x4C,0x4C,0x4A,0x4B,0x4B,0x4A,0x4A,0x4A,0x48,0x48,0x48,0x48,0x48,0x48,
  0x49,0x4B,0x4C,0x4A,0x4C,0x4B,0x4B,0x4A,0x4E,0x4D,0x4C,0x4C,0x4C,0x4D,0x4C,0x4A,0x4A,0x4A,0x4A,0x4A,0x4A,0x4A,0x16,0x17,0x18,0x17,0x17,0x17,0x16,0x15,0x15,0x15,
  0x14,0x14,0x14,0x14,0x19,0x19,0x1C,0x1C,0x49,0x4A,0x4A,0x4A,0x4A,0x4A,0x4A,0x4A,0x4B,0x4C,0x4C,0x4C,0x4C,0x4C,0x49,0x4A,0x4A,0x4A,0x4A,0x4A,0x48,0x48,0x48,0x48,
  0x48,0x48,0x49,0x4A,0x4A,0x4A,0x4A,0x4B,0x4A,0x4A,0x4B,0x4D,0x4C,0x4C,0x4C,0x4C,0x4C,0x18,0x18,0x18,0x19,0x1A,0x1A,0x1A,0x1A,0x1A,0x1A,0x1A,0x1B,0x1C,0x1C,0x1C,
  0x1C,0x1C,0x1C,0x19,0x1A,0x1A,0x1A,0x1A,0x1A,0x1A,0x1A,0x1B,0x1C,0x1C,0x18,0x18,0x18,0x18,0x18,0x18,0x19,0x1A,0x1A,0x1A,0x1A,0x1A,0x1A,0x1A,0x1B,0x1C,0x1C,0x1C,
  0x1C,0x1C,0x1C,0x19,0x1A,0x36,0x36,0x3A,0x3A,0x3A,0x1A,0x48,0x48,0x4D,0x4A,0x4A,0x48,0x49,0x4A,0x4A,0x4A,0x4A,0x4A,0x4A,0x4A,0x4B,0x4C,0x4C,0x4C,0x4C,0x4C,0x4C,
  0x1B,0x1C,0x1C,0x1C,0x1C,0x1C,0x1C,0x1A,0x1A,0x1A,0x1A,0x1A,0x1A,0x1A,0x1B,0x1C,0x12,0x12,0x12,0x17,0x17,0x17,0x17,0x17,0x17,0x17,0x17,0x17,0x17,0x17,0x17,0x17,
  0x17,0x17,0x17,0x17,0x17,0x17,0x17,0x17,0x17,0x17,0x17,0x17,0x17,0x17,0x17,0x17,0x17,0x17,0x17,0x17,0x17,0x17,0x17,0x17,0x17,0x17,0x17,0x17,0x1F,0x1F,0x1C,0x1C,
  0x94,0x94,0x94,0x94,0x94,0x94,0x94,0x94,0x94,0x94,0x94,0x94,0x94,0x94,0x94,0x94,0x94,0x94,0x94,0x94,0x94,0x94,0x94,0x94,0x94,0x95,0x95,0x95,0x95,0x95,0x95,0x94,
  0x93,0x93,0x93,0x93,0x93,0x93,0x93,0x93,0x93,0x93,0x93,0x93,0x93,0x93,0x93,0x93,0x93,0x93,0x93,0x93,0x93,0x93,0x93,0x93,0x93,0x93,0x93,0x93,0x93,0x93,0x93,0x93,
  0x93,0x93,0x93,0x93,0x93,0x93,0x93,0x93,0x93,0x93,0x93,0x93,0x93,0x93,0x93,0x93,0x93,0x93,0x93,0x93,0x93,0x93,0x93,0x93,0x93,0x93,0x93,0x93,0x93,0x93,0x93,0x93,
  0x93,0x93,0x93,0x93,0x93,0x93,0x93,0x93,0x93,0x93,0x94,0x94,0x94,0x94,0x94,0x94,0x94,0x94,0x94,0x94,0x94,0x95,0x95,0x95,0x95,0x95,0x95,0x95,0x95,0x95,0x96,0x96,
  0x48,0x48,0x48,0x48,0x48,0x48,0x49,0x4A,0x4A,0x4A,0x4A,0x4A,0x36,0x3A,0x38,0x39,0x37,0x3A,0x39,0x3B,0x3B,0x3B,0x4F,0x4A,0x4A,0x4A,0x4A,0x4A,0x4A,0x4B,0x4C,0x4C,
  0x4C,0x4C,0x4C,0x4C,0x4A,0x4B,0x4B,0x4B,0x4A,0x4A,0x48,0x48,0x48,0x48,0x48,0x48,0x49,0x4B,0x4B,0x4A,0x4A,0x4B,0x4A,0x4A,0x4B,0x4D,0x4C,0x4C,0x4C,0x14,0x14,0x14,
  0x14,0x14,0x14,0x15,0x15,0x15,0x16,0x17,0x18,0x18,0x18,0x18,0x17,0x17,0x19,0x19,0x19,0x19,0x19,0x1B,0x1A,0x1C,0x1C,0x1C,0x1C,0x4A,0x4A,0x4A,0x4A,0x4A,0x4A,0x4A,
  0x4B,0x4C,0x4C,0x4C,0x4C,0x48,0x49,0x4A,0x4A,0x4A,0x4A,0x4A,0x48,0x48,0x48,0x48,0x48,0x48,0x49,0x4A,0x4A,0x4A,0x4A,0x4A,0x4A,0x4A,0x4B,0x4C,0x4C,0x4C,0x4C,0x4C,
  0x4C,0x18,0x18,0x18,0x19,0x1A,0x1A,0x1A,0x1A,0x1A,0x1A,0x1A,0x1B,0x1C,0x1C,0x1C,0x1C,0x1C,0x1C,0x19,0x1A,0x1A,0x1A,0x1A,0x1A,0x1A,0x1A,0x1B,0x1C,0x1C,0x18,0x18,
  0x18,0x18,0x18,0x18,0x19,0x1A,0x1A,0x1A,0x1A,0x1A,0x1A,0x1A,0x1B,0x1C,0x1C,0x1C,0x1C,0x1C,0x1C,0x19,0x1A,0x36,0x39,0x1A,0x1A,0x1A,0x1A,0x48,0x48,0x48,0x4D,0x48,
  0x48,0x49,0x4A,0x4A,0x4A,0x4A,0x4A,0x4A,0x4A,0x4B,0x4C,0x4C,0x4C,0x4C,0x4C,0x4C,0x1B,0x1C,0x1C,0x1C,0x1C,0x1C,0x1C,0x1A,0x1A,0x1A,0x1A,0x1A,0x1A,0x1A,0x1B,0x1C,
  0x12,0x12,0x14,0x17,0x19,0x1C,0x1C,0x1C,0x1C,0x1C,0x1C,0x1C,0x1C,0x1C,0x1C,0x1C,0x1C,0x1A,0x19,0x17,0x17,0x17,0x17,0x17,0x17,0x17,0x17,0x17,0x17,0x17,0x17,0x17,
  0x17,0x17,0x17,0x17,0x17,0x17,0x17,0x17,0x17,0x17,0x17,0x19,0x1F,0x1F,0x1F,0x1C,0x94,0x94,0x94,0x94,0x94,0x94,0x94,0x94,0x94,0x94,0x94,0x94,0x94,0x94,0x94,0x94,
  0x94,0x94,0x94,0x94,0x94,0x94,0x94,0x95,0x95,0x95,0x95,0x95,0x95,0x95,0x95,0x95,0x94,0x93,0x93,0x93,0x93,0x93,0x93,0x93,0x93,0x93,0x93,0x93,0x93,0x93,0x93,0x93,
  0x93,0x93,0x93,0x93,0x93,0x93,0x93,0x93,0x93,0x93,0x93,0x93,0x93,0x93,0x93,0x93,0x93,0x93,0x93,0x93,0x93,0x93,0x93,0x93,0x93,0x93,0x93,0x93,0x93,0x93,0x93,0x93,
  0x93,0x93,0x93,0x93,0x93,0x93,0x93,0x93,0x93,0x93,0x93,0x93,0x93,0x93,0x93,0x93,0x93,0x93,0x93,0x93,0x93,0x93,0x93,0x93,0x94,0x94,0x94,0x94,0x94,0x94,0x94,0x94,
  0x94,0x94,0x94,0x94,0x94,0x94,0x94,0x95,0x95,0x95,0x95,0x95,0x96,0x96,0x96,0x97,0x48,0x48,0x48,0x48,0x48,0x48,0x49,0x4A,0x4A,0x4A,0x4A,0x4A,0x4A,0x4B,0x39,0x4B,
  0x3A,0x4D,0x39,0x4F,0x3E,0x4F,0x4A,0x4A,0x4A,0x4A,0x4A,0x4A,0x4A,0x4B,0x4C,0x4C,0x4C,0x4C,0x4C,0x4C,0x4B,0x4B,0x4B,0x4B,0x4A,0x4A,0x48,0x48,0x48,0x48,0x48,0x48,
  0x49,0x4A,0x4B,0x4A,0x4A,0x4A,0x4A,0x4A,0x4B,0x4C,0x4C,0x15,0x14,0x18,0x18,0x18,0x18,0x17,0x17,0x17,0x16,0x16,0x15,0x15,0x84,0x85,0x85,0x18,0x18,0x19,0x1A,0x1A,
  0x1A,0x1A,0x1A,0x1A,0x1B,0x1C,0x1C,0x1C,0x1C,0x4B,0x4B,0x4B,0x4A,0x4A,0x4A,0x4A,0x4B,0x4C,0x4D,0x4D,0x4D,0x48,0x49,0x4A,0x4A,0x4A,0x4A,0x4A,0x48,0x48,0x48,0x48,
  0x48,0x48,0x49,0x4A,0x4A,0x4A,0x4A,0x4A,0x4A,0x4A,0x4B,0x4C,0x4C,0x4C,0x4C,0x4C,0x4C,0x18,0x18,0x18,0x19,0x1A,0x1A,0x1A,0x1A,0x1A,0x1A,0x1A,0x1B,0x1C,0x1C,0x1C,
  0x1C,0x1C,0x1C,0x19,0x1A,0x1A,0x1A,0x1A,0x1A,0x1A,0x1A,0x1B,0x1C,0x1C,0x18,0x18,0x18,0x18,0x18,0x18,0x19,0x1A,0x1A,0x1A,0x1A,0x1A,0x1A,0x1A,0x1B,0x1C,0x1C,0x1C,
  0x1C,0x1C,0x1C,0x19,0x1A,0x1A,0x3A,0x1A,0x1A,0x1A,0x1A,0x48,0x48,0x48,0x48,0x48,0x48,0x49,0x4A,0x4A,0x4A,0x4A,0x4A,0x4A,0x4A,0x4B,0x4C,0x4C,0x4C,0x4C,0x4C,0x4C,
  0x1B,0x1C,0x1C,0x1C,0x1C,0x1C,0x1C,0x1A,0x1A,0x1A,0x1A,0x1A,0x1A,0x1A,0x1B,0x1C,0x14,0x14,0x17,0x19,0x1C,0x1C,0x1C,0x1C,0x1C,0x1C,0x1C,0x1C,0x1C,0x1C,0x1C,0x1C,
  0x1A,0x1A,0x1C,0x1C,0x1C,0x1C,0x1C,0x1C,0x1C,0x1C,0x1C,0x1C,0x1C,0x1C,0x1C,0x1C,0x1C,0x1C,0x1C,0x1C,0x1C,0x1C,0x1C,0x1C,0x1C,0x1C,0x1C,0x1C,0x1F,0x1F,0x1F,0x1F,
  0x94,0x94,0x94,0x94,0x94,0x94,0x94,0x94,0x94,0x94,0x94,0x94,0x94,0x94,0x94,0x94,0x94,0x94,0x95,0x95,0x95,0x95,0x95,0x95,0x95,0x95,0x95,0x95,0x95,0x95,0x95,0x95,
  0x95,0x95,0x94,0x93,0x93,0x93,0x93,0x93,0x93,0x93,0x93,0x93,0x93,0x93,0x93,0x93,0x93,0x93,0x93,0x93,0x93,0x93,0x93,0x93,0x93,0x93,0x93,0x93,0x93,0x93,0x93,0x93,
  0x93,0x93,0x93,0x93,0x93,0x93,0x93,0x93,0x93,0x93,0x93,0x93,0x93,0x93,0x93,0x93,0x93,0x93,0x93,0x93,0x93,0x93,0x93,0x93,0x93,0x93,0x93,0x93,0x93,0x93,0x93,0x93,
  0x93,0x93,0x93,0x93,0x94,0x94,0x94,0x94,0x94,0x94,0x94,0x94,0x94,0x94,0x94,0x94,0x94,0x94,0x94,0x94,0x94,0x95,0x95,0x95,0x95,0x96,0x96,0x96,0x96,0x97,0x97,0x97,
  0x48,0x48,0x48,0x48,0x48,0x48,0x49,0x4A,0x4A,0x4A,0x4A,0x4A,0x4A,0x4A,0x48,0x4B,0x4A,0x4D,0x4A,0x4F,0x4C,0x49,0x4A,0x4A,0x4A,0x4A,0x4A,0x4A,0x4A,0x4B,0x4C,0x4C,
  0x4C,0x4C,0x4C,0x4C,0x4D,0x4D,0x4B,0x4B,0x4A,0x4A,0x48,0x48,0x48,0x48,0x48,0x48,0x49,0x4A,0x4A,0x4A,0x4A,0x4A,0x4A,0x4A,0x4B,0x16,0x15,0x18,0x18,0x17,0x17,0x17,
  0x16,0x16,0x16,0x16,0x16,0x16,0x83,0x86,0x85,0x80,0x82,0x83,0x85,0x87,0x1A,0x1A,0x1A,0x1A,0x1A,0x1A,0x1B,0x1C,0x1C,0x1C,0x1C,0x4B,0x4B,0x4B,0x4A,0x4A,0x4A,0x4A,
  0x4C,0x4E,0x4E,0x4E,0x49,0x49,0x49,0x4A,0x4A,0x4A,0x4A,0x4A,0x48,0x48,0x48,0x48,0x48,0x48,0x49,0x4A,0x4A,0x4A,0x4A,0x4A,0x4A,0x4A,0x4B,0x4C,0x4C,0x4C,0x4C,0x4C,
  0x4C,0x18,0x18,0x18,0x19,0x1A,0x1A,0x1A,0x1A,0x1A,0x1A,0x1A,0x1B,0x1C,0x1C,0x1C,0x1C,0x1C,0x1C,0x19,0x1A,0x1A,0x1A,0x1A,0x1A,0x1A,0x1A,0x1B,0x1C,0x1C,0x18,0x18,
  0x18,0x18,0x18,0x18,0x19,0x1A,0x1A,0x1A,0x1A,0x1A,0x1A,0x1A,0x1B,0x1C,0x1C,0x1C,0x1C,0x1C,0x1C,0x19,0x1A,0x1A,0x1A,0x1A,0x1A,0x1A,0x1A,0x48,0x48,0x48,0x48,0x48,
  0x48,0x49,0x4A,0x4A,0x4A,0x4A,0x4A,0x4A,0x4A,0x4B,0x4C,0x4C,0x4C,0x4C,0x4C,0x4C,0x1B,0x1C,0x1C,0x1C,0x1C,0x1C,0x1C,0x1A,0x1A,0x1A,0x1A,0x1A,0x1A,0x1A,0x1B,0x1C,
  0x18,0x17,0x19,0x1C,0x1C,0x1C,0x1C,0x1C,0x1C,0x1C,0x1C,0x1C,0x1C,0x1C,0x1C,0x1A,0x1A,0x1A,0x1C,0x1C,0x1C,0x1C,0x1C,0x1C,0x1C,0x1C,0x1C,0x1C,0x1C,0x1C,0x1C,0x1C,
  0x1C,0x1C,0x1C,0x1C,0x1C,0x1C,0x1C,0x1C,0x1C,0x1C,0x1C,0x1C,0x1C,0x1F,0x1F,0x1F,0x94,0x94,0x94,0x94,0x94,0x94,0x94,0x94,0x95,0x95,0x95,0x95,0x95,0x95,0x95,0x95,
  0x95,0x95,0x95,0x95,0x95,0x95,0x95,0x95,0x95,0x95,0x95,0x95,0x95,0x95,0x95,0x95,0x95,0x95,0x95,0x95,0x94,0x93,0x93,0x93,0x93,0x93,0x93,0x93,0x93,0x93,0x93,0x93,
  0x93,0x93,0x93,0x93,0x93,0x93,0x93,0x93,0x93,0x93,0x93,0x93,0x93,0x93,0x93,0x93,0x93,0x93,0x93,0x93,0x93,0x93,0x93,0x93,0x93,0x93,0x93,0x93,0x93,0x93,0x93,0x93,
  0x93,0x93,0x93,0x93,0x93,0x93,0x93,0x93,0x93,0x93,0x93,0x93,0x94,0x94,0x94,0x94,0x94,0x94,0x94,0x94,0x94,0x94,0x94,0x94,0x94,0x94,0x94,0x94,0x94,0x94,0x94,0x94,
  0x94,0x94,0x95,0x95,0x95,0x95,0x95,0x96,0x96,0x96,0x97,0x97,0x97,0x97,0x97,0x97,0x48,0x48,0x48,0x48,0x48,0x48,0x49,0x4A,0x4A,0x4A,0x4A,0x4A,0x4A,0x4A,0x4B,0x48,
  0x48,0x4A,0x4A,0x48,0x48,0x49,0x4A,0x4A,0x4A,0x4A,0x4A,0x4A,0x4A,0x4B,0x4C,0x4C,0x4C,0x4C,0x4C,0x4C,0x4D,0x4F,0x4F,0x4C,0x4C,0x4C,0x48,0x48,0x48,0x48,0x48,0x48,
  0x49,0x4A,0x4A,0x4A,0x4A,0x4A,0x4A,0x17,0x17,0x17,0x17,0x17,0x16,0x16,0x16,0x16,0x16,0x16,0x16,0x16,0x16,0x16,0x85,0x87,0x3F,0x83,0x86,0x3F,0x87,0x87,0x3F,0x1A,
  0x1A,0x1A,0x1A,0x1A,0x1B,0x1C,0x1C,0x1C,0x1C,0x1C,0x4B,0x4B,0x4A,0x4A,0x4B,0x4C,0x4E,0x4F,0x4F,0x4B,0x49,0x49,0x4A,0x4B,0x4B,0x4B,0x4A,0x4A,0x48,0x48,0x48,0x48,
  0x48,0x48,0x49,0x4A,0x4A,0x4A,0x4A,0x4A,0x4A,0x4A,0x4B,0x4C,0x4C,0x4C,0x4C,0x4C,0x4C,0x18,0x18,0x18,0x19,0x1A,0x1A,0x1A,0x1A,0x1A,0x1A,0x1A,0x1B,0x1C,0x1C,0x1C,
  0x1C,0x1C,0x1C,0x19,0x1A,0x1A,0x1A,0x1A,0x1A,0x1A,0x1A,0x1B,0x1C,0x1C,0x18,0x18,0x18,0x18,0x18,0x18,0x19,0x1A,0x1A,0x1A,0x1A,0x1A,0x1A,0x1A,0x1B,0x1C,0x1C,0x1C,
  0x1C,0x1C,0x1C,0x19,0x1A,0x1A,0x1A,0x1A,0x1A,0x1A,0x1A,0x48,0x48,0x48,0x48,0x48,0x48,0x49,0x4A,0x4A,0x4A,0x4A,0x4A,0x4A,0x4A,0x4B,0x4C,0x4C,0x4C,0x4C,0x4C,0x4C,
  0x1B,0x1C,0x1C,0x1C,0x1C,0x1C,0x1C,0x1A,0x1A,0x1A,0x1A,0x1A,0x1A,0x1A,0x1B,0x1C,0x1F,0x1F,0x1F,0x1F,0x1F,0x1F,0x1F,0x1F,0x1F,0x1F,0x1F,0x1F,0x1F,0x1F,0x1F,0x1F,
  0x1A,0x1C,0x1C,0x1C,0x1C,0x1C,0x1C,0x1C,0x1C,0x1C,0x1C,0x1C,0x1C,0x1C,0x1C,0x1C,0x1C,0x1C,0x1C,0x1C,0x1C,0x1C,0x1C,0x1C,0x1C,0x1C,0x1C,0x1C,0x1C,0x1C,0x1F,0x1F,
};

const uint8_t jnb_maskbits[12800] = {
  0x00,0x00,0x00,0x00,0x00,0x00,0x00,0x00,0x00,0x00,0x00,0x00,0x00,0x00,0x00,0x00,0x00,0x00,0x00,0x00,0x00,0x00,0x00,0x00,0x00,0x00,0x00,0x00,0x00,0x00,0x00,0x00,
  0x00,0x00,0x00,0x00,0x00,0x00,0x00,0x00,0x00,0x00,0x00,0x00,0x00,0x00,0x00,0x00,0x00,0x00,0x00,0x00,0x00,0x00,0x00,0x00,0x00,0x00,0x00,0x00,0x00,0x00,0x00,0x00,
  0x00,0x00,0x00,0x00,0x00,0x00,0x00,0x00,0x00,0x00,0x00,0x00,0x00,0x00,0x00,0x00,0x00,0x00,0x00,0x00,0x00,0x00,0x00,0x00,0x00,0x00,0x00,0x00,0x00,0x00,0x00,0x00,
  0x00,0x00,0x00,0x00,0x00,0x00,0x00,0x00,0x00,0x00,0x00,0x00,0x00,0x00,0x00,0x00,0x00,0x00,0x00,0x00,0x00,0x00,0x00,0x00,0x00,0x00,0x00,0x00,0x00,0x00,0x00,0x00,
  0x00,0x00,0x00,0x00,0x00,0x00,0x00,0x00,0x00,0x00,0x00,0x00,0x00,0x00,0x00,0x00,0x00,0x00,0x00,0x00,0x00,0x00,0x00,0x00,0x00,0x00,0x00,0x00,0x00,0x00,0x00,0x00,
  0x00,0x00,0x00,0x00,0x00,0x00,0x00,0x00,0x00,0x00,0x00,0x00,0x00,0x00,0x00,0x00,0x00,0x00,0x00,0x00,0x00,0x00,0x00,0x00,0x00,0x00,0x00,0x00,0x00,0x00,0x00,0x00,
  0x00,0x00,0x00,0x00,0x00,0x00,0x00,0x00,0x00,0x00,0x00,0x00,0x00,0x00,0x00,0x00,0x00,0x00,0x00,0x00,0x00,0x00,0x00,0x00,0x00,0x00,0x00,0x00,0x00,0x00,0x00,0x00,
  0x00,0x00,0x00,0x00,0x00,0x00,0x00,0x00,0x00,0x00,0x00,0x00,0x00,0x00,0x00,0x00,0x00,0x00,0x00,0x00,0x00,0x00,0x00,0x00,0x00,0x00,0x00,0x00,0x00,0x00,0x00,0x00,
  0x00,0x00,0x00,0x00,0x00,0x00,0x00,0x00,0x00,0x00,0x00,0x00,0x00,0x00,0x00,0x00,0x00,0x00,0x00,0x00,0x00,0x00,0x00,0x00,0x00,0x00,0x00,0x00,0x00,0x00,0x00,0x00,
  0x00,0x00,0x00,0x00,0x00,0x00,0x00,0x00,0x00,0x00,0x00,0x00,0x00,0x00,0x00,0x00,0x00,0x00,0x00,0x00,0x00,0x00,0x00,0x00,0x00,0x00,0x00,0x00,0x00,0x00,0x00,0x00,
  0x00,0x00,0x00,0x00,0x00,0x00,0x00,0x00,0x00,0x00,0x00,0x00,0x00,0x00,0x00,0x00,0x00,0x00,0x00,0x00,0x00,0x00,0x00,0x00,0x00,0x00,0x00,0x00,0x00,0x00,0x00,0x00,
  0x00,0x00,0x00,0x00,0x00,0x00,0x00,0x00,0x00,0x00,0x00,0x00,0x00,0x00,0x00,0x00,0x00,0x00,0x00,0x00,0x00,0x00,0x00,0x00,0x00,0x00,0x00,0x00,0x00,0x00,0x00,0x00,
  0x00,0x00,0x00,0x00,0x00,0x00,0x00,0x00,0x00,0x00,0x00,0x00,0x00,0x00,0x00,0x00,0x00,0x00,0x00,0x00,0x00,0x00,0x00,0x00,0x00,0x00,0x00,0x00,0x00,0x00,0x00,0x00,
  0x00,0x00,0x00,0x00,0x00,0x00,0x00,0x00,0x00,0x00,0x00,0x00,0x00,0x00,0x00,0x00,0x00,0x00,0x00,0x00,0x00,0x00,0x00,0x00,0x00,0x00,0x00,0x00,0x00,0x00,0x00,0x00,
  0x00,0x00,0x00,0x00,0x00,0x00,0x00,0x00,0x00,0x00,0x00,0x00,0x00,0x00,0x00,0x00,0x00,0x00,0x00,0x00,0x00,0x00,0x00,0x00,0x00,0x00,0x00,0x00,0x00,0x00,0x00,0x00,
  0x00,0x00,0x00,0x00,0x00,0x00,0x00,0x00,0x00,0x00,0x00,0x00,0x00,0x00,0x00,0x00,0x00,0x00,0x00,0x00,0x00,0x00,0x00,0x00,0x00,0x00,0x00,0x00,0x00,0x00,0x00,0x00,
  0x00,0x00,0x00,0x00,0x00,0x00,0x00,0x00,0x00,0x00,0x00,0x00,0x00,0x02,0x00,0x00,0x00,0x00,0x00,0x00,0x00,0x00,0x00,0x00,0x00,0x00,0x00,0x00,0x00,0x00,0x00,0x00,
  0x00,0x00,0x00,0x00,0x00,0x00,0x00,0x00,0x00,0x00,0x00,0x00,0x00,0x00,0x00,0x00,0x00,0x00,0x00,0x00,0x00,0x00,0x00,0x00,0x00,0x00,0x00,0x00,0x00,0x00,0x00,0x04,
  0x00,0x00,0x00,0x00,0x00,0x00,0x00,0x00,0x00,0x00,0x00,0x00,0x00,0x00,0x00,0x00,0x00,0x00,0x00,0x00,0x00,0x00,0x00,0x00,0x00,0x00,0x00,0x00,0x00,0x00,0x00,0x00,
  0x00,0x00,0x00,0x00,0x00,0x00,0x00,0x00,0x00,0x00,0x00,0x00,0x00,0x00,0x00,0x00,0x00,0x04,0x00,0x00,0x00,0x00,0x00,0x00,0x00,0x00,0x00,0x00,0x00,0x00,0x00,0x00,
  0x00,0x00,0x00,0x00,0x00,0x00,0x00,0x00,0x00,0x00,0x00,0x00,0x00,0x00,0x00,0x00,0x00,0x00,0x00,0x00,0x00,0x00,0x00,0x00,0x00,0x00,0x00,0x00,0x00,0x00,0x00,0x00,
  0x00,0x00,0x00,0x0C,0x00,0x00,0x00,0x00,0x00,0x00,0x00,0x00,0x00,0x00,0x00,0x00,0x00,0x00,0x00,0x00,0x00,0x00,0x00,0x00,0x00,0x00,0x00,0x00,0x00,0x00,0x00,0x00,
  0x00,0x00,0x00,0x00,0x00,0x00,0x00,0x00,0x00,0x00,0x00,0x00,0x00,0x00,0x00,0x00,0x00,0x00,0x00,0x00,0x00,0x09,0x80,0x00,0x00,0x00,0x00,0x00,0x00,0x00,0x00,0x00,
  0x00,0x00,0x00,0x00,0x00,0x00,0x00,0x00,0x00,0x00,0x00,0x00,0x00,0x00,0x00,0x00,0x00,0x00,0x00,0x00,0x00,0x00,0x00,0x00,0x00,0x00,0x00,0x00,0x00,0x00,0x00,0x00,
  0x00,0x00,0x00,0x00,0x00,0x00,0x00,0x0A,0x00,0x00,0x00,0x00,0x00,0x00,0x00,0x00,0x00,0x00,0x00,0x00,0x00,0x00,0x00,0x00,0x00,0x00,0x00,0x00,0x00,0x00,0x00,0x00,
  0x00,0x00,0x00,0x00,0x00,0x00,0x00,0x00,0x00,0x00,0x00,0x00,0x00,0x00,0x00,0x00,0x00,0x00,0x00,0x00,0x00,0x00,0x00,0x00,0x00,0x0C,0x00,0x00,0x00,0x00,0x00,0x00,
  0x00,0x00,0x00,0x00,0x00,0x00,0x00,0x00,0x00,0x00,0x00,0x00,0x00,0x00,0x00,0x00,0x00,0x00,0x00,0x00,0x00,0x00,0x00,0x00,0x00,0x00,0x00,0x00,0x00,0x00,0x00,0x00,
  0x00,0x00,0x00,0x00,0x00,0x00,0x00,0x00,0x00,0x00,0x00,0x0C,0x00,0x00,0x00,0x00,0x00,0x00,0x03,0x00,0x00,0x00,0x00,0x00,0x00,0x00,0x00,0x00,0x00,0x00,0x00,0x00,
  0x00,0x00,0x00,0x00,0x00,0x00,0x00,0x00,0x00,0x00,0x00,0x00,0x00,0x00,0x00,0x00,0x00,0x00,0x00,0x00,0x00,0x00,0x00,0x00,0x00,0x00,0x00,0x00,0x00,0x0C,0x00,0x00,
  0x00,0x00,0x00,0x00,0x07,0xF0,0x00,0x00,0x00,0x00,0x00,0x00,0x00,0x00,0x00,0x00,0x00,0x00,0x00,0x00,0x00,0x00,0x00,0x00,0x00,0x00,0x00,0x00,0x00,0x00,0x00,0x00,
  0x00,0x00,0x00,0x00,0x00,0x00,0x00,0x00,0x00,0x00,0x00,0x00,0x00,0x00,0x00,0x0C,0x00,0x00,0x00,0x00,0x00,0x00,0x0F,0xBC,0x00,0x00,0x00,0x00,0x00,0x00,0x00,0x00,
  0x00,0x00,0x00,0x00,0x00,0x00,0x00,0x00,0x00,0x00,0x00,0x00,0x00,0x00,0x00,0x00,0x00,0x00,0x00,0x00,0x00,0x00,0x00,0x00,0x00,0x00,0x00,0x00,0x00,0x00,0x00,0x00,
  0x00,0x00,0x00,0x00,0x00,0x00,0x00,0x00,0x0F,0x8C,0x00,0x00,0x00,0x00,0x00,0x00,0x00,0x00,0x00,0x00,0x00,0x00,0x00,0x00,0x00,0x00,0x00,0x00,0x00,0x00,0x00,0x00,
  0x00,0x00,0x00,0x00,0x00,0x00,0x00,0x00,0x00,0x00,0x00,0x00,0x00,0x00,0x00,0x00,0x00,0x00,0x00,0x00,0x00,0x60,0x00,0x00,0x00,0x00,0x0C,0x04,0x00,0x00,0x00,0x00,
  0x00,0x00,0x00,0x00,0x00,0x00,0x00,0x00,0x00,0x00,0x00,0x00,0x00,0x00,0x00,0x00,0x00,0x00,0x00,0x00,0x00,0x00,0x00,0x00,0x00,0x00,0x00,0x00,0x00,0x00,0x00,0x00,
  0x00,0x00,0x00,0x00,0x00,0x00,0x07,0xF0,0x00,0x00,0x00,0x00,0x04,0x00,0x00,0x00,0x00,0x00,0x00,0x00,0x00,0x00,0x00,0x00,0x00,0x00,0x00,0x00,0x00,0x00,0x00,0x00,
  0x00,0x00,0x00,0x00,0x00,0x00,0x00,0x00,0x00,0x00,0x00,0x00,0x00,0x00,0x00,0x00,0x00,0x00,0x00,0x00,0x00,0x00,0x00,0x00,0x1E,0xF8,0x00,0x00,0x00,0x00,0x00,0x00,
  0x00,0x00,0x00,0x00,0x00,0x00,0x00,0x00,0x00,0x00,0x00,0x00,0x00,0x00,0x00,0x00,0x00,0x00,0x00,0x00,0x00,0x00,0x00,0x00,0x00,0x00,0x00,0x00,0x00,0x00,0x00,0x00,
  0x00,0x00,0x00,0x00,0x00,0x00,0x00,0x00,0x00,0x00,0x18,0xF8,0x00,0x00,0x00,0x00,0x00,0x00,0x00,0x00,0x00,0x00,0x00,0x00,0x00,0x00,0x00,0x00,0x00,0x00,0x00,0x00,
  0x00,0x00,0x00,0x00,0x00,0x00,0x00,0x00,0x00,0x00,0x00,0x00,0x00,0x00,0x00,0x00,0x00,0x00,0x00,0x00,0x00,0x00,0x00,0x00,0x00,0x00,0x00,0x00,0x10,0x18,0x00,0x00,
  0x00,0x00,0x00,0x00,0x00,0x00,0x00,0x00,0x00,0x00,0x00,0x00,0x00,0x00,0x00,0x00,0x00,0x00,0x00,0x00,0x00,0x00,0x00,0x00,0x00,0x00,0x00,0x00,0x00,0x00,0x00,0x00,
  0x00,0x00,0x00,0x00,0x00,0x00,0x00,0x00,0x00,0x00,0x00,0x00,0x00,0x00,0x00,0x10,0x00,0x00,0x00,0x00,0x00,0x00,0x00,0x00,0x00,0x00,0x00,0x00,0x00,0x00,0x00,0x00,
  0x00,0x00,0x00,0x00,0x00,0x00,0x00,0x00,0x00,0x00,0x00,0x00,0x00,0x00,0x00,0x00,0x00,0x00,0x00,0x00,0x00,0x00,0x00,0x00,0x00,0x00,0x00,0x00,0x00,0x00,0x00,0x00,
  0x00,0x00,0x00,0x00,0x00,0x00,0x00,0x00,0x00,0x00,0x00,0x00,0x00,0x00,0x00,0x00,0x00,0x00,0x00,0x00,0x00,0x00,0x00,0x00,0x00,0x00,0x00,0x00,0x00,0x00,0x00,0x00,
  0x00,0x00,0x00,0x00,0x00,0x00,0x00,0x00,0x00,0x00,0x00,0x00,0x00,0x00,0x00,0x00,0x00,0x00,0x00,0x00,0x00,0x00,0x00,0x00,0x00,0x00,0x00,0x00,0x00,0x00,0x00,0x00,
  0x00,0x00,0x00,0x00,0x00,0x00,0x00,0x00,0x00,0x00,0x00,0x00,0x00,0x00,0x00,0x00,0x00,0x00,0x00,0x00,0x00,0x00,0x00,0x00,0x00,0x00,0x00,0x00,0x00,0x00,0x00,0x00,
  0x00,0x00,0x00,0x00,0x00,0x00,0x00,0x00,0x00,0x00,0x00,0x00,0x00,0x00,0x00,0x00,0x00,0x00,0x00,0x00,0x00,0x00,0x00,0x00,0x00,0x00,0x00,0x00,0x00,0x00,0x00,0x00,
  0x00,0x00,0x00,0x00,0x00,0x00,0x00,0x00,0x00,0x00,0x00,0x00,0x00,0x00,0x00,0x00,0x00,0x00,0x00,0x00,0x00,0x00,0x00,0x00,0x00,0x00,0x00,0x00,0x00,0x00,0x00,0x00,
  0x00,0x00,0x00,0x00,0x00,0x00,0x00,0x00,0x00,0x00,0x00,0x00,0x00,0x00,0x00,0x00,0x00,0x00,0x00,0x00,0x00,0x00,0x00,0x00,0x00,0x00,0x00,0x00,0x00,0x00,0x00,0x00,
  0x00,0x00,0x00,0x00,0x00,0x00,0x00,0x00,0x00,0x00,0x00,0x00,0x00,0x00,0x00,0x00,0x00,0x00,0x00,0x00,0x00,0x00,0x00,0x00,0x00,0x00,0x00,0x00,0x00,0x00,0x00,0x00,
  0x00,0x00,0x00,0x00,0x00,0x00,0x00,0x00,0x00,0x00,0x00,0x00,0x00,0x00,0x00,0x00,0x00,0x00,0x00,0x00,0x00,0x00,0x00,0x00,0x00,0x00,0x00,0x00,0x00,0x00,0x00,0x00,
  0x00,0x00,0x00,0x00,0x00,0x00,0x00,0x00,0x00,0x00,0x00,0x00,0x00,0x00,0x00,0x00,0x00,0x00,0x00,0x00,0x00,0x00,0x00,0x00,0x00,0x00,0x00,0x00,0x00,0x00,0x00,0x00,
  0x00,0x00,0x00,0x00,0x00,0x00,0x00,0x00,0x00,0x00,0x00,0x00,0x00,0x00,0x00,0x00,0x00,0x00,0x00,0x00,0x00,0x00,0x00,0x00,0x00,0x00,0x00,0x00,0x00,0x00,0x00,0x00,
  0x00,0x00,0x00,0x00,0x00,0x00,0x00,0x00,0x00,0x00,0x00,0x00,0x00,0x00,0x00,0x00,0x00,0x00,0x00,0x00,0x00,0x00,0x00,0x00,0x00,0x00,0x00,0x00,0x00,0x00,0x00,0x00,
  0x00,0x00,0x00,0x00,0x00,0x00,0x00,0x00,0x00,0x00,0x00,0x00,0x00,0x00,0x00,0x00,0x00,0x00,0x00,0x00,0x00,0x00,0x00,0x00,0x00,0x00,0x00,0x00,0x00,0x00,0x00,0x00,
  0x00,0x00,0x00,0x00,0x00,0x00,0x00,0x00,0x00,0x00,0x00,0x00,0x00,0x00,0x00,0x00,0x00,0x00,0x00,0x00,0x00,0x00,0x00,0x00,0x00,0x00,0x00,0x00,0x00,0x00,0x00,0x00,
  0x00,0x00,0x00,0x00,0x00,0x00,0x00,0x00,0x00,0x00,0x00,0x00,0x00,0x00,0x00,0x00,0x00,0x00,0x00,0x00,0x00,0x00,0x00,0x00,0x00,0x00,0x00,0x00,0x00,0x00,0x00,0x00,
  0x00,0x00,0x00,0x00,0x00,0x00,0x00,0x00,0x00,0x00,0x00,0x00,0x00,0x00,0x00,0x00,0x00,0x00,0x00,0x00,0x00,0x00,0x00,0x00,0x00,0x00,0x00,0x00,0x00,0x00,0x00,0x00,
  0x00,0x00,0x00,0x00,0x00,0x00,0x00,0x00,0x00,0x00,0x00,0x00,0x00,0x00,0x00,0x00,0x00,0x00,0x00,0x00,0x00,0x00,0x00,0x00,0x00,0x00,0x00,0x00,0x00,0x00,0x00,0x00,
  0x00,0x00,0x00,0x00,0x00,0x00,0x00,0x00,0x00,0x00,0x00,0x00,0x00,0x00,0x00,0x00,0x00,0x00,0x00,0x00,0x00,0x00,0x00,0x00,0x00,0x00,0x00,0x00,0x00,0x00,0x00,0x00,
  0x00,0x00,0x03,0x00,0x00,0x00,0x00,0x00,0x00,0x00,0x00,0x00,0x00,0x00,0x00,0x00,0x00,0x00,0x00,0x00,0x00,0x00,0x00,0x00,0x00,0x00,0x00,0x00,0x00,0x00,0x00,0x00,
  0x00,0x00,0x00,0x00,0x00,0x00,0x00,0x00,0x00,0x00,0x00,0x00,0x00,0x00,0x00,0x00,0x00,0x00,0x00,0x00,0x07,0xF0,0x00,0x00,0x00,0x00,0x00,0x00,0x00,0x00,0x00,0x00,
  0x00,0x00,0x00,0x00,0x00,0x00,0x00,0x00,0x00,0x00,0x00,0x00,0x00,0x00,0x00,0x00,0x00,0x00,0x00,0x00,0x00,0x00,0x00,0x00,0x00,0x00,0x00,0x00,0x00,0x00,0x00,0x00,
  0x00,0x00,0x00,0x00,0x00,0x00,0x0F,0xBC,0x00,0x00,0x00,0x00,0x00,0x00,0x00,0x00,0x00,0x00,0x00,0x00,0x00,0x00,0x00,0x00,0x00,0x00,0x00,0x00,0x00,0x00,0x00,0x00,
  0x00,0x00,0x00,0x00,0x00,0x00,0x00,0x00,0x00,0x00,0x00,0x00,0x00,0x00,0x00,0x00,0x00,0x00,0x00,0x00,0x00,0x00,0x00,0x00,0x0F,0x8C,0x00,0x00,0x00,0x00,0x00,0x00,
  0x00,0x00,0x00,0x00,0x00,0x00,0x00,0x00,0x00,0x00,0x00,0x00,0x00,0x00,0x00,0x00,0x00,0x00,0x00,0x00,0x00,0x00,0x00,0x00,0x00,0x00,0x00,0x00,0x00,0x00,0x00,0x00,
  0x00,0x00,0x00,0x00,0x00,0x00,0x00,0x00,0x00,0x00,0x0C,0x04,0x00,0x00,0x00,0x00,0x00,0x00,0x00,0x00,0x00,0x00,0x00,0x00,0x00,0x00,0x00,0x00,0x00,0x00,0x00,0x00,
  0x00,0x00,0x00,0x00,0x00,0x00,0x00,0x00,0x00,0x00,0x00,0x00,0x00,0x00,0x00,0x00,0x00,0x00,0x00,0x00,0x00,0x00,0x00,0x00,0x00,0x00,0x00,0x00,0x04,0x00,0x00,0x00,
  0x00,0x00,0x00,0x00,0x00,0x00,0x00,0x00,0x00,0x00,0x00,0x00,0x00,0x00,0x00,0x00,0x00,0x00,0x00,0x00,0x00,0x00,0x00,0x00,0x00,0x00,0x00,0x00,0x00,0x00,0x00,0x00,
  0x00,0x00,0x00,0x00,0x00,0x00,0x00,0x00,0x00,0x00,0x00,0x00,0x00,0x00,0x00,0x00,0x00,0x00,0x00,0x00,0x00,0x00,0x00,0x00,0x00,0x00,0x00,0x00,0x00,0x00,0x00,0x00,
  0x00,0x00,0x00,0x00,0x00,0x00,0x00,0x00,0x00,0x00,0x00,0x00,0x00,0x00,0x00,0x00,0x00,0x00,0x00,0x00,0x00,0x00,0x00,0x00,0x00,0x00,0x00,0x00,0x00,0x00,0x00,0x00,
  0x00,0x00,0x00,0x00,0x00,0x00,0x00,0x00,0x00,0x00,0x00,0x00,0x00,0x00,0x00,0x00,0x00,0x00,0x00,0x00,0x00,0x00,0x00,0x00,0x00,0x00,0x00,0x00,0x00,0x00,0x00,0x00,
  0x00,0x00,0x00,0x00,0x00,0x00,0x00,0x00,0x00,0x00,0x00,0x00,0x00,0x00,0x00,0x00,0x00,0x00,0x00,0x00,0x00,0x00,0x00,0x00,0x00,0x00,0x00,0x00,0x00,0x00,0x00,0x00,
  0x00,0x00,0x00,0x00,0x00,0x00,0x00,0x00,0x00,0x00,0x00,0x00,0x00,0x00,0x00,0x00,0x00,0x00,0x00,0x00,0x00,0x00,0x00,0x00,0x00,0x00,0x00,0x00,0x00,0x00,0x00,0x00,
  0x00,0x00,0x00,0x00,0x00,0x00,0x00,0x00,0x00,0x00,0x00,0x00,0x00,0x00,0x00,0x00,0x00,0x00,0x00,0x00,0x00,0x00,0x00,0x00,0x00,0x00,0x00,0x00,0x00,0x00,0x00,0x00,
  0x00,0x00,0x00,0x00,0x00,0x00,0x00,0x00,0x00,0x00,0x00,0x00,0x00,0x00,0x00,0x00,0x00,0x00,0x00,0x00,0x00,0x00,0x00,0x00,0x00,0x00,0x00,0x00,0x00,0x00,0x00,0x00,
  0x00,0x00,0x00,0x00,0x00,0x00,0x00,0x00,0x00,0x00,0x00,0x00,0x00,0x00,0x00,0x00,0x00,0x00,0x00,0x00,0x00,0x00,0x00,0x00,0x00,0x00,0x00,0x00,0x00,0x00,0x00,0x00,
  0x00,0x00,0x00,0x00,0x00,0x00,0x00,0x00,0x00,0x00,0x00,0x00,0x00,0x00,0x00,0x00,0x00,0x00,0x00,0x00,0x00,0x00,0x00,0x00,0x00,0x00,0x00,0x00,0x00,0x00,0x00,0x00,
  0x00,0x00,0x00,0x00,0x00,0x00,0x00,0x00,0x00,0x00,0x00,0x00,0x00,0x00,0x00,0x00,0x00,0x00,0x00,0x00,0x00,0x00,0x00,0x00,0x00,0x00,0x00,0x00,0x00,0x00,0x00,0x00,
  0x00,0x00,0x00,0x00,0x00,0x00,0x00,0x00,0x00,0x00,0x00,0x00,0x00,0x00,0x00,0x00,0x00,0x00,0x00,0x00,0x00,0x00,0x00,0x00,0x00,0x00,0x00,0x00,0x00,0x00,0x00,0x00,
  0x00,0x00,0x00,0x00,0x00,0x00,0x00,0x00,0x00,0x00,0x00,0x00,0x00,0x00,0x00,0x00,0x00,0x00,0x00,0x00,0x00,0x00,0x00,0x00,0x00,0x00,0x00,0x00,0x00,0x00,0x00,0x00,
  0x00,0x00,0x00,0x00,0x00,0x00,0x00,0x00,0x00,0x00,0x00,0x00,0x00,0x00,0x00,0x00,0x00,0x00,0x00,0x00,0x00,0x00,0x00,0x00,0x00,0x00,0x00,0x00,0x00,0x00,0x00,0x00,
  0x00,0x00,0x00,0x00,0x00,0x00,0x00,0x00,0x00,0x00,0x00,0x00,0x00,0x00,0x00,0x00,0x00,0x00,0x00,0x00,0x00,0x00,0x00,0x00,0x00,0x00,0x00,0x00,0x00,0x00,0x00,0x00,
  0x00,0x00,0x00,0x00,0x00,0x00,0x00,0x00,0x00,0x00,0x00,0x00,0x00,0x00,0x00,0x00,0x00,0x00,0x00,0x00,0x00,0x00,0x00,0x00,0x00,0x00,0x00,0x00,0x00,0x00,0x00,0x00,
  0x00,0x00,0x00,0x00,0x00,0x00,0x00,0x00,0x00,0x00,0x00,0x00,0x00,0x00,0x00,0x00,0x00,0x00,0x00,0x00,0x00,0x00,0x00,0x00,0x00,0x00,0x00,0x00,0x00,0x00,0x00,0x00,
  0x00,0x00,0x00,0x00,0x00,0x00,0x00,0x00,0x00,0x00,0x00,0x00,0x00,0x00,0x00,0x00,0x00,0x00,0x00,0x00,0x00,0x00,0x00,0x00,0x00,0x00,0x00,0x00,0x00,0x00,0x00,0x00,
  0x00,0x10,0x00,0x00,0x00,0x00,0x00,0x00,0x00,0x00,0x00,0x00,0x00,0x00,0x00,0x00,0x00,0x00,0x00,0x00,0x00,0x00,0x00,0x00,0x00,0x00,0x00,0x00,0x00,0x00,0x00,0x00,
  0x00,0x00,0x00,0x00,0x00,0x00,0x00,0x00,0x00,0x00,0x00,0x00,0x00,0x00,0x00,0x00,0x00,0x00,0x00,0x20,0x00,0x00,0x00,0x00,0x00,0x00,0x00,0x00,0x00,0x00,0x00,0x00,
  0x00,0x00,0x00,0x00,0x00,0x00,0x00,0x00,0x00,0x00,0x00,0x00,0x00,0x00,0x00,0x00,0x00,0x00,0x00,0x00,0x00,0x00,0x00,0x00,0x00,0x00,0x00,0x00,0x00,0x00,0x00,0x00,
  0x00,0x00,0x00,0x00,0x00,0x24,0x00,0x00,0x00,0x00,0x00,0x00,0x00,0x00,0x00,0x00,0x00,0x00,0x00,0x00,0x00,0x00,0x00,0x00,0x00,0x00,0x00,0x00,0x00,0x00,0x00,0x00,
  0x00,0x00,0x00,0x00,0x00,0x00,0x00,0x00,0x00,0x00,0x00,0x00,0x00,0x00,0x00,0x00,0x00,0x00,0x00,0x00,0x00,0x00,0x08,0x68,0x00,0x00,0x00,0x00,0x00,0x00,0x00,0x00,
  0x00,0x00,0x00,0x00,0x00,0x00,0x00,0x00,0x00,0x00,0x00,0x00,0x00,0x00,0x00,0x00,0x00,0x00,0x00,0x00,0x00,0x00,0x00,0x00,0x00,0x00,0x00,0x00,0x00,0x00,0x00,0x00,
  0x00,0x00,0x00,0x00,0x00,0x00,0x00,0x00,0x04,0x48,0x00,0x00,0x00,0x00,0x00,0x00,0x00,0x00,0x00,0x00,0x00,0x00,0x00,0x00,0x00,0x00,0x00,0x00,0x80,0x00,0x00,0x00,
  0x00,0x00,0x00,0x00,0x00,0x00,0x00,0x00,0x00,0x00,0x00,0x00,0x00,0x00,0x00,0x00,0x00,0x00,0x00,0x00,0x00,0x00,0x00,0x00,0x00,0x00,0x04,0x58,0x00,0x00,0x00,0x00,
  0x00,0x00,0x00,0x00,0x00,0x00,0x00,0x00,0x00,0x00,0x00,0x00,0x00,0x81,0x00,0x00,0x00,0x00,0x00,0x00,0x00,0x00,0x00,0x00,0x00,0x00,0x00,0x00,0x00,0x00,0x00,0x00,
  0x00,0x00,0x00,0x00,0x00,0x00,0x00,0x00,0x00,0x00,0x00,0x00,0x06,0x50,0x00,0x00,0x00,0x00,0x00,0x00,0x00,0x00,0x00,0x00,0x00,0x00,0x00,0x00,0x00,0x00,0x00,0x41,
  0x00,0x00,0x00,0x00,0x00,0x00,0x00,0x00,0x00,0x00,0x00,0x00,0x00,0x00,0x00,0x00,0x00,0x00,0x00,0x00,0x00,0x00,0x00,0x00,0x00,0x00,0x00,0x00,0x00,0x00,0x02,0x50,
  0x00,0x00,0x00,0x00,0x00,0x00,0x00,0x00,0x00,0x00,0x00,0x00,0x00,0x00,0x00,0x00,0x00,0x43,0x00,0x00,0x00,0x00,0x00,0x00,0x00,0x00,0x00,0x00,0x00,0x00,0x00,0x00,
  0x00,0x00,0x00,0x00,0x00,0x00,0x00,0x00,0x00,0x00,0x00,0x00,0x00,0x00,0x00,0x00,0x02,0x50,0x00,0x00,0x00,0x00,0x00,0x00,0x00,0x00,0x00,0x00,0x00,0x00,0x00,0x00,
  0x00,0x00,0x00,0x62,0x00,0x00,0x00,0x00,0x00,0x00,0x00,0x00,0x00,0x00,0x00,0x00,0x00,0x00,0x00,0x00,0x00,0x00,0x00,0x00,0x00,0x00,0x00,0x00,0x00,0x00,0x00,0x00,
  0x00,0x00,0x02,0x50,0x00,0x00,0x00,0x00,0x00,0x00,0x00,0x00,0x00,0x00,0x00,0x00,0x00,0x00,0x00,0x00,0x00,0x22,0x00,0x00,0x00,0x00,0x00,0x00,0x00,0x00,0x00,0x00,
  0x00,0x00,0x00,0x00,0x00,0x00,0x00,0x00,0x00,0x00,0x00,0x00,0x00,0x00,0x00,0x00,0x00,0x00,0x00,0x00,0x02,0x10,0x00,0x00,0x00,0x00,0x00,0x00,0x00,0x00,0x00,0x00,
  0x00,0x00,0x00,0x00,0x00,0x00,0x00,0x22,0x00,0x00,0x00,0x00,0x00,0x00,0x00,0x00,0x00,0x00,0x00,0x00,0x00,0x00,0x00,0x00,0x00,0x00,0x00,0x00,0x00,0x00,0x00,0x00,
  0x00,0x00,0x00,0x00,0x00,0x00,0x02,0x10,0x00,0x00,0x00,0x00,0x00,0x00,0x00,0x00,0x00,0x00,0x00,0x00,0x00,0x00,0x00,0x00,0x00,0x22,0x00,0x00,0x00,0x00,0x00,0x00,
  0x00,0x00,0x00,0x00,0x00,0x00,0x00,0x00,0x00,0x00,0x00,0x00,0x00,0x00,0x00,0x00,0x00,0x00,0x00,0x00,0x00,0x00,0x00,0x00,0x02,0x00,0x00,0x00,0x00,0x00,0x00,0x00,
  0x00,0x00,0x00,0x00,0x00,0x00,0x00,0x00,0x00,0x00,0x00,0x22,0x00,0x00,0x00,0x00,0x00,0x00,0x00,0x00,0x00,0x00,0x00,0x00,0x00,0x00,0x00,0x00,0x00,0x00,0x00,0x00,
  0x00,0x00,0x00,0x00,0x00,0x00,0x00,0x00,0x00,0x00,0x00,0x00,0x00,0x00,0x00,0x00,0x00,0x00,0x00,0x00,0x00,0x00,0x00,0x00,0x00,0x00,0x00,0x00,0x00,0x22,0x00,0x00,
  0x00,0x00,0x00,0x00,0x00,0x00,0x00,0x00,0x00,0x00,0x00,0x00,0x00,0x00,0x00,0x00,0x00,0x00,0x00,0x00,0x00,0x00,0x00,0x00,0x00,0x00,0x00,0x00,0x00,0x00,0x00,0x00,
  0x00,0x00,0x00,0x00,0x00,0x00,0x00,0x00,0x00,0x00,0x00,0x00,0x00,0x00,0x00,0x20,0x00,0x00,0x00,0x00,0x00,0x00,0x00,0x00,0x00,0x00,0x00,0x00,0x00,0x00,0x00,0x00,
  0x00,0x00,0x00,0x00,0x00,0x00,0x00,0x00,0x00,0x00,0x00,0x00,0x00,0x00,0x00,0x00,0x00,0x00,0x00,0x00,0x00,0x00,0x00,0x00,0x00,0x00,0x00,0x00,0x00,0x00,0x00,0x00,
  0x00,0x00,0x00,0x00,0x00,0x00,0x00,0x00,0x00,0x00,0x00,0x00,0x00,0x00,0x00,0x00,0x00,0x00,0x00,0x00,0x00,0x00,0x00,0x00,0x00,0x00,0x00,0x00,0x00,0x00,0x00,0x00,
  0x00,0x00,0x00,0x00,0x00,0x00,0x00,0x00,0x00,0x00,0x00,0x00,0x00,0x00,0x00,0x00,0x00,0x08,0x00,0x00,0x00,0x00,0x00,0x00,0x00,0x00,0x00,0x00,0x00,0x00,0x00,0x00,
  0x00,0x00,0x00,0x00,0x00,0x00,0x00,0x00,0x00,0x00,0x00,0x00,0x00,0x00,0x00,0x00,0x00,0x00,0x00,0x00,0x00,0x00,0x00,0x00,0x00,0x00,0x00,0x00,0x00,0x00,0x00,0x00,
  0x00,0x00,0x00,0x04,0x00,0x00,0x00,0x00,0x00,0x00,0x00,0x00,0x00,0x00,0x00,0x00,0x00,0x00,0x00,0x00,0x00,0x00,0x00,0x00,0x00,0x00,0x00,0x00,0x00,0x00,0x00,0x00,
  0x00,0x00,0x00,0x00,0x00,0x00,0x00,0x00,0x00,0x00,0x00,0x00,0x00,0x00,0x00,0x00,0x00,0x00,0x00,0x00,0x00,0x04,0x00,0x00,0x00,0x00,0x00,0x00,0x00,0x00,0x00,0x00,
  0x00,0x00,0x00,0x00,0x00,0x00,0x00,0x00,0x00,0x00,0x00,0x00,0x00,0x00,0x00,0x00,0x00,0x00,0x00,0x00,0x00,0x00,0x00,0x00,0x00,0x00,0x00,0x00,0x00,0x00,0x00,0x00,
  0x00,0x00,0x00,0x00,0x00,0x00,0x00,0x06,0x00,0x00,0x00,0x00,0x00,0x00,0x00,0x00,0x00,0x00,0x00,0x00,0x00,0x00,0x00,0x00,0x00,0x00,0x00,0x00,0x00,0x00,0x00,0x00,
  0x00,0x00,0x00,0x00,0x00,0x00,0x00,0x00,0x00,0x00,0x00,0x00,0x00,0x00,0x00,0x00,0x00,0x00,0x00,0x00,0x00,0x00,0x00,0x00,0x00,0x32,0x00,0x00,0x00,0x00,0x00,0x00,
  0x00,0x00,0x00,0x00,0x00,0x00,0x00,0x00,0x00,0x00,0x00,0x00,0x00,0x00,0x00,0x00,0x00,0x00,0x00,0x00,0x00,0x00,0x00,0x00,0x00,0x00,0x00,0x00,0x00,0x00,0x00,0x00,
  0x00,0x00,0x00,0x00,0x00,0x00,0x00,0x00,0x00,0x00,0x00,0x0A,0x00,0x00,0x00,0x00,0x00,0x00,0x00,0x00,0x00,0x00,0x00,0x00,0x00,0x00,0x00,0x00,0x00,0x00,0x00,0x00,
  0x00,0x00,0x00,0x00,0x00,0x00,0x00,0x00,0x00,0x00,0x00,0x00,0x00,0x00,0x00,0x00,0x00,0x00,0x00,0x00,0x00,0x00,0x00,0x00,0x00,0x00,0x00,0x00,0x00,0x06,0x00,0x00,
  0x00,0x00,0x00,0x00,0x00,0x00,0x00,0x00,0x00,0x00,0x00,0x00,0x00,0x00,0x00,0x00,0x00,0x00,0x00,0x00,0x00,0x00,0x00,0x00,0x00,0x00,0x00,0x00,0x00,0x00,0x00,0x00,
  0x00,0x00,0x00,0x00,0x00,0x00,0x00,0x00,0x00,0x00,0x00,0x00,0x00,0x00,0x00,0x06,0x00,0x00,0x00,0x00,0x00,0x00,0x00,0x00,0x00,0x00,0x00,0x00,0x00,0x00,0x00,0x00,
  0x00,0x00,0x00,0x00,0x00,0x00,0x00,0x00,0x00,0x00,0x00,0x00,0x00,0x00,0x00,0x00,0x00,0x00,0x00,0x00,0x00,0x00,0x00,0x00,0x00,0x00,0x00,0x00,0x00,0x00,0x00,0x00,
  0x00,0x06,0x00,0x00,0x00,0x00,0x00,0x00,0x00,0x00,0x00,0x00,0x00,0x00,0x00,0x00,0x00,0x00,0x00,0x00,0x00,0x00,0x00,0x00,0x00,0x00,0x00,0x00,0x00,0x00,0x00,0x00,
  0x00,0x00,0x00,0x00,0x00,0x00,0x00,0x00,0x00,0x00,0x00,0x00,0x00,0x00,0x00,0x00,0x00,0x00,0x00,0x06,0x00,0x00,0x00,0x00,0x00,0x00,0x00,0x00,0x00,0x00,0x00,0x00,
  0x00,0x00,0x00,0x00,0x00,0x00,0x00,0x00,0x00,0x00,0x00,0x00,0x00,0x00,0x00,0x00,0x00,0x00,0x00,0x00,0x00,0x00,0x00,0x00,0x00,0x00,0x00,0x00,0x00,0x00,0x00,0x00,
  0x00,0x00,0x00,0x00,0x00,0x00,0x00,0x00,0x00,0x00,0x00,0x00,0x00,0x00,0x00,0x00,0x00,0x00,0x00,0x00,0x00,0x00,0x00,0x00,0x00,0x00,0x00,0x00,0x00,0x00,0x00,0x00,
  0x00,0x00,0x00,0x00,0x00,0x00,0x00,0x00,0x00,0x00,0x00,0x00,0x00,0x00,0x00,0x00,0x00,0x00,0x00,0x00,0x00,0x00,0x00,0x00,0x00,0x00,0x00,0x00,0x00,0x00,0x00,0x00,
  0x00,0x00,0x00,0x00,0x00,0x00,0x00,0x00,0x00,0x00,0x00,0x00,0x00,0x00,0x00,0x00,0x00,0x00,0x00,0x00,0x00,0x00,0x00,0x00,0x00,0x00,0x00,0x00,0x00,0x00,0x00,0x00,
  0x00,0x00,0x00,0x00,0x00,0x00,0x00,0x00,0x00,0x00,0x00,0x00,0x00,0x00,0x00,0x00,0x00,0x00,0x00,0x00,0x00,0x00,0x00,0x00,0x00,0x00,0x00,0x00,0x00,0x00,0x00,0x00,
  0x00,0x00,0x00,0x00,0x00,0x00,0x00,0x00,0x00,0x00,0x00,0x00,0x00,0x00,0x00,0x00,0x00,0x00,0x00,0x00,0x00,0x00,0x00,0x00,0x00,0x00,0x00,0x00,0x00,0x00,0x00,0x00,
  0x00,0x00,0x00,0x00,0x00,0x00,0x00,0x00,0x00,0x00,0x00,0x00,0x00,0x00,0x00,0x00,0x00,0x00,0x00,0x00,0x00,0x00,0x00,0x00,0x00,0x00,0x00,0x00,0x00,0x00,0x00,0x00,
  0x00,0x00,0x00,0x00,0x00,0x00,0x00,0x00,0x00,0x00,0x00,0x00,0x00,0x00,0x00,0x00,0x00,0x00,0x00,0x00,0x00,0x00,0x00,0x00,0x00,0x00,0x00,0x00,0x00,0x00,0x00,0x00,
  0x00,0x00,0x00,0x00,0x00,0x00,0x00,0x00,0x00,0x00,0x00,0x00,0x00,0x00,0x00,0x00,0x00,0x00,0x00,0x00,0x00,0x00,0x00,0x00,0x00,0x00,0x00,0x00,0x00,0x00,0x00,0x00,
  0x00,0x00,0x00,0x00,0x00,0x00,0x00,0x00,0x00,0x00,0x00,0x00,0x00,0x00,0x00,0x00,0x00,0x00,0x00,0x00,0x00,0x00,0x00,0x00,0x00,0x00,0x00,0x00,0x00,0x00,0x00,0x00,
  0x00,0x00,0x00,0x00,0x00,0x00,0x00,0x00,0x00,0x00,0x00,0x00,0x00,0x00,0x00,0x00,0x00,0x00,0x00,0x00,0x00,0x00,0x00,0x00,0x00,0x00,0x00,0x00,0x00,0x00,0x00,0x00,
  0x00,0x00,0x00,0x00,0x00,0x00,0x00,0x00,0x00,0x00,0x00,0x00,0x00,0x00,0x00,0x00,0x00,0x00,0x00,0x00,0x00,0x00,0x00,0x00,0x00,0x00,0x00,0x00,0x00,0x00,0x00,0x00,
  0x00,0x00,0x00,0x00,0x00,0x00,0x00,0x00,0x00,0x00,0x00,0x00,0x00,0x00,0x00,0x00,0x00,0x00,0x00,0x00,0x00,0x00,0x00,0x00,0x00,0x00,0x00,0x00,0x00,0x00,0x00,0x00,
  0x00,0x00,0x00,0x00,0x00,0x00,0x00,0x00,0x00,0x00,0x00,0x00,0x00,0x00,0x00,0x00,0x00,0x00,0x00,0x00,0x00,0x00,0x00,0x00,0x00,0x00,0x00,0x00,0x00,0x00,0x00,0x00,
  0x00,0x00,0x00,0x00,0x00,0x00,0x00,0x00,0x00,0x00,0x00,0x00,0x00,0x00,0x00,0x00,0x00,0x00,0x00,0x00,0x00,0x00,0x00,0x00,0x00,0x00,0x00,0x00,0x00,0x00,0x00,0x00,
  0x00,0x00,0x00,0x00,0x00,0x00,0x00,0x00,0x00,0x00,0x00,0x00,0x00,0x00,0x00,0x00,0x00,0x00,0x00,0x00,0x00,0x00,0x00,0x00,0x00,0x00,0x00,0x00,0x00,0x00,0x00,0x00,
  0x00,0x00,0x00,0x00,0x00,0x00,0x00,0x00,0x00,0x00,0x00,0x00,0x00,0x00,0x00,0x00,0x00,0x00,0x00,0x00,0x00,0x00,0x00,0x00,0x00,0x00,0x00,0x00,0x00,0x00,0x00,0x00,
  0x00,0x00,0x00,0x00,0x00,0x10,0x00,0x00,0x00,0x00,0x00,0x00,0x00,0x00,0x00,0x00,0x00,0x00,0x00,0x00,0x00,0x00,0x00,0x00,0x00,0x00,0x00,0x00,0x00,0x00,0x00,0x00,
  0x00,0x00,0x00,0x00,0x00,0x00,0x00,0x00,0x00,0x00,0x00,0x00,0x00,0x00,0x00,0x00,0x00,0x00,0x00,0x00,0x00,0x00,0x00,0x20,0x00,0x00,0x00,0x00,0x00,0x00,0x00,0x00,
  0x00,0x00,0x00,0x00,0x00,0x00,0x00,0x00,0x00,0x00,0x00,0x00,0x00,0x00,0x00,0x00,0x00,0x00,0x00,0x00,0x00,0x00,0x00,0x00,0x00,0x00,0x00,0x00,0x00,0x00,0x00,0x00,
  0x00,0x00,0x00,0x00,0x00,0x00,0x00,0x00,0x20,0x20,0x00,0x00,0x00,0x00,0x00,0x00,0x00,0x00,0x00,0x00,0x00,0x00,0x00,0x00,0x00,0x00,0x00,0x00,0x00,0x00,0x00,0x00,
  0x00,0x00,0x00,0x00,0x00,0x00,0x00,0x00,0x00,0x00,0x00,0x00,0x00,0x00,0x00,0x00,0x00,0x00,0x00,0x00,0x00,0x00,0x00,0x00,0x00,0x00,0x10,0x60,0x00,0x00,0x00,0x00,
  0x00,0x00,0x00,0x00,0x00,0x00,0x00,0x00,0x00,0x00,0x00,0x00,0x00,0x00,0x00,0x00,0x00,0x00,0x00,0x00,0x00,0x00,0x00,0x00,0x00,0x00,0x00,0x00,0x00,0x00,0x00,0x00,
  0x00,0x00,0x00,0x00,0x00,0x00,0x00,0x00,0x00,0x00,0x00,0x00,0x10,0x40,0x00,0x00,0x00,0x00,0x00,0x00,0x00,0x00,0x00,0x00,0x00,0x00,0x00,0x00,0x00,0x00,0x00,0x00,
  0x00,0x00,0x00,0x00,0x00,0x00,0x00,0x00,0x00,0x00,0x00,0x00,0x00,0x00,0x00,0x00,0x00,0x00,0x00,0x00,0x00,0x00,0x00,0x00,0x00,0x00,0x00,0x00,0x00,0x00,0x18,0x40,
  0x00,0x00,0x00,0x00,0x00,0x00,0x00,0x00,0x00,0x00,0x00,0x00,0x00,0x00,0x00,0x00,0x00,0x00,0x00,0x00,0x00,0x00,0x00,0x00,0x00,0x00,0x00,0x00,0x00,0x00,0x00,0x00,
  0x00,0x00,0x00,0x00,0x00,0x00,0x00,0x00,0x00,0x00,0x00,0x00,0x00,0x00,0x00,0x00,0x08,0x40,0x00,0x00,0x00,0x00,0x00,0x00,0x00,0x00,0x00,0x00,0x00,0x00,0x00,0x00,
  0x00,0x00,0x00,0x00,0x00,0x00,0x00,0x00,0x00,0x00,0x00,0x00,0x00,0x00,0x00,0x00,0x00,0x00,0x00,0x00,0x00,0x00,0x00,0x00,0x00,0x00,0x00,0x00,0x00,0x00,0x00,0x00,
  0x00,0x00,0x08,0x40,0x00,0x00,0x00,0x00,0x00,0x00,0x00,0x00,0x00,0x00,0x00,0x00,0x00,0x00,0x00,0x00,0x00,0x00,0x00,0x00,0x00,0x00,0x00,0x00,0x00,0x00,0x00,0x00,
  0x00,0x00,0x00,0x00,0x00,0x00,0x00,0x00,0x00,0x00,0x00,0x00,0x00,0x00,0x00,0x00,0x00,0x00,0x00,0x00,0x08,0x40,0x00,0x00,0x00,0x00,0x00,0x00,0x00,0x00,0x00,0x00,
  0x00,0x00,0x00,0x00,0x00,0x00,0x00,0x00,0x00,0x00,0x00,0x00,0x00,0x00,0x00,0x00,0x00,0x00,0x00,0x00,0x00,0x00,0x00,0x00,0x00,0x00,0x00,0x00,0x00,0x00,0x00,0x00,
  0x00,0x00,0x00,0x00,0x00,0x00,0x08,0x40,0x00,0x00,0x00,0x00,0x00,0x00,0x00,0x00,0x00,0x00,0x00,0x00,0x00,0x00,0x00,0x00,0x00,0x00,0x00,0x00,0x00,0x00,0x00,0x00,
  0x00,0x00,0x00,0x00,0x00,0x00,0x00,0x00,0x00,0x00,0x00,0x00,0x00,0x00,0x00,0x00,0x00,0x00,0x00,0x00,0x00,0x00,0x00,0x00,0x08,0x00,0x00,0x00,0x00,0x00,0x00,0x00,
  0x00,0x00,0x00,0x00,0x00,0x00,0x00,0x00,0x00,0x00,0x00,0x00,0x00,0x00,0x00,0x00,0x00,0x00,0x00,0x00,0x00,0x00,0x00,0x00,0x00,0x00,0x00,0x00,0x00,0x00,0x00,0x00,
  0x00,0x00,0x00,0x00,0x00,0x00,0x00,0x00,0x00,0x00,0x08,0x00,0x00,0x00,0x00,0x00,0x00,0x00,0x00,0x00,0x00,0x00,0x00,0x00,0x00,0x00,0x00,0x00,0x00,0x00,0x00,0x00,
  0x00,0x00,0x00,0x00,0x00,0x00,0x00,0x00,0x00,0x00,0x00,0x00,0x00,0x00,0x00,0x00,0x00,0x00,0x00,0x00,0x00,0x00,0x00,0x00,0x00,0x00,0x00,0x00,0x00,0x00,0x00,0x00,
  0x00,0x00,0x00,0x00,0x00,0x00,0x00,0x00,0x00,0x00,0x00,0x00,0x00,0x00,0x00,0x00,0x00,0x00,0x00,0x00,0x00,0x00,0x00,0x00,0x00,0x00,0x00,0x00,0x00,0x00,0x00,0x00,
  0x00,0x00,0x00,0x00,0x00,0x00,0x00,0x00,0x00,0x00,0x00,0x00,0x00,0x00,0x00,0x00,0x00,0x00,0x00,0x00,0x00,0x00,0x00,0x00,0x00,0x00,0x00,0x00,0x00,0x00,0x00,0x00,
  0x00,0x00,0x00,0x00,0x00,0x00,0x00,0x00,0x00,0x00,0x00,0x00,0x00,0x00,0x00,0x00,0x00,0x00,0x00,0x00,0x00,0x00,0x00,0x00,0x00,0x00,0x00,0x00,0x00,0x00,0x00,0x00,
  0x00,0x00,0x00,0x00,0x00,0x00,0x00,0x00,0x00,0x00,0x00,0x00,0x00,0x00,0x00,0x00,0x00,0x00,0x00,0x00,0x00,0x00,0x00,0x00,0x00,0x00,0x00,0x00,0x00,0x00,0x00,0x00,
  0x00,0x00,0x00,0x00,0x00,0x00,0x00,0x00,0x00,0x00,0x00,0x00,0x00,0x00,0x00,0x00,0x00,0x00,0x00,0x00,0x00,0x00,0x00,0x00,0x00,0x00,0x00,0x00,0x00,0x00,0x00,0x00,
  0x00,0x00,0x00,0x00,0x00,0x00,0x00,0x00,0x00,0x00,0x00,0x00,0x00,0x00,0x00,0x00,0x00,0x00,0x00,0x00,0x00,0x00,0x00,0x00,0x00,0x00,0x00,0x00,0x00,0x00,0x00,0x00,
  0x00,0x00,0x00,0x00,0x00,0x00,0x00,0x00,0x00,0x00,0x00,0x00,0x00,0x00,0x00,0x00,0x00,0x00,0x00,0x00,0x00,0x00,0x00,0x00,0x00,0x00,0x00,0x00,0x00,0x00,0x00,0x00,
  0x00,0x00,0x00,0x00,0x00,0x00,0x00,0x00,0x00,0x00,0x00,0x00,0x00,0x00,0x00,0x00,0x00,0x00,0x00,0x00,0x00,0x00,0x00,0x00,0x00,0x00,0x00,0x00,0x00,0x00,0x00,0x00,
  0x00,0x40,0x00,0x00,0x00,0x00,0x00,0x00,0x00,0x00,0x00,0x00,0x00,0x00,0x00,0x00,0x00,0x00,0x00,0x00,0x00,0x00,0x00,0x00,0x00,0x00,0x00,0x00,0x00,0x00,0x00,0x00,
  0x00,0x00,0x00,0x00,0x00,0x00,0x00,0x00,0x00,0x00,0x00,0x00,0x00,0x00,0x00,0x00,0x00,0x00,0x00,0x20,0x00,0x00,0x00,0x00,0x00,0x00,0x00,0x00,0x00,0x00,0x00,0x00,
  0x00,0x00,0x00,0x00,0x00,0x00,0x00,0x00,0x00,0x00,0x00,0x00,0x00,0x00,0x00,0x00,0x00,0x00,0x00,0x00,0x00,0x00,0x00,0x00,0x00,0x00,0x00,0x00,0x00,0x00,0x00,0x00,
  0x00,0x00,0x00,0x00,0x00,0x20,0x00,0x00,0x00,0x00,0x00,0x00,0x00,0x00,0x00,0x00,0x00,0x00,0x00,0x00,0x00,0x00,0x00,0x00,0x00,0x00,0x00,0x00,0x00,0x00,0x00,0x00,
  0x00,0x00,0x00,0x00,0x00,0x00,0x00,0x00,0x00,0x00,0x00,0x00,0x00,0x00,0x00,0x00,0x00,0x00,0x00,0x00,0x00,0x00,0x00,0x30,0x00,0x00,0x00,0x00,0x00,0x00,0x00,0x00,
  0x00,0x00,0x00,0x00,0x00,0x00,0x00,0x00,0x00,0x00,0x00,0x00,0x00,0x00,0x00,0x00,0x00,0x00,0x00,0x00,0x00,0x00,0x00,0x00,0x00,0x00,0x00,0x00,0x00,0x00,0x00,0x00,
  0x00,0x00,0x00,0x00,0x00,0x00,0x00,0x00,0x00,0x10,0x00,0x00,0x00,0x00,0x00,0x00,0x00,0x00,0x00,0x00,0x00,0x00,0x00,0x00,0x00,0x00,0x00,0x00,0x00,0x00,0x00,0x00,
  0x00,0x00,0x00,0x00,0x00,0x00,0x00,0x00,0x00,0x00,0x00,0x00,0x00,0x00,0x00,0x00,0x00,0x00,0x00,0x00,0x00,0x00,0x00,0x00,0x00,0x00,0x00,0x10,0x00,0x00,0x00,0x00,
  0x00,0x00,0x00,0x00,0x00,0x00,0x00,0x00,0x00,0x00,0x00,0x00,0x00,0x00,0x00,0x00,0x00,0x00,0x00,0x00,0x00,0x00,0x00,0x00,0x00,0x00,0x00,0x00,0x00,0x00,0x00,0x00,
  0x00,0x00,0x00,0x00,0x00,0x00,0x00,0x00,0x00,0x00,0x00,0x00,0x00,0x10,0x00,0x00,0x00,0x00,0x00,0x00,0x00,0x00,0x00,0x00,0x00,0x00,0x00,0x00,0x00,0x00,0x00,0x00,
  0x00,0x00,0x00,0x00,0x00,0x00,0x00,0x00,0x00,0x00,0x00,0x00,0x00,0x00,0x00,0x00,0x00,0x00,0x00,0x00,0x00,0x00,0x00,0x00,0x00,0x00,0x00,0x00,0x00,0x00,0x00,0x10,
  0x00,0x00,0x00,0x00,0x00,0x00,0x00,0x00,0x00,0x00,0x00,0x00,0x00,0x00,0x00,0x00,0x00,0x00,0x00,0x00,0x00,0x00,0x00,0x00,0x00,0x00,0x00,0x00,0x00,0x00,0x00,0x00,
  0x00,0x00,0x00,0x00,0x00,0x00,0x00,0x00,0x00,0x00,0x00,0x00,0x00,0x00,0x00,0x00,0x00,0x10,0x00,0x00,0x00,0x00,0x00,0x00,0x00,0x00,0x00,0x00,0x00,0x00,0x00,0x00,
  0x00,0x00,0x00,0x00,0x00,0x00,0x00,0x00,0x00,0x00,0x00,0x00,0x00,0x00,0x00,0x00,0x00,0x00,0x00,0x00,0x00,0x00,0x00,0x00,0x00,0x00,0x00,0x00,0x00,0x00,0x00,0x00,
  0x00,0x00,0x00,0x10,0x00,0x00,0x00,0x00,0x00,0x00,0x00,0x00,0x00,0x00,0x00,0x00,0x00,0x00,0x00,0x00,0x00,0x00,0x00,0x00,0x00,0x00,0x00,0x00,0x00,0x00,0x00,0x00,
  0x00,0x00,0x00,0x00,0x00,0x00,0x00,0x00,0x00,0x00,0x00,0x00,0x00,0x00,0x00,0x00,0x00,0x00,0x00,0x00,0x00,0x00,0x00,0x00,0x00,0x00,0x00,0x00,0x00,0x00,0x00,0x00,
  0x00,0x00,0x00,0x00,0x00,0x00,0x00,0x00,0x00,0x00,0x00,0x00,0x00,0x00,0x00,0x00,0x00,0x00,0x00,0x00,0x00,0x00,0x00,0x00,0x00,0x00,0x00,0x00,0x00,0x00,0x00,0x00,
  0x00,0x00,0x00,0x00,0x00,0x00,0x00,0x00,0x00,0x00,0x00,0x00,0x00,0x00,0x00,0x00,0x00,0x00,0x00,0x00,0x00,0x00,0x00,0x00,0x00,0x00,0x00,0x00,0x00,0x00,0x00,0x00,
  0x00,0x00,0x00,0x00,0x00,0x00,0x00,0x00,0x00,0x00,0x00,0x00,0x00,0x00,0x00,0x00,0x00,0x00,0x00,0x00,0x00,0x00,0x00,0x00,0x00,0x00,0x00,0x00,0x00,0x00,0x00,0x00,
  0x00,0x00,0x00,0x00,0x00,0x00,0x00,0x00,0x00,0x00,0x00,0x00,0x00,0x00,0x00,0x00,0x00,0x00,0x00,0x00,0x00,0x00,0x00,0x00,0x00,0x00,0x00,0x00,0x00,0x00,0x00,0x00,
  0x00,0x00,0x00,0x00,0x00,0x00,0x00,0x00,0x00,0x00,0x00,0x00,0x00,0x00,0x00,0x00,0x00,0x00,0x00,0x00,0x00,0x00,0x00,0x00,0x00,0x00,0x00,0x00,0x00,0x00,0x00,0x00,
  0x00,0x00,0x00,0x00,0x00,0x00,0x00,0x00,0x00,0x00,0x00,0x00,0x00,0x00,0x00,0x00,0x00,0x00,0x00,0x00,0x00,0x00,0x00,0x00,0x00,0x00,0x00,0x08,0x00,0x00,0x00,0x00,
  0x00,0x00,0x00,0x00,0x00,0x00,0x00,0x00,0x00,0x00,0x00,0x00,0x00,0x00,0x00,0x00,0x00,0x00,0x00,0x00,0x00,0x00,0x00,0x00,0x00,0x00,0x00,0x00,0x00,0x00,0x00,0x00,
  0x00,0x00,0x00,0x00,0x00,0x00,0x00,0x00,0x00,0x00,0x00,0x00,0x00,0x04,0x00,0x00,0x00,0x00,0x00,0x00,0x00,0x00,0x00,0x00,0x00,0x00,0x00,0x00,0x00,0x00,0x00,0x00,
  0x00,0x00,0x00,0x00,0x00,0x00,0x00,0x00,0x00,0x00,0x00,0x00,0x00,0x00,0x00,0x00,0x00,0x00,0x00,0x00,0x00,0x00,0x00,0x00,0x00,0x00,0x00,0x00,0x00,0x00,0x00,0x04,
  0x00,0x00,0x00,0x00,0x00,0x00,0x00,0x00,0x00,0x00,0x00,0x00,0x00,0x00,0x00,0x00,0x00,0x00,0x00,0x00,0x00,0x00,0x00,0x00,0x00,0x00,0x00,0x00,0x00,0x00,0x00,0x00,
  0x00,0x00,0x00,0x00,0x00,0x00,0x00,0x00,0x00,0x00,0x00,0x00,0x00,0x00,0x00,0x00,0x00,0x06,0x00,0x00,0x00,0x00,0x00,0x00,0x00,0x00,0x00,0x00,0x00,0x00,0x00,0x00,
  0x00,0x00,0x00,0x00,0x00,0x00,0x00,0x00,0x00,0x00,0x00,0x00,0x00,0x00,0x00,0x00,0x00,0x00,0x00,0x00,0x00,0x00,0x00,0x00,0x00,0x00,0x00,0x00,0x00,0x00,0x00,0x00,
  0x00,0x00,0x00,0x32,0x00,0x00,0x00,0x00,0x00,0x00,0x00,0x00,0x00,0x00,0x00,0x00,0x00,0x00,0x00,0x00,0x00,0x00,0x00,0x00,0x00,0x00,0x00,0x00,0x00,0x00,0x00,0x00,
  0x00,0x00,0x00,0x00,0x00,0x00,0x00,0x00,0x00,0x00,0x00,0x00,0x00,0x00,0x00,0x00,0x00,0x00,0x00,0x00,0x00,0x0A,0x00,0x00,0x00,0x00,0x00,0x00,0x00,0x00,0x00,0x00,
  0x00,0x00,0x00,0x07,0xFF,0xFF,0x80,0x00,0x00,0x00,0x00,0x00,0x00,0x00,0x00,0x00,0x00,0x00,0x00,0x00,0x00,0x00,0x00,0x00,0x00,0x00,0x00,0x00,0x00,0x00,0x00,0x00,
  0x00,0x00,0x00,0x00,0x00,0x00,0x00,0x06,0x00,0x00,0x00,0x00,0x00,0x00,0x00,0x00,0x00,0x00,0x00,0x00,0x00,0x02,0x07,0xE0,0xC0,0x00,0x00,0x00,0x00,0x00,0x00,0x00,
  0x00,0x00,0x00,0x00,0x00,0x00,0x00,0x00,0x00,0x00,0x00,0x00,0x00,0x00,0x00,0x00,0x00,0x00,0x00,0x00,0x00,0x00,0x00,0x00,0x00,0x06,0x00,0x00,0x00,0x00,0x00,0x00,
  0x00,0x00,0x00,0x00,0x00,0x00,0x00,0x00,0x00,0x00,0x00,0x00,0x00,0x00,0x00,0x00,0x00,0x00,0x00,0x00,0x00,0x00,0x00,0x00,0x00,0x00,0x00,0x00,0x00,0x00,0x00,0x00,
  0x00,0x00,0x00,0x00,0x00,0x00,0x00,0x00,0x00,0x00,0x00,0x06,0x00,0x00,0x00,0x00,0x00,0x00,0x00,0x00,0x00,0x00,0x00,0x00,0x00,0x00,0x00,0x00,0x00,0x00,0x00,0x00,
  0x00,0x00,0x00,0x00,0x00,0x00,0x00,0x00,0x00,0x00,0x00,0x00,0x00,0x00,0x00,0x00,0x00,0x00,0x00,0x00,0x00,0x00,0x00,0x00,0x00,0x00,0x00,0x00,0x00,0x06,0x00,0x00,
  0x00,0x00,0x00,0x00,0x00,0x00,0x00,0x00,0x00,0x00,0x00,0x00,0x40,0x00,0x00,0x00,0x00,0x00,0x00,0x00,0x00,0x00,0x00,0x00,0x00,0x00,0x00,0x00,0x00,0x00,0x00,0x00,
  0x00,0x00,0x00,0x00,0x00,0x00,0x00,0x00,0x00,0x00,0x00,0x00,0x00,0x00,0x00,0x00,0x00,0x00,0x00,0x00,0x00,0x00,0x00,0x00,0x00,0x00,0x00,0x00,0x00,0x00,0x00,0x00,
  0xC0,0x00,0x00,0x00,0x00,0x00,0x00,0x00,0x00,0x00,0x00,0x00,0x00,0x00,0x00,0x00,0x00,0x00,0x00,0x00,0x00,0x00,0x00,0x00,0x00,0x00,0x00,0x00,0x00,0x00,0x00,0x00,
  0x00,0x00,0x00,0x00,0x00,0x00,0x00,0x00,0x00,0x00,0x00,0x00,0x00,0x00,0x00,0x00,0x00,0x00,0x00,0x00,0x00,0x00,0x00,0x00,0x00,0x00,0x00,0x00,0x00,0x00,0x00,0x00,
  0x00,0x00,0x00,0x00,0x00,0x00,0x00,0x00,0x00,0x00,0x00,0x00,0x00,0x00,0x00,0x00,0x00,0x00,0x00,0x00,0x00,0x00,0x00,0x00,0x00,0x00,0x00,0x00,0x00,0x00,0x00,0x00,
  0x00,0x00,0x00,0x00,0x00,0x00,0x00,0x00,0x00,0x00,0x00,0x00,0x00,0x00,0x00,0x00,0x00,0x00,0x00,0x00,0x00,0x00,0x00,0x00,0x00,0x00,0x00,0x00,0x00,0x00,0x00,0x00,
  0x00,0x00,0x00,0x00,0x00,0x00,0x00,0x00,0x00,0x00,0x00,0x00,0x00,0x00,0x00,0x00,0x00,0x00,0x00,0x00,0x00,0x00,0x00,0x00,0x00,0x00,0x00,0x00,0x00,0x00,0x00,0x00,
  0x00,0x00,0x00,0x00,0x00,0x00,0x00,0x00,0x00,0x00,0x00,0x00,0x00,0x00,0x00,0x00,0x00,0x00,0x00,0x00,0x00,0x00,0x00,0x00,0x00,0x00,0x00,0x00,0x00,0x00,0x00,0x00,
  0x00,0x00,0x00,0x00,0x00,0x00,0x00,0x00,0x00,0x00,0x00,0x00,0x00,0x00,0x00,0x00,0x00,0x00,0x00,0x00,0x00,0x00,0x00,0x00,0x00,0x00,0x00,0x00,0x00,0x00,0x00,0x00,
  0x00,0x00,0x00,0x00,0x00,0x00,0x00,0x00,0x00,0x00,0x00,0x00,0x00,0x00,0x00,0x00,0x00,0x00,0x00,0x00,0x00,0x00,0x00,0x00,0x00,0x00,0x00,0x00,0x00,0x00,0x00,0x00,
  0x00,0x00,0x00,0x00,0x00,0x00,0x00,0x00,0x00,0x00,0x00,0x00,0x00,0x00,0x00,0x00,0x00,0x00,0x00,0x00,0x00,0x00,0x00,0x00,0x00,0x00,0x00,0x00,0x00,0x00,0x00,0x00,
  0x00,0x00,0x00,0x00,0x00,0x00,0x00,0x00,0x00,0x00,0x00,0x00,0x00,0x00,0x00,0x00,0x00,0x00,0x00,0x00,0x00,0x00,0x00,0x00,0x00,0x00,0x00,0x00,0x00,0x00,0x00,0x00,
  0x00,0x80,0x00,0x00,0x00,0x00,0x00,0x00,0x00,0x00,0x00,0x00,0x00,0x00,0x00,0x00,0x00,0x00,0x00,0x00,0x00,0x00,0x00,0x00,0x00,0x00,0x00,0x00,0x00,0x00,0x40,0x00,
  0x00,0x00,0x00,0x00,0x00,0x00,0x00,0x00,0x00,0x00,0x00,0x00,0x00,0x00,0x00,0x00,0x00,0x00,0x00,0x40,0x00,0x00,0x00,0x00,0x00,0x00,0x00,0x00,0x00,0x00,0x00,0x00,
  0x00,0x00,0x00,0x00,0x00,0x00,0x00,0x00,0x00,0x00,0x00,0x00,0x00,0x00,0x00,0x00,0x40,0x00,0x00,0x00,0x00,0x00,0x00,0x00,0x00,0x00,0x00,0x00,0x00,0x00,0x00,0x00,
  0x00,0x00,0x00,0x00,0x00,0x40,0x00,0x00,0x00,0x00,0x00,0x00,0x00,0x00,0x00,0x00,0x00,0x00,0x00,0x00,0x00,0x00,0x00,0x00,0x00,0x00,0x00,0x00,0x00,0x00,0x00,0x00,
  0x00,0x00,0x40,0x00,0x00,0x00,0x00,0x00,0x00,0x00,0x00,0x00,0x00,0x00,0x00,0x00,0x00,0x00,0x00,0x00,0x00,0x00,0x00,0x60,0x00,0x00,0x00,0x00,0x00,0x00,0x00,0x00,
  0x00,0x00,0x00,0x00,0x00,0x00,0x00,0x00,0x00,0x00,0x00,0x00,0x00,0x00,0x00,0x00,0x00,0x00,0x00,0x00,0xC0,0x00,0x00,0x00,0x00,0x00,0x00,0x00,0x00,0x00,0x00,0x00,
  0x00,0x00,0x00,0x00,0x00,0x00,0x00,0x00,0x00,0x20,0x00,0x00,0x00,0x00,0x00,0x00,0x00,0x00,0x00,0x00,0x00,0x00,0x00,0x00,0x00,0x00,0x00,0x00,0x00,0x00,0x00,0x00,
  0x00,0x00,0x00,0x00,0x00,0x00,0xC0,0x00,0x00,0x00,0x00,0x00,0x00,0x00,0x00,0x00,0x00,0x00,0x00,0x00,0x00,0x00,0x00,0x00,0x00,0x00,0x00,0x20,0x00,0x00,0x00,0x00,
  0x00,0x00,0x00,0x00,0x00,0x00,0x00,0x00,0x00,0x00,0x00,0x00,0x00,0x00,0x00,0x00,0x00,0x00,0x00,0x00,0x00,0x00,0x00,0x00,0xC0,0x00,0x00,0x00,0x00,0x00,0x00,0x00,
  0x00,0x00,0x00,0x00,0x00,0x00,0x00,0x00,0x00,0x00,0x00,0x00,0x00,0x20,0x00,0x00,0x00,0x00,0x00,0x00,0x00,0x00,0x00,0x00,0x00,0x00,0x00,0x00,0x00,0x00,0x00,0x00,
  0x00,0x00,0x00,0x00,0x00,0x00,0x00,0x00,0x00,0x00,0xC0,0x00,0x00,0x00,0x00,0x00,0x00,0x00,0x00,0x00,0x00,0x00,0x00,0x00,0x00,0x00,0x00,0x00,0x00,0x00,0x00,0x20,
  0x00,0x00,0x00,0x00,0x00,0x00,0x00,0x00,0x00,0x00,0x00,0x00,0x00,0x00,0x00,0x00,0x00,0x00,0x00,0x00,0x00,0x00,0x00,0x00,0x00,0x00,0x00,0x00,0xC0,0x00,0x00,0x00,
  0x00,0x00,0x00,0x00,0x00,0x00,0x00,0x00,0x00,0x00,0x00,0x00,0x00,0x00,0x00,0x00,0x00,0x20,0x00,0x00,0x00,0x00,0x00,0x00,0x00,0x00,0x00,0x00,0x00,0x00,0x00,0x00,
  0x00,0x00,0x00,0x00,0x00,0x00,0x00,0x00,0x00,0x00,0x00,0x00,0x00,0x00,0xC0,0x00,0x00,0x00,0x00,0x00,0x00,0x00,0x00,0x00,0x00,0x00,0x00,0x00,0x00,0x00,0x00,0x00,
  0x00,0x00,0x00,0x20,0x00,0x00,0x00,0x00,0x00,0x00,0x00,0x00,0x00,0x00,0x00,0x00,0x00,0x00,0x00,0x00,0x00,0x00,0x00,0x00,0x00,0x00,0x00,0x00,0x00,0x00,0x00,0x00,
  0xC0,0x00,0x00,0x00,0x00,0x00,0x00,0x00,0x00,0x00,0x00,0x00,0x00,0x00,0x00,0x00,0x00,0x00,0x00,0x00,0x00,0x00,0x00,0x00,0x00,0x00,0x00,0x00,0x00,0x00,0x00,0x00,
  0x00,0x00,0x00,0x00,0x00,0x00,0x00,0x00,0x00,0x00,0x00,0x00,0x00,0x00,0x00,0x00,0x00,0x00,0xC0,0x00,0x00,0x00,0x00,0x00,0x00,0x00,0x00,0x00,0x00,0x00,0x00,0x00,
  0x00,0x00,0x00,0x00,0x00,0x00,0x00,0x00,0x00,0x00,0x00,0x00,0x00,0x00,0x00,0x00,0x00,0x00,0x00,0x00,0x00,0x00,0x00,0x00,0x00,0x00,0x00,0x00,0x00,0x00,0x00,0x00,
  0x00,0x00,0x00,0x00,0xC0,0x00,0x00,0x00,0x00,0x00,0x00,0x00,0x00,0x00,0x00,0x00,0x00,0x00,0x00,0x00,0x00,0x00,0x00,0x00,0x00,0x00,0x00,0x00,0x00,0x00,0x00,0x00,
  0x00,0x00,0x00,0x00,0x00,0x00,0x00,0x00,0x00,0x00,0x00,0x00,0x00,0x00,0x00,0x00,0x00,0x00,0x00,0x00,0x00,0x00,0xC0,0x00,0x00,0x00,0x00,0x00,0x00,0x00,0x00,0x00,
  0x00,0x00,0x00,0x00,0x00,0x00,0x00,0x00,0x00,0x00,0x00,0x00,0x00,0x00,0x00,0x00,0x00,0x00,0x00,0x00,0x00,0x00,0x00,0x00,0x00,0x00,0x00,0x00,0x00,0x00,0x00,0x00,
  0x00,0x00,0x00,0x00,0x00,0x00,0x00,0x00,0xC0,0x00,0x00,0x00,0x00,0x00,0x00,0x00,0x00,0x00,0x00,0x00,0x00,0x00,0x00,0x00,0x00,0x00,0x00,0x00,0x00,0x00,0x00,0x00,
  0x00,0x00,0x00,0x00,0x00,0x00,0x00,0x00,0x00,0x00,0x00,0x00,0x00,0x00,0x00,0x00,0x00,0x00,0x00,0x00,0x00,0x00,0x00,0x00,0x00,0x00,0xC0,0x00,0x00,0x00,0x00,0x00,
  0x00,0x00,0x00,0x00,0x00,0x00,0x00,0x00,0x00,0x00,0x00,0x00,0x00,0x00,0x00,0x00,0x00,0x00,0x00,0x00,0x00,0x00,0x00,0x00,0x00,0x00,0x00,0x00,0x00,0x00,0x00,0x00,
  0x00,0x00,0x00,0x00,0x00,0x00,0x00,0x00,0x00,0x00,0x00,0x00,0xC0,0x00,0x00,0x00,0x00,0x00,0x00,0x00,0x00,0x00,0x00,0x00,0x00,0x00,0x00,0x00,0x00,0x00,0x00,0x00,
  0x00,0x00,0x00,0x08,0x00,0x00,0x00,0x00,0x00,0x00,0x00,0x00,0x00,0x00,0x00,0x00,0x00,0x00,0x00,0x00,0x00,0x00,0x00,0x00,0x00,0x00,0x00,0x00,0x00,0x00,0xC0,0x00,
  0x00,0x00,0x00,0x00,0x00,0x00,0x00,0x00,0x00,0x00,0x00,0x00,0x00,0x00,0x00,0x00,0x00,0x00,0x00,0x00,0x04,0x18,0x00,0x00,0x00,0x00,0x00,0x00,0x00,0x00,0x00,0x00,
  0x00,0x00,0x00,0x00,0x00,0x00,0x00,0x00,0x00,0x00,0x00,0x00,0x00,0x00,0x00,0x00,0xC0,0x00,0x00,0x00,0x00,0x00,0x00,0x00,0x00,0x00,0x00,0x00,0x00,0x00,0x00,0x00,
  0x00,0x00,0x00,0x00,0x00,0x00,0x02,0x50,0x00,0x00,0x00,0x00,0x00,0x00,0x00,0x00,0x00,0x00,0x00,0x00,0x00,0x00,0x00,0x00,0x00,0x00,0x00,0x00,0x00,0x00,0x00,0x00,
  0x00,0x00,0xC0,0x00,0x00,0x00,0x00,0x00,0x00,0x00,0x00,0x00,0x00,0x00,0x00,0x00,0x00,0x00,0x00,0x00,0x00,0x00,0x00,0x00,0x01,0x50,0x00,0x00,0x00,0x00,0x00,0x00,
  0x00,0x00,0x00,0x00,0x00,0x00,0x00,0x00,0x00,0x00,0x00,0x00,0x00,0x00,0x00,0x00,0x00,0x00,0x00,0x00,0xC0,0x00,0x00,0x00,0x00,0x00,0x00,0x00,0x00,0x00,0x00,0x00,
  0x00,0x00,0x00,0x00,0x00,0x00,0x00,0x00,0x00,0x00,0x01,0xF0,0x00,0x00,0x00,0x00,0x00,0x00,0x00,0x00,0x00,0x00,0x00,0x00,0x00,0x00,0x00,0x00,0x00,0x00,0x00,0x00,
  0x00,0x00,0x00,0x00,0x00,0x00,0xC0,0x00,0x00,0x00,0x00,0x00,0x00,0x00,0x00,0x00,0x00,0x00,0x00,0x00,0x00,0x00,0x00,0x00,0x00,0x00,0x00,0x00,0x00,0xE0,0x00,0x00,
  0x00,0x00,0x00,0x00,0x00,0x00,0x00,0x00,0x00,0x00,0x00,0x00,0x00,0x00,0x00,0x00,0x00,0x00,0x00,0x00,0x00,0x00,0x00,0x00,0xC0,0x00,0x00,0x00,0x00,0x00,0x00,0x00,
  0x00,0x00,0x00,0x00,0x00,0x00,0x00,0x00,0x00,0x00,0x00,0x00,0x00,0x00,0x00,0xE0,0x00,0x00,0x00,0x00,0x00,0x00,0x00,0x00,0x00,0x00,0x00,0x00,0x00,0x00,0x00,0x00,
  0x00,0x00,0x00,0x00,0x00,0x00,0x00,0x00,0x00,0x00,0xC0,0x00,0x00,0x00,0x00,0x00,0x00,0x00,0x00,0x00,0x00,0x00,0x00,0x00,0x00,0x00,0x00,0x00,0x00,0x00,0x00,0x00,
  0x00,0xE0,0x00,0x00,0x00,0x00,0x00,0x00,0x00,0x00,0x00,0x00,0x00,0x00,0x00,0x00,0x00,0x00,0x00,0x00,0x00,0x00,0x00,0x00,0x00,0x00,0x00,0x00,0xC0,0x00,0x00,0x00,
  0x00,0x00,0x00,0x00,0x00,0x00,0x00,0x00,0x00,0x00,0x00,0x00,0x00,0x00,0x00,0x00,0x00,0x00,0x00,0xE0,0x00,0xC0,0x00,0x00,0x00,0x00,0x00,0x00,0x00,0x00,0x00,0x00,
  0x00,0x00,0x00,0x00,0x00,0x00,0x00,0x00,0x00,0x00,0x00,0x00,0x00,0x00,0xC0,0x00,0x00,0x00,0x00,0x00,0x00,0x00,0x00,0x00,0x00,0x00,0x00,0x00,0x00,0x00,0x00,0x00,
  0x00,0x00,0x00,0x00,0x00,0x00,0x0F,0xE0,0x00,0x00,0x00,0x00,0x00,0x00,0x00,0x00,0x00,0x00,0x00,0x00,0x00,0x00,0x00,0x00,0x00,0x00,0x00,0x00,0x00,0x00,0x00,0x00,
  0xC0,0x00,0x00,0x00,0x00,0x00,0x00,0x00,0x00,0x00,0x00,0x00,0x00,0x00,0x00,0x00,0x00,0x00,0x00,0x00,0x00,0x00,0x00,0x00,0x3D,0xF0,0x00,0x00,0x00,0x00,0x00,0x00,
  0x00,0x00,0x00,0x00,0x00,0x00,0x00,0x00,0x00,0x00,0x00,0x00,0x00,0x00,0x00,0x00,0x00,0x00,0xC0,0x00,0x00,0x00,0x00,0x00,0x00,0x00,0x00,0x00,0x00,0x00,0x00,0x00,
  0x00,0x00,0x00,0x00,0x00,0x00,0x00,0x00,0x00,0x00,0x31,0xF0,0x00,0x00,0x00,0x00,0x00,0x00,0x00,0x00,0x00,0x00,0x00,0x00,0x00,0x00,0x00,0x00,0x00,0x00,0x00,0x00,
  0x00,0x00,0x00,0x00,0xC0,0x00,0x00,0x00,0x00,0x00,0x00,0x00,0x00,0x00,0x00,0x00,0x00,0x00,0x00,0x00,0x00,0x00,0x00,0x00,0x00,0x00,0x00,0x00,0x20,0x30,0x00,0x00,
  0x00,0x00,0x00,0x00,0x00,0x00,0x00,0x00,0x00,0x00,0x00,0x00,0x00,0x00,0x00,0x00,0x00,0x00,0x00,0x00,0x00,0x00,0xC0,0x00,0x00,0x00,0x00,0x00,0x00,0x00,0x00,0x00,
  0x00,0x00,0x00,0x00,0x00,0x00,0x00,0x00,0x00,0x00,0x00,0x00,0x00,0x00,0x00,0x20,0x00,0x00,0x00,0x00,0x00,0x00,0x00,0x00,0x00,0x00,0x00,0x00,0x00,0x00,0x00,0x00,
  0x00,0x00,0x00,0x00,0x00,0x00,0x00,0x00,0xC0,0x00,0x00,0x00,0x00,0x00,0x00,0x00,0x00,0x00,0x00,0x00,0x00,0x00,0x00,0x00,0x00,0x00,0x00,0x00,0x00,0x00,0x00,0x00,
  0x00,0x00,0x00,0x00,0x00,0x00,0x00,0x00,0x00,0x00,0x00,0x00,0x00,0x00,0x00,0x00,0x00,0x00,0x00,0x00,0x00,0x00,0x00,0x00,0x00,0x00,0xC0,0x00,0x00,0x00,0x00,0x00,
  0x00,0x00,0x00,0x00,0x00,0x00,0x00,0x00,0x00,0x00,0x00,0x00,0x00,0x00,0x00,0x00,0x00,0x00,0x00,0x00,0x00,0x00,0x00,0x00,0x00,0x00,0x00,0x00,0x00,0x00,0x00,0x00,
  0x00,0x00,0x00,0x00,0x00,0x00,0x00,0x00,0x00,0x00,0x00,0x00,0xC0,0x00,0x00,0x00,0x00,0x00,0x00,0x00,0x00,0x00,0x00,0x00,0x00,0x00,0x00,0x00,0x00,0x00,0x00,0x00,
  0x00,0x00,0x00,0x00,0x00,0x00,0x00,0x00,0x00,0x00,0x00,0x00,0x00,0x00,0x00,0x00,0x00,0x00,0x00,0x00,0x00,0x00,0x00,0x00,0x00,0x00,0x00,0x00,0x00,0x00,0xC0,0x00,
  0x00,0x00,0x00,0x00,0x00,0x00,0x00,0x00,0x00,0x00,0x00,0x00,0x00,0x00,0x00,0x00,0x00,0x00,0x00,0x00,0x00,0x00,0x00,0x00,0x00,0x00,0x00,0x00,0x08,0x00,0x00,0x00,
  0x00,0x00,0x00,0x00,0x00,0x00,0x00,0x00,0x00,0x00,0x00,0x00,0x00,0x00,0x00,0x00,0xC0,0x00,0x00,0x00,0x00,0x00,0x00,0x00,0x00,0x00,0x00,0x00,0x00,0x00,0x00,0x00,
  0x00,0x00,0x00,0x00,0x00,0x00,0x00,0x00,0x00,0x00,0x00,0x00,0x00,0x00,0x10,0x00,0x00,0x00,0x00,0x00,0x00,0x00,0x00,0x00,0x00,0x00,0x00,0x00,0x00,0x00,0x00,0x00,
  0x00,0x00,0xE0,0x00,0x00,0x00,0x00,0x00,0x00,0x00,0x00,0x00,0x00,0x00,0x00,0x00,0x00,0x00,0x00,0x00,0x00,0x00,0x00,0x00,0x00,0x00,0x00,0x00,0x00,0x00,0x00,0x00,
  0x10,0x00,0x00,0x00,0x00,0x00,0x00,0x00,0x00,0x00,0x00,0x00,0x00,0x00,0x00,0x00,0x00,0x00,0x00,0x00,0xFF,0xFE,0x00,0x00,0x00,0x00,0x00,0x00,0x00,0x00,0x00,0x00,
  0x00,0x00,0x00,0x00,0x00,0x00,0x00,0x00,0x00,0x00,0x00,0x00,0x00,0x00,0x00,0x00,0x00,0x00,0x30,0x00,0x00,0x00,0x00,0x00,0x00,0x00,0x00,0x00,0x00,0x00,0x00,0x00,
  0x00,0x00,0x00,0x00,0x00,0x00,0xFF,0xF8,0x00,0x00,0x00,0x00,0x00,0x00,0x00,0x00,0x00,0x00,0x00,0x00,0x00,0x00,0x00,0x00,0x00,0x00,0x00,0x00,0x00,0x00,0x00,0x00,
  0x00,0x00,0x00,0x00,0x20,0x00,0x00,0x00,0x00,0x00,0x00,0x00,0x00,0x00,0x00,0x00,0x00,0x00,0x00,0x00,0x00,0x00,0x00,0x00,0x7F,0xE0,0x00,0x00,0x00,0x00,0x00,0x00,
  0x00,0x00,0x00,0x00,0x00,0x00,0x00,0x00,0x00,0x00,0x00,0x00,0x00,0x00,0x00,0x00,0x00,0x00,0x00,0x00,0x00,0x00,0x20,0x00,0x00,0x00,0x00,0x00,0x00,0x00,0x00,0x00,
  0x00,0x00,0x00,0x00,0x00,0x00,0x00,0x00,0x00,0x00,0x00,0x00,0x00,0x00,0x00,0x00,0x00,0x00,0x00,0x00,0x00,0x00,0x00,0x00,0x00,0x00,0x00,0x00,0x00,0x00,0x00,0x00,
  0x00,0x00,0x00,0x00,0x00,0x00,0x00,0x00,0x20,0x00,0x00,0x00,0x00,0x00,0x00,0x00,0x00,0x00,0x00,0x00,0x00,0x00,0x00,0x00,0x00,0x00,0x00,0x00,0x00,0x00,0x00,0x00,
  0x00,0x00,0x00,0x00,0x00,0x00,0x00,0x00,0x00,0x00,0x00,0x00,0x00,0x00,0x00,0x00,0x00,0x00,0x00,0x00,0x00,0x00,0x00,0x00,0x00,0x00,0x20,0x00,0x00,0x00,0x00,0x00,
  0x00,0x00,0x00,0x00,0x00,0x00,0x00,0x00,0x00,0x00,0x00,0x00,0x00,0x00,0x04,0x00,0x00,0x00,0x00,0x00,0x00,0x00,0x00,0x00,0x00,0x00,0x00,0x00,0x00,0x00,0x00,0x00,
  0x00,0x00,0x00,0x00,0x00,0x00,0x00,0x00,0x00,0x00,0x00,0x00,0x20,0x00,0x00,0x00,0x00,0x00,0x00,0x00,0x00,0x00,0x00,0x00,0x00,0x00,0x00,0x00,0x00,0x00,0x00,0x00,
  0x00,0x00,0x00,0x00,0x00,0x00,0x00,0x00,0x00,0x00,0x00,0x00,0x00,0x00,0x00,0x00,0x00,0x00,0x00,0x00,0x00,0x00,0x00,0x00,0x00,0x00,0x00,0x00,0x00,0x00,0x20,0x00,
  0x00,0x00,0x00,0x00,0x00,0x00,0x00,0x00,0x00,0x00,0x00,0x00,0x00,0x00,0x00,0x00,0x00,0x00,0x00,0x00,0x00,0x00,0x00,0x00,0x00,0x00,0x00,0x00,0x00,0x00,0x00,0x00,
  0x00,0x00,0x00,0x00,0x00,0x00,0x00,0x00,0x00,0x00,0x00,0x00,0x00,0x00,0x00,0x00,0x00,0x00,0x00,0x00,0x00,0x00,0x00,0x00,0x00,0x00,0x00,0x00,0x00,0x00,0x00,0x00,
  0x00,0x00,0x00,0x00,0x00,0x00,0x00,0x00,0x00,0x00,0x00,0x00,0x00,0x00,0x00,0x00,0x00,0x00,0x00,0x00,0x00,0x00,0x00,0x00,0x00,0x00,0x00,0x00,0x00,0x00,0x00,0x00,
  0x00,0x00,0x00,0x00,0x00,0x00,0x00,0x00,0x00,0x00,0x00,0x00,0x00,0x00,0x00,0x00,0x00,0x00,0x00,0x00,0x00,0x00,0x00,0x00,0x00,0x00,0x00,0x00,0x00,0x00,0x00,0x00,
  0x00,0x00,0x00,0x00,0x00,0x00,0x00,0x00,0x00,0x00,0x00,0x00,0x00,0x00,0x00,0x00,0x00,0x00,0x00,0x00,0x00,0x00,0x00,0x00,0x00,0x00,0x00,0x00,0x00,0x00,0x00,0x00,
  0x00,0x00,0x00,0x00,0x00,0x00,0x00,0x00,0x00,0x00,0x00,0x00,0x00,0x00,0x00,0x00,0x00,0x00,0x00,0x00,0x00,0x00,0x00,0x00,0x00,0x00,0x00,0x00,0x00,0x00,0x00,0x00,
  0x00,0x00,0x00,0x00,0x00,0x00,0x00,0x00,0x00,0x00,0x00,0x00,0x00,0x00,0x00,0x00,0x00,0x00,0x00,0x00,0x00,0x00,0x00,0x00,0x00,0x00,0x00,0x00,0x00,0x00,0x00,0x00,
  0x00,0x00,0x00,0x00,0x00,0x00,0x00,0x00,0x00,0x00,0x00,0x00,0x00,0x00,0x00,0x00,0x00,0x00,0x00,0x00,0x00,0x00,0x00,0x00,0x00,0x00,0x00,0x00,0x00,0x00,0x00,0x00,
  0x00,0x00,0x00,0x00,0x00,0x00,0x00,0x00,0x00,0x00,0x00,0x00,0x00,0x00,0x00,0x00,0x00,0x00,0x00,0x00,0x00,0x00,0x00,0x00,0x00,0x00,0x00,0x00,0x00,0x00,0x00,0x00,
  0x00,0x00,0x00,0x00,0x00,0x00,0x00,0x00,0x00,0x00,0x00,0x00,0x00,0x00,0x00,0x00,0x00,0x00,0x00,0x00,0x00,0x00,0x00,0x00,0x00,0x00,0x00,0x00,0x00,0x00,0x00,0x00,
  0x00,0x00,0x00,0x00,0x00,0x00,0x00,0x00,0x00,0x00,0x00,0x00,0x00,0x00,0x00,0x00,0x00,0x00,0x00,0x00,0x00,0x00,0x00,0x00,0x00,0x00,0x00,0x00,0x00,0x00,0x00,0x00,
  0x00,0x00,0x00,0x00,0x00,0x00,0x00,0x00,0x00,0x00,0x00,0x00,0x00,0x00,0x00,0x00,0x00,0x00,0x00,0x00,0x00,0x00,0x00,0x00,0x00,0x00,0x00,0x00,0x00,0x00,0x00,0x00,
  0x00,0x00,0x00,0x00,0x00,0x00,0x00,0x00,0x00,0x00,0x00,0x00,0x00,0x00,0x00,0x00,0x00,0x00,0x00,0x00,0x00,0x00,0x00,0x00,0x00,0x00,0x00,0x00,0x00,0x00,0x00,0x00,
  0x00,0x00,0x00,0x00,0x00,0x00,0x00,0x00,0x00,0x00,0x00,0x00,0x00,0x00,0x00,0x00,0x00,0x00,0x00,0x00,0x00,0x00,0x00,0x00,0x00,0x00,0x00,0x00,0x00,0x00,0x00,0x00,
  0x00,0x00,0x00,0x00,0x00,0x00,0x00,0x00,0x00,0x00,0x00,0x00,0x00,0x00,0x00,0x00,0x00,0x00,0x00,0x00,0x00,0x00,0x00,0x00,0x00,0x00,0x00,0x00,0x00,0x00,0x00,0x00,
  0x00,0x00,0x00,0x00,0x00,0x00,0x00,0x00,0x00,0x00,0x00,0x00,0x00,0x00,0x00,0x00,0x00,0x00,0x00,0x00,0x00,0x00,0x00,0x00,0x00,0x00,0x00,0x00,0x00,0x00,0x00,0x00,
  0x00,0x00,0x00,0x00,0x00,0x00,0x00,0x00,0x00,0x1B,0x80,0x00,0x00,0x00,0x00,0x00,0x00,0x00,0x00,0x00,0x00,0x00,0x00,0x00,0x00,0x00,0x00,0x00,0x00,0x00,0x00,0x00,
  0x00,0x00,0x00,0x00,0x00,0x00,0x00,0x00,0x00,0x00,0x00,0x00,0x00,0x00,0x00,0x00,0x00,0x00,0x00,0x00,0x00,0x00,0x00,0x00,0x00,0x00,0x00,0x1B,0x80,0x00,0x00,0x00,
  0x00,0x00,0x00,0x00,0x00,0x00,0x00,0x00,0x00,0x00,0x00,0x00,0x00,0x00,0x00,0x00,0x00,0x00,0x00,0x00,0x00,0x00,0x00,0x00,0x00,0x00,0x00,0x00,0x00,0x00,0x00,0x00,
  0x00,0x00,0x00,0x00,0x00,0x00,0x00,0x00,0x00,0x00,0x00,0x00,0x00,0x1B,0x80,0x00,0x00,0x00,0x00,0x00,0x00,0x00,0x00,0x00,0x00,0x00,0x00,0x00,0x00,0x00,0x00,0x00,
  0x00,0x00,0x00,0x00,0x00,0x00,0x00,0x00,0x00,0x00,0x00,0x00,0x00,0x00,0x00,0x00,0x00,0x00,0x00,0x00,0x00,0x00,0x00,0x00,0x00,0x00,0x00,0x00,0x00,0x00,0x00,0x1B,
  0x80,0x00,0x00,0x00,0x00,0x00,0x00,0x00,0x00,0x00,0x00,0x00,0x00,0x00,0x00,0x00,0x00,0x00,0x00,0x00,0x00,0x00,0x00,0x00,0x00,0x00,0x00,0x00,0x00,0x00,0x00,0x00,
  0x00,0x00,0x00,0x00,0x00,0x00,0x00,0x00,0x00,0x00,0x00,0x00,0x00,0x00,0x00,0x00,0x00,0x1B,0x80,0x00,0x00,0x00,0x00,0x00,0x00,0x00,0x00,0x00,0x00,0x00,0x00,0x00,
  0x00,0x00,0x00,0x00,0x00,0x00,0x00,0x00,0x00,0x00,0x00,0x00,0x00,0x00,0x00,0x00,0x00,0x00,0x00,0x00,0x00,0x00,0x00,0x00,0x00,0x00,0x00,0x00,0x00,0x00,0x00,0x00,
  0x00,0x00,0x00,0x1B,0x80,0x00,0x00,0x00,0x00,0x00,0x00,0x00,0x00,0x00,0x00,0x00,0x00,0x00,0x00,0x00,0x00,0x00,0x00,0x00,0x00,0x00,0x00,0x00,0x00,0x00,0x00,0x00,
  0x00,0x00,0x00,0x00,0x00,0x00,0x00,0x00,0x00,0x00,0x00,0x00,0x00,0x00,0x00,0x00,0x00,0x00,0x00,0x00,0x00,0x1B,0x80,0x00,0x00,0x00,0x00,0x00,0x00,0x00,0x00,0x00,
  0x00,0x00,0x00,0x00,0x00,0x00,0x00,0x00,0x00,0x00,0x00,0x00,0x00,0x00,0x00,0x00,0x00,0x00,0x00,0x00,0x00,0x00,0x00,0x00,0x00,0x00,0x00,0x00,0x00,0x00,0x00,0x00,
  0x00,0x00,0x00,0x00,0x00,0x00,0x00,0x1B,0x80,0x00,0x00,0x00,0x00,0x00,0x00,0x00,0x00,0x00,0x00,0x00,0x00,0x00,0x00,0x00,0x00,0x00,0x00,0x00,0x00,0x00,0x00,0x00,
  0x00,0x00,0x00,0x00,0x00,0x00,0x00,0x00,0x00,0x00,0x00,0x00,0x00,0x00,0x00,0x00,0x00,0x00,0x00,0x00,0x00,0x00,0x00,0x00,0x00,0x1B,0x80,0x00,0x00,0x00,0x00,0x00,
  0x00,0x00,0x00,0x00,0x00,0x00,0x00,0x00,0x00,0x00,0x00,0x00,0x00,0x00,0x00,0x00,0x00,0x00,0x00,0x00,0x00,0x00,0x00,0x00,0x00,0x00,0x00,0x00,0x00,0x00,0x00,0x00,
  0x00,0x00,0x00,0x00,0x00,0x00,0x00,0x00,0x00,0x00,0x00,0x1B,0x80,0x00,0x00,0x00,0x00,0x00,0x00,0x00,0x00,0x00,0x00,0x00,0x00,0x00,0x00,0x00,0x00,0x00,0x00,0x00,
  0x00,0x00,0x00,0x00,0x00,0x00,0x00,0x00,0x00,0x00,0x00,0x08,0x00,0x00,0x00,0x00,0x00,0x00,0x00,0x00,0x00,0x00,0x00,0x00,0x00,0x00,0x00,0x00,0x00,0x1B,0x80,0x00,
  0x00,0x00,0x00,0x00,0x00,0x00,0x00,0x00,0x00,0x00,0x00,0x00,0x00,0x00,0x00,0x00,0x00,0x00,0x00,0x00,0x00,0x00,0x00,0x00,0x00,0x00,0x00,0x00,0x00,0x04,0x00,0x00,
  0x00,0x00,0x00,0x00,0x00,0x00,0x00,0x00,0x00,0x00,0x00,0x00,0x00,0x00,0x00,0x1B,0x80,0x00,0x00,0x00,0x00,0x00,0x00,0x00,0x00,0x00,0x00,0x00,0x00,0x00,0x00,0x00,
  0x00,0x00,0x00,0x00,0x00,0x00,0x00,0x00,0x00,0x00,0x00,0x00,0x00,0x00,0x00,0x04,0x00,0x00,0x00,0x00,0x00,0x00,0x00,0x00,0x00,0x00,0x00,0x00,0x00,0x00,0x00,0x00,
  0x00,0x1B,0x80,0x00,0x00,0x00,0x00,0x00,0x00,0x00,0x00,0x00,0x00,0x00,0x00,0x00,0x00,0x00,0x00,0x00,0x00,0x00,0x00,0x00,0x00,0x00,0x00,0x00,0x00,0x00,0x00,0x00,
  0x00,0x06,0x00,0x00,0x00,0x00,0x00,0x00,0x00,0x00,0x00,0x00,0x00,0x00,0x00,0x00,0x00,0x00,0x00,0x1B,0x80,0x00,0x00,0x00,0x00,0x00,0x00,0x00,0x00,0x00,0x00,0x00,
  0x00,0x00,0x00,0x00,0x00,0x00,0x00,0x00,0x00,0x00,0x00,0x00,0x00,0x00,0x00,0x00,0x00,0x00,0x00,0x32,0x00,0x00,0x00,0x00,0x00,0x00,0x00,0x00,0x00,0x00,0x00,0x00,
  0x00,0x00,0x00,0x00,0x00,0x1B,0x80,0x00,0x00,0x00,0x00,0x00,0x00,0x00,0x00,0x00,0x00,0x00,0x00,0x00,0x00,0x00,0x00,0x00,0x00,0x00,0x00,0x00,0x00,0x00,0x00,0x00,
  0x00,0x00,0x00,0x00,0x00,0x0A,0x00,0x00,0x00,0x00,0x00,0x00,0x00,0x00,0x00,0x00,0x00,0x00,0x00,0x00,0x00,0x00,0x00,0x1B,0x80,0x00,0x00,0x00,0x00,0x00,0x00,0x00,
  0x00,0x00,0x00,0x00,0x0C,0x00,0x00,0x00,0x00,0x00,0x00,0x00,0x00,0x00,0x00,0x00,0x00,0x00,0x00,0x00,0x00,0x00,0x00,0x06,0x00,0x00,0x00,0x00,0x00,0x00,0x00,0x00,
  0x00,0x00,0x00,0x00,0x00,0x00,0x00,0x00,0x00,0x1B,0x80,0x00,0x00,0x00,0x00,0x00,0x00,0x00,0x00,0x00,0x00,0x00,0x7E,0x00,0x00,0x00,0x00,0x00,0x00,0x00,0x00,0x00,
  0x00,0x00,0x00,0x00,0x00,0x00,0x00,0x00,0x00,0x06,0x00,0x00,0x00,0x00,0x00,0x00,0x00,0x00,0x00,0x00,0x00,0x00,0x00,0x00,0x00,0x00,0x00,0x1B,0x80,0x00,0x00,0x00,
  0x00,0x00,0x00,0x00,0x00,0x00,0x00,0x00,0xFF,0x00,0x00,0x00,0x00,0x00,0x00,0x00,0x00,0x00,0x00,0x00,0x00,0x00,0x00,0x00,0x00,0x00,0x00,0x06,0x00,0x00,0x00,0x00,
  0x00,0x00,0x00,0x00,0x00,0x00,0x00,0x00,0x00,0x00,0x00,0x00,0x00,0x1B,0x80,0x00,0x00,0x00,0x00,0x00,0x00,0x00,0x00,0x00,0x00,0x01,0xDF,0x00,0x00,0x00,0x00,0x00,
  0x00,0x00,0x00,0x00,0x00,0x00,0x00,0x00,0x00,0x00,0x00,0x00,0x00,0x06,0x00,0x00,0x00,0x00,0x00,0x00,0x00,0x00,0x00,0x00,0x00,0x00,0x00,0x00,0x00,0x00,0x00,0x1B,
  0x80,0x00,0x00,0x00,0x00,0x00,0x00,0x00,0x00,0x00,0x00,0x01,0xC3,0x00,0x00,0x00,0x00,0x00,0x00,0x00,0x00,0x00,0x00,0x00,0x00,0x00,0x00,0x00,0x00,0x00,0x00,0x00,
  0x00,0x00,0x00,0x00,0x00,0x00,0x00,0x00,0x00,0x00,0x00,0x00,0x00,0x00,0x00,0x00,0x00,0x1B,0x80,0x00,0x00,0x00,0x00,0x00,0x00,0x00,0x00,0x00,0x00,0x03,0x82,0x00,
  0x00,0x00,0x00,0x00,0x00,0x00,0x00,0x00,0x00,0x00,0x00,0x00,0x00,0x00,0x00,0x00,0x00,0x00,0x00,0x00,0x00,0x00,0x00,0x00,0x00,0x00,0x00,0x00,0x00,0x00,0x00,0x00,
  0x00,0x00,0x00,0x1B,0x80,0x00,0x00,0x00,0x00,0x00,0x00,0x00,0x00,0x00,0x00,0x1B,0x80,0x00,0x00,0x00,0x00,0x00,0x00,0x00,0x00,0x00,0x00,0x00,0x00,0x00,0x00,0x00,
  0x00,0x00,0x00,0x00,0x00,0x00,0x00,0x00,0x00,0x00,0x00,0x00,0x00,0x00,0x00,0x00,0x00,0x00,0x00,0x00,0x00,0x1B,0x80,0x00,0x00,0x00,0x00,0x00,0x00,0x00,0x00,0x00,
  0x00,0x3F,0x80,0x00,0x00,0x00,0x00,0x00,0x00,0x00,0x00,0x00,0x00,0x00,0x00,0x00,0x00,0x00,0x00,0x00,0x00,0x00,0x00,0x00,0x00,0x00,0x00,0x00,0x00,0x00,0x00,0x00,
  0x00,0x00,0x00,0x00,0x00,0x00,0x00,0x1B,0x80,0x00,0x00,0x00,0x00,0x00,0x00,0x00,0x00,0x00,0x00,0x7F,0x80,0x00,0x00,0x00,0x00,0x00,0x00,0x00,0x00,0x00,0x00,0x00,
  0x00,0x00,0x00,0x00,0x00,0x00,0x00,0x00,0x00,0x00,0x00,0x00,0x00,0x00,0x00,0x00,0x00,0x00,0x00,0x00,0x00,0x00,0x00,0x00,0x00,0x1B,0x80,0x00,0x00,0x00,0x00,0x00,
  0x00,0x00,0x00,0x00,0x00,0x7F,0x80,0x00,0x00,0x00,0x00,0x00,0x00,0x00,0x00,0x01,0x00,0x00,0x00,0x00,0x00,0x00,0x00,0x00,0x00,0x00,0x00,0x00,0x00,0x00,0x00,0x00,
  0x00,0x00,0x00,0x00,0x00,0x00,0x00,0x00,0x00,0x00,0x00,0x1B,0x80,0x00,0x00,0x00,0x00,0x00,0x00,0x00,0x00,0x00,0x00,0x63,0x80,0x00,0x00,0x00,0x00,0x00,0x00,0x00,
  0x00,0x02,0x00,0x00,0x00,0x00,0x00,0x00,0x00,0x00,0x00,0x00,0x00,0x00,0x00,0x00,0x00,0x00,0x00,0x00,0x00,0x00,0x00,0x00,0x00,0x00,0x00,0x00,0x00,0x1B,0x80,0x00,
  0x00,0x00,0x00,0x00,0x00,0x80,0x00,0x00,0x00,0x23,0xC0,0x00,0x00,0x00,0x00,0x00,0x00,0x00,0x00,0x02,0x00,0x00,0x00,0x00,0x00,0x00,0x00,0x00,0x00,0x00,0x00,0x00,
  0x00,0x00,0x00,0x00,0x00,0x00,0x00,0x00,0x00,0x00,0x00,0x00,0x00,0x00,0x00,0x1B,0x80,0x00,0x00,0x00,0x00,0x00,0x00,0x40,0x00,0x00,0x00,0x03,0xC0,0x00,0x00,0x00,
  0x00,0x00,0x00,0x00,0x00,0x06,0x00,0x00,0x00,0x00,0x00,0x00,0x00,0x00,0x00,0x00,0x00,0x00,0x00,0x00,0x00,0x00,0x00,0x00,0x00,0x00,0x00,0x00,0x00,0x00,0x00,0x00,
  0x00,0x1B,0x80,0x00,0x00,0x00,0x00,0x00,0x00,0x40,0x00,0x00,0x00,0x03,0xC0,0x00,0x00,0x00,0x00,0x00,0x00,0x00,0x00,0x04,0xC0,0x00,0x00,0x00,0x00,0x00,0x00,0x00,
  0x00,0x00,0x00,0x00,0x00,0x00,0x00,0x00,0x00,0x00,0x00,0x00,0x00,0x00,0x00,0x00,0x00,0x00,0x00,0x1B,0x80,0x00,0x00,0x00,0x00,0x00,0x00,0x60,0x00,0x00,0x00,0x01,
  0xE0,0x20,0x00,0x00,0x00,0x00,0x00,0x00,0x00,0x05,0x00,0x00,0x00,0x00,0x00,0x00,0x00,0x00,0x00,0x00,0x00,0x00,0x00,0x00,0x00,0x00,0x00,0x00,0x00,0x00,0x00,0x00,
  0x00,0x00,0x00,0x00,0x00,0x1B,0x80,0x00,0x00,0x00,0x00,0x00,0x00,0x20,0x00,0x00,0x00,0x01,0xE0,0x30,0x00,0x00,0x00,0x00,0x00,0x00,0x00,0x06,0x00,0x00,0x00,0x00,
  0x00,0x00,0x00,0x00,0x00,0x00,0x00,0x00,0x00,0x00,0x00,0x00,0x00,0x00,0x00,0x00,0x00,0x00,0x00,0x00,0x00,0x00,0x00,0x3F,0xC0,0x00,0x00,0x00,0x00,0x00,0x00,0x20,
  0x00,0x00,0x00,0x01,0xF0,0x10,0x00,0x00,0x00,0x00,0x00,0x00,0x00,0x06,0x00,0x00,0x00,0x00,0x00,0x00,0x00,0x00,0x00,0x00,0x00,0x00,0x00,0x00,0x00,0x00,0x00,0x00,
  0x00,0x00,0x00,0xFF,0xFF,0xFF,0xFF,0xFF,0xFF,0xFF,0xFF,0xFF,0xFF,0xFF,0xFF,0xFF,0x00,0x20,0x00,0x00,0x00,0x00,0xF8,0x10,0x00,0x00,0x00,0x00,0x00,0x00,0x00,0x06,
  0x00,0x00,0x00,0x00,0x00,0x00,0x00,0x00,0x00,0x00,0x00,0x00,0x00,0x00,0x00,0x00,0x00,0x00,0x00,0x00,0x00,0x00,0x00,0x00,0x00,0x00,0x00,0x00,0x00,0x00,0x00,0x00,
  0x00,0x00,0x00,0x20,0x00,0x00,0x00,0x00,0xFC,0x1B,0x00,0x00,0x00,0x00,0x00,0x00,0x00,0x06,0x00,0x00,0x00,0x00,0x00,0x00,0x00,0x00,0x00,0x00,0x00,0x00,0x00,0x00,
  0x00,0x00,0x00,0x00,0x00,0x00,0x00,0x00,0x00,0x00,0x00,0x00,0x00,0x00,0x00,0x00,0x00,0x00,0x00,0x00,0x00,0x20,0x00,0x00,0x00,0x00,0x7C,0x1F,0x80,0x00,0x00,0x00,
  0x00,0x00,0x00,0x00,0x00,0x00,0x00,0x00,0x00,0x00,0x00,0x00,0x00,0x00,0x00,0x00,0x00,0x00,0x00,0x00,0x00,0x00,0x00,0x00,0x00,0x00,0x00,0x00,0x00,0x00,0x00,0x00,
  0x00,0x00,0x00,0x00,0x00,0x00,0x00,0x20,0x00,0x00,0x00,0x00,0x7E,0x1F,0xC0,0x00,0x00,0x00,0x00,0x00,0x00,0x00,0x00,0x00,0x00,0x00,0x00,0x00,0x00,0x00,0x00,0x00,
  0x00,0x00,0x00,0x00,0x00,0x00,0x00,0x00,0x00,0x00,0x00,0x00,0x00,0x00,0x00,0x00,0x00,0x00,0x00,0x00,0x00,0x00,0x00,0x00,0x00,0x00,0x00,0x00,0x00,0x00,0x3E,0x3F,
  0xC0,0x00,0x00,0x00,0x00,0x00,0x00,0x00,0x00,0x00,0x00,0x00,0x00,0x00,0x00,0x00,0x00,0x00,0x00,0x00,0x00,0x00,0x00,0x00,0x00,0x00,0x00,0x00,0x00,0x00,0x00,0x00,
  0x00,0x00,0x00,0x00,0x00,0x00,0x00,0x00,0x00,0x00,0x00,0x00,0x00,0x00,0x00,0x00,0x3E,0x38,0xC0,0x00,0x00,0x00,0x00,0x00,0x00,0x00,0x00,0x00,0x00,0x00,0x00,0x00,
  0x00,0x00,0x00,0x00,0x00,0x00,0x00,0x00,0x00,0x00,0x00,0x00,0x00,0x00,0x00,0x00,0x00,0x00,0x00,0x00,0x00,0x00,0x00,0x00,0x00,0x00,0x00,0x00,0x00,0x00,0x00,0x00,
  0x00,0x00,0x3F,0x78,0x80,0x00,0x00,0x00,0x00,0x00,0x00,0x00,0x00,0x00,0x00,0x00,0x00,0x00,0x00,0x00,0x00,0x00,0x00,0x00,0x00,0x00,0x00,0x00,0x00,0x00,0x00,0x00,
  0x00,0x00,0x00,0x00,0x00,0x00,0x00,0x00,0x00,0x00,0x00,0x00,0x00,0x00,0x00,0x00,0x00,0x00,0x00,0x00,0x3F,0xF0,0x00,0x00,0x00,0x00,0x00,0x00,0x00,0x00,0x00,0x00,
  0x00,0x00,0x00,0x00,0x00,0x00,0x00,0x00,0x00,0x00,0x00,0x00,0x00,0x00,0x00,0x00,0x00,0x00,0x00,0x00,0x00,0x00,0x00,0x00,0x00,0x00,0x00,0x00,0x00,0x00,0x00,0x60,
  0x00,0x00,0x00,0x00,0x00,0x00,0x3F,0xF0,0x00,0x02,0x00,0x00,0x00,0x00,0x00,0x00,0x00,0x00,0x00,0x00,0x00,0x00,0x00,0x00,0x00,0x00,0x00,0x00,0x00,0x00,0x00,0x00,
  0x00,0x00,0x00,0x00,0x00,0x00,0x00,0x00,0x00,0x00,0x00,0x00,0x00,0x00,0x00,0x00,0x00,0xFF,0x00,0x00,0x00,0x00,0x00,0x00,0x3F,0xF0,0x00,0x01,0x00,0x00,0x00,0x00,
  0x00,0x00,0x00,0x00,0x00,0x00,0x00,0x00,0x00,0x00,0x00,0x00,0x00,0x00,0x00,0x00,0x00,0x00,0x00,0x00,0x00,0x00,0x00,0x00,0x00,0x00,0x00,0x00,0x00,0x00,0x00,0x00,
  0x00,0x00,0x01,0xF7,0x00,0x00,0x00,0x00,0x00,0x00,0x3F,0xE0,0x00,0x01,0x00,0x00,0x00,0x00,0x00,0x00,0x00,0x00,0x00,0x00,0x00,0x00,0x00,0x00,0x00,0x00,0x00,0x00,
  0x00,0x00,0x00,0x00,0x00,0x00,0x00,0x00,0x00,0x00,0x00,0x00,0x00,0x00,0x00,0x00,0x00,0x00,0x00,0x00,0x01,0xF1,0x00,0x00,0x00,0x00,0x00,0x00,0x3F,0xE0,0x00,0x01,
  0x80,0x00,0x00,0x00,0x00,0x00,0x00,0x00,0x00,0x00,0x00,0x00,0x00,0x00,0x00,0x00,0x00,0x00,0x00,0x00,0x00,0x00,0x00,0x00,0x00,0x00,0x00,0x00,0x00,0x00,0x00,0x00,
  0x00,0x00,0x00,0x00,0x00,0x00,0x01,0x80,0x00,0x00,0x00,0x00,0x00,0x00,0x3F,0xE0,0x00,0x00,0x80,0x00,0x00,0x00,0x00,0x00,0x00,0x00,0x00,0x00,0x00,0x00,0x00,0x00,
  0x00,0x00,0x00,0x00,0x00,0x00,0x00,0x00,0x00,0x00,0x00,0x00,0x00,0x00,0x00,0x00,0x00,0x00,0x00,0x00,0x00,0x00,0x00,0x00,0x00,0x80,0x00,0x00,0x00,0x00,0x00,0x00,
  0x7F,0xE0,0x00,0x00,0x80,0x00,0x00,0x00,0x00,0x00,0x00,0x00,0x00,0x00,0x00,0x00,0x00,0x00,0x00,0x00,0x00,0x00,0x00,0x00,0x00,0x00,0x00,0x00,0x00,0x00,0x00,0x00,
  0x00,0x00,0x00,0x00,0x00,0x00,0x00,0x00,0x00,0x00,0x00,0x00,0x00,0x00,0x00,0x00,0x00,0x00,0x7F,0xE0,0x00,0x00,0x80,0x00,0x00,0x00,0x00,0x00,0x00,0x00,0x00,0x00,
  0x00,0x00,0x00,0x00,0x00,0x00,0x00,0x00,0x00,0x00,0x00,0x00,0x00,0x00,0x00,0x00,0x00,0x00,0x00,0x00,0x00,0x00,0x00,0x00,0x00,0x00,0x00,0x00,0x00,0x00,0x00,0x00,
  0x00,0x00,0x00,0x00,0x7F,0xE0,0x00,0x00,0x80,0x00,0x00,0x00,0x00,0x00,0x00,0x00,0x00,0x00,0x00,0x00,0x00,0x00,0x00,0x00,0x00,0x00,0x00,0x00,0x00,0x00,0x00,0x00,
  0x00,0x00,0x00,0x00,0x00,0x00,0x00,0x00,0x00,0x00,0x00,0x00,0x00,0x00,0x00,0x00,0x00,0x00,0x00,0x00,0x00,0x00,0xFF,0xF0,0x00,0x00,0x80,0x00,0x00,0x00,0x00,0x00,
  0x00,0x00,0x00,0x00,0x00,0x00,0x00,0x00,0x00,0x00,0x00,0x00,0x00,0x00,0x00,0x00,0x00,0x00,0x00,0x00,0x00,0x00,0x00,0x00,0x00,0x00,0x00,0x00,0x00,0x00,0x00,0x00,
  0x00,0x00,0x00,0x00,0x00,0x00,0x00,0x01,0xFF,0xF0,0x00,0x00,0x80,0x00,0x00,0x00,0x00,0x00,0x00,0x00,0x00,0x00,0x00,0x00,0x00,0x00,0x00,0x00,0x00,0x00,0x00,0x00,
  0x00,0x00,0x00,0x00,0x00,0x00,0x00,0x00,0x00,0x00,0x00,0x00,0x00,0x00,0x00,0x00,0x00,0x00,0x00,0x00,0x00,0x00,0x00,0x00,0x00,0x07,0xFF,0xF8,0x00,0x00,0x00,0x00,
  0x00,0x00,0x00,0x00,0x00,0x00,0x00,0x00,0x00,0x00,0x00,0x00,0x00,0x00,0x00,0x00,0x00,0x00,0x00,0x00,0x00,0x00,0x00,0x00,0x00,0x00,0x00,0x00,0x00,0x00,0x00,0x00,
  0x00,0x00,0x00,0x00,0x00,0x00,0x00,0x00,0x00,0x00,0x00,0x1F,0xFF,0xFC,0x00,0x00,0x00,0x00,0x00,0x00,0x00,0x00,0x00,0x00,0x00,0x00,0x00,0x00,0x00,0x00,0x00,0x00,
  0x00,0x00,0x00,0x00,0x00,0x00,0x00,0x00,0x00,0x00,0x00,0x00,0x00,0x00,0x00,0x00,0x00,0x00,0x00,0x00,0x00,0x00,0x00,0x00,0x00,0x00,0x00,0x00,0x00,0x3F,0xFF,0xFE,
  0x00,0x00,0x00,0x00,0x00,0x00,0x00,0x00,0x00,0x00,0x00,0x00,0x00,0x00,0x00,0x00,0x00,0x00,0x00,0x00,0x00,0x00,0x00,0x00,0x00,0x00,0x00,0x00,0x00,0x00,0x00,0x00,
  0x00,0x00,0x00,0x00,0x00,0x00,0x00,0x00,0x00,0x00,0x00,0x00,0x00,0x00,0x00,0x7F,0xFF,0xFF,0x00,0x00,0x00,0x00,0x00,0x00,0x00,0x00,0x00,0x00,0x00,0x00,0x00,0x00,
  0x00,0x00,0x00,0x00,0x00,0x00,0x00,0x00,0x00,0x00,0x00,0x00,0x00,0x00,0x00,0x00,0x00,0x00,0x00,0x00,0x00,0x00,0x00,0x00,0x00,0x00,0x00,0x00,0x00,0x00,0x00,0x00,
  0x00,0x7F,0xFF,0xFF,0x00,0x00,0x00,0x00,0x00,0x00,0x00,0x00,0x00,0x00,0x00,0x00,0x00,0x00,0x00,0x00,0x00,0x00,0x00,0x00,0x00,0x00,0x00,0x00,0x00,0x00,0x00,0x00,
  0x00,0x00,0x00,0x00,0x00,0x00,0x00,0x00,0x00,0x00,0x00,0x00,0x00,0x00,0x00,0x00,0x00,0x00,0x00,0x3F,0xFF,0xFE,0x00,0x00,0x00,0x00,0x00,0x00,0x00,0x00,0x00,0x00,
  0x00,0x00,0x00,0x00,0x00,0x00,0x00,0x00,0x00,0x00,0x00,0x00,0x00,0x00,0x00,0x00,0x00,0x00,0x00,0x00,0x00,0x00,0x00,0x00,0x00,0x00,0x00,0x00,0x00,0x00,0x00,0x00,
  0x00,0x00,0x00,0x00,0x00,0x3F,0xFF,0xFE,0x00,0x00,0x00,0x00,0x00,0x00,0x00,0x00,0x00,0x00,0x00,0x00,0x00,0x00,0x00,0x00,0x00,0x00,0x00,0x00,0x00,0x00,0x00,0x00,
  0x00,0x00,0x00,0x00,0x00,0x00,0x00,0x00,0x00,0x00,0x00,0x00,0x00,0x00,0x00,0x00,0x00,0x00,0x00,0x00,0x00,0x00,0x00,0x3F,0xFF,0xFE,0x00,0x00,0x00,0x00,0x00,0x00,
  0x00,0x00,0x00,0x00,0x00,0x00,0x00,0x00,0x00,0x00,0x00,0x00,0x00,0x00,0x00,0x00,0x00,0x00,0x00,0x00,0x00,0x00,0x00,0x00,0x00,0x00,0x00,0x00,0x00,0x00,0x00,0x00,
  0x00,0x00,0x00,0x00,0x00,0x00,0x00,0x00,0x00,0x3F,0xFF,0xFE,0x00,0x00,0x00,0x00,0x00,0x00,0x00,0x00,0x00,0x00,0x00,0x00,0x00,0x00,0x00,0x00,0x00,0x00,0x00,0x00,
  0x00,0x00,0x00,0x00,0x00,0x00,0x00,0x00,0x00,0x00,0x00,0x00,0x00,0x00,0x00,0x00,0x00,0x00,0x00,0x00,0x00,0x00,0x00,0x00,0x00,0x00,0x00,0x3F,0xFF,0xFE,0x00,0x00,
  0x00,0x00,0x00,0x00,0x00,0x00,0x00,0x00,0x00,0x00,0x00,0x00,0x00,0x00,0x00,0x00,0x00,0x00,0x00,0x00,0x00,0x00,0x00,0x00,0x00,0x00,0x00,0x00,0x00,0x00,0x00,0x00,
  0x00,0x00,0x00,0x00,0x00,0x00,0x00,0x00,0x00,0x00,0x00,0x00,0x00,0x0F,0xFF,0xF8,0x00,0x00,0x00,0x00,0x00,0x00,0x00,0x00,0x00,0x00,0x00,0x00,0x00,0x00,0x00,0x00,
  0x00,0x00,0x00,0x00,0x00,0x00,0x00,0x00,0x00,0x00,0x00,0x00,0x00,0x00,0x00,0x00,0x00,0x00,0x00,0x00,0x00,0x00,0x00,0x00,0x00,0x00,0x00,0x00,0x00,0x00,0x00,0x03,
  0xFF,0xE0,0x00,0x00,0x00,0x00,0x00,0x00,0x00,0x00,0x00,0x00,0x00,0x00,0x00,0x00,0x00,0x00,0x00,0x00,0x00,0x00,0x00,0x00,0x00,0x00,0x00,0x00,0x00,0x00,0x00,0x00,
  0x00,0x00,0x00,0x00,0x00,0x00,0x00,0x00,0x00,0x00,0x00,0x00,0x00,0x00,0x00,0x00,0x00,0x00,0xFF,0x80,0x00,0x00,0x00,0x00,0x00,0x00,0x00,0x00,0x00,0x00,0x00,0x00,
  0x00,0x00,0x00,0x00,0x00,0x00,0x00,0x00,0x00,0x00,0x00,0x00,0x00,0x00,0x00,0x00,0x00,0x00,0x00,0x00,0x00,0x00,0x00,0x00,0x00,0x00,0x00,0x00,0x00,0x00,0x00,0x00,
  0x00,0x00,0x00,0x00,0x00,0x00,0x00,0x00,0x00,0x00,0x00,0x00,0x00,0x00,0x00,0x00,0x00,0x00,0x00,0x00,0x00,0x00,0x00,0x00,0x00,0x00,0x00,0x00,0x00,0x00,0x00,0x00,
};

const uint8_t jnb_ban_map[17][22] = {
  {1,1,1,0,0,0,0,0,0,0,0,0,0,0,0,0,0,0,0,0,0,0},
  {1,0,0,0,0,0,0,0,0,0,0,0,1,0,0,0,0,1,1,0,0,0},
  {1,0,0,0,1,1,1,1,0,0,0,0,1,1,0,0,0,0,0,0,0,0},
  {1,0,0,0,0,0,0,0,0,0,0,1,1,1,1,0,0,0,0,0,1,1},
  {1,1,0,0,0,0,0,0,0,0,1,1,1,0,0,0,0,0,0,0,0,1},
  {1,1,1,0,0,0,1,1,1,1,1,1,0,0,0,0,0,0,0,0,0,1},
  {1,0,0,0,0,0,0,0,0,0,0,0,0,0,1,1,1,1,0,0,0,1},
  {1,0,0,0,0,0,0,0,0,0,0,0,0,0,0,0,0,0,0,0,1,1},
  {1,1,1,0,0,1,1,1,0,0,0,0,0,0,0,0,0,0,0,1,1,1},
  {1,0,0,0,0,0,0,0,0,0,0,0,3,1,0,0,0,0,0,0,0,1},
  {1,0,0,0,0,0,0,0,0,0,0,3,1,1,1,0,0,0,0,0,0,1},
  {1,0,1,1,1,1,0,0,0,0,3,1,1,1,1,1,1,1,1,0,0,1},
  {1,0,0,0,0,0,0,0,0,0,0,0,0,0,0,0,0,0,0,0,0,1},
  {1,1,0,0,0,0,0,0,0,0,0,0,0,0,0,0,0,0,0,0,1,1},
  {2,2,2,2,2,2,2,2,1,4,0,0,0,0,0,1,3,3,3,1,1,1},
  {1,1,1,1,1,1,1,1,1,1,1,1,1,1,1,1,1,1,1,1,1,1},
  {1,1,1,1,1,1,1,1,1,1,1,1,1,1,1,1,1,1,1,1,1,1},
};
